year,week,state,disease,cases,deaths
2009,2009-W09,Manipur,Viral Fever,298,0
2009,2009-W25,Andhra Pradesh,Acute Diarrheal Disease,72,0
2009,2009-W25,Andhra Pradesh,Food Poisoning,45,0
2009,2009-W25,Andhra Pradesh,Malaria,39,1
2009,2009-W25,Gujarat,Acute Diarrheal Disease,137,2
2009,2009-W25,Gujarat,Food Poisoning,27,0
2009,2009-W25,Gujarat,Malaria,31,0
2009,2009-W25,Gujarat,Pyrexia Of Unknown Andigin (Puo),10,0
2009,2009-W25,Himachal Pradesh,Acute Diarrheal Disease,33,0
2009,2009-W25,Karnataka,Acute Diarrheal Disease,161,1
2009,2009-W25,Kerala,Chickenpox,13,0
2009,2009-W25,Kerala,Chikungunya,14,0
2009,2009-W25,Kerala,Food Poisoning,69,0
2009,2009-W25,Kerala,Hepatitis A,11,0
2009,2009-W25,Madhya Pradesh,Acute Diarrheal Disease,31,0
2009,2009-W25,Punjab,Acute Diarrheal Disease,73,0
2009,2009-W25,Rajasthan,Acute Diarrheal Disease,152,0
2009,2009-W25,Rajasthan,Food Poisoning,98,1
2009,2009-W25,Rajasthan,Malaria (P.Vivax),43,0
2009,2009-W25,Tamil Nadu,Chikungunya,127,0
2009,2009-W25,Tamil Nadu,Viral Fever,31,0
2009,2009-W25,Uttar Pradesh,Chickenpox,14,0
2009,2009-W25,Uttar Pradesh,Food Poisoning,13,0
2009,2009-W25,Uttarakhand,Enteric Fever,35,0
2009,2009-W25,Uttarakhand,Hepatitis,10,1
2009,2009-W26,Andhra Pradesh,Acute Diarrheal Disease,55,0
2009,2009-W26,Assam,Cholera,9,2
2009,2009-W26,Chandigarh,Hepatitis A,14,0
2009,2009-W26,Gujarat,Food Poisoning,5,2
2009,2009-W26,Himachal Pradesh,Acute Diarrheal Disease,9,0
2009,2009-W26,Karnataka,Acute Diarrheal Disease,281,3
2009,2009-W26,Karnataka,Cholera,42,0
2009,2009-W26,Madhya Pradesh,Acute Diarrheal Disease,346,0
2009,2009-W26,Madhya Pradesh,Food Poisoning,19,0
2009,2009-W26,Rajasthan,Food Poisoning,329,0
2009,2009-W26,Tamil Nadu,Chikungunya,104,0
2009,2009-W26,Tamil Nadu,Viral Fever,17,0
2009,2009-W26,Uttarakhand,Acute Diarrheal Disease,16,0
2009,2009-W26,West Bengal,Acute Diarrheal Disease,105,0
2009,2009-W27,Andhra Pradesh,Acute Diarrheal Disease,18,0
2009,2009-W27,Assam,Acute Diarrheal Disease,5,1
2009,2009-W27,Assam,Cholera,15,2
2009,2009-W27,Assam,Japanese Encephalitis,20,10
2009,2009-W27,Assam,Malaria,5,2
2009,2009-W27,Haryana,Acute Diarrheal Disease,57,0
2009,2009-W27,Himachal Pradesh,Acute Diarrheal Disease,53,0
2009,2009-W27,Madhya Pradesh,Acute Diarrheal Disease,336,5
2009,2009-W27,Madhya Pradesh,Food Poisoning,1304,0
2009,2009-W27,Odisha,Anthrax,15,0
2009,2009-W27,Punjab,Food Poisoning,19,0
2009,2009-W27,Rajasthan,Acute Diarrheal Disease,60,0
2009,2009-W27,Tamil Nadu,Acute Diarrheal Disease,32,0
2009,2009-W27,Tamil Nadu,Chikungunya,5,0
2009,2009-W27,Tamil Nadu,Viral Fever,47,0
2009,2009-W27,Uttarakhand,Acute Diarrheal Disease,150,2
2009,2009-W27,Uttarakhand,Food Poisoning,74,0
2009,2009-W27,Uttarakhand,Hepatitis,52,0
2009,2009-W27,West Bengal,Acute Diarrheal Disease,163,0
2009,2009-W27,West Bengal,Cholera,60914,23
2009,2009-W27,West Bengal,Measles,17,3
2009,2009-W28,Andhra Pradesh,Acute Diarrheal Disease,75,0
2009,2009-W28,Assam,Acute Encephalitis Syndrome (Japanese Encephalitis),51,15
2009,2009-W28,Daman And Diu,Acute Diarrheal Disease,33,0
2009,2009-W28,Gujarat,Acute Diarrheal Disease,1275,2
2009,2009-W28,Karnataka,Acute Diarrheal Disease,138,0
2009,2009-W28,Manipur,Rubella,31,0
2009,2009-W28,Odisha,Acute Diarrheal Disease,76,1
2009,2009-W28,Odisha,Cutaneous Anthrax,6,1
2009,2009-W28,Punjab,Acute Diarrheal Disease,408,0
2009,2009-W28,Punjab,Cholera,412,0
2009,2009-W28,Rajasthan,Food Poisoning,50,0
2009,2009-W28,Tamil Nadu,Acute Diarrheal Disease,82,0
2009,2009-W28,Tamil Nadu,Chikungunya,50,0
2009,2009-W28,Uttarakhand,Acute Diarrheal Disease,24,2
2009,2009-W28,Uttarakhand,Food Poisoning (Trichinosis),85,0
2009,2009-W29,Andhra Pradesh,Acute Diarrheal Disease,20,0
2009,2009-W29,Andhra Pradesh,Food Poisoning,44,0
2009,2009-W29,Assam,Cholera,2,0
2009,2009-W29,Assam,Japanese Encephalitis,60,20
2009,2009-W29,Chhattisgarh,Food Poisoning,31,2
2009,2009-W29,Punjab,Acute Diarrheal Disease,15,0
2009,2009-W29,Rajasthan,Acute Diarrheal Disease,46,0
2009,2009-W29,Rajasthan,Food Poisoning,12,0
2009,2009-W29,Tamil Nadu,Acute Diarrheal Disease,20,0
2009,2009-W29,Tamil Nadu,Chikungunya,24,0
2009,2009-W29,Uttar Pradesh,Chickenpox,6,0
2009,2009-W29,Uttar Pradesh,Food Poisoning,10,3
2009,2009-W29,Uttarakhand,Food Poisoning,16,3
2009,2009-W30,Andhra Pradesh,Acute Diarrheal Disease,23,1
2009,2009-W30,Arunachal Pradesh,Viral Fever,38,0
2009,2009-W30,Assam,Japanese Encephalitis,95,30
2009,2009-W30,Chhattisgarh,Food Poisoning,13,2
2009,2009-W30,Goa,Chikungunya,30,0
2009,2009-W30,Gujarat,Acute Diarrheal Disease,58,0
2009,2009-W30,Gujarat,Food Poisoning,33,0
2009,2009-W30,Jharkhand,Malaria,22,0
2009,2009-W30,Karnataka,Acute Diarrheal Disease,193,0
2009,2009-W30,Karnataka,Cholera,18,0
2009,2009-W30,Karnataka,Viral Fever,34,0
2009,2009-W30,Kerala,Food Poisoning,44,0
2009,2009-W30,Kerala,Hepatitis A,28,0
2009,2009-W30,Madhya Pradesh,Acute Diarrheal Disease,681,6
2009,2009-W30,Madhya Pradesh,Food Poisoning,11,2
2009,2009-W30,Odisha,Acute Diarrheal Disease,21,1
2009,2009-W30,Rajasthan,Acute Diarrheal Disease,107,0
2009,2009-W30,Rajasthan,Food Poisoning,9,6
2009,2009-W30,West Bengal,Acute Diarrheal Disease,112,0
2009,2009-W31,Chhattisgarh,Acute Encephalitic Syndrome,17,15
2009,2009-W31,Gujarat,Food Poisoning,307,0
2009,2009-W31,Himachal Pradesh,Acute Diarrheal Disease,14,0
2009,2009-W31,Karnataka,Acute Diarrheal Disease,86,0
2009,2009-W31,Kerala,Chikungunya,41,0
2009,2009-W31,Madhya Pradesh,Acute Diarrheal Disease,405,5
2009,2009-W31,Nagaland,Malaria,124,9
2009,2009-W31,Odisha,Acute Diarrheal Disease,76,4
2009,2009-W31,Odisha,Anthrax,5,0
2009,2009-W31,Punjab,Acute Diarrheal Disease,50,1
2009,2009-W31,Rajasthan,Acute Diarrheal Disease,130,2
2009,2009-W31,Rajasthan,Acute Encephalitis Syndrome (Japanese Encephalitis),39,16
2009,2009-W31,Rajasthan,Food Poisoning,260,0
2009,2009-W31,Uttar Pradesh,Acute Diarrheal Disease,9,3
2009,2009-W31,Uttar Pradesh,Food Poisoning,39,6
2009,2009-W31,Uttarakhand,Acute Diarrheal Disease,11,2
2009,2009-W31,Uttarakhand,Viral Fever,125,2
2009,2009-W31,West Bengal,Cholera,44,0
2009,2009-W32,Andhra Pradesh,Acute Diarrheal Disease,10,0
2009,2009-W32,Assam,Acute Diarrheal Disease,400,0
2009,2009-W32,Assam,Japanese Encephalitis,108,34
2009,2009-W32,Haryana,Acute Diarrheal Disease,37,0
2009,2009-W32,Jharkhand,Malaria,21,3
2009,2009-W32,Karnataka,Acute Diarrheal Disease,84,0
2009,2009-W32,Karnataka,Food Poisoning,53,0
2009,2009-W32,Punjab,Acute Diarrheal Disease,20,0
2009,2009-W32,Tamil Nadu,Chikungunya,175,0
2009,2009-W32,Uttarakhand,Malaria,77,0
2009,2009-W33,Andhra Pradesh,Food Poisoning,28,1
2009,2009-W33,Assam,Food Poisoning,41,0
2009,2009-W33,Assam,Japanese Encephalitis,121,41
2009,2009-W33,Himachal Pradesh,Food Poisoning,40,0
2009,2009-W33,Karnataka,Acute Diarrheal Disease,55,0
2009,2009-W33,Kerala,Chikungunya,174,0
2009,2009-W33,Kerala,Hepatitis A,5,0
2009,2009-W33,Madhya Pradesh,Acute Diarrheal Disease,291,3
2009,2009-W33,Punjab,Acute Diarrheal Disease,210,0
2009,2009-W33,Rajasthan,Acute Diarrheal Disease,244,0
2009,2009-W33,Rajasthan,Acute Encephalitic Syndrome,39,17
2009,2009-W33,Tamil Nadu,Chikungunya,67,0
2009,2009-W33,Uttar Pradesh,Acute Diarrheal Disease,64,2
2009,2009-W33,Uttar Pradesh,Viral Fever,100,0
2009,2009-W34,Andhra Pradesh,Acute Diarrheal Disease,44,0
2009,2009-W34,Assam,Japanese Encephalitis,125,41
2009,2009-W34,Bihar,Malaria,850,1
2009,2009-W34,Chhattisgarh,Acute Diarrheal Disease,11,0
2009,2009-W34,Karnataka,Acute Diarrheal Disease,188,0
2009,2009-W34,Madhya Pradesh,Acute Diarrheal Disease,40,2
2009,2009-W34,Madhya Pradesh,Dengue,2,0
2009,2009-W34,Odisha,Acute Diarrheal Disease,217,24
2009,2009-W34,Odisha,Food Poisoning,6,6
2009,2009-W34,Punjab,Acute Diarrheal Disease,60,0
2009,2009-W34,Tamil Nadu,Fever,19,0
2009,2009-W34,Uttar Pradesh,Food Poisoning,8,1
2009,2009-W35,Andhra Pradesh,Acute Diarrheal Disease,25,0
2009,2009-W35,Assam,Food Poisoning,42,0
2009,2009-W35,Bihar,Malaria,335,0
2009,2009-W35,Karnataka,Acute Diarrheal Disease,22,0
2009,2009-W35,Karnataka,Cholera,8,0
2009,2009-W35,Madhya Pradesh,Acute Diarrheal Disease,136,0
2009,2009-W35,Madhya Pradesh,Malaria,341,2
2009,2009-W35,Tamil Nadu,Acute Diarrheal Disease,11,0
2009,2009-W35,Tamil Nadu,Chikungunya,17,0
2009,2009-W35,Tamil Nadu,Viral Fever,29,0
2009,2009-W35,Uttar Pradesh,Acute Diarrheal Disease,29,0
2009,2009-W36,Himachal Pradesh,Acute Diarrheal Disease,30,0
2009,2009-W36,Karnataka,Acute Diarrheal Disease,24,1
2009,2009-W36,Madhya Pradesh,Acute Diarrheal Disease,240,2
2009,2009-W36,Odisha,Acute Diarrheal Disease,115,1
2009,2009-W36,Odisha,Hepatitis,11,0
2009,2009-W36,Odisha,Malaria,10,3
2009,2009-W36,Odisha,Viral Fever,51,0
2009,2009-W36,Punjab,Acute Diarrheal Disease,53,0
2009,2009-W36,Punjab,Viral Fever,86,0
2009,2009-W36,Uttar Pradesh,Acute Diarrheal Disease,23,0
2009,2009-W36,Uttarakhand,Acute Diarrheal Disease,143,0
2009,2009-W37,Andhra Pradesh,Acute Diarrheal Disease,12,1
2009,2009-W37,Andhra Pradesh,Viral Fever,20,0
2009,2009-W37,Assam,Japanese Encephalitis,130,43
2009,2009-W37,Bihar,Malaria,453,0
2009,2009-W37,Himachal Pradesh,Acute Diarrheal Disease,223,0
2009,2009-W37,Kerala,Acute Diarrheal Disease,18,0
2009,2009-W37,Kerala,Chikungunya,216,0
2009,2009-W37,Kerala,Food Poisoning,88,0
2009,2009-W37,Madhya Pradesh,Acute Diarrheal Disease,91,0
2009,2009-W37,Madhya Pradesh,Dengue,78,0
2009,2009-W37,Odisha,Acute Diarrheal Disease,119,2
2009,2009-W37,Odisha,Malaria,368,2
2009,2009-W37,Odisha,Viral Fever,159,0
2009,2009-W37,Tamil Nadu,Chikungunya,21,0
2009,2009-W37,Tamil Nadu,Food Poisoning,134,0
2009,2009-W37,Uttar Pradesh,Acute Diarrheal Disease,157,0
2009,2009-W37,Uttarakhand,Viral Fever,100,3
2009,2009-W38,Andhra Pradesh,Acute Diarrheal Disease,12,0
2009,2009-W38,Bihar,Malaria,260,0
2009,2009-W38,Chhattisgarh,Dengue,6,3
2009,2009-W38,Chhattisgarh,Food Poisoning,49,2
2009,2009-W38,Haryana,Cholera,373,7
2009,2009-W38,Himachal Pradesh,Acute Diarrheal Disease,45,0
2009,2009-W38,Jharkhand,Malaria,25,12
2009,2009-W38,Karnataka,Acute Diarrheal Disease,50,0
2009,2009-W38,Maharashtra,Dengue,96,0
2009,2009-W38,Maharashtra,Malaria,34,1
2009,2009-W38,Rajasthan,Gas Poisoning,71,0
2009,2009-W38,Tamil Nadu,Chikungunya,107,0
2009,2009-W38,Uttar Pradesh,Food Poisoning,7,0
2009,2009-W39,Goa,Hepatitis A,47,0
2009,2009-W39,Haryana,Cholera,447,7
2009,2009-W39,Kerala,Mumps,6,0
2009,2009-W39,Odisha,Chikungunya,79,0
2009,2009-W39,Rajasthan,Food Poisoning,161,0
2009,2009-W39,Rajasthan,Measles,4,1
2009,2009-W39,Tamil Nadu,Chikungunya,83,0
2009,2009-W39,Uttar Pradesh,Acute Diarrheal Disease,12,4
2009,2009-W39,Uttar Pradesh,Food Poisoning,18,0
2009,2009-W39,West Bengal,Acute Diarrheal Disease,79,2
2009,2009-W40,Assam,Cholera,12,3
2009,2009-W40,Jharkhand,Acute Diarrheal Disease,25,0
2009,2009-W40,Karnataka,Acute Diarrheal Disease,179,0
2009,2009-W40,Maharashtra,Acute Diarrheal Disease,96,1
2009,2009-W40,Odisha,Acute Diarrheal Disease,51,2
2009,2009-W40,Rajasthan,Acute Diarrheal Disease,25,0
2009,2009-W40,Tamil Nadu,Chikungunya,52,0
2009,2009-W40,Tamil Nadu,Leishmaniasis,6,0
2009,2009-W40,West Bengal,Acute Diarrheal Disease,115,2
2009,2009-W41,Assam,Food Poisoning,31,0
2009,2009-W41,Haryana,Acute Diarrheal Disease,21,0
2009,2009-W41,Himachal Pradesh,Acute Diarrheal Disease,101,0
2009,2009-W41,Karnataka,Acute Diarrheal Disease,128,0
2009,2009-W41,Karnataka,Cholera,9,2
2009,2009-W41,Kerala,Chickenpox,11,0
2009,2009-W41,Kerala,Food Poisoning,67,0
2009,2009-W41,Kerala,Mumps,13,0
2009,2009-W41,Odisha,Acute Diarrheal Disease,60,3
2009,2009-W41,Rajasthan,Acute Diarrheal Disease,26,0
2009,2009-W41,Tamil Nadu,Viral Fever,31,0
2009,2009-W41,Uttar Pradesh,Acute Diarrheal Disease,34,4
2009,2009-W41,West Bengal,Acute Diarrheal Disease,32,0
2009,2009-W42,Assam,Acute Diarrheal Disease,55,3
2009,2009-W42,Assam,Cholera,697,15
2009,2009-W42,Assam,Diphtheria,2,0
2009,2009-W42,Haryana,Cholera,41,1
2009,2009-W42,Kerala,Food Poisoning,6,0
2009,2009-W42,Meghalaya,Japanese Encephalitis,5,0
2009,2009-W42,Rajasthan,Malaria,50,4
2009,2009-W42,Uttar Pradesh,Acute Diarrheal Disease,29,3
2009,2009-W42,West Bengal,Acute Diarrheal Disease,51,0
2009,2009-W43,Andhra Pradesh,Acute Diarrheal Disease,245,0
2009,2009-W43,Haryana,Acute Diarrheal Disease,58,0
2009,2009-W43,Haryana,Hepatitis,4,2
2009,2009-W43,Himachal Pradesh,Acute Diarrheal Disease,115,0
2009,2009-W43,Karnataka,Acute Diarrheal Disease,52,0
2009,2009-W43,Kerala,Food Poisoning,25,0
2009,2009-W43,Kerala,Hepatitis A,6,0
2009,2009-W43,Kerala,Measles,24,0
2009,2009-W43,Madhya Pradesh,Dengue,84,0
2009,2009-W43,Puducherry,Dengue,12,0
2009,2009-W43,Rajasthan,Dengue,4,1
2009,2009-W43,Rajasthan,Food Poisoning,25,0
2009,2009-W43,Tamil Nadu,Fever,78,0
2009,2009-W43,Tamil Nadu,Viral Fever,18,0
2009,2009-W43,Uttar Pradesh,Acute Diarrheal Disease,47,0
2009,2009-W43,Uttar Pradesh,Fever,51,0
2009,2009-W43,Uttar Pradesh,Food Poisoning,9,0
2009,2009-W43,West Bengal,Acute Diarrheal Disease,4485,0
2009,2009-W43,West Bengal,Viral Fever,58,0
2009,2009-W44,Assam,Cholera,1010,13
2009,2009-W44,Assam,Food Poisoning,150,0
2009,2009-W44,Bihar,Measles,22,1
2009,2009-W44,Chandigarh,Dengue,8,0
2009,2009-W44,Karnataka,Acute Diarrheal Disease,210,10
2009,2009-W44,Kerala,Food Poisoning,780,0
2009,2009-W44,Odisha,Acute Diarrheal Disease,28,0
2009,2009-W44,Tamil Nadu,Chikungunya,24,0
2009,2009-W44,Tamil Nadu,Fever,18,0
2009,2009-W44,Tamil Nadu,Viral Fever,32,0
2009,2009-W44,Uttar Pradesh,Japanese Encephalitis,210,25
2009,2009-W45,Andhra Pradesh,Viral Fever,20,0
2009,2009-W45,Jharkhand,Malaria,60,0
2009,2009-W45,Karnataka,Acute Diarrheal Disease,68,0
2009,2009-W45,Kerala,Food Poisoning,189,0
2009,2009-W45,Kerala,Hepatitis A,4,0
2009,2009-W45,Kerala,Measles,19,0
2009,2009-W45,Madhya Pradesh,Dengue,36,0
2009,2009-W45,Odisha,Acute Diarrheal Disease,118,0
2009,2009-W45,Rajasthan,Acute Diarrheal Disease,14,0
2009,2009-W45,Tamil Nadu,Acute Diarrheal Disease,15,0
2009,2009-W45,Tamil Nadu,Chikungunya,17,0
2009,2009-W45,Tamil Nadu,Malaria,3,0
2009,2009-W45,West Bengal,Chikungunya,163,0
2009,2009-W46,Karnataka,Acute Diarrheal Disease,192,0
2009,2009-W46,Kerala,Hepatitis,37,0
2009,2009-W46,Kerala,Hepatitis A,9,1
2009,2009-W46,Madhya Pradesh,Dengue,39,0
2009,2009-W46,Odisha,Acute Diarrheal Disease,129,0
2009,2009-W46,Tamil Nadu,Acute Diarrheal Disease,37,0
2009,2009-W46,Tamil Nadu,Anthrax,2,2
2009,2009-W46,Tamil Nadu,Dengue,5,0
2009,2009-W46,Uttar Pradesh,Food Poisoning,30,0
2009,2009-W46,West Bengal,Chikungunya,181,0
2009,2009-W47,Assam,Acute Diarrheal Disease,65,1
2009,2009-W47,Himachal Pradesh,Acute Diarrheal Disease,53,0
2009,2009-W47,Karnataka,Acute Diarrheal Disease,137,0
2009,2009-W47,Karnataka,Cholera,51,1
2009,2009-W47,Kerala,Food Poisoning,35,0
2009,2009-W47,Kerala,Hepatitis,35,0
2009,2009-W47,Kerala,Hepatitis A,13,1
2009,2009-W47,Meghalaya,Rickettsia Scrub Typhus,16,0
2009,2009-W47,Odisha,Acute Diarrheal Disease,73,0
2009,2009-W47,Odisha,Malaria,123,0
2009,2009-W47,Punjab,Chickenpox,42,0
2009,2009-W47,Tamil Nadu,Chikungunya,8,0
2009,2009-W47,Tamil Nadu,Viral Fever,46,0
2009,2009-W47,Uttar Pradesh,Japanese Encephalitis,6,3
2009,2009-W47,Uttar Pradesh,Measles,5,0
2009,2009-W47,Uttarakhand,Food Poisoning,48,0
2009,2009-W47,West Bengal,Chikungunya,243,0
2009,2009-W48,Arunachal Pradesh,Measles,22,0
2009,2009-W48,Karnataka,Acute Diarrheal Disease,77,0
2009,2009-W48,Karnataka,Acute Respiratandy Infection,30,0
2009,2009-W48,Karnataka,Cholera,7,0
2009,2009-W48,Kerala,Hepatitis,35,0
2009,2009-W48,Kerala,Hepatitis A,34,1
2009,2009-W48,Odisha,Acute Diarrheal Disease,83,0
2009,2009-W48,Tamil Nadu,Viral Fever,20,0
2009,2009-W48,Uttarakhand,Food Poisoning,8,0
2009,2009-W48,West Bengal,Chikungunya,266,0
2009,2009-W49,Karnataka,Acute Diarrheal Disease,277,0
2009,2009-W49,Karnataka,Cholera,36,0
2009,2009-W49,Kerala,Chickenpox,26,0
2009,2009-W49,Kerala,Hepatitis A,44,1
2009,2009-W49,Maharashtra,Acute Diarrheal Disease,155,0
2009,2009-W49,Punjab,Viral Fever,86,0
2009,2009-W49,Tamil Nadu,Chikungunya,31,0
2009,2009-W49,Tamil Nadu,Viral Fever,121,0
2009,2009-W49,Uttarakhand,Food Poisoning,17,0
2009,2009-W50,Andhra Pradesh,Acute Diarrheal Disease,51,0
2009,2009-W50,Arunachal Pradesh,Malaria,115,0
2009,2009-W50,Haryana,Acute Diarrheal Disease,49,0
2009,2009-W50,Karnataka,Measles,6,0
2009,2009-W50,Kerala,Hepatitis,3,0
2009,2009-W50,Maharashtra,Chikungunya,6,0
2009,2009-W50,Maharashtra,Food Poisoning,42,0
2009,2009-W50,Maharashtra,Malaria,20,2
2009,2009-W50,Tamil Nadu,Chikungunya,125,0
2009,2009-W50,Tamil Nadu,Enteric Fever,29,0
2009,2009-W50,Tamil Nadu,Viral Fever,40,0
2009,2009-W50,Uttar Pradesh,Acute Encephalitis Syndrome (Japanese Encephalitis),13,2
2009,2009-W50,Uttar Pradesh,Food Poisoning,8,4
2009,2009-W51,Andhra Pradesh,Acute Diarrheal Disease,65,0
2009,2009-W51,Arunachal Pradesh,Malaria,292,0
2009,2009-W51,Assam,Malaria,578,8
2009,2009-W51,Rajasthan,Food Poisoning,7,0
2009,2009-W51,Tamil Nadu,Dengue,9,0
2009,2009-W51,Tamil Nadu,Viral Fever,49,0
2009,2009-W51,Uttar Pradesh,Acute Encephalitic Syndrome,11,5
2009,2009-W51,Uttar Pradesh,Measles,5,0
2009,2009-W51,West Bengal,Food Poisoning,80,1
2009,2009-W52,Goa,Chikungunya,17,0
2009,2009-W52,Kerala,Measles,8,0
2009,2009-W52,Maharashtra,Acute Diarrheal Disease,80,0
2009,2009-W52,Maharashtra,Viral Fever,25,0
2009,2009-W52,Tamil Nadu,Acute Diarrheal Disease,13,0
2009,2009-W52,Tamil Nadu,Chikungunya,28,0
2009,2009-W52,Tamil Nadu,Dengue,108,0
2009,2009-W52,Uttarakhand,Cholera,4,0
2009,2009-W52,West Bengal,Food Poisoning,30,1
2010,2010-W01,Andhra Pradesh,Food Poisoning,16,0
2010,2010-W01,Assam,Acute Diarrheal Disease,463,0
2010,2010-W01,Kerala,Food Poisoning,23,0
2010,2010-W01,Maharashtra,Acute Diarrheal Disease,23,0
2010,2010-W01,Maharashtra,Cholera,32,0
2010,2010-W01,Maharashtra,Food Poisoning,150,0
2010,2010-W01,Rajasthan,Acute Diarrheal Disease,48,0
2010,2010-W01,Rajasthan,Food Poisoning,11,0
2010,2010-W01,Uttar Pradesh,Chickenpox,28,0
2010,2010-W01,Uttar Pradesh,Measles,19,2
2010,2010-W02,Kerala,Food Poisoning,53,0
2010,2010-W02,Maharashtra,Acute Diarrheal Disease,113,0
2010,2010-W02,Punjab,Acute Diarrheal Disease,104,0
2010,2010-W02,Uttarakhand,Food Poisoning,9,0
2010,2010-W02,West Bengal,Viral Fever,20,0
2010,2010-W03,Kerala,Chickenpox,9,0
2010,2010-W03,Kerala,Food Poisoning,75,0
2010,2010-W03,Kerala,Hepatitis A,52,0
2010,2010-W03,Kerala,Measles,7,0
2010,2010-W03,Maharashtra,Food Poisoning,9,0
2010,2010-W03,Odisha,Measles,29,0
2010,2010-W03,Puducherry,Chikungunya,8,0
2010,2010-W03,Tamil Nadu,Chikungunya,26,1
2010,2010-W03,Tamil Nadu,Viral Fever,45,0
2010,2010-W03,West Bengal,Chickenpox,5,0
2010,2010-W03,West Bengal,Food Poisoning,75,0
2010,2010-W04,Gujarat,Acute Diarrheal Disease,45,0
2010,2010-W04,Gujarat,Pertussis,40,0
2010,2010-W04,Karnataka,Acute Diarrheal Disease,23,1
2010,2010-W04,Karnataka,Food Poisoning,22,0
2010,2010-W04,Karnataka,Viral Fever,20,0
2010,2010-W04,Kerala,Chickenpox,11,0
2010,2010-W04,Kerala,Enteric Fever,10,0
2010,2010-W04,Kerala,Food Poisoning,102,0
2010,2010-W04,Kerala,Hepatitis,194,0
2010,2010-W04,Kerala,Measles,10,0
2010,2010-W04,Maharashtra,Viral Fever (Dengue),90,0
2010,2010-W04,Tamil Nadu,Acute Diarrheal Disease,11,0
2010,2010-W04,Tamil Nadu,Viral Fever (Leptospirosis And Chikungunya),130,0
2010,2010-W05,Assam,Meningitis,15,7
2010,2010-W05,Bihar,Chickenpox,24,0
2010,2010-W05,Karnataka,Acute Diarrheal Disease,21,0
2010,2010-W05,Karnataka,Chickenpox,29,0
2010,2010-W05,Karnataka,Chikungunya,162,0
2010,2010-W05,Karnataka,Food Poisoning,22,0
2010,2010-W05,Kerala,Rubella,4,0
2010,2010-W05,Tamil Nadu,Chickenpox,19,0
2010,2010-W05,Uttar Pradesh,Acute Respiratandy Illness,4,4
2010,2010-W05,Uttar Pradesh,Food Poisoning,31,0
2010,2010-W05,Uttar Pradesh,Measles,16,0
2010,2010-W05,West Bengal,Acute Diarrheal Disease,676,0
2010,2010-W05,West Bengal,Chickenpox,21,0
2010,2010-W05,West Bengal,Food Poisoning,12,0
2010,2010-W05,West Bengal,Measles,35,0
2010,2010-W06,Andhra Pradesh,Acute Diarrheal Disease,25,0
2010,2010-W06,Andhra Pradesh,Food Poisoning,76,0
2010,2010-W06,Daman And Diu,Food Poisoning,49,0
2010,2010-W06,Karnataka,Acute Diarrheal Disease,26,0
2010,2010-W06,Karnataka,Food Poisoning,53,0
2010,2010-W06,Kerala,Hepatitis,300,1
2010,2010-W06,Kerala,Hepatitis A,23,0
2010,2010-W06,Kerala,Leishmaniasis,9,0
2010,2010-W06,Maharashtra,Acute Diarrheal Disease,14,0
2010,2010-W06,Rajasthan,Food Poisoning,45,0
2010,2010-W06,Rajasthan,Measles,5,0
2010,2010-W06,Tamil Nadu,Cholera,24,0
2010,2010-W06,Tamil Nadu,Dengue,38,1
2010,2010-W06,Tamil Nadu,Measles,16,0
2010,2010-W06,Tamil Nadu,Viral Fever,32,0
2010,2010-W06,Tripura,Meningococcal Meningitis,26,3
2010,2010-W06,Uttar Pradesh,Chickenpox,16,0
2010,2010-W06,West Bengal,Food Poisoning,33,0
2010,2010-W07,Gujarat,Acute Diarrheal Disease,10,0
2010,2010-W07,Gujarat,Food Poisoning,41,0
2010,2010-W07,Jharkhand,Chickenpox,10,2
2010,2010-W07,Karnataka,Acute Diarrheal Disease,85,0
2010,2010-W07,Karnataka,Food Poisoning,20,0
2010,2010-W07,Kerala,Food Poisoning,32,0
2010,2010-W07,Kerala,Hepatitis A,23,0
2010,2010-W07,Kerala,Measles,4,0
2010,2010-W07,Maharashtra,Malaria,24,0
2010,2010-W07,Odisha,Bacillary Dysentery,18,0
2010,2010-W07,Odisha,Food Poisoning,19,0
2010,2010-W07,Puducherry,Dengue,10,0
2010,2010-W07,Rajasthan,Measles,43,0
2010,2010-W07,Tamil Nadu,Chikungunya,136,0
2010,2010-W07,Tamil Nadu,Food Poisoning,43,0
2010,2010-W07,Tripura,Meningococcal Meningitis,26,3
2010,2010-W07,West Bengal,Food Poisoning,40,0
2010,2010-W08,Andhra Pradesh,Acute Diarrheal Disease,11,0
2010,2010-W08,Andhra Pradesh,Food Poisoning,12,0
2010,2010-W08,Gujarat,Chickenpox,31,0
2010,2010-W08,Gujarat,Measles,13,0
2010,2010-W08,Kerala,Food Poisoning,14,0
2010,2010-W08,Maharashtra,Dysentery,79,0
2010,2010-W08,Rajasthan,Food Poisoning,24,0
2010,2010-W08,Rajasthan,Measles,15,2
2010,2010-W08,Tamil Nadu,Acute Diarrheal Disease,112,2
2010,2010-W08,Tamil Nadu,Food Poisoning,43,0
2010,2010-W08,Uttar Pradesh,Food Poisoning,31,0
2010,2010-W09,Andhra Pradesh,Acute Diarrheal Disease,76,0
2010,2010-W09,Andhra Pradesh,Food Poisoning,47,0
2010,2010-W09,Andhra Pradesh,Measles,29,0
2010,2010-W09,Karnataka,Acute Diarrheal Disease,10,0
2010,2010-W09,Karnataka,Acute Respiratandy Illness,14,0
2010,2010-W09,Kerala,Food Poisoning,14,0
2010,2010-W09,Odisha,Measles,19,0
2010,2010-W09,Tamil Nadu,Chickenpox,19,0
2010,2010-W09,Tamil Nadu,Food Poisoning,153,0
2010,2010-W09,Uttar Pradesh,Measles,5,0
2010,2010-W10,Andhra Pradesh,Acute Diarrheal Disease,11,0
2010,2010-W10,Gujarat,Food Poisoning,38,0
2010,2010-W10,Gujarat,Hepatitis E,46,0
2010,2010-W10,Karnataka,Acute Diarrheal Disease,26,0
2010,2010-W10,Karnataka,Dengue,10,0
2010,2010-W10,Kerala,Food Poisoning,24,0
2010,2010-W10,Kerala,Hepatitis,9,0
2010,2010-W10,Maharashtra,Acute Diarrheal Disease,101,0
2010,2010-W10,Maharashtra,Cholera,176,0
2010,2010-W10,Maharashtra,Measles,15,0
2010,2010-W10,Odisha,Acute Diarrheal Disease,57,0
2010,2010-W10,Rajasthan,Chickenpox,13,0
2010,2010-W10,Rajasthan,Food Poisoning,37,0
2010,2010-W10,Rajasthan,Measles,139,1
2010,2010-W10,Tamil Nadu,Acute Diarrheal Disease,208,0
2010,2010-W10,Uttar Pradesh,Chickenpox,16,0
2010,2010-W10,Uttar Pradesh,Food Poisoning,119,15
2010,2010-W10,Uttar Pradesh,Measles,9,0
2010,2010-W10,West Bengal,Food Poisoning,25,0
2010,2010-W10,West Bengal,Measles And Rubella,28,0
2010,2010-W11,Andhra Pradesh,Acute Diarrheal Disease,16,1
2010,2010-W11,Andhra Pradesh,Food Poisoning,21,0
2010,2010-W11,Assam,Food Poisoning,19,1
2010,2010-W11,Assam,Malaria,21,2
2010,2010-W11,Bihar,Food Poisoning,38,1
2010,2010-W11,Gujarat,Measles,12,0
2010,2010-W11,Kerala,Chickenpox,21,0
2010,2010-W11,Kerala,Hepatitis A,16,0
2010,2010-W11,Maharashtra,Chikungunya,61,0
2010,2010-W11,Maharashtra,Cholera,218,0
2010,2010-W11,Maharashtra,Hepatitis,48,0
2010,2010-W11,Maharashtra,Viral Fever,20,1
2010,2010-W11,Rajasthan,Food Poisoning,15,0
2010,2010-W11,Rajasthan,Measles,19,1
2010,2010-W11,Tripura,Meningococcal Meningitis,3,1
2010,2010-W11,Uttar Pradesh,Chickenpox,20,0
2010,2010-W11,Uttarakhand,Measles,77,1
2010,2010-W12,Andhra Pradesh,Acute Diarrheal Disease,36,0
2010,2010-W12,Andhra Pradesh,Food Poisoning,60,0
2010,2010-W12,Bihar,Viral Fever,8,6
2010,2010-W12,Gujarat,Acute Diarrheal Disease,33,0
2010,2010-W12,Gujarat,Hepatitis,13,0
2010,2010-W12,Kerala,Acute Diarrheal Disease,13,0
2010,2010-W12,Kerala,Chickenpox,33,0
2010,2010-W12,Kerala,Dengue,9,0
2010,2010-W12,Kerala,Food Poisoning,12,0
2010,2010-W12,Kerala,Hepatitis,8,0
2010,2010-W12,Kerala,Hepatitis A,31,0
2010,2010-W12,Kerala,Measles,10,0
2010,2010-W12,Punjab,Chickenpox,18,0
2010,2010-W12,Tamil Nadu,Measles,16,0
2010,2010-W12,Uttar Pradesh,Food Poisoning,39,5
2010,2010-W12,West Bengal,Food Poisoning,16,0
2010,2010-W13,Assam,Acute Diarrheal Disease,23,0
2010,2010-W13,Himachal Pradesh,Acute Diarrheal Disease,14,0
2010,2010-W13,Karnataka,Acute Diarrheal Disease,64,0
2010,2010-W13,Karnataka,Malaria,192,0
2010,2010-W13,Kerala,Acute Diarrheal Disease,20,0
2010,2010-W13,Kerala,Chickenpox,14,0
2010,2010-W13,Maharashtra,Acute Diarrheal Disease,131,0
2010,2010-W13,Rajasthan,Acute Diarrheal Disease,26,0
2010,2010-W13,Uttar Pradesh,Chickenpox,38,0
2010,2010-W13,Uttar Pradesh,Food Poisoning,14,0
2010,2010-W13,Uttar Pradesh,Measles,16,1
2010,2010-W13,Uttarakhand,Measles,10,0
2010,2010-W13,West Bengal,Chickenpox,44,0
2010,2010-W13,West Bengal,Food Poisoning,31,0
2010,2010-W14,Andhra Pradesh,Acute Diarrheal Disease,19,0
2010,2010-W14,Assam,Diphtheria,1,0
2010,2010-W14,Assam,Food Poisoning,19,1
2010,2010-W14,Assam,Malaria,432,3
2010,2010-W14,Gujarat,Acute Diarrheal Disease,94,0
2010,2010-W14,Haryana,Hepatitis,24,0
2010,2010-W14,Karnataka,Acute Diarrheal Disease,85,0
2010,2010-W14,Kerala,Hepatitis A,46,0
2010,2010-W14,Madhya Pradesh,Food Poisoning,47,0
2010,2010-W14,Tamil Nadu,Acute Diarrheal Disease,17,0
2010,2010-W14,Uttar Pradesh,Chickenpox,36,1
2010,2010-W14,Uttar Pradesh,Food Poisoning,34,0
2010,2010-W14,Uttar Pradesh,Measles,10,0
2010,2010-W14,Uttar Pradesh,Viral Fever,11,2
2010,2010-W14,West Bengal,Acute Diarrheal Disease,41,0
2010,2010-W14,West Bengal,Chickenpox,44,0
2010,2010-W15,Andhra Pradesh,Acute Diarrheal Disease,14,0
2010,2010-W15,Bihar,Food Poisoning,8,6
2010,2010-W15,Gujarat,Food Poisoning,88,0
2010,2010-W15,Haryana,Acute Diarrheal Disease,37,0
2010,2010-W15,Haryana,Hepatitis,24,0
2010,2010-W15,Kerala,Dengue,7,1
2010,2010-W15,Kerala,Hepatitis A,11,0
2010,2010-W15,Kerala,Viral Fever (Leptospirosis),23,0
2010,2010-W15,Maharashtra,Acute Diarrheal Disease,7,2
2010,2010-W15,Maharashtra,Viral Fever,123,0
2010,2010-W15,Tamil Nadu,Acute Diarrheal Disease,41,0
2010,2010-W15,Tamil Nadu,Chickenpox,14,0
2010,2010-W15,Uttar Pradesh,Chickenpox,45,0
2010,2010-W15,Uttar Pradesh,Food Poisoning,40,7
2010,2010-W15,Uttar Pradesh,Measles,41,5
2010,2010-W15,Uttarakhand,Acute Diarrheal Disease,23,0
2010,2010-W15,West Bengal,Acute Diarrheal Disease,83,0
2010,2010-W15,West Bengal,Food Poisoning,120,0
2010,2010-W15,West Bengal,Viral Fever,60,0
2010,2010-W16,Andhra Pradesh,Acute Diarrheal Disease,47,1
2010,2010-W16,Assam,Japanese Encephalitis,9,1
2010,2010-W16,Assam,Malaria,30,1
2010,2010-W16,Karnataka,Acute Diarrheal Disease,131,1
2010,2010-W16,Karnataka,Chikungunya,55,0
2010,2010-W16,Karnataka,Food Poisoning,36,0
2010,2010-W16,Kerala,Dengue,10,1
2010,2010-W16,Maharashtra,Acute Diarrheal Disease,29,0
2010,2010-W16,Maharashtra,Dengue,22,0
2010,2010-W16,Odisha,Food Poisoning,46,0
2010,2010-W16,Rajasthan,Chikungunya,30,0
2010,2010-W16,Rajasthan,Food Poisoning,31,1
2010,2010-W16,Rajasthan,Measles,21,1
2010,2010-W16,Rajasthan,Viral Fever,78,0
2010,2010-W16,Tamil Nadu,Acute Diarrheal Disease,57,0
2010,2010-W16,Tamil Nadu,Food Poisoning,45,0
2010,2010-W16,Uttar Pradesh,Food Poisoning,22,0
2010,2010-W16,Uttar Pradesh,Kala Azar,1,1
2010,2010-W16,West Bengal,Acute Diarrheal Disease,211,0
2010,2010-W16,West Bengal,Measles,78,0
2010,2010-W17,Andhra Pradesh,Acute Diarrheal Disease,30,0
2010,2010-W17,Andhra Pradesh,Food Poisoning,14,1
2010,2010-W17,Bihar,Measles,5,1
2010,2010-W17,Kerala,Acute Diarrheal Disease,50,0
2010,2010-W17,Kerala,Dengue,14,1
2010,2010-W17,Kerala,Food Poisoning,36,0
2010,2010-W17,Kerala,Leishmaniasis,25,0
2010,2010-W17,Maharashtra,Acute Diarrheal Disease,36,0
2010,2010-W17,Tamil Nadu,Acute Diarrheal Disease,117,1
2010,2010-W17,Uttar Pradesh,Acute Diarrheal Disease,561,5
2010,2010-W17,Uttar Pradesh,Chickenpox,20,0
2010,2010-W17,Uttar Pradesh,Food Poisoning,61,0
2010,2010-W17,Uttar Pradesh,Measles,24,2
2010,2010-W17,West Bengal,Acute Diarrheal Disease,245,0
2010,2010-W17,West Bengal,Fever,18,0
2010,2010-W18,Andhra Pradesh,Acute Diarrheal Disease,30,0
2010,2010-W18,Andhra Pradesh,Food Poisoning,28,0
2010,2010-W18,Assam,Food Poisoning,20,0
2010,2010-W18,Bihar,Measles,42,1
2010,2010-W18,Gujarat,Acute Diarrheal Disease,177,0
2010,2010-W18,Gujarat,Food Poisoning,66,0
2010,2010-W18,Karnataka,Acute Diarrheal Disease,169,1
2010,2010-W18,Karnataka,Malaria,50,0
2010,2010-W18,Kerala,Dengue,32,1
2010,2010-W18,Kerala,Food Poisoning,18,0
2010,2010-W18,Kerala,Hepatitis A,8,0
2010,2010-W18,Kerala,Leishmaniasis,23,0
2010,2010-W18,Maharashtra,Acute Diarrheal Disease,26,1
2010,2010-W18,Odisha,Acute Diarrheal Disease,17,0
2010,2010-W18,Odisha,Measles,28,0
2010,2010-W18,Punjab,Chickenpox,27,0
2010,2010-W18,Rajasthan,Food Poisoning,237,2
2010,2010-W18,Rajasthan,Viral Fever,64,0
2010,2010-W18,Tamil Nadu,Acute Diarrheal Disease,13,0
2010,2010-W18,Tamil Nadu,Food Poisoning,33,0
2010,2010-W18,Uttar Pradesh,Acute Diarrheal Disease,34,2
2010,2010-W18,Uttar Pradesh,Chickenpox,23,0
2010,2010-W18,Uttar Pradesh,Food Poisoning,71,0
2010,2010-W18,Uttar Pradesh,Measles,24,0
2010,2010-W18,Uttarakhand,Enteric Fever,20,0
2010,2010-W18,West Bengal,Acute Diarrheal Disease,52,0
2010,2010-W19,Andhra Pradesh,Acute Diarrheal Disease,127,0
2010,2010-W19,Assam,Acute Encephalitis Syndrome (Japanese Encephalitis),38,3
2010,2010-W19,Bihar,Measles,11,0
2010,2010-W19,Gujarat,Cholera,6,0
2010,2010-W19,Karnataka,Acute Diarrheal Disease,193,0
2010,2010-W19,Karnataka,Chikungunya,63,0
2010,2010-W19,Karnataka,Cholera,5,0
2010,2010-W19,Karnataka,Dengue,22,0
2010,2010-W19,Karnataka,Viral Fever,50,0
2010,2010-W19,Kerala,Malaria,37,0
2010,2010-W19,Madhya Pradesh,Chickenpox,10,0
2010,2010-W19,Madhya Pradesh,Measles,21,0
2010,2010-W19,Maharashtra,Acute Diarrheal Disease,18,0
2010,2010-W19,Maharashtra,Viral Fever,96,1
2010,2010-W19,Meghalaya,Measles,6,0
2010,2010-W19,Odisha,Cutaneous Anthrax,15,0
2010,2010-W19,Rajasthan,Food Poisoning,153,0
2010,2010-W19,Rajasthan,Malaria,41,0
2010,2010-W19,Rajasthan,Measles,30,0
2010,2010-W19,Tamil Nadu,Acute Diarrheal Disease,51,0
2010,2010-W19,Tamil Nadu,Cholera,105,0
2010,2010-W19,Uttar Pradesh,Acute Diarrheal Disease,14,2
2010,2010-W19,Uttar Pradesh,Chickenpox,43,0
2010,2010-W19,Uttar Pradesh,Food Poisoning,71,0
2010,2010-W19,Uttar Pradesh,Measles,41,0
2010,2010-W19,West Bengal,Acute Diarrheal Disease,142,0
2010,2010-W19,West Bengal,Food Poisoning,71,0
2010,2010-W20,Andhra Pradesh,Acute Diarrheal Disease,307,0
2010,2010-W20,Assam,Japanese Encephalitis,47,8
2010,2010-W20,Assam,Malaria,1645,11
2010,2010-W20,Bihar,Measles,12,0
2010,2010-W20,Karnataka,Acute Diarrheal Disease,11,0
2010,2010-W20,Kerala,Dengue,10,0
2010,2010-W20,Kerala,Enteric Fever,17,1
2010,2010-W20,Maharashtra,Acute Diarrheal Disease,130,1
2010,2010-W20,Rajasthan,Acute Diarrheal Disease,22,0
2010,2010-W20,Tamil Nadu,Acute Diarrheal Disease,68,0
2010,2010-W20,Uttar Pradesh,Chickenpox,26,0
2010,2010-W20,Uttar Pradesh,Measles,5,0
2010,2010-W20,Uttarakhand,Mumps,13,0
2010,2010-W20,West Bengal,Acute Diarrheal Disease,105,0
2010,2010-W20,West Bengal,Cholera,90,3
2010,2010-W20,West Bengal,Food Poisoning,43,0
2010,2010-W21,Andhra Pradesh,Acute Diarrheal Disease,86,0
2010,2010-W21,Arunachal Pradesh,Acute Diarrheal Disease,65,0
2010,2010-W21,Assam,Acute Diarrheal Disease,62,0
2010,2010-W21,Assam,Acute Encephalitic Syndrome,3,2
2010,2010-W21,Assam,Chickenpox,5,0
2010,2010-W21,Assam,Hepatitis,35,2
2010,2010-W21,Assam,Japanese Encephalitis,47,8
2010,2010-W21,Assam,Malaria,257,0
2010,2010-W21,Haryana,Acute Diarrheal Disease,840,3
2010,2010-W21,Haryana,Epidemic Dropsy,59,2
2010,2010-W21,Haryana,Food Poisoning,37,0
2010,2010-W21,Himachal Pradesh,Acute Diarrheal Disease,64,0
2010,2010-W21,Karnataka,Acute Diarrheal Disease,25,0
2010,2010-W21,Karnataka,Chikungunya,18,0
2010,2010-W21,Karnataka,Food Poisoning,14,0
2010,2010-W21,Kerala,Acute Diarrheal Disease,28,0
2010,2010-W21,Kerala,Dengue,34,0
2010,2010-W21,Kerala,Food Poisoning,48,0
2010,2010-W21,Madhya Pradesh,Acute Diarrheal Disease,26,0
2010,2010-W21,Madhya Pradesh,Food Poisoning,147,0
2010,2010-W21,Madhya Pradesh,Measles,8,2
2010,2010-W21,Rajasthan,Acute Diarrheal Disease,146,0
2010,2010-W21,Rajasthan,Food Poisoning,64,0
2010,2010-W21,Rajasthan,Measles,44,1
2010,2010-W21,Rajasthan,Viral Fever,65,0
2010,2010-W21,Tamil Nadu,Acute Diarrheal Disease,39,0
2010,2010-W21,West Bengal,Acute Diarrheal Disease,32,0
2010,2010-W21,West Bengal,Cholera,90,3
2010,2010-W22,Assam,Acute Encephalitic Syndrome,4,0
2010,2010-W22,Assam,Cholera,81,0
2010,2010-W22,Assam,Malaria,817,1
2010,2010-W22,Gujarat,Acute Diarrheal Disease,58,0
2010,2010-W22,Haryana,Acute Diarrheal Disease,784,2
2010,2010-W22,Haryana,Chickenpox,60,0
2010,2010-W22,Karnataka,Malaria,76,0
2010,2010-W22,Kerala,Chikungunya,23,0
2010,2010-W22,Madhya Pradesh,Food Poisoning,49,0
2010,2010-W22,Madhya Pradesh,Measles,5,0
2010,2010-W22,Maharashtra,Food Poisoning,35,0
2010,2010-W22,Odisha,Cutaneous Anthrax,14,0
2010,2010-W22,Odisha,Measles,10,0
2010,2010-W22,Rajasthan,Acute Diarrheal Disease,431,0
2010,2010-W22,Rajasthan,Food Poisoning,74,3
2010,2010-W22,Rajasthan,Measles,7,1
2010,2010-W22,Tamil Nadu,Acute Diarrheal Disease,59,0
2010,2010-W22,Uttar Pradesh,Acute Diarrheal Disease,28,1
2010,2010-W22,Uttar Pradesh,Chickenpox,14,0
2010,2010-W22,Uttar Pradesh,Food Poisoning,500,0
2010,2010-W22,Uttarakhand,Acute Diarrheal Disease,44,2
2010,2010-W22,West Bengal,Acute Diarrheal Disease,69,0
2010,2010-W23,Andhra Pradesh,Acute Diarrheal Disease,27,0
2010,2010-W23,Arunachal Pradesh,Acute Diarrheal Disease,94,0
2010,2010-W23,Assam,Acute Diarrheal Disease,179,0
2010,2010-W23,Assam,Cholera,85,0
2010,2010-W23,Assam,Enteric Fever,18,0
2010,2010-W23,Assam,Hepatitis,35,2
2010,2010-W23,Assam,Malaria,183,2
2010,2010-W23,Bihar,Kala Azar,33,0
2010,2010-W23,Gujarat,Acute Diarrheal Disease,56,0
2010,2010-W23,Maharashtra,Acute Diarrheal Disease,88,2
2010,2010-W23,Meghalaya,Food Poisoning,25,0
2010,2010-W23,Odisha,Acute Diarrheal Disease,12,0
2010,2010-W23,Odisha,Anthrax,4,0
2010,2010-W23,Rajasthan,Food Poisoning,210,0
2010,2010-W23,Tamil Nadu,Acute Diarrheal Disease,20,0
2010,2010-W23,Tamil Nadu,Cholera,118,0
2010,2010-W23,Uttar Pradesh,Chickenpox,10,0
2010,2010-W23,Uttar Pradesh,Food Poisoning,188,0
2010,2010-W23,Uttarakhand,Acute Diarrheal Disease,12,0
2010,2010-W23,Uttarakhand,Chickenpox,5,0
2010,2010-W23,West Bengal,Acute Diarrheal Disease,106,0
2010,2010-W23,West Bengal,Food Poisoning,852,0
2010,2010-W24,Andhra Pradesh,Acute Diarrheal Disease,156,0
2010,2010-W24,Andhra Pradesh,Malaria,68,0
2010,2010-W24,Assam,Acute Diarrheal Disease,104,0
2010,2010-W24,Assam,Measles,9,0
2010,2010-W24,Bihar,Acute Encephalitic Syndrome,74,28
2010,2010-W24,Bihar,Kala Azar,44,0
2010,2010-W24,Chhattisgarh,Food Poisoning,16,0
2010,2010-W24,Haryana,Chickenpox,39,0
2010,2010-W24,Karnataka,Acute Diarrheal Disease,104,2
2010,2010-W24,Karnataka,Cholera,18,1
2010,2010-W24,Karnataka,Dengue,40,0
2010,2010-W24,Karnataka,Food Poisoning,152,1
2010,2010-W24,Kerala,Chikungunya,80,0
2010,2010-W24,Kerala,Dengue,73,1
2010,2010-W24,Maharashtra,Acute Diarrheal Disease,15,0
2010,2010-W24,Odisha,Acute Diarrheal Disease,70,0
2010,2010-W24,Odisha,Food Poisoning,49,1
2010,2010-W24,Sikkim,Measles,14,0
2010,2010-W24,Tamil Nadu,Acute Diarrheal Disease,47,1
2010,2010-W24,Tamil Nadu,Viral Fever,15,0
2010,2010-W24,Uttar Pradesh,Acute Diarrheal Disease,22,0
2010,2010-W24,Uttar Pradesh,Food Poisoning,306,0
2010,2010-W24,West Bengal,Food Poisoning,17,0
2010,2010-W24,West Bengal,Kala Azar,9,2
2010,2010-W25,Andhra Pradesh,Acute Diarrheal Disease,193,3
2010,2010-W25,Assam,Acute Encephalitic Syndrome,5,3
2010,2010-W25,Assam,Enteric Fever,70,0
2010,2010-W25,Assam,Japanese Encephalitis,59,11
2010,2010-W25,Gujarat,Acute Diarrheal Disease,265,0
2010,2010-W25,Gujarat,Cholera,21,1
2010,2010-W25,Gujarat,Hepatitis,12,0
2010,2010-W25,Gujarat,Measles,7,0
2010,2010-W25,Kerala,Dengue,68,1
2010,2010-W25,Kerala,Hepatitis,26,0
2010,2010-W25,Madhya Pradesh,Acute Diarrheal Disease,32,1
2010,2010-W25,Tamil Nadu,Acute Diarrheal Disease,125,0
2010,2010-W25,Uttar Pradesh,Acute Diarrheal Disease,33,0
2010,2010-W25,Uttar Pradesh,Chickenpox,10,0
2010,2010-W25,Uttarakhand,Acute Diarrheal Disease,32,0
2010,2010-W25,West Bengal,Food Poisoning (Staphylococcus),57,0
2010,2010-W26,Andhra Pradesh,Acute Diarrheal Disease,108,0
2010,2010-W26,Assam,Acute Diarrheal Disease,18,0
2010,2010-W26,Assam,Acute Encephalitic Syndrome,6,1
2010,2010-W26,Assam,Acute Encephalitis Syndrome (Japanese Encephalitis),82,6
2010,2010-W26,Bihar,Malaria,13,0
2010,2010-W26,Gujarat,Acute Diarrheal Disease,232,0
2010,2010-W26,Gujarat,Food Poisoning,82,0
2010,2010-W26,Gujarat,Hepatitis,31,0
2010,2010-W26,Madhya Pradesh,Viral Fever,74,0
2010,2010-W26,Maharashtra,Acute Diarrheal Disease,254,0
2010,2010-W26,Odisha,Acute Diarrheal Disease,28,0
2010,2010-W26,Puducherry,Cholera,4,0
2010,2010-W26,Rajasthan,Acute Diarrheal Disease,426,0
2010,2010-W26,Rajasthan,Food Poisoning,332,0
2010,2010-W26,Tamil Nadu,Acute Diarrheal Disease,129,0
2010,2010-W26,Uttar Pradesh,Viral Fever,17,0
2010,2010-W26,West Bengal,Acute Diarrheal Disease,55,1
2010,2010-W26,West Bengal,Food Poisoning,267,0
2010,2010-W27,Andhra Pradesh,Acute Diarrheal Disease,81,0
2010,2010-W27,Assam,Acute Diarrheal Disease,14,1
2010,2010-W27,Assam,Food Poisoning,472,0
2010,2010-W27,Assam,Malaria,339,2
2010,2010-W27,Bihar,Mumps,29,4
2010,2010-W27,Gujarat,Acute Diarrheal Disease,40,0
2010,2010-W27,Gujarat,Cholera,251,0
2010,2010-W27,Haryana,Cholera,10,0
2010,2010-W27,Jharkhand,Acute Diarrheal Disease,30,0
2010,2010-W27,Maharashtra,Acute Diarrheal Disease,83,0
2010,2010-W27,Maharashtra,Malaria,24,0
2010,2010-W27,Puducherry,Cholera,7,0
2010,2010-W27,Rajasthan,Acute Diarrheal Disease,245,0
2010,2010-W27,Rajasthan,Food Poisoning,205,0
2010,2010-W27,Tamil Nadu,Acute Diarrheal Disease,47,0
2010,2010-W27,Uttar Pradesh,Food Poisoning,68,0
2010,2010-W27,Uttarakhand,Food Poisoning,15,0
2010,2010-W27,West Bengal,Acute Diarrheal Disease,67,1
2010,2010-W27,West Bengal,Anthrax,10,0
2010,2010-W27,West Bengal,Cholera,287,0
2010,2010-W28,Andhra Pradesh,Acute Diarrheal Disease,234,0
2010,2010-W28,Arunachal Pradesh,Acute Diarrheal Disease,15,0
2010,2010-W28,Assam,Malaria,289,3
2010,2010-W28,Bihar,Food Poisoning,46,0
2010,2010-W28,Haryana,Acute Diarrheal Disease,219,0
2010,2010-W28,Manipur,Japanese Encephalitis,83,16
2010,2010-W28,Punjab,Hepatitis E,36,0
2010,2010-W28,Tamil Nadu,Acute Diarrheal Disease,146,1
2010,2010-W28,Uttar Pradesh,Food Poisoning,51,0
2010,2010-W28,Uttarakhand,Food Poisoning,10,3
2010,2010-W28,West Bengal,Acute Diarrheal Disease,20,0
2010,2010-W29,Andhra Pradesh,Acute Diarrheal Disease,212,0
2010,2010-W29,Arunachal Pradesh,Acute Diarrheal Disease,15,0
2010,2010-W29,Haryana,Acute Diarrheal Disease,174,0
2010,2010-W29,Haryana,Cholera,51,0
2010,2010-W29,Himachal Pradesh,Cholera,40,1
2010,2010-W29,Karnataka,Acute Diarrheal Disease,65,0
2010,2010-W29,Karnataka,Dengue,212,0
2010,2010-W29,Madhya Pradesh,Acute Diarrheal Disease,103,0
2010,2010-W29,Madhya Pradesh,Food Poisoning,18,2
2010,2010-W29,Madhya Pradesh,Measles,22,0
2010,2010-W29,Maharashtra,Acute Diarrheal Disease,162,0
2010,2010-W29,Maharashtra,Measles,10,0
2010,2010-W29,Manipur,Japanese Encephalitis,95,14
2010,2010-W29,Odisha,Acute Diarrheal Disease,11,0
2010,2010-W29,Punjab,Acute Diarrheal Disease,302,1
2010,2010-W29,Punjab,Hepatitis,13,0
2010,2010-W29,Rajasthan,Acute Diarrheal Disease,235,1
2010,2010-W29,Rajasthan,Cholera,766,0
2010,2010-W29,Tamil Nadu,Acute Diarrheal Disease,10,0
2010,2010-W29,Tamil Nadu,Leishmaniasis,28,0
2010,2010-W29,West Bengal,Acute Diarrheal Disease,47,1
2010,2010-W30,Andhra Pradesh,Acute Diarrheal Disease,20,0
2010,2010-W30,Bihar,Malaria,29,0
2010,2010-W30,Gujarat,Food Poisoning,10,0
2010,2010-W30,Haryana,Acute Diarrheal Disease,220,0
2010,2010-W30,Madhya Pradesh,Acute Diarrheal Disease,132,0
2010,2010-W30,Maharashtra,Acute Diarrheal Disease,39,0
2010,2010-W30,Manipur,Japanese Encephalitis,98,14
2010,2010-W30,Puducherry,Cholera,6,0
2010,2010-W30,Punjab,Acute Diarrheal Disease,276,0
2010,2010-W30,Rajasthan,Cholera,984,0
2010,2010-W30,Tamil Nadu,Acute Diarrheal Disease,15,0
2010,2010-W30,Tamil Nadu,Dengue,9,0
2010,2010-W30,Uttar Pradesh,Food Poisoning,5,1
2010,2010-W30,Uttarakhand,Acute Diarrheal Disease,25,1
2010,2010-W30,West Bengal,Acute Diarrheal Disease,80,2
2010,2010-W30,West Bengal,Cutaneous Anthrax,8,0
2010,2010-W30,West Bengal,Food Poisoning,274,0
2010,2010-W30,West Bengal,Pyrexia Of Unknown Andigin (Puo),63,1
2010,2010-W31,Andhra Pradesh,Acute Diarrheal Disease,128,3
2010,2010-W31,Assam,Acute Encephalitis Syndrome (Japanese Encephalitis),2,2
2010,2010-W31,Bihar,Food Poisoning,172,0
2010,2010-W31,Chhattisgarh,Acute Diarrheal Disease,32,0
2010,2010-W31,Gujarat,Food Poisoning,28,0
2010,2010-W31,Haryana,Acute Diarrheal Disease,245,0
2010,2010-W31,Himachal Pradesh,Cholera,235,1
2010,2010-W31,Karnataka,Acute Diarrheal Disease,108,0
2010,2010-W31,Karnataka,Malaria,44,0
2010,2010-W31,Madhya Pradesh,Acute Diarrheal Disease,77,1
2010,2010-W31,Maharashtra,Acute Diarrheal Disease,66,0
2010,2010-W31,Manipur,Japanese Encephalitis,112,16
2010,2010-W31,Odisha,Dengue,85,0
2010,2010-W31,Rajasthan,Cholera,1095,0
2010,2010-W31,Tripura,Acute Respiratandy Illness,25,0
2010,2010-W31,West Bengal,Acute Diarrheal Disease,65,2
2010,2010-W31,West Bengal,Food Poisoning,146,0
2010,2010-W32,Andhra Pradesh,Acute Diarrheal Disease,9,0
2010,2010-W32,Assam,Acute Encephalitis Syndrome (Japanese Encephalitis),96,18
2010,2010-W32,Bihar,Malaria,121,0
2010,2010-W32,Gujarat,Acute Diarrheal Disease,65,2
2010,2010-W32,Gujarat,Acute Encephalitic Syndrome,6,6
2010,2010-W32,Madhya Pradesh,Acute Diarrheal Disease,426,1
2010,2010-W32,Madhya Pradesh,Food Poisoning,72,0
2010,2010-W32,Madhya Pradesh,Viral Fever,14,0
2010,2010-W32,Manipur,Japanese Encephalitis,124,20
2010,2010-W32,Punjab,Cholera,4,0
2010,2010-W32,Rajasthan,Acute Diarrheal Disease,228,0
2010,2010-W32,Tamil Nadu,Acute Diarrheal Disease,12,0
2010,2010-W32,Tamil Nadu,Chikungunya,8,0
2010,2010-W32,Tamil Nadu,Dengue,50,0
2010,2010-W32,Tamil Nadu,Viral Fever,23,0
2010,2010-W32,Uttar Pradesh,Acute Diarrheal Disease,13,0
2010,2010-W32,Uttar Pradesh,Measles,10,1
2010,2010-W32,Uttarakhand,Chickenpox,9,0
2010,2010-W33,Andhra Pradesh,Acute Diarrheal Disease,109,0
2010,2010-W33,Assam,Acute Encephalitis Syndrome (Japanese Encephalitis),1,1
2010,2010-W33,Bihar,Malaria,54,0
2010,2010-W33,Gujarat,Chikungunya,175,0
2010,2010-W33,Gujarat,Measles,5,0
2010,2010-W33,Haryana,Acute Diarrheal Disease,120,0
2010,2010-W33,Haryana,Malaria,142,0
2010,2010-W33,Karnataka,Acute Diarrheal Disease,43,0
2010,2010-W33,Karnataka,Dengue,48,0
2010,2010-W33,Karnataka,Food Poisoning,140,0
2010,2010-W33,Karnataka,Leishmaniasis,30,0
2010,2010-W33,Kerala,Chikungunya,13,0
2010,2010-W33,Kerala,Food Poisoning,170,0
2010,2010-W33,Kerala,Malaria,9,0
2010,2010-W33,Madhya Pradesh,Acute Diarrheal Disease,358,0
2010,2010-W33,Maharashtra,Acute Diarrheal Disease,28,1
2010,2010-W33,Odisha,Cutaneous Anthrax,25,0
2010,2010-W33,Punjab,Acute Diarrheal Disease,3,2
2010,2010-W33,Rajasthan,Acute Diarrheal Disease,93,0
2010,2010-W33,Rajasthan,Cholera,25,0
2010,2010-W33,Rajasthan,Measles,6,0
2010,2010-W33,Tamil Nadu,Acute Diarrheal Disease,14,0
2010,2010-W33,Tamil Nadu,Dengue,22,0
2010,2010-W33,Uttar Pradesh,Acute Diarrheal Disease,24,1
2010,2010-W33,Uttarakhand,Food Poisoning,26,4
2010,2010-W33,West Bengal,Acute Diarrheal Disease,166,6
2010,2010-W33,West Bengal,Anthrax,13,0
2010,2010-W34,Andhra Pradesh,Acute Diarrheal Disease,67,0
2010,2010-W34,Andhra Pradesh,Food Poisoning,47,0
2010,2010-W34,Arunachal Pradesh,Malaria,24,0
2010,2010-W34,Assam,Acute Diarrheal Disease,70,0
2010,2010-W34,Assam,Acute Encephalitis Syndrome (Japanese Encephalitis),20,4
2010,2010-W34,Bihar,Malaria,72,0
2010,2010-W34,Gujarat,Acute Diarrheal Disease,24,0
2010,2010-W34,Gujarat,Chikungunya,349,0
2010,2010-W34,Gujarat,Dengue,35,0
2010,2010-W34,Haryana,Acute Diarrheal Disease,90,0
2010,2010-W34,Madhya Pradesh,Acute Diarrheal Disease,8,1
2010,2010-W34,Madhya Pradesh,Food Poisoning,65,0
2010,2010-W34,Madhya Pradesh,Malaria,108,0
2010,2010-W34,Madhya Pradesh,Measles,69,0
2010,2010-W34,Maharashtra,Acute Diarrheal Disease,33,0
2010,2010-W34,Maharashtra,Viral Fever,16,0
2010,2010-W34,Punjab,Acute Diarrheal Disease,64,0
2010,2010-W34,Rajasthan,Acute Diarrheal Disease,55,0
2010,2010-W34,Rajasthan,Cholera,1175,0
2010,2010-W34,Rajasthan,Measles,36,0
2010,2010-W34,Tamil Nadu,Dengue,158,0
2010,2010-W34,Tamil Nadu,Measles,7,0
2010,2010-W34,Uttar Pradesh,Acute Diarrheal Disease,20,1
2010,2010-W34,Uttar Pradesh,Food Poisoning,14,0
2010,2010-W34,West Bengal,Acute Diarrheal Disease,103,4
2010,2010-W35,Andhra Pradesh,Acute Diarrheal Disease,42,0
2010,2010-W35,Andhra Pradesh,Food Poisoning,64,0
2010,2010-W35,Arunachal Pradesh,Bacillary Dysentery,47,0
2010,2010-W35,Assam,Acute Diarrheal Disease,12,1
2010,2010-W35,Chandigarh,Enteric Fever,15,0
2010,2010-W35,Gujarat,Acute Diarrheal Disease,10,0
2010,2010-W35,Gujarat,Hepatitis E,20,0
2010,2010-W35,Manipur,Japanese Encephalitis,126,20
2010,2010-W35,Nagaland,Acute Encephalitis Syndrome (Japanese Encephalitis),9,0
2010,2010-W35,Odisha,Acute Diarrheal Disease,10,2
2010,2010-W35,Punjab,Cholera,167,0
2010,2010-W35,Rajasthan,Acute Diarrheal Disease,84,0
2010,2010-W35,Rajasthan,Cholera,1158,0
2010,2010-W35,Tamil Nadu,Chikungunya,41,0
2010,2010-W35,Tamil Nadu,Measles,22,0
2010,2010-W35,Uttar Pradesh,Acute Diarrheal Disease,17,0
2010,2010-W35,Uttar Pradesh,Food Poisoning,103,0
2010,2010-W35,Uttarakhand,Measles,11,0
2010,2010-W35,West Bengal,Acute Diarrheal Disease,97,4
2010,2010-W36,Arunachal Pradesh,Bacillary Dysentery,63,0
2010,2010-W36,Bihar,Acute Diarrheal Disease,15,1
2010,2010-W36,Chandigarh,Enteric Fever,27,0
2010,2010-W36,Gujarat,Acute Diarrheal Disease,42,0
2010,2010-W36,Gujarat,Cholera,4,0
2010,2010-W36,Gujarat,Food Poisoning,13,0
2010,2010-W36,Haryana,Food Poisoning (Adverse Effect Following Vitamin A Administration),107,0
2010,2010-W36,Himachal Pradesh,Acute Diarrheal Disease,37,0
2010,2010-W36,Jammu And Kashmir,Acute Diarrheal Disease,1388,1
2010,2010-W36,Karnataka,Acute Diarrheal Disease,20,0
2010,2010-W36,Karnataka,Chikungunya,22,0
2010,2010-W36,Punjab,Acute Diarrheal Disease,94,6
2010,2010-W36,Rajasthan,Acute Diarrheal Disease,190,0
2010,2010-W36,Rajasthan,Cholera,90,3
2010,2010-W36,Tamil Nadu,Acute Diarrheal Disease,51,0
2010,2010-W36,Uttar Pradesh,Acute Diarrheal Disease,38,6
2010,2010-W36,Uttar Pradesh,Chickenpox,13,0
2010,2010-W36,Uttar Pradesh,Viral Fever,25,0
2010,2010-W36,Uttarakhand,Dengue,3,0
2010,2010-W36,West Bengal,Acute Diarrheal Disease,120,0
2010,2010-W36,West Bengal,Food Poisoning,48,0
2010,2010-W37,Assam,Food Poisoning,74,0
2010,2010-W37,Gujarat,Acute Diarrheal Disease,149,0
2010,2010-W37,Gujarat,Food Poisoning,41,0
2010,2010-W37,Jammu And Kashmir,Cholera,2229,3
2010,2010-W37,Madhya Pradesh,Acute Diarrheal Disease,300,6
2010,2010-W37,Madhya Pradesh,Food Poisoning,26,0
2010,2010-W37,Madhya Pradesh,Malaria,97,0
2010,2010-W37,Madhya Pradesh,Measles,109,4
2010,2010-W37,Manipur,Japanese Encephalitis,127,20
2010,2010-W37,Odisha,Cholera,784,39
2010,2010-W37,Uttar Pradesh,Measles,12,0
2010,2010-W37,Uttarakhand,Hepatitis,29,0
2010,2010-W37,Uttarakhand,Measles,250,4
2010,2010-W38,Andhra Pradesh,Acute Diarrheal Disease,78,0
2010,2010-W38,Bihar,Dengue,72,0
2010,2010-W38,Gujarat,Acute Diarrheal Disease,15,0
2010,2010-W38,Haryana,Acute Diarrheal Disease,39,2
2010,2010-W38,Kerala,Acute Diarrheal Disease,13,0
2010,2010-W38,Kerala,Food Poisoning,375,25
2010,2010-W38,Kerala,Hepatitis A,6,0
2010,2010-W38,Maharashtra,Acute Diarrheal Disease,86,2
2010,2010-W38,Manipur,Enteric Fever,20,2
2010,2010-W38,Punjab,Mumps,6,0
2010,2010-W38,Rajasthan,Malaria,100,3
2010,2010-W38,Uttar Pradesh,Acute Diarrheal Disease,39,2
2010,2010-W38,Uttar Pradesh,Food Poisoning,63,0
2010,2010-W38,West Bengal,Acute Diarrheal Disease,111,0
2010,2010-W38,West Bengal,Anthrax,12,0
2010,2010-W38,West Bengal,Chikungunya,800,0
2010,2010-W38,West Bengal,Dengue,7,0
2010,2010-W38,West Bengal,Food Poisoning,35,0
2010,2010-W38,West Bengal,Viral Fever,91,0
2010,2010-W39,Andhra Pradesh,Acute Diarrheal Disease,11,0
2010,2010-W39,Assam,Acute Diarrheal Disease,232,6
2010,2010-W39,Assam,Cholera,10,0
2010,2010-W39,Bihar,Acute Diarrheal Disease,18,0
2010,2010-W39,Chandigarh,Dengue,8,0
2010,2010-W39,Gujarat,Acute Diarrheal Disease,109,0
2010,2010-W39,Gujarat,Measles,16,0
2010,2010-W39,Haryana,Acute Diarrheal Disease,179,2
2010,2010-W39,Himachal Pradesh,Food Poisoning,80,1
2010,2010-W39,Karnataka,Acute Diarrheal Disease,36,0
2010,2010-W39,Karnataka,Cholera,19,0
2010,2010-W39,Karnataka,Leishmaniasis,30,0
2010,2010-W39,Madhya Pradesh,Acute Diarrheal Disease,48,1
2010,2010-W39,Maharashtra,Acute Diarrheal Disease,7,2
2010,2010-W39,Tamil Nadu,Acute Diarrheal Disease,34,0
2010,2010-W39,Tamil Nadu,Chikungunya,60,0
2010,2010-W39,Tamil Nadu,Dengue,18,0
2010,2010-W39,West Bengal,Acute Diarrheal Disease,221,1
2010,2010-W39,West Bengal,Chikungunya,931,0
2010,2010-W39,West Bengal,Dengue,109,1
2010,2010-W39,West Bengal,Food Poisoning,52,0
2010,2010-W39,West Bengal,Viral Fever,267,0
2010,2010-W40,Assam,Acute Diarrheal Disease,10,0
2010,2010-W40,Chandigarh,Dengue,10,0
2010,2010-W40,Gujarat,Acute Diarrheal Disease,218,0
2010,2010-W40,Gujarat,Measles,12,0
2010,2010-W40,Gujarat,Viral Fever,94,2
2010,2010-W40,Haryana,Acute Diarrheal Disease,242,2
2010,2010-W40,Karnataka,Acute Diarrheal Disease,81,2
2010,2010-W40,Karnataka,Chikungunya,25,0
2010,2010-W40,Karnataka,Enteric Fever,16,4
2010,2010-W40,Karnataka,Food Poisoning,145,0
2010,2010-W40,Madhya Pradesh,Cholera,2,0
2010,2010-W40,Nagaland,Measles,40,0
2010,2010-W40,Rajasthan,Malaria,1207,1
2010,2010-W40,Tamil Nadu,Chikungunya,18,0
2010,2010-W40,Uttar Pradesh,Acute Diarrheal Disease,165,1
2010,2010-W40,Uttarakhand,Dengue,527,0
2010,2010-W40,Uttarakhand,Food Poisoning,7,2
2010,2010-W40,West Bengal,Acute Diarrheal Disease,169,1
2010,2010-W40,West Bengal,Dengue,24,0
2010,2010-W40,West Bengal,Viral Fever,454,0
2010,2010-W41,Andhra Pradesh,Acute Diarrheal Disease,27,1
2010,2010-W41,Assam,Acute Diarrheal Disease,221,0
2010,2010-W41,Assam,Food Poisoning,176,0
2010,2010-W41,Chandigarh,Dengue,12,0
2010,2010-W41,Chandigarh,Enteric Fever,19,0
2010,2010-W41,Gujarat,Acute Diarrheal Disease,50,2
2010,2010-W41,Gujarat,Cholera,2,0
2010,2010-W41,Gujarat,Hepatitis,10,0
2010,2010-W41,Karnataka,Viral Fever (Dengue And Chikungunya),45,0
2010,2010-W41,Kerala,Typhoid,5,0
2010,2010-W41,Madhya Pradesh,Malaria,50,0
2010,2010-W41,Madhya Pradesh,Measles,30,1
2010,2010-W41,Maharashtra,Malaria,21,0
2010,2010-W41,Rajasthan,Malaria,1014,0
2010,2010-W41,Uttarakhand,Dengue,135,0
2010,2010-W41,Uttarakhand,Typhoid,8,4
2010,2010-W41,West Bengal,Acute Diarrheal Disease,88,1
2010,2010-W41,West Bengal,Alcohol Poisoning,45,3
2010,2010-W41,West Bengal,Chikungunya,993,0
2010,2010-W41,West Bengal,Dengue,131,0
2010,2010-W41,West Bengal,Food Poisoning,10,0
2010,2010-W41,West Bengal,Viral Fever,599,0
2010,2010-W42,Andhra Pradesh,Acute Diarrheal Disease,10,0
2010,2010-W42,Chandigarh,Dengue,24,0
2010,2010-W42,Gujarat,Acute Diarrheal Disease,60,0
2010,2010-W42,Gujarat,Food Poisoning,14,0
2010,2010-W42,Gujarat,Measles,17,0
2010,2010-W42,Karnataka,Acute Diarrheal Disease,65,0
2010,2010-W42,Madhya Pradesh,Malaria,77,0
2010,2010-W42,Madhya Pradesh,Measles,4,0
2010,2010-W42,Maharashtra,Acute Diarrheal Disease,127,0
2010,2010-W42,Tamil Nadu,Acute Diarrheal Disease,14,0
2010,2010-W42,Uttar Pradesh,Acute Diarrheal Disease,11,0
2010,2010-W42,West Bengal,Fever,26,0
2010,2010-W42,West Bengal,Viral Fever,659,0
2010,2010-W43,Andhra Pradesh,Acute Diarrheal Disease,27,0
2010,2010-W43,Andhra Pradesh,Food Poisoning,6,1
2010,2010-W43,Assam,Dengue,3,0
2010,2010-W43,Dadra And Nagar Haveli,Dengue,4,0
2010,2010-W43,Gujarat,Acute Diarrheal Disease,154,0
2010,2010-W43,Gujarat,Cholera,39,1
2010,2010-W43,Himachal Pradesh,Measles,37,0
2010,2010-W43,Jharkhand,Dengue,14,0
2010,2010-W43,Kerala,Food Poisoning,34,0
2010,2010-W43,Maharashtra,Hepatitis,12,0
2010,2010-W43,Maharashtra,Malaria,53,1
2010,2010-W43,Rajasthan,Dengue,3,0
2010,2010-W43,Rajasthan,Food Poisoning,20,0
2010,2010-W43,Tamil Nadu,Chikungunya,19,0
2010,2010-W43,Uttar Pradesh,Dengue,7,1
2010,2010-W43,Uttar Pradesh,Food Poisoning,42,0
2010,2010-W43,West Bengal,Acute Diarrheal Disease,48,0
2010,2010-W43,West Bengal,Anthrax,9,0
2010,2010-W43,West Bengal,Food Poisoning,149,0
2010,2010-W43,West Bengal,Viral Fever,772,0
2010,2010-W44,Andhra Pradesh,Acute Diarrheal Disease,78,0
2010,2010-W44,Assam,Cholera,193,18
2010,2010-W44,Gujarat,Acute Diarrheal Disease,52,0
2010,2010-W44,Gujarat,Hepatitis,95,0
2010,2010-W44,Gujarat,Measles,7,0
2010,2010-W44,Haryana,Dengue,586,12
2010,2010-W44,Jharkhand,Dengue,35,0
2010,2010-W44,Karnataka,Acute Diarrheal Disease,16,0
2010,2010-W44,Karnataka,Malaria,631,19
2010,2010-W44,Madhya Pradesh,Measles,20,0
2010,2010-W44,Maharashtra,Acute Diarrheal Disease,114,0
2010,2010-W44,Maharashtra,Leishmaniasis,83,4
2010,2010-W44,Maharashtra,Measles,12,0
2010,2010-W44,Rajasthan,Dengue,12,0
2010,2010-W44,Rajasthan,Food Poisoning,20,0
2010,2010-W44,Tamil Nadu,Acute Diarrheal Disease,35,0
2010,2010-W44,West Bengal,Acute Diarrheal Disease,122,0
2010,2010-W44,West Bengal,Viral Fever,889,0
2010,2010-W45,Andhra Pradesh,Acute Diarrheal Disease,33,0
2010,2010-W45,Arunachal Pradesh,Measles,30,0
2010,2010-W45,Assam,Cholera,919,23
2010,2010-W45,Chandigarh,Dengue,24,0
2010,2010-W45,Gujarat,Food Poisoning,159,0
2010,2010-W45,Gujarat,Hepatitis E,51,0
2010,2010-W45,Kerala,Food Poisoning,86,0
2010,2010-W45,Madhya Pradesh,Malaria,30,0
2010,2010-W45,Madhya Pradesh,Measles,12,0
2010,2010-W45,Punjab,Food (Alcohol) Poisoning,53,15
2010,2010-W45,Tamil Nadu,Acute Diarrheal Disease,37,2
2010,2010-W45,Tamil Nadu,Dengue,68,0
2010,2010-W45,Uttar Pradesh,Measles,6,3
2010,2010-W45,West Bengal,Chikungunya And Dengue,301,0
2010,2010-W45,West Bengal,Cholera,24,0
2010,2010-W45,West Bengal,Fever Of Unknown Origin,73,0
2010,2010-W46,Andhra Pradesh,Acute Diarrheal Disease,54,0
2010,2010-W46,Bihar,Malaria,56,0
2010,2010-W46,Gujarat,Acute Diarrheal Disease,35,0
2010,2010-W46,Gujarat,Measles,45,0
2010,2010-W46,Jharkhand,Dengue,22,0
2010,2010-W46,Kerala,Hepatitis A,7,0
2010,2010-W46,Madhya Pradesh,Acute Diarrheal Disease,8,1
2010,2010-W46,Madhya Pradesh,Measles,7,0
2010,2010-W46,Maharashtra,Acute Diarrheal Disease,35,0
2010,2010-W46,Maharashtra,Chikungunya,168,0
2010,2010-W46,Maharashtra,Leishmaniasis,38,1
2010,2010-W46,Rajasthan,Viral Fever,728,0
2010,2010-W46,Tamil Nadu,Viral Fever,18,0
2010,2010-W46,West Bengal,Chikungunya And Dengue,279,0
2010,2010-W46,West Bengal,Food Poisoning,50,0
2010,2010-W46,West Bengal,Viral Fever,177,0
2010,2010-W47,Andhra Pradesh,Acute Diarrheal Disease,12,0
2010,2010-W47,Assam,Dengue,9,1
2010,2010-W47,Assam,Scrub Typhus,4,1
2010,2010-W47,Bihar,Acute Encephalitic Syndrome,4,4
2010,2010-W47,Bihar,Kala Azar,9,0
2010,2010-W47,Jharkhand,Dengue,24,0
2010,2010-W47,Karnataka,Acute Diarrheal Disease,96,6
2010,2010-W47,Kerala,Hepatitis A,30,0
2010,2010-W47,Madhya Pradesh,Viral Fever,98,0
2010,2010-W47,Maharashtra,Acute Diarrheal Disease,42,0
2010,2010-W47,Maharashtra,Leishmaniasis,37,1
2010,2010-W47,Maharashtra,Malaria,13,0
2010,2010-W47,Maharashtra,Viral Fever,39,3
2010,2010-W47,Puducherry,Cholera,5,0
2010,2010-W47,Rajasthan,Viral Fever,807,0
2010,2010-W47,West Bengal,Fever,1143,0
2010,2010-W47,West Bengal,Measles,20,0
2010,2010-W48,Andhra Pradesh,Food Poisoning,26,1
2010,2010-W48,Chandigarh,Dengue,25,0
2010,2010-W48,Chandigarh,Enteric Fever,17,0
2010,2010-W48,Jharkhand,Malaria,746,1
2010,2010-W48,Kerala,Hepatitis A,6,0
2010,2010-W48,Madhya Pradesh,Chikungunya,217,0
2010,2010-W48,Madhya Pradesh,Measles,57,0
2010,2010-W48,Maharashtra,Viral Fever (Dengue And Chikungunya),24,0
2010,2010-W48,Puducherry,Cholera,7,0
2010,2010-W48,Sikkim,Measles,6,0
2010,2010-W48,Tamil Nadu,Acute Diarrheal Disease,10,0
2010,2010-W48,Tamil Nadu,Viral Fever,11,0
2010,2010-W48,West Bengal,Acute Diarrheal Disease,101,0
2010,2010-W48,West Bengal,Dengue,6,0
2010,2010-W48,West Bengal,Fever,784,0
2010,2010-W48,West Bengal,Food Poisoning,73,0
2010,2010-W48,West Bengal,Viral Fever (Chikungunya),2926,0
2010,2010-W49,Andhra Pradesh,Acute Diarrheal Disease,38,0
2010,2010-W49,Assam,Acute Diarrheal Disease,184,0
2010,2010-W49,Bihar,Hepatitis,21,0
2010,2010-W49,Chandigarh,Dengue,39,0
2010,2010-W49,Gujarat,Acute Diarrheal Disease,94,0
2010,2010-W49,Gujarat,Hepatitis,48,0
2010,2010-W49,Himachal Pradesh,Measles,7,0
2010,2010-W49,Karnataka,Acute Diarrheal Disease,37,1
2010,2010-W49,Madhya Pradesh,Chikungunya,50,0
2010,2010-W49,Madhya Pradesh,Malaria,163,0
2010,2010-W49,Madhya Pradesh,Measles,3,1
2010,2010-W49,Maharashtra,Leishmaniasis,161,0
2010,2010-W49,Rajasthan,Dengue,5,0
2010,2010-W49,Rajasthan,Viral Fever,37,0
2010,2010-W49,Tamil Nadu,Acute Diarrheal Disease,22,0
2010,2010-W49,West Bengal,Acute Diarrheal Disease,46,0
2010,2010-W49,West Bengal,Food Poisoning,100,0
2010,2010-W49,West Bengal,Viral Fever,47,0
2010,2010-W50,Andhra Pradesh,Acute Diarrheal Disease,12,0
2010,2010-W50,Assam,Acute Diarrheal Disease,24,1
2010,2010-W50,Assam,Cholera,10,0
2010,2010-W50,Bihar,Chickenpox,16,0
2010,2010-W50,Gujarat,Food Poisoning,20,0
2010,2010-W50,Karnataka,Food Poisoning,76,0
2010,2010-W50,Kerala,Food Poisoning,42,0
2010,2010-W50,Kerala,Hepatitis A,6,0
2010,2010-W50,Madhya Pradesh,Chikungunya,105,0
2010,2010-W50,Madhya Pradesh,Malaria,114,0
2010,2010-W50,Punjab,Hepatitis,27,0
2010,2010-W50,Rajasthan,Chikungunya,3131,0
2010,2010-W50,Tamil Nadu,Acute Diarrheal Disease,4,1
2010,2010-W50,Uttar Pradesh,Acute Diarrheal Disease,15,1
2010,2010-W50,Uttar Pradesh,Food Poisoning,44,0
2010,2010-W51,Gujarat,Hepatitis,21,0
2010,2010-W51,Madhya Pradesh,Chikungunya,49,0
2010,2010-W51,Madhya Pradesh,Malaria,120,0
2010,2010-W51,Madhya Pradesh,Measles,20,1
2010,2010-W51,Madhya Pradesh,Viral Fever,47,0
2010,2010-W51,Rajasthan,Chikungunya,8,0
2010,2010-W51,Tamil Nadu,Acute Diarrheal Disease,83,1
2010,2010-W51,Tamil Nadu,Chikungunya And Dengue,30,0
2010,2010-W51,Tamil Nadu,Measles,31,0
2010,2010-W51,West Bengal,Acute Diarrheal Disease,61,0
2010,2010-W51,West Bengal,Chikungunya And Dengue,1155,0
2010,2010-W51,West Bengal,Food Poisoning,17,0
2010,2010-W51,West Bengal,Viral Fever,170,0
2010,2010-W52,Assam,Food Poisoning,90,1
2010,2010-W52,Gujarat,Acute Diarrheal Disease,240,0
2010,2010-W52,Gujarat,Measles,32,0
2010,2010-W52,Karnataka,Acute Diarrheal Disease,64,0
2010,2010-W52,Karnataka,Cholera,5,2
2010,2010-W52,Karnataka,Food Poisoning,26,0
2010,2010-W52,Kerala,Chickenpox,10,1
2010,2010-W52,Madhya Pradesh,Food Poisoning,60,0
2010,2010-W52,Madhya Pradesh,Malaria,13,2
2010,2010-W52,Madhya Pradesh,Measles,8,0
2010,2010-W52,Punjab,Hepatitis,126,0
2010,2010-W52,Punjab,Hepatitis C,98,0
2010,2010-W52,Tamil Nadu,Acute Diarrheal Disease,10,0
2010,2010-W52,Tripura,Food Poisoning,80,0
2010,2010-W52,West Bengal,Chikungunya And Dengue,50,1
2010,2010-W52,West Bengal,Measles,12,0
2010,2010-W53,Andhra Pradesh,Food Poisoning,16,0
2010,2010-W53,Arunachal Pradesh,Measles,52,0
2010,2010-W53,Assam,Cholera,5,1
2010,2010-W53,Gujarat,Cholera,329,0
2010,2010-W53,Gujarat,Measles,9,0
2010,2010-W53,Kerala,Food Poisoning,100,0
2010,2010-W53,Madhya Pradesh,Measles,26,0
2010,2010-W53,West Bengal,Food Poisoning,237,0
2011,2011-W01,Assam,Cholera,5,1
2011,2011-W01,Bihar,Chickenpox,32,0
2011,2011-W01,Gujarat,Acute Diarrheal Disease,139,0
2011,2011-W01,Gujarat,Food Poisoning,60,0
2011,2011-W01,Gujarat,Measles,9,0
2011,2011-W01,Kerala,Hepatitis A,21,0
2011,2011-W01,Odisha,Acute Diarrheal Disease,20,0
2011,2011-W01,Odisha,Food Poisoning,16,3
2011,2011-W01,Punjab,Hepatitis A And E,247,0
2011,2011-W01,Uttarakhand,Acute Respiratandy Illness,5,2
2011,2011-W01,West Bengal,Gas Poisoning,70,1
2011,2011-W01,West Bengal,Measles,17,0
2011,2011-W02,Gujarat,Acute Diarrheal Disease,12,0
2011,2011-W02,Gujarat,Viral Fever,14,0
2011,2011-W02,Karnataka,Acute Diarrheal Disease,56,0
2011,2011-W02,Karnataka,Dengue,28,0
2011,2011-W02,Karnataka,Scrub Typhus,5,0
2011,2011-W02,Karnataka,Viral Fever,17,2
2011,2011-W02,Madhya Pradesh,Measles,18,0
2011,2011-W02,Maharashtra,Acute Diarrheal Disease,17,0
2011,2011-W02,Odisha,Measles,17,0
2011,2011-W02,Tamil Nadu,Acute Diarrheal Disease,40,0
2011,2011-W02,Tamil Nadu,Cholera,12,0
2011,2011-W02,Tamil Nadu,Dengue,31,0
2011,2011-W02,Tamil Nadu,Food Poisoning,118,0
2011,2011-W02,West Bengal,Measles,163,0
2011,2011-W03,Bihar,Chickenpox,31,0
2011,2011-W03,Bihar,Viral Fever,37,0
2011,2011-W03,Gujarat,Acute Diarrheal Disease,16,0
2011,2011-W03,Gujarat,Crimean-Congo Haemandrhagic Fever (Cchf),5,3
2011,2011-W03,Gujarat,Food Poisoning,55,0
2011,2011-W03,Gujarat,Measles,27,0
2011,2011-W03,Karnataka,Enteric Fever,11,1
2011,2011-W03,Karnataka,Food Poisoning,49,0
2011,2011-W03,Karnataka,Measles,8,0
2011,2011-W03,Punjab,Food Poisoning,7,0
2011,2011-W03,Rajasthan,Food Poisoning,32,0
2011,2011-W03,Tripura,Acute Diarrheal Disease,11,1
2011,2011-W03,Tripura,Malaria,29,3
2011,2011-W03,Uttar Pradesh,Chickenpox,12,0
2011,2011-W03,West Bengal,Measles,288,1
2011,2011-W04,Andhra Pradesh,Chikungunya,5,0
2011,2011-W04,Arunachal Pradesh,Acute Diarrheal Disease,22,0
2011,2011-W04,Arunachal Pradesh,Measles,11,4
2011,2011-W04,Bihar,Chickenpox,16,0
2011,2011-W04,Karnataka,Measles,8,0
2011,2011-W04,Kerala,Food Poisoning,58,0
2011,2011-W04,Rajasthan,Food Poisoning,102,0
2011,2011-W04,Rajasthan,Malaria,296,2
2011,2011-W04,Tamil Nadu,Acute Diarrheal Disease,66,2
2011,2011-W04,Tamil Nadu,Measles,11,0
2011,2011-W04,West Bengal,Chickenpox,25,0
2011,2011-W04,West Bengal,Measles,100,0
2011,2011-W05,Arunachal Pradesh,Acute Diarrheal Disease,24,0
2011,2011-W05,Bihar,Acute Diarrheal Disease,45,0
2011,2011-W05,Gujarat,Acute Diarrheal Disease,95,0
2011,2011-W05,Gujarat,Crimean-Congo Haemandrhagic Fever (Cchf),9,4
2011,2011-W05,Gujarat,Measles,85,0
2011,2011-W05,Haryana,Acute Diarrheal Disease,12,0
2011,2011-W05,Karnataka,Acute Diarrheal Disease,310,1
2011,2011-W05,Karnataka,Chickenpox,25,0
2011,2011-W05,Karnataka,Food Poisoning,15,0
2011,2011-W05,Karnataka,Malaria,63,0
2011,2011-W05,Kerala,Food Poisoning,23,0
2011,2011-W05,Madhya Pradesh,Measles,25,0
2011,2011-W05,Odisha,Acute Diarrheal Disease,22,2
2011,2011-W05,Punjab,Acute Diarrheal Disease,39,0
2011,2011-W05,Tamil Nadu,Acute Diarrheal Disease,38,0
2011,2011-W05,Tamil Nadu,Cholera,5,0
2011,2011-W05,Uttar Pradesh,Food Poisoning,5,5
2011,2011-W05,Uttarakhand,Measles,25,0
2011,2011-W05,West Bengal,Acute Diarrheal Disease,47,0
2011,2011-W05,West Bengal,Chickenpox,73,0
2011,2011-W05,West Bengal,Food Poisoning,13,0
2011,2011-W05,West Bengal,Hepatitis,9,0
2011,2011-W05,West Bengal,Measles,101,0
2011,2011-W06,Andhra Pradesh,Acute Diarrheal Disease,127,0
2011,2011-W06,Andhra Pradesh,Measles,24,0
2011,2011-W06,Arunachal Pradesh,Acute Diarrheal Disease,49,0
2011,2011-W06,Assam,Food Poisoning,33,1
2011,2011-W06,Gujarat,Acute Diarrheal Disease,417,0
2011,2011-W06,Gujarat,Food Poisoning,177,0
2011,2011-W06,Gujarat,Hepatitis,28,0
2011,2011-W06,Gujarat,Measles,82,0
2011,2011-W06,Karnataka,Acute Diarrheal Disease,158,0
2011,2011-W06,Karnataka,Food Poisoning,197,0
2011,2011-W06,Madhya Pradesh,Measles,26,0
2011,2011-W06,Tamil Nadu,Acute Diarrheal Disease,15,1
2011,2011-W06,Tamil Nadu,Measles,20,0
2011,2011-W06,Tripura,Acute Meningitis,13,6
2011,2011-W06,Uttarakhand,Food Poisoning,5,0
2011,2011-W06,Uttarakhand,Hepatitis,11,0
2011,2011-W06,West Bengal,Acute Diarrheal Disease,108,0
2011,2011-W06,West Bengal,Chickenpox And Measles,34,0
2011,2011-W06,West Bengal,Food Poisoning,25,0
2011,2011-W06,West Bengal,Hepatitis,11,0
2011,2011-W06,West Bengal,Measles,111,0
2011,2011-W06,West Bengal,Viral Fever,9,0
2011,2011-W07,Arunachal Pradesh,Acute Diarrheal Disease,67,0
2011,2011-W07,Arunachal Pradesh,Measles,5,0
2011,2011-W07,Kerala,Hepatitis,5,0
2011,2011-W07,Manipur,Acute Diarrheal Disease,5,2
2011,2011-W07,Odisha,Acute Diarrheal Disease,71,0
2011,2011-W07,Punjab,Chickenpox,4,0
2011,2011-W07,Rajasthan,Hepatitis,33,0
2011,2011-W07,Tamil Nadu,Food Poisoning,7,0
2011,2011-W07,West Bengal,Acute Diarrheal Disease,110,0
2011,2011-W07,West Bengal,Chickenpox,9,0
2011,2011-W08,Andhra Pradesh,Food Poisoning,8,0
2011,2011-W08,Arunachal Pradesh,Acute Diarrheal Disease,77,0
2011,2011-W08,Bihar,Measles,79,0
2011,2011-W08,Haryana,Enteric Fever,68,0
2011,2011-W08,Karnataka,Chickenpox,15,0
2011,2011-W08,Karnataka,Food Poisoning,10,0
2011,2011-W08,Kerala,Measles,20,0
2011,2011-W08,Odisha,Acute Diarrheal Disease,60,0
2011,2011-W08,Odisha,Measles,29,0
2011,2011-W08,Punjab,Measles,5,1
2011,2011-W08,Rajasthan,Food Poisoning,6,0
2011,2011-W08,Rajasthan,Hepatitis,55,0
2011,2011-W08,Rajasthan,Measles,63,1
2011,2011-W08,Tamil Nadu,Acute Diarrheal Disease,70,0
2011,2011-W08,Tamil Nadu,Measles,17,0
2011,2011-W08,Tripura,Food Poisoning,14,0
2011,2011-W08,Uttarakhand,Measles,7,0
2011,2011-W08,West Bengal,Acute Diarrheal Disease,72,0
2011,2011-W08,West Bengal,Chickenpox,43,0
2011,2011-W08,West Bengal,Hepatitis,11,0
2011,2011-W08,West Bengal,Measles,25,0
2011,2011-W09,Andhra Pradesh,Acute Diarrheal Disease,132,0
2011,2011-W09,Arunachal Pradesh,Acute Diarrheal Disease,90,0
2011,2011-W09,Arunachal Pradesh,Measles,11,0
2011,2011-W09,Bihar,Chickenpox,31,0
2011,2011-W09,Bihar,Kala Azar,11,0
2011,2011-W09,Gujarat,Acute Diarrheal Disease,73,0
2011,2011-W09,Gujarat,Food Poisoning,328,0
2011,2011-W09,Gujarat,Hepatitis,26,0
2011,2011-W09,Gujarat,Measles,77,0
2011,2011-W09,Jammu And Kashmir,Viral Fever,7,1
2011,2011-W09,Karnataka,Chickenpox,7,0
2011,2011-W09,Karnataka,Cholera,10,0
2011,2011-W09,Karnataka,Food Poisoning,67,0
2011,2011-W09,Madhya Pradesh,Acute Diarrheal Disease,12,0
2011,2011-W09,Madhya Pradesh,Food Poisoning,41,0
2011,2011-W09,Madhya Pradesh,Measles,12,0
2011,2011-W09,Odisha,Acute Diarrheal Disease,41,0
2011,2011-W09,Odisha,Food Poisoning,58,0
2011,2011-W09,Punjab,Food Poisoning,18,0
2011,2011-W09,Rajasthan,Acute Diarrheal Disease,29,0
2011,2011-W09,Rajasthan,Chickenpox,14,0
2011,2011-W09,Rajasthan,Food Poisoning,186,0
2011,2011-W09,West Bengal,Measles,27,0
2011,2011-W10,Andhra Pradesh,Enteric Fever,10,0
2011,2011-W10,Arunachal Pradesh,Acute Diarrheal Disease,101,0
2011,2011-W10,Bihar,Acute Flaccid Paralysis,2,0
2011,2011-W10,Bihar,Measles,18,0
2011,2011-W10,Himachal Pradesh,Scrub Typhus,21,0
2011,2011-W10,Madhya Pradesh,Measles,16,0
2011,2011-W10,Maharashtra,Dengue,10,0
2011,2011-W10,Maharashtra,Food Poisoning,43,0
2011,2011-W10,Maharashtra,Hepatitis,393,0
2011,2011-W10,Rajasthan,Food Poisoning,46,0
2011,2011-W10,Sikkim,Measles,6,0
2011,2011-W10,Tamil Nadu,Chickenpox,11,0
2011,2011-W10,Tamil Nadu,Cholera,104,2
2011,2011-W10,Tamil Nadu,Food Poisoning,21,0
2011,2011-W10,West Bengal,Acute Diarrheal Disease,40,0
2011,2011-W10,West Bengal,Chickenpox,115,0
2011,2011-W10,West Bengal,Dengue,16,1
2011,2011-W10,West Bengal,Food Poisoning,31,0
2011,2011-W10,West Bengal,Hepatitis,17,0
2011,2011-W10,West Bengal,Kala Azar,10,0
2011,2011-W10,West Bengal,Measles,56,0
2011,2011-W11,Andhra Pradesh,Acute Diarrheal Disease,19,0
2011,2011-W11,Andhra Pradesh,Measles,10,0
2011,2011-W11,Arunachal Pradesh,Acute Diarrheal Disease,121,0
2011,2011-W11,Assam,Food Poisoning,7,0
2011,2011-W11,Delhi,Hepatitis E,22,0
2011,2011-W11,Gujarat,Acute Diarrheal Disease,130,0
2011,2011-W11,Gujarat,Chickenpox,20,0
2011,2011-W11,Gujarat,Food Poisoning,126,0
2011,2011-W11,Gujarat,Hepatitis,26,0
2011,2011-W11,Gujarat,Hepatitis E,362,1
2011,2011-W11,Gujarat,Measles,24,4
2011,2011-W11,Karnataka,Acute Diarrheal Disease,21,1
2011,2011-W11,Karnataka,Chickenpox,130,0
2011,2011-W11,Karnataka,Chikungunya,56,0
2011,2011-W11,Karnataka,Cholera,14,0
2011,2011-W11,Karnataka,Food Poisoning,243,0
2011,2011-W11,Karnataka,Measles,12,0
2011,2011-W11,Kerala,Chickenpox,12,0
2011,2011-W11,Kerala,Dengue,25,0
2011,2011-W11,Kerala,Food Poisoning,133,0
2011,2011-W11,Madhya Pradesh,Measles,36,0
2011,2011-W11,Odisha,Acute Diarrheal Disease,94,1
2011,2011-W11,Odisha,Food Poisoning,43,0
2011,2011-W11,Rajasthan,Food Poisoning,51,0
2011,2011-W11,Tamil Nadu,Acute Diarrheal Disease,40,0
2011,2011-W11,West Bengal,Acute Diarrheal Disease,115,0
2011,2011-W11,West Bengal,Food Poisoning,54,0
2011,2011-W11,West Bengal,Measles,30,0
2011,2011-W12,Bihar,Chickenpox,56,0
2011,2011-W12,Bihar,Measles,12,0
2011,2011-W12,Bihar,Mumps,5,0
2011,2011-W12,Gujarat,Acute Diarrheal Disease,25,0
2011,2011-W12,Gujarat,Measles,24,3
2011,2011-W12,Karnataka,Chickenpox,58,0
2011,2011-W12,Karnataka,Cholera,28,0
2011,2011-W12,Karnataka,Food Poisoning,35,0
2011,2011-W12,Karnataka,Measles,12,0
2011,2011-W12,Madhya Pradesh,Chickenpox,52,0
2011,2011-W12,Madhya Pradesh,Measles,5,0
2011,2011-W12,Madhya Pradesh,Viral Fever,142,0
2011,2011-W12,Punjab,Acute Diarrheal Disease,96,0
2011,2011-W12,Punjab,Hepatitis,32,0
2011,2011-W12,Sikkim,Chickenpox,21,0
2011,2011-W12,Tamil Nadu,Measles,10,0
2011,2011-W12,Uttar Pradesh,Measles,7,0
2011,2011-W12,Uttarakhand,Acute Diarrheal Disease,66,0
2011,2011-W12,West Bengal,Anthrax,5,0
2011,2011-W12,West Bengal,Viral Fever,75,0
2011,2011-W13,Assam,Food Poisoning,42,3
2011,2011-W13,Bihar,Chickenpox,34,0
2011,2011-W13,Karnataka,Acute Diarrheal Disease,40,0
2011,2011-W13,Karnataka,Chickenpox,37,0
2011,2011-W13,Karnataka,Dengue,28,1
2011,2011-W13,Karnataka,Food Poisoning,35,0
2011,2011-W13,Madhya Pradesh,Hepatitis,14,0
2011,2011-W13,Odisha,Acute Diarrheal Disease,211,0
2011,2011-W13,Odisha,Measles,8,1
2011,2011-W13,Punjab,Chickenpox,8,0
2011,2011-W13,Punjab,Food Poisoning,123,1
2011,2011-W13,West Bengal,Acute Diarrheal Disease,151,0
2011,2011-W13,West Bengal,Anthrax,6,0
2011,2011-W13,West Bengal,Measles,26,0
2011,2011-W14,Andhra Pradesh,Acute Diarrheal Disease,168,0
2011,2011-W14,Andhra Pradesh,Hepatitis,39,0
2011,2011-W14,Arunachal Pradesh,Acute Diarrheal Disease,147,0
2011,2011-W14,Assam,Bacillary Dysentery,14,1
2011,2011-W14,Assam,Food Poisoning,19,11
2011,2011-W14,Bihar,Chickenpox,69,0
2011,2011-W14,Bihar,Measles,10,0
2011,2011-W14,Delhi,Hepatitis E,27,0
2011,2011-W14,Madhya Pradesh,Hepatitis,18,0
2011,2011-W14,Madhya Pradesh,Measles,29,0
2011,2011-W14,Odisha,Food Poisoning,24,0
2011,2011-W14,Rajasthan,Chickenpox,13,0
2011,2011-W14,Rajasthan,Food Poisoning,41,0
2011,2011-W14,Rajasthan,Hepatitis,5,0
2011,2011-W14,Tamil Nadu,Measles,5,1
2011,2011-W14,Uttar Pradesh,Chickenpox,5,0
2011,2011-W14,Uttar Pradesh,Measles,7,0
2011,2011-W14,West Bengal,Acute Diarrheal Disease,167,1
2011,2011-W14,West Bengal,Chickenpox,45,0
2011,2011-W14,West Bengal,Dysentery,26,0
2011,2011-W14,West Bengal,Measles,88,0
2011,2011-W14,West Bengal,Viral Fever,20,0
2011,2011-W15,Andhra Pradesh,Food Poisoning,68,0
2011,2011-W15,Andhra Pradesh,Hepatitis,23,0
2011,2011-W15,Assam,Acute Diarrheal Disease,13,0
2011,2011-W15,Assam,Food Poisoning,14,9
2011,2011-W15,Bihar,Chickenpox,14,0
2011,2011-W15,Bihar,Kala Azar,4,0
2011,2011-W15,Gujarat,Chikungunya,11,0
2011,2011-W15,Gujarat,Food Poisoning,100,0
2011,2011-W15,Karnataka,Acute Diarrheal Disease,71,0
2011,2011-W15,Karnataka,Chikungunya,5,0
2011,2011-W15,Karnataka,Cholera,64,1
2011,2011-W15,Karnataka,Food Poisoning,42,0
2011,2011-W15,Karnataka,Hepatitis,22,0
2011,2011-W15,Karnataka,Malaria,83,0
2011,2011-W15,Karnataka,Measles,12,0
2011,2011-W15,Madhya Pradesh,Acute Diarrheal Disease,25,2
2011,2011-W15,Madhya Pradesh,Measles,7,0
2011,2011-W15,Maharashtra,Chikungunya,7,0
2011,2011-W15,Odisha,Measles,13,0
2011,2011-W15,Punjab,Hepatitis,10,0
2011,2011-W15,Punjab,Measles,4,0
2011,2011-W15,Rajasthan,Chickenpox,7,0
2011,2011-W15,Rajasthan,Measles,27,0
2011,2011-W15,Tripura,Acute Diarrheal Disease,57,1
2011,2011-W15,West Bengal,Acute Diarrheal Disease,171,0
2011,2011-W15,West Bengal,Food Poisoning,132,0
2011,2011-W16,Andhra Pradesh,Acute Diarrheal Disease,67,0
2011,2011-W16,Andhra Pradesh,Food Poisoning,94,0
2011,2011-W16,Andhra Pradesh,Hepatitis,10,0
2011,2011-W16,Karnataka,Acute Diarrheal Disease,100,0
2011,2011-W16,Karnataka,Chikungunya,10,0
2011,2011-W16,Karnataka,Cholera,21,0
2011,2011-W16,Karnataka,Food Poisoning,42,0
2011,2011-W16,Karnataka,Kyasanur Fandest Disease,2,1
2011,2011-W16,Karnataka,Malaria,14,0
2011,2011-W16,Kerala,Japanese Encephalitis,11,0
2011,2011-W16,Maharashtra,Cholera,17,0
2011,2011-W16,Maharashtra,Dysentery,20,0
2011,2011-W16,Maharashtra,Malaria,61,1
2011,2011-W16,Rajasthan,Acute Diarrheal Disease,10,0
2011,2011-W16,Tamil Nadu,Acute Diarrheal Disease,11,0
2011,2011-W16,Tamil Nadu,Food Poisoning,60,0
2011,2011-W16,Uttarakhand,Hepatitis,130,0
2011,2011-W16,West Bengal,Acute Diarrheal Disease,143,2
2011,2011-W16,West Bengal,Anthrax,14,0
2011,2011-W16,West Bengal,Chickenpox,31,0
2011,2011-W16,West Bengal,Food Poisoning,55,0
2011,2011-W16,West Bengal,Measles,72,0
2011,2011-W17,Andhra Pradesh,Acute Diarrheal Disease,157,3
2011,2011-W17,Andhra Pradesh,Dengue,8,0
2011,2011-W17,Andhra Pradesh,Food Poisoning,150,3
2011,2011-W17,Arunachal Pradesh,Acute Diarrheal Disease,173,0
2011,2011-W17,Assam,Acute Diarrheal Disease,6,2
2011,2011-W17,Assam,Cholera,66,0
2011,2011-W17,Assam,Food Poisoning,5,0
2011,2011-W17,Bihar,Chickenpox,6,0
2011,2011-W17,Gujarat,Acute Diarrheal Disease,145,0
2011,2011-W17,Gujarat,Chikungunya,51,0
2011,2011-W17,Gujarat,Food Poisoning,19,0
2011,2011-W17,Gujarat,Hepatitis,16,0
2011,2011-W17,Gujarat,Hepatitis A,8,0
2011,2011-W17,Gujarat,Measles,32,1
2011,2011-W17,Haryana,Chickenpox,15,0
2011,2011-W17,Haryana,Measles,20,0
2011,2011-W17,Karnataka,Acute Diarrheal Disease,144,1
2011,2011-W17,Karnataka,Chickenpox,13,0
2011,2011-W17,Karnataka,Food Poisoning,75,0
2011,2011-W17,Karnataka,Malaria,38,0
2011,2011-W17,Kerala,Food Poisoning,42,0
2011,2011-W17,Maharashtra,Acute Diarrheal Disease,32,0
2011,2011-W17,Maharashtra,Hepatitis,23,0
2011,2011-W17,Maharashtra,Viral Fever,63,0
2011,2011-W17,Odisha,Acute Diarrheal Disease,12,0
2011,2011-W17,Odisha,Food Poisoning,44,0
2011,2011-W17,Punjab,Hepatitis,24,0
2011,2011-W17,Rajasthan,Food Poisoning,130,2
2011,2011-W17,Rajasthan,Measles,49,0
2011,2011-W17,Tamil Nadu,Cholera,13,0
2011,2011-W17,Tamil Nadu,Dengue,4,0
2011,2011-W17,West Bengal,Acute Diarrheal Disease,152,0
2011,2011-W17,West Bengal,Anthrax,15,0
2011,2011-W17,West Bengal,Cholera,35,0
2011,2011-W17,West Bengal,Food Poisoning,12,0
2011,2011-W17,West Bengal,Measles,14,0
2011,2011-W18,Andhra Pradesh,Acute Diarrheal Disease,71,0
2011,2011-W18,Andhra Pradesh,Food Poisoning,4,1
2011,2011-W18,Assam,Acute Diarrheal Disease,71,0
2011,2011-W18,Assam,Cholera,208,0
2011,2011-W18,Gujarat,Acute Diarrheal Disease,42,0
2011,2011-W18,Gujarat,Food Poisoning,197,0
2011,2011-W18,Gujarat,Hepatitis A,29,0
2011,2011-W18,Gujarat,Malaria,12,0
2011,2011-W18,Haryana,Acute Diarrheal Disease,35,0
2011,2011-W18,Karnataka,Acute Diarrheal Disease,12,0
2011,2011-W18,Odisha,Food Poisoning,5,1
2011,2011-W18,Punjab,Acute Diarrheal Disease,37,0
2011,2011-W18,Punjab,Chickenpox,10,0
2011,2011-W18,Tamil Nadu,Acute Diarrheal Disease,13,0
2011,2011-W18,Uttarakhand,Acute Diarrheal Disease,13,0
2011,2011-W18,West Bengal,Acute Diarrheal Disease,104,0
2011,2011-W18,West Bengal,Measles,44,0
2011,2011-W19,Andhra Pradesh,Food Poisoning,21,0
2011,2011-W19,Arunachal Pradesh,Acute Diarrheal Disease,195,0
2011,2011-W19,Assam,Chickenpox,8,0
2011,2011-W19,Bihar,Chickenpox,20,0
2011,2011-W19,Bihar,Measles,21,0
2011,2011-W19,Gujarat,Acute Diarrheal Disease,111,0
2011,2011-W19,Gujarat,Food Poisoning,211,0
2011,2011-W19,Gujarat,Malaria,28,0
2011,2011-W19,Karnataka,Acute Diarrheal Disease,53,0
2011,2011-W19,Karnataka,Cholera,42,0
2011,2011-W19,Karnataka,Food Poisoning,17,0
2011,2011-W19,Karnataka,Malaria,13,1
2011,2011-W19,Karnataka,Viral Fever,8,1
2011,2011-W19,Kerala,Food Poisoning,15,0
2011,2011-W19,Madhya Pradesh,Chikungunya,8,0
2011,2011-W19,Madhya Pradesh,Food Poisoning,82,1
2011,2011-W19,Punjab,Food Poisoning,7,0
2011,2011-W19,Rajasthan,Chikungunya,18,0
2011,2011-W19,Rajasthan,Food Poisoning,387,0
2011,2011-W19,Sikkim,Measles,12,0
2011,2011-W19,Tamil Nadu,Acute Diarrheal Disease,28,0
2011,2011-W19,Tamil Nadu,Dengue,11,0
2011,2011-W19,Tamil Nadu,Food Poisoning,14,0
2011,2011-W19,Uttarakhand,Acute Diarrheal Disease,29,0
2011,2011-W19,West Bengal,Food Poisoning,521,0
2011,2011-W20,Arunachal Pradesh,Acute Diarrheal Disease,211,0
2011,2011-W20,Assam,Acute Diarrheal Disease,232,0
2011,2011-W20,Assam,Food Poisoning (Mushroom Poisoning),4,0
2011,2011-W20,Delhi,Hepatitis E,1748,0
2011,2011-W20,Gujarat,Acute Diarrheal Disease,319,0
2011,2011-W20,Gujarat,Crimean-Congo Haemandrhagic Fever (Cchf),1,1
2011,2011-W20,Gujarat,Malaria,21,0
2011,2011-W20,Gujarat,Viral Fever,16,0
2011,2011-W20,Haryana,Acute Diarrheal Disease,97,0
2011,2011-W20,Karnataka,Acute Diarrheal Disease,37,0
2011,2011-W20,Karnataka,Food Poisoning,70,5
2011,2011-W20,Karnataka,Leishmaniasis,18,1
2011,2011-W20,Maharashtra,Acute Diarrheal Disease,57,0
2011,2011-W20,Maharashtra,Chikungunya,53,0
2011,2011-W20,Maharashtra,Dengue,5,0
2011,2011-W20,Maharashtra,Food Poisoning,7,3
2011,2011-W20,Maharashtra,Malaria,50,0
2011,2011-W20,Odisha,Anthrax,2,1
2011,2011-W20,Punjab,Acute Diarrheal Disease,35,0
2011,2011-W20,Rajasthan,Food Poisoning,99,0
2011,2011-W20,Rajasthan,Malaria,24,0
2011,2011-W20,Rajasthan,Measles,38,1
2011,2011-W20,Tamil Nadu,Acute Diarrheal Disease,34,0
2011,2011-W20,Uttar Pradesh,Hepatitis B And C,41,3
2011,2011-W20,Uttar Pradesh,Measles,6,0
2011,2011-W20,West Bengal,Acute Diarrheal Disease,170,0
2011,2011-W20,West Bengal,Anthrax,14,0
2011,2011-W20,West Bengal,Chickenpox,10,0
2011,2011-W20,West Bengal,Measles,32,0
2011,2011-W21,Andhra Pradesh,Acute Diarrheal Disease,64,0
2011,2011-W21,Arunachal Pradesh,Acute Diarrheal Disease,225,0
2011,2011-W21,Assam,Cholera,158,0
2011,2011-W21,Assam,Measles,16,0
2011,2011-W21,Chhattisgarh,Acute Diarrheal Disease,28,0
2011,2011-W21,Gujarat,Acute Diarrheal Disease,158,0
2011,2011-W21,Gujarat,Food Poisoning,288,0
2011,2011-W21,Gujarat,Hepatitis,15,0
2011,2011-W21,Gujarat,Malaria,32,0
2011,2011-W21,Gujarat,Measles,27,0
2011,2011-W21,Karnataka,Cholera,35,0
2011,2011-W21,Madhya Pradesh,Chickenpox,17,0
2011,2011-W21,Madhya Pradesh,Measles,11,0
2011,2011-W21,Maharashtra,Food Poisoning,312,0
2011,2011-W21,Maharashtra,Malaria,17,0
2011,2011-W21,Odisha,Anthrax,2,0
2011,2011-W21,Punjab,Dengue,26,0
2011,2011-W21,Punjab,Measles,6,0
2011,2011-W21,Tamil Nadu,Acute Diarrheal Disease,45,0
2011,2011-W21,Tamil Nadu,Dengue,16,0
2011,2011-W21,Tamil Nadu,Food Poisoning,28,0
2011,2011-W21,Uttar Pradesh,Fever,5,2
2011,2011-W21,Uttar Pradesh,Measles,12,0
2011,2011-W21,Uttarakhand,Measles,12,0
2011,2011-W21,West Bengal,Acute Diarrheal Disease,160,1
2011,2011-W21,West Bengal,Food Poisoning,58,0
2011,2011-W21,West Bengal,Measles,20,0
2011,2011-W22,Andhra Pradesh,Acute Diarrheal Disease,97,0
2011,2011-W22,Arunachal Pradesh,Acute Diarrheal Disease,239,0
2011,2011-W22,Arunachal Pradesh,Measles,16,0
2011,2011-W22,Assam,Acute Diarrheal Disease,46,1
2011,2011-W22,Assam,Hepatitis,5,0
2011,2011-W22,Chhattisgarh,Acute Diarrheal Disease,17,0
2011,2011-W22,Karnataka,Acute Diarrheal Disease,14,0
2011,2011-W22,Karnataka,Chikungunya,27,0
2011,2011-W22,Karnataka,Cholera,33,0
2011,2011-W22,Karnataka,Food Poisoning,30,0
2011,2011-W22,Karnataka,Measles,8,0
2011,2011-W22,Kerala,Food Poisoning,43,0
2011,2011-W22,Kerala,Japanese Encephalitis,22,0
2011,2011-W22,Maharashtra,Acute Diarrheal Disease,168,0
2011,2011-W22,Punjab,Acute Diarrheal Disease,54,0
2011,2011-W22,Punjab,Food Poisoning,17,0
2011,2011-W22,Rajasthan,Acute Diarrheal Disease,10,0
2011,2011-W22,Rajasthan,Food Poisoning,112,0
2011,2011-W22,Tamil Nadu,Acute Diarrheal Disease,9,0
2011,2011-W22,Uttar Pradesh,Chickenpox,6,0
2011,2011-W22,Uttarakhand,Acute Diarrheal Disease,29,0
2011,2011-W22,Uttarakhand,Cholera,27,0
2011,2011-W22,Uttarakhand,Food Poisoning,31,0
2011,2011-W22,Uttarakhand,Measles,29,0
2011,2011-W22,West Bengal,Acute Diarrheal Disease,297,1
2011,2011-W22,West Bengal,Food Poisoning,68,0
2011,2011-W22,West Bengal,Measles,98,0
2011,2011-W23,Andhra Pradesh,Acute Diarrheal Disease,160,0
2011,2011-W23,Andhra Pradesh,Food Poisoning,46,0
2011,2011-W23,Assam,Acute Diarrheal Disease,42,2
2011,2011-W23,Assam,Food Poisoning,73,0
2011,2011-W23,Assam,Malaria,20,2
2011,2011-W23,Gujarat,Acute Diarrheal Disease,70,1
2011,2011-W23,Gujarat,Crimean-Congo Haemandrhagic Fever (Cchf),2,0
2011,2011-W23,Gujarat,Food Poisoning,72,0
2011,2011-W23,Gujarat,Hepatitis,703,0
2011,2011-W23,Gujarat,Hepatitis E,63,1
2011,2011-W23,Karnataka,Acute Diarrheal Disease,188,0
2011,2011-W23,Karnataka,Cholera,17,0
2011,2011-W23,Karnataka,Food Poisoning,84,0
2011,2011-W23,Karnataka,Malaria,43,0
2011,2011-W23,Kerala,Enteric Fever,16,0
2011,2011-W23,Kerala,Hepatitis,18,0
2011,2011-W23,Maharashtra,Acute Diarrheal Disease,126,0
2011,2011-W23,Odisha,Malaria,102,0
2011,2011-W23,Punjab,Acute Diarrheal Disease,169,1
2011,2011-W23,Punjab,Hepatitis,15,0
2011,2011-W23,Rajasthan,Food Poisoning,38,0
2011,2011-W23,Tamil Nadu,Acute Diarrheal Disease,83,0
2011,2011-W23,Tamil Nadu,Food Poisoning,51,0
2011,2011-W23,Tamil Nadu,Hepatitis,16,0
2011,2011-W23,Uttarakhand,Acute Flaccid Paralysis,2,0
2011,2011-W23,Uttarakhand,Food Poisoning,27,0
2011,2011-W23,West Bengal,Acute Diarrheal Disease,145,1
2011,2011-W23,West Bengal,Measles,97,0
2011,2011-W23,West Bengal,Vitamin A Overdosage,30,0
2011,2011-W24,Andhra Pradesh,Food Poisoning,27,0
2011,2011-W24,Andhra Pradesh,Viral Fever,18,0
2011,2011-W24,Arunachal Pradesh,Measles,9,0
2011,2011-W24,Assam,Acute Diarrheal Disease,3,1
2011,2011-W24,Assam,Acute Flaccid Paralysis,2,0
2011,2011-W24,Assam,Cholera,140,3
2011,2011-W24,Assam,Food Poisoning,11,0
2011,2011-W24,Assam,Malaria,52,1
2011,2011-W24,Assam,Measles,5,0
2011,2011-W24,Bihar,Food Poisoning,19,0
2011,2011-W24,Goa,Food Poisoning,52,0
2011,2011-W24,Gujarat,Acute Diarrheal Disease,60,0
2011,2011-W24,Gujarat,Measles,13,0
2011,2011-W24,Jammu And Kashmir,Acute Diarrheal Disease,204,0
2011,2011-W24,Karnataka,Acute Diarrheal Disease,108,0
2011,2011-W24,Karnataka,Dengue,34,0
2011,2011-W24,Kerala,Dengue,3,0
2011,2011-W24,Kerala,Food Poisoning,165,0
2011,2011-W24,Madhya Pradesh,Measles,16,1
2011,2011-W24,Maharashtra,Acute Diarrheal Disease,98,0
2011,2011-W24,Maharashtra,Food Poisoning,15,0
2011,2011-W24,Maharashtra,Hepatitis,9,0
2011,2011-W24,Rajasthan,Food Poisoning,36,0
2011,2011-W24,Tamil Nadu,Acute Diarrheal Disease,18,0
2011,2011-W24,West Bengal,Acute Diarrheal Disease,399,1
2011,2011-W24,West Bengal,Food Poisoning,21,0
2011,2011-W24,West Bengal,Measles,6,0
2011,2011-W25,Andhra Pradesh,Acute Diarrheal Disease,90,0
2011,2011-W25,Assam,Acute Flaccid Paralysis,1,0
2011,2011-W25,Assam,Cholera,404,6
2011,2011-W25,Assam,Japanese Encephalitis,1,1
2011,2011-W25,Assam,Malaria,568,5
2011,2011-W25,Bihar,Acute Diarrheal Disease,35,1
2011,2011-W25,Bihar,Acute Encephalitic Syndrome,129,45
2011,2011-W25,Chhattisgarh,Acute Diarrheal Disease,27,0
2011,2011-W25,Jharkhand,Food Poisoning,7,0
2011,2011-W25,Karnataka,Acute Diarrheal Disease,221,0
2011,2011-W25,Karnataka,Food Poisoning,45,0
2011,2011-W25,Karnataka,Japanese Encephalitis,1,0
2011,2011-W25,Kerala,Cholera,74,6
2011,2011-W25,Kerala,Japanese Encephalitis,31,1
2011,2011-W25,Maharashtra,Acute Diarrheal Disease,78,0
2011,2011-W25,Maharashtra,Acute Encephalitic Syndrome,6,1
2011,2011-W25,Maharashtra,Food Poisoning,17,0
2011,2011-W25,Maharashtra,Hepatitis,22,0
2011,2011-W25,Maharashtra,Viral Fever,10,0
2011,2011-W25,Odisha,Acute Diarrheal Disease,13,0
2011,2011-W25,Odisha,Measles,24,0
2011,2011-W25,Rajasthan,Food Poisoning,81,0
2011,2011-W25,Tamil Nadu,Acute Diarrheal Disease,25,0
2011,2011-W25,Tamil Nadu,Japanese Encephalitis,1,1
2011,2011-W25,Tamil Nadu,Viral Fever,77,0
2011,2011-W25,Uttarakhand,Food Poisoning,21,1
2011,2011-W25,West Bengal,Acute Diarrheal Disease,265,3
2011,2011-W25,West Bengal,Food Poisoning,152,0
2011,2011-W25,West Bengal,Measles,95,0
2011,2011-W26,Andhra Pradesh,Acute Diarrheal Disease,110,0
2011,2011-W26,Andhra Pradesh,Food Poisoning,8,0
2011,2011-W26,Assam,Acute Encephalitic Syndrome,2,1
2011,2011-W26,Assam,Hepatitis A,15,0
2011,2011-W26,Assam,Japanese Encephalitis,2,1
2011,2011-W26,Assam,Malaria,295,2
2011,2011-W26,Assam,Viral Fever,63,1
2011,2011-W26,Bihar,Acute Diarrheal Disease,30,0
2011,2011-W26,Bihar,Acute Encephalitic Syndrome,132,46
2011,2011-W26,Bihar,Kala Azar,121,2
2011,2011-W26,Bihar,Malaria,64,0
2011,2011-W26,Chhattisgarh,Acute Diarrheal Disease,74,1
2011,2011-W26,Chhattisgarh,Food Poisoning,3,1
2011,2011-W26,Gujarat,Food Poisoning,11,0
2011,2011-W26,Jammu And Kashmir,Acute Diarrheal Disease,183,0
2011,2011-W26,Jammu And Kashmir,Chickenpox,35,0
2011,2011-W26,Karnataka,Acute Diarrheal Disease,47,0
2011,2011-W26,Karnataka,Cholera,29,0
2011,2011-W26,Karnataka,Food Poisoning,40,0
2011,2011-W26,Karnataka,Hepatitis A,9,0
2011,2011-W26,Karnataka,Malaria,20,0
2011,2011-W26,Karnataka,Viral Fever,44,0
2011,2011-W26,Kerala,Cholera,183,6
2011,2011-W26,Maharashtra,Acute Diarrheal Disease,392,0
2011,2011-W26,Maharashtra,Acute Encephalitic Syndrome,3,1
2011,2011-W26,Tamil Nadu,Acute Diarrheal Disease,31,0
2011,2011-W26,Tamil Nadu,Viral Fever,115,0
2011,2011-W26,Uttar Pradesh,Acute Diarrheal Disease,9,1
2011,2011-W26,Uttar Pradesh,Food Poisoning,46,1
2011,2011-W26,West Bengal,Acute Diarrheal Disease,167,1
2011,2011-W26,West Bengal,Anthrax,3,0
2011,2011-W26,West Bengal,Food Poisoning,108,0
2011,2011-W26,West Bengal,Measles,95,0
2011,2011-W26,West Bengal,Viral Fever,12,0
2011,2011-W27,Andhra Pradesh,Acute Diarrheal Disease,175,1
2011,2011-W27,Andhra Pradesh,Food Poisoning,82,0
2011,2011-W27,Assam,Acute Encephalitic Syndrome,12,2
2011,2011-W27,Assam,Bacillary Dysentery,5,1
2011,2011-W27,Assam,Cholera,404,6
2011,2011-W27,Assam,Food Poisoning,38,0
2011,2011-W27,Assam,Japanese Encephalitis,80,21
2011,2011-W27,Assam,Viral Fever,38,0
2011,2011-W27,Bihar,Acute Diarrheal Disease,10,0
2011,2011-W27,Bihar,Acute Encephalitic Syndrome,147,52
2011,2011-W27,Bihar,Malaria,53,0
2011,2011-W27,Chhattisgarh,Acute Diarrheal Disease,88,0
2011,2011-W27,Chhattisgarh,Cholera,74,1
2011,2011-W27,Gujarat,Cholera,47,0
2011,2011-W27,Karnataka,Acute Diarrheal Disease,44,0
2011,2011-W27,Karnataka,Chikungunya,27,0
2011,2011-W27,Karnataka,Food Poisoning,40,0
2011,2011-W27,Karnataka,Hepatitis,18,0
2011,2011-W27,Karnataka,Malaria,20,0
2011,2011-W27,Karnataka,Viral Fever,44,0
2011,2011-W27,Kerala,Hepatitis,9,0
2011,2011-W27,Madhya Pradesh,Chikungunya,252,0
2011,2011-W27,Madhya Pradesh,Gas Poisoning,200,0
2011,2011-W27,Odisha,Acute Diarrheal Disease,35,0
2011,2011-W27,Odisha,Food Poisoning,73,0
2011,2011-W27,Punjab,Hepatitis,15,0
2011,2011-W27,Punjab,Meningitis,6,0
2011,2011-W27,Tamil Nadu,Acute Diarrheal Disease,24,0
2011,2011-W27,Tamil Nadu,Dengue,8,0
2011,2011-W27,Tamil Nadu,Food Poisoning,23,0
2011,2011-W27,Tamil Nadu,Viral Fever,35,0
2011,2011-W27,West Bengal,Dengue,12,0
2011,2011-W27,West Bengal,Malaria,148,0
2011,2011-W27,West Bengal,Measles,131,0
2011,2011-W28,Andhra Pradesh,Acute Diarrheal Disease,162,1
2011,2011-W28,Andhra Pradesh,Amoebic Dysentery,17,0
2011,2011-W28,Andhra Pradesh,Food Poisoning,52,0
2011,2011-W28,Andhra Pradesh,Viral Fever,23,0
2011,2011-W28,Assam,Acute Encephalitic Syndrome,29,4
2011,2011-W28,Assam,Acute Encephalitis Syndrome (Japanese Encephalitis),17,6
2011,2011-W28,Bihar,Acute Diarrheal Disease,47,2
2011,2011-W28,Bihar,Acute Encephalitic Syndrome,148,54
2011,2011-W28,Bihar,Acute Flaccid Paralysis,3,0
2011,2011-W28,Bihar,Food Poisoning,17,0
2011,2011-W28,Bihar,Measles,6,2
2011,2011-W28,Bihar,Mumps,3,0
2011,2011-W28,Chhattisgarh,Food Poisoning,23,0
2011,2011-W28,Chhattisgarh,Malaria,12,0
2011,2011-W28,Gujarat,Acute Diarrheal Disease,4,1
2011,2011-W28,Gujarat,Food Poisoning,82,0
2011,2011-W28,Haryana,Dengue,2,1
2011,2011-W28,Jammu And Kashmir,Food Poisoning,106,0
2011,2011-W28,Jammu And Kashmir,Measles,18,0
2011,2011-W28,Jharkhand,Chikungunya,135,0
2011,2011-W28,Karnataka,Acute Diarrheal Disease,76,0
2011,2011-W28,Karnataka,Chikungunya,76,0
2011,2011-W28,Karnataka,Dengue,2,1
2011,2011-W28,Karnataka,Enteric Fever,151,0
2011,2011-W28,Karnataka,Food Poisoning,24,0
2011,2011-W28,Kerala,Chickenpox,11,0
2011,2011-W28,Kerala,Cholera,2,0
2011,2011-W28,Kerala,Dengue,6,0
2011,2011-W28,Kerala,Food Poisoning,135,0
2011,2011-W28,Madhya Pradesh,Acute Diarrheal Disease,10,1
2011,2011-W28,Madhya Pradesh,Cholera,1,0
2011,2011-W28,Maharashtra,Acute Diarrheal Disease,45,0
2011,2011-W28,Maharashtra,Hepatitis,3,1
2011,2011-W28,Maharashtra,Malaria,50,0
2011,2011-W28,Maharashtra,Viral Fever,154,0
2011,2011-W28,Odisha,Acute Diarrheal Disease,12,0
2011,2011-W28,Odisha,Malaria,76,0
2011,2011-W28,Odisha,Measles,15,0
2011,2011-W28,Punjab,Hepatitis,15,0
2011,2011-W28,Rajasthan,Acute Diarrheal Disease,113,4
2011,2011-W28,Rajasthan,Cholera,99,0
2011,2011-W28,Tamil Nadu,Acute Diarrheal Disease,25,0
2011,2011-W28,Tamil Nadu,Chikungunya,60,0
2011,2011-W28,Tamil Nadu,Food Poisoning,24,0
2011,2011-W28,Tamil Nadu,Viral Fever,130,0
2011,2011-W28,Uttarakhand,Acute Diarrheal Disease,19,0
2011,2011-W28,West Bengal,Acute Diarrheal Disease,219,0
2011,2011-W28,West Bengal,Malaria,234,0
2011,2011-W29,Andhra Pradesh,Acute Diarrheal Disease,10,0
2011,2011-W29,Assam,Acute Diarrheal Disease,47,2
2011,2011-W29,Assam,Acute Encephalitic Syndrome,10,3
2011,2011-W29,Assam,Japanese Encephalitis,5,1
2011,2011-W29,Assam,Measles,6,0
2011,2011-W29,Bihar,Acute Diarrheal Disease,45,0
2011,2011-W29,Bihar,Food Poisoning,17,0
2011,2011-W29,Bihar,Malaria,112,0
2011,2011-W29,Chhattisgarh,Food Poisoning,23,0
2011,2011-W29,Chhattisgarh,Malaria,35,0
2011,2011-W29,Gujarat,Acute Diarrheal Disease,4,1
2011,2011-W29,Gujarat,Hepatitis E,4,0
2011,2011-W29,Haryana,Dengue,3,1
2011,2011-W29,Himachal Pradesh,Measles,17,0
2011,2011-W29,Jharkhand,Acute Diarrheal Disease,35,0
2011,2011-W29,Jharkhand,Chikungunya,1014,0
2011,2011-W29,Karnataka,Acute Diarrheal Disease,149,5
2011,2011-W29,Madhya Pradesh,Acute Diarrheal Disease,85,0
2011,2011-W29,Madhya Pradesh,Malaria,271,1
2011,2011-W29,Madhya Pradesh,Viral Fever,121,0
2011,2011-W29,Maharashtra,Cholera,67,0
2011,2011-W29,Maharashtra,Dengue,43,0
2011,2011-W29,Maharashtra,Hepatitis A,6,1
2011,2011-W29,Meghalaya,Food Poisoning,28,0
2011,2011-W29,Punjab,Acute Diarrheal Disease,121,0
2011,2011-W29,Punjab,Cholera,7,0
2011,2011-W29,Tamil Nadu,Chikungunya,58,0
2011,2011-W29,Tamil Nadu,Hepatitis,4,0
2011,2011-W29,Uttarakhand,Acute Diarrheal Disease,8,0
2011,2011-W29,Uttarakhand,Epidemic Dropsy,4,0
2011,2011-W29,West Bengal,Acute Diarrheal Disease,89,1
2011,2011-W29,West Bengal,Dengue,12,0
2011,2011-W29,West Bengal,Malaria,236,0
2011,2011-W29,West Bengal,Measles,11,0
2011,2011-W30,Andhra Pradesh,Acute Diarrheal Disease,21,0
2011,2011-W30,Andhra Pradesh,Anthrax,2,0
2011,2011-W30,Assam,Acute Encephalitic Syndrome,6,1
2011,2011-W30,Assam,Acute Flaccid Paralysis,1,0
2011,2011-W30,Assam,Food Poisoning,112,1
2011,2011-W30,Assam,Japanese Encephalitis,29,7
2011,2011-W30,Bihar,Acute Diarrheal Disease,75,1
2011,2011-W30,Bihar,Acute Encephalitic Syndrome,152,55
2011,2011-W30,Bihar,Acute Flaccid Paralysis,2,0
2011,2011-W30,Bihar,Food Poisoning,49,1
2011,2011-W30,Bihar,Kala Azar,147,3
2011,2011-W30,Bihar,Malaria,126,0
2011,2011-W30,Goa,Food Poisoning,12,0
2011,2011-W30,Gujarat,Acute Diarrheal Disease,19,0
2011,2011-W30,Gujarat,Hepatitis,40,0
2011,2011-W30,Jharkhand,Chikungunya,3455,0
2011,2011-W30,Jharkhand,Viral Fever,12,0
2011,2011-W30,Karnataka,Acute Diarrheal Disease,101,1
2011,2011-W30,Karnataka,Chikungunya,15,0
2011,2011-W30,Karnataka,Food Poisoning,28,0
2011,2011-W30,Karnataka,Hepatitis E,24,0
2011,2011-W30,Karnataka,Malaria,130,0
2011,2011-W30,Kerala,Food Poisoning,18,0
2011,2011-W30,Kerala,Hepatitis A,14,0
2011,2011-W30,Madhya Pradesh,Acute Diarrheal Disease,121,2
2011,2011-W30,Madhya Pradesh,Chikungunya,252,0
2011,2011-W30,Madhya Pradesh,Measles,26,2
2011,2011-W30,Maharashtra,Acute Diarrheal Disease,130,0
2011,2011-W30,Maharashtra,Cholera,140,0
2011,2011-W30,Maharashtra,Leptospirosis,6,0
2011,2011-W30,Maharashtra,Malaria,41,0
2011,2011-W30,Maharashtra,Viral Fever,159,0
2011,2011-W30,Manipur,Japanese Encephalitis,12,0
2011,2011-W30,Odisha,Acute Diarrheal Disease,37,0
2011,2011-W30,Odisha,Food Poisoning,12,0
2011,2011-W30,Punjab,Hepatitis,29,0
2011,2011-W30,Tamil Nadu,Chikungunya,25,0
2011,2011-W30,Tamil Nadu,Hepatitis A,4,0
2011,2011-W30,Uttarakhand,Acute Encephalitic Syndrome,1,1
2011,2011-W30,Uttarakhand,Food Poisoning,10,0
2011,2011-W30,Uttarakhand,Viral Fever,12,0
2011,2011-W30,West Bengal,Acute Diarrheal Disease,56,1
2011,2011-W30,West Bengal,Anthrax,20,0
2011,2011-W30,West Bengal,Cholera,78,0
2011,2011-W31,Andhra Pradesh,Acute Diarrheal Disease,60,0
2011,2011-W31,Andhra Pradesh,Viral Fever,22,0
2011,2011-W31,Assam,Food Poisoning,112,1
2011,2011-W31,Bihar,Acute Diarrheal Disease,77,6
2011,2011-W31,Bihar,Malaria,46,0
2011,2011-W31,Chhattisgarh,Acute Diarrheal Disease,89,0
2011,2011-W31,Chhattisgarh,Acute Encephalitic Syndrome,5,4
2011,2011-W31,Chhattisgarh,Food Poisoning,72,3
2011,2011-W31,Haryana,Acute Diarrheal Disease,113,0
2011,2011-W31,Jammu And Kashmir,Acute Diarrheal Disease,95,0
2011,2011-W31,Jammu And Kashmir,Chickenpox,90,0
2011,2011-W31,Jharkhand,Acute Diarrheal Disease,8,0
2011,2011-W31,Jharkhand,Chikungunya,194,0
2011,2011-W31,Madhya Pradesh,Acute Diarrheal Disease,94,1
2011,2011-W31,Madhya Pradesh,Acute Flaccid Paralysis,1,0
2011,2011-W31,Maharashtra,Chikungunya,10,1
2011,2011-W31,Maharashtra,Dengue,2,1
2011,2011-W31,Odisha,Food Poisoning,17,0
2011,2011-W31,Punjab,Epidemic Dropsy,10,2
2011,2011-W31,Rajasthan,Acute Diarrheal Disease,5,1
2011,2011-W31,Rajasthan,Acute Encephalitic Syndrome,2,0
2011,2011-W31,Tamil Nadu,Chikungunya,118,0
2011,2011-W31,Tamil Nadu,Food Poisoning,13,0
2011,2011-W31,Uttar Pradesh,Acute Diarrheal Disease,16,1
2011,2011-W31,West Bengal,Cholera,78,0
2011,2011-W31,West Bengal,Food Poisoning,29,0
2011,2011-W32,Andhra Pradesh,Acute Diarrheal Disease,83,0
2011,2011-W32,Assam,Measles,39,0
2011,2011-W32,Bihar,Acute Diarrheal Disease,172,0
2011,2011-W32,Bihar,Acute Flaccid Paralysis,2,1
2011,2011-W32,Bihar,Measles,24,0
2011,2011-W32,Chhattisgarh,Acute Diarrheal Disease,126,0
2011,2011-W32,Chhattisgarh,Viral Fever,14,0
2011,2011-W32,Gujarat,Measles,78,1
2011,2011-W32,Jammu And Kashmir,Measles,27,0
2011,2011-W32,Jharkhand,Chikungunya,22,0
2011,2011-W32,Karnataka,Acute Diarrheal Disease,29,0
2011,2011-W32,Karnataka,Food Poisoning,74,0
2011,2011-W32,Karnataka,Hepatitis A,8,0
2011,2011-W32,Karnataka,Measles,10,1
2011,2011-W32,Madhya Pradesh,Acute Diarrheal Disease,138,0
2011,2011-W32,Maharashtra,Acute Diarrheal Disease,43,1
2011,2011-W32,Maharashtra,Hepatitis A,11,0
2011,2011-W32,Maharashtra,Leishmaniasis,27,1
2011,2011-W32,Maharashtra,Malaria,14,1
2011,2011-W32,Odisha,Acute Diarrheal Disease,47,0
2011,2011-W32,Rajasthan,Food Poisoning,5,1
2011,2011-W32,Rajasthan,Malaria,152,0
2011,2011-W32,Tamil Nadu,Acute Diarrheal Disease,79,0
2011,2011-W32,Tamil Nadu,Food Poisoning,63,0
2011,2011-W32,Uttar Pradesh,Acute Diarrheal Disease,168,5
2011,2011-W32,Uttar Pradesh,Malaria,34,0
2011,2011-W32,Uttarakhand,Viral Fever,121,0
2011,2011-W32,West Bengal,Acute Diarrheal Disease,123,0
2011,2011-W32,West Bengal,Anthrax,4,0
2011,2011-W32,West Bengal,Viral Encephalitis,2,2
2011,2011-W33,Andhra Pradesh,Acute Diarrheal Disease,10,0
2011,2011-W33,Andhra Pradesh,Dengue,42,0
2011,2011-W33,Andhra Pradesh,Food Poisoning,28,0
2011,2011-W33,Assam,Acute Flaccid Paralysis,3,0
2011,2011-W33,Bihar,Acute Diarrheal Disease,121,1
2011,2011-W33,Bihar,Acute Flaccid Paralysis,1,0
2011,2011-W33,Bihar,Enteric Fever,11,3
2011,2011-W33,Bihar,Malaria,6,1
2011,2011-W33,Bihar,Measles,20,0
2011,2011-W33,Chhattisgarh,Acute Diarrheal Disease,67,0
2011,2011-W33,Jammu And Kashmir,Acute Diarrheal Disease,30,0
2011,2011-W33,Jharkhand,Chikungunya,11771,0
2011,2011-W33,Madhya Pradesh,Acute Diarrheal Disease,24,1
2011,2011-W33,Madhya Pradesh,Hepatitis,6,1
2011,2011-W33,Maharashtra,Acute Diarrheal Disease,17,0
2011,2011-W33,Maharashtra,Malaria,11,0
2011,2011-W33,Maharashtra,Viral Fever,59,3
2011,2011-W33,Punjab,Mumps,4,0
2011,2011-W33,Rajasthan,Cholera,112,1
2011,2011-W33,Tamil Nadu,Measles,9,0
2011,2011-W33,Uttar Pradesh,Malaria,13,0
2011,2011-W33,Uttar Pradesh,Viral Fever,87,0
2011,2011-W33,West Bengal,Acute Diarrheal Disease,264,0
2011,2011-W33,West Bengal,Cholera,320,0
2011,2011-W34,Assam,Food Poisoning,47,0
2011,2011-W34,Bihar,Acute Diarrheal Disease,152,6
2011,2011-W34,Bihar,Food Poisoning,6,2
2011,2011-W34,Bihar,Malaria,80,5
2011,2011-W34,Chhattisgarh,Acute Diarrheal Disease,10,3
2011,2011-W34,Chhattisgarh,Cholera,20,0
2011,2011-W34,Chhattisgarh,Dengue,3,2
2011,2011-W34,Chhattisgarh,Food Poisoning,100,0
2011,2011-W34,Gujarat,Cholera,23,0
2011,2011-W34,Gujarat,Food Poisoning,12,1
2011,2011-W34,Gujarat,Hepatitis,10,0
2011,2011-W34,Haryana,Acute Diarrheal Disease,19,0
2011,2011-W34,Haryana,Cholera,5,0
2011,2011-W34,Jammu And Kashmir,Acute Diarrheal Disease,1634,0
2011,2011-W34,Jharkhand,Chikungunya,9,0
2011,2011-W34,Jharkhand,Malaria,51,0
2011,2011-W34,Jharkhand,Measles,5,0
2011,2011-W34,Karnataka,Acute Diarrheal Disease,130,0
2011,2011-W34,Karnataka,Chikungunya,26,0
2011,2011-W34,Karnataka,Cholera,6,0
2011,2011-W34,Karnataka,Food Poisoning,112,0
2011,2011-W34,Karnataka,Hepatitis A,7,0
2011,2011-W34,Karnataka,Malaria,10,0
2011,2011-W34,Karnataka,Viral Fever,36,0
2011,2011-W34,Kerala,Hepatitis A,7,0
2011,2011-W34,Maharashtra,Acute Diarrheal Disease,101,0
2011,2011-W34,Maharashtra,Chikungunya,22,0
2011,2011-W34,Maharashtra,Hepatitis,8,0
2011,2011-W34,Maharashtra,Viral Fever,34,1
2011,2011-W34,Manipur,Measles,6,0
2011,2011-W34,Punjab,Hepatitis,45,0
2011,2011-W34,Rajasthan,Acute Encephalitic Syndrome,1,1
2011,2011-W34,Rajasthan,Food Poisoning,102,0
2011,2011-W34,Sikkim,Acute Diarrheal Disease,16,0
2011,2011-W34,Tamil Nadu,Leptospirosis,19,1
2011,2011-W34,Uttar Pradesh,Acute Diarrheal Disease,28,0
2011,2011-W34,Uttar Pradesh,Food Poisoning,45,0
2011,2011-W34,West Bengal,Acute Diarrheal Disease,131,0
2011,2011-W34,West Bengal,Cholera,179,0
2011,2011-W34,West Bengal,Food Poisoning,339,0
2011,2011-W35,Andhra Pradesh,Acute Diarrheal Disease,25,0
2011,2011-W35,Andhra Pradesh,Dengue,45,0
2011,2011-W35,Andhra Pradesh,Food Poisoning,50,0
2011,2011-W35,Bihar,Acute Diarrheal Disease,50,2
2011,2011-W35,Bihar,Food Poisoning,87,2
2011,2011-W35,Bihar,Hepatitis,16,7
2011,2011-W35,Bihar,Japanese Encephalitis,40,11
2011,2011-W35,Bihar,Malaria,22,0
2011,2011-W35,Bihar,Measles,28,0
2011,2011-W35,Chandigarh,Cholera,5,0
2011,2011-W35,Chhattisgarh,Acute Diarrheal Disease,123,2
2011,2011-W35,Chhattisgarh,Malaria,108,3
2011,2011-W35,Gujarat,Acute Diarrheal Disease,35,0
2011,2011-W35,Haryana,Acute Diarrheal Disease,159,5
2011,2011-W35,Haryana,Viral Fever,247,0
2011,2011-W35,Kerala,Hepatitis A,31,4
2011,2011-W35,Madhya Pradesh,Acute Diarrheal Disease,208,4
2011,2011-W35,Madhya Pradesh,Viral Fever,75,0
2011,2011-W35,Maharashtra,Chikungunya,57,0
2011,2011-W35,Maharashtra,Food Poisoning,5,2
2011,2011-W35,Maharashtra,Viral Fever,48,1
2011,2011-W35,Tamil Nadu,Dengue,17,0
2011,2011-W35,West Bengal,Acute Diarrheal Disease,45,0
2011,2011-W35,West Bengal,Anthrax,3,0
2011,2011-W35,West Bengal,Cholera,73,1
2011,2011-W35,West Bengal,Food Poisoning,324,0
2011,2011-W36,Andhra Pradesh,Acute Diarrheal Disease,32,0
2011,2011-W36,Andhra Pradesh,Dengue,30,0
2011,2011-W36,Andhra Pradesh,Food Poisoning,28,0
2011,2011-W36,Assam,Acute Diarrheal Disease,22,2
2011,2011-W36,Bihar,Acute Diarrheal Disease,120,11
2011,2011-W36,Chhattisgarh,Acute Diarrheal Disease,335,1
2011,2011-W36,Chhattisgarh,Cholera,20,0
2011,2011-W36,Gujarat,Hepatitis,7,0
2011,2011-W36,Haryana,Acute Diarrheal Disease,197,6
2011,2011-W36,Haryana,Malaria,253,0
2011,2011-W36,Jharkhand,Acute Diarrheal Disease,18,0
2011,2011-W36,Jharkhand,Chickenpox,27,0
2011,2011-W36,Jharkhand,Encephalitis,63,1
2011,2011-W36,Karnataka,Acute Diarrheal Disease,86,0
2011,2011-W36,Karnataka,Chickenpox,7,0
2011,2011-W36,Madhya Pradesh,Acute Diarrheal Disease,79,0
2011,2011-W36,Madhya Pradesh,Malaria,56,3
2011,2011-W36,Madhya Pradesh,Measles,9,2
2011,2011-W36,Madhya Pradesh,Viral Fever,20,0
2011,2011-W36,Maharashtra,Acute Diarrheal Disease,83,0
2011,2011-W36,Maharashtra,Acute Encephalitic Syndrome,2,2
2011,2011-W36,Maharashtra,Chikungunya,19,0
2011,2011-W36,Maharashtra,Cholera,7,1
2011,2011-W36,Maharashtra,Dengue,20,0
2011,2011-W36,Maharashtra,Hepatitis,22,1
2011,2011-W36,Maharashtra,Hepatitis A,12,0
2011,2011-W36,Maharashtra,Leishmaniasis,20,1
2011,2011-W36,Maharashtra,Measles,12,0
2011,2011-W36,Maharashtra,Viral Fever,140,3
2011,2011-W36,Punjab,Acute Diarrheal Disease,44,0
2011,2011-W36,Punjab,Malaria,5,3
2011,2011-W36,Tamil Nadu,Chikungunya,35,0
2011,2011-W36,Tamil Nadu,Leishmaniasis,6,0
2011,2011-W36,Uttar Pradesh,Viral Fever,182,4
2011,2011-W36,West Bengal,Acute Diarrheal Disease,234,0
2011,2011-W36,West Bengal,Cholera,395,0
2011,2011-W36,West Bengal,Food Poisoning,85,0
2011,2011-W36,West Bengal,Viral Fever,54,0
2011,2011-W37,Assam,Acute Diarrheal Disease,17,0
2011,2011-W37,Assam,Food Poisoning,44,0
2011,2011-W37,Bihar,Enteric Fever,12,2
2011,2011-W37,Bihar,Food Poisoning,23,0
2011,2011-W37,Bihar,Japanese Encephalitis,114,32
2011,2011-W37,Bihar,Malaria,50,2
2011,2011-W37,Jharkhand,Japanese Encephalitis,49,2
2011,2011-W37,Jharkhand,Mumps,7,0
2011,2011-W37,Karnataka,Food Poisoning,20,0
2011,2011-W37,Karnataka,Malaria,10,0
2011,2011-W37,Karnataka,Viral Fever,59,0
2011,2011-W37,Madhya Pradesh,Malaria,310,3
2011,2011-W37,Madhya Pradesh,Viral Fever,40,0
2011,2011-W37,Maharashtra,Food Poisoning,208,0
2011,2011-W37,Punjab,Acute Diarrheal Disease,15,0
2011,2011-W37,Rajasthan,Acute Febrile Illness,0,37
2011,2011-W37,Tamil Nadu,Acute Diarrheal Disease,11,0
2011,2011-W37,Tamil Nadu,Chikungunya,10,0
2011,2011-W37,Tamil Nadu,Food Poisoning,11,0
2011,2011-W37,Tripura,Viral Fever,42,9
2011,2011-W37,Uttar Pradesh,Viral Fever,22,2
2011,2011-W37,Uttarakhand,Dengue,10,0
2011,2011-W37,Uttarakhand,Food Poisoning,25,0
2011,2011-W37,Uttarakhand,Viral Fever,53,0
2011,2011-W37,West Bengal,Acute Diarrheal Disease,301,0
2011,2011-W37,West Bengal,Food Poisoning,676,0
2011,2011-W37,West Bengal,Japanese Encephalitis,4,3
2011,2011-W37,West Bengal,Mumps,15,0
2011,2011-W37,West Bengal,Viral Fever,352,0
2011,2011-W38,Andhra Pradesh,Dengue,72,0
2011,2011-W38,Arunachal Pradesh,Measles,9,0
2011,2011-W38,Assam,Acute Diarrheal Disease,33,0
2011,2011-W38,Assam,Chickenpox,13,0
2011,2011-W38,Assam,Food Poisoning,17,4
2011,2011-W38,Assam,Measles,19,0
2011,2011-W38,Bihar,Acute Diarrheal Disease,86,1
2011,2011-W38,Bihar,Food Poisoning,26,2
2011,2011-W38,Bihar,Japanese Encephalitis,184,45
2011,2011-W38,Bihar,Measles,15,0
2011,2011-W38,Chhattisgarh,Acute Diarrheal Disease,101,0
2011,2011-W38,Chhattisgarh,Dengue,4,0
2011,2011-W38,Gujarat,Cholera,44,0
2011,2011-W38,Gujarat,Dysentery,26,0
2011,2011-W38,Gujarat,Measles,9,0
2011,2011-W38,Jammu And Kashmir,Chickenpox,30,0
2011,2011-W38,Karnataka,Chickenpox,23,0
2011,2011-W38,Karnataka,Cholera,15,1
2011,2011-W38,Karnataka,Leishmaniasis,12,0
2011,2011-W38,Karnataka,Viral Fever,12,1
2011,2011-W38,Kerala,Acute Diarrheal Disease,23,0
2011,2011-W38,Maharashtra,Acute Diarrheal Disease,31,0
2011,2011-W38,Maharashtra,Dengue,11,1
2011,2011-W38,Maharashtra,Enteric Fever,36,0
2011,2011-W38,Maharashtra,Leishmaniasis,412,10
2011,2011-W38,Rajasthan,Acute Febrile Illness,0,37
2011,2011-W38,Tamil Nadu,Dengue,6,1
2011,2011-W38,Uttar Pradesh,Acute Diarrheal Disease,30,0
2011,2011-W38,Uttar Pradesh,Malaria,49,0
2011,2011-W38,Uttar Pradesh,Viral Fever,79,5
2011,2011-W38,West Bengal,Acute Diarrheal Disease,772,0
2011,2011-W38,West Bengal,Acute Encephalitis Syndrome (Japanese Encephalitis),3,0
2011,2011-W38,West Bengal,Cholera,36,0
2011,2011-W38,West Bengal,Food Poisoning,360,0
2011,2011-W38,West Bengal,Viral Fever,420,0
2011,2011-W39,Assam,Acute Diarrheal Disease,8,2
2011,2011-W39,Assam,Food Poisoning,92,4
2011,2011-W39,Assam,Measles,43,0
2011,2011-W39,Bihar,Acute Diarrheal Disease,152,1
2011,2011-W39,Bihar,Acute Encephalitis Syndrome (Japanese Encephalitis),201,48
2011,2011-W39,Bihar,Food Poisoning,69,2
2011,2011-W39,Bihar,Malaria,23,0
2011,2011-W39,Chhattisgarh,Acute Diarrheal Disease,189,3
2011,2011-W39,Chhattisgarh,Food Poisoning,11,0
2011,2011-W39,Chhattisgarh,Malaria,12,1
2011,2011-W39,Gujarat,Diphtheria,14,0
2011,2011-W39,Gujarat,Food Poisoning,17,0
2011,2011-W39,Gujarat,Hepatitis,25,0
2011,2011-W39,Jharkhand,Acute Diarrheal Disease,13,0
2011,2011-W39,Jharkhand,Acute Encephalitic Syndrome,14,1
2011,2011-W39,Karnataka,Acute Diarrheal Disease,10,0
2011,2011-W39,Karnataka,Dengue,12,1
2011,2011-W39,Karnataka,Leishmaniasis,14,0
2011,2011-W39,Kerala,Acute Diarrheal Disease,18,0
2011,2011-W39,Kerala,Leptospirosis,62,10
2011,2011-W39,Madhya Pradesh,Acute Diarrheal Disease,11,0
2011,2011-W39,Madhya Pradesh,Malaria,17,0
2011,2011-W39,Madhya Pradesh,Measles,52,0
2011,2011-W39,Maharashtra,Acute Diarrheal Disease,42,0
2011,2011-W39,Maharashtra,Chikungunya,174,0
2011,2011-W39,Maharashtra,Dengue,11,1
2011,2011-W39,Maharashtra,Viral Fever,400,3
2011,2011-W39,Nagaland,Scrub Typhus,9,3
2011,2011-W39,Punjab,Acute Diarrheal Disease,15,0
2011,2011-W39,Punjab,Cholera,163,0
2011,2011-W39,Rajasthan,Viral Fever,121,2
2011,2011-W39,Tamil Nadu,Cholera,5,0
2011,2011-W39,Tamil Nadu,Dengue,7,0
2011,2011-W39,Tamil Nadu,Food Poisoning,152,0
2011,2011-W39,Tamil Nadu,Viral Fever,45,1
2011,2011-W39,West Bengal,Acute Diarrheal Disease,248,0
2011,2011-W39,West Bengal,Chickenpox,7,1
2011,2011-W40,Andhra Pradesh,Diphtheria,4,2
2011,2011-W40,Bihar,Acute Diarrheal Disease,51,1
2011,2011-W40,Bihar,Food Poisoning,35,0
2011,2011-W40,Chhattisgarh,Acute Diarrheal Disease,15,0
2011,2011-W40,Gujarat,Chikungunya,11,0
2011,2011-W40,Haryana,Japanese Encephalitis,20,4
2011,2011-W40,Jammu And Kashmir,Hepatitis,31,1
2011,2011-W40,Jammu And Kashmir,Measles,10,0
2011,2011-W40,Karnataka,Viral Fever,12,1
2011,2011-W40,Maharashtra,Chikungunya,98,0
2011,2011-W40,Maharashtra,Diphtheria,10,0
2011,2011-W40,Maharashtra,Food Poisoning,125,0
2011,2011-W40,Maharashtra,Viral Fever,68,2
2011,2011-W40,Odisha,Acute Diarrheal Disease,18,1
2011,2011-W40,Punjab,Acute Diarrheal Disease,60,0
2011,2011-W40,Punjab,Cholera,214,0
2011,2011-W40,Punjab,Hepatitis,45,0
2011,2011-W40,Punjab,Viral Fever,53,0
2011,2011-W40,Rajasthan,Malaria,25,0
2011,2011-W40,Tamil Nadu,Acute Diarrheal Disease,13,0
2011,2011-W40,Tamil Nadu,Chickenpox,17,0
2011,2011-W40,Tamil Nadu,Dengue,20,0
2011,2011-W40,Uttarakhand,Viral Fever,128,0
2011,2011-W40,West Bengal,Chikungunya,150,0
2011,2011-W41,Andhra Pradesh,Acute Diarrheal Disease,55,0
2011,2011-W41,Andhra Pradesh,Viral Infection,2,1
2011,2011-W41,Assam,Food Poisoning,45,0
2011,2011-W41,Assam,Measles,59,0
2011,2011-W41,Bihar,Acute Diarrheal Disease,113,6
2011,2011-W41,Bihar,Malaria,18,0
2011,2011-W41,Bihar,Measles,5,0
2011,2011-W41,Gujarat,Chikungunya,25,0
2011,2011-W41,Gujarat,Food Poisoning,6,1
2011,2011-W41,Haryana,Acute Diarrheal Disease,37,0
2011,2011-W41,Haryana,Chikungunya,51,0
2011,2011-W41,Jharkhand,Acute Diarrheal Disease,12,0
2011,2011-W41,Jharkhand,Malaria,50,3
2011,2011-W41,Karnataka,Acute Diarrheal Disease,15,0
2011,2011-W41,Maharashtra,Chikungunya,26,0
2011,2011-W41,Maharashtra,Food Poisoning,28,4
2011,2011-W41,Maharashtra,Viral Fever,120,2
2011,2011-W41,Rajasthan,Malaria,7,2
2011,2011-W41,Rajasthan,Subcutaneous Wound,1,0
2011,2011-W41,Tamil Nadu,Cholera,12,0
2011,2011-W41,Tamil Nadu,Dengue,65,0
2011,2011-W41,Tamil Nadu,Food Poisoning,76,0
2011,2011-W41,Tamil Nadu,Viral Fever,142,0
2011,2011-W41,Uttar Pradesh,Mumps,28,0
2011,2011-W41,West Bengal,Acute Diarrheal Disease,87,0
2011,2011-W41,West Bengal,Chikungunya,42,0
2011,2011-W41,West Bengal,Chikungunya And Dengue,538,0
2011,2011-W42,Andhra Pradesh,Diphtheria,5,1
2011,2011-W42,Assam,Acute Diarrheal Disease,11,4
2011,2011-W42,Assam,Food Poisoning,14,3
2011,2011-W42,Assam,Measles,22,0
2011,2011-W42,Assam,Shigellosis,152,2
2011,2011-W42,Bihar,Japanese Encephalitis,321,70
2011,2011-W42,Bihar,Measles,12,0
2011,2011-W42,Chhattisgarh,Acute Diarrheal Disease,140,0
2011,2011-W42,Chhattisgarh,Cholera,38,0
2011,2011-W42,Gujarat,Chikungunya,25,0
2011,2011-W42,Haryana,Dengue,50,1
2011,2011-W42,Jammu And Kashmir,Hepatitis,6,0
2011,2011-W42,Jharkhand,Acute Diarrheal Disease,24,0
2011,2011-W42,Jharkhand,Malaria,9,0
2011,2011-W42,Karnataka,Acute Diarrheal Disease,15,0
2011,2011-W42,Kerala,Rubella,17,0
2011,2011-W42,Madhya Pradesh,Acute Diarrheal Disease,20,0
2011,2011-W42,Madhya Pradesh,Chikungunya,185,0
2011,2011-W42,Madhya Pradesh,Food Poisoning,320,0
2011,2011-W42,Madhya Pradesh,Malaria,93,0
2011,2011-W42,Maharashtra,Acute Diarrheal Disease,116,0
2011,2011-W42,Uttar Pradesh,Malaria,39,0
2011,2011-W42,West Bengal,Acute Diarrheal Disease,74,1
2011,2011-W42,West Bengal,Chikungunya,154,0
2011,2011-W42,West Bengal,Cholera,21,0
2011,2011-W42,West Bengal,Food Poisoning,150,0
2011,2011-W42,West Bengal,Measles,14,0
2011,2011-W42,West Bengal,Viral Fever,130,0
2011,2011-W43,Andhra Pradesh,Acute Diarrheal Disease,46,0
2011,2011-W43,Andhra Pradesh,Dengue,12,0
2011,2011-W43,Bihar,Acute Diarrheal Disease,24,2
2011,2011-W43,Bihar,Food Poisoning,18,0
2011,2011-W43,Bihar,Malaria,32,0
2011,2011-W43,Gujarat,Hepatitis A,14,0
2011,2011-W43,Jammu And Kashmir,Acute Diarrheal Disease,23,0
2011,2011-W43,Jammu And Kashmir,Chickenpox,20,0
2011,2011-W43,Jharkhand,Chikungunya,33,0
2011,2011-W43,Kerala,Hepatitis A,8,0
2011,2011-W43,Madhya Pradesh,Chikungunya,426,3
2011,2011-W43,Maharashtra,Chikungunya,98,1
2011,2011-W43,Nagaland,Scrub Typhus,113,8
2011,2011-W43,Odisha,Acute Diarrheal Disease,22,0
2011,2011-W43,Odisha,Measles,24,0
2011,2011-W43,Puducherry,Dengue,19,0
2011,2011-W43,Punjab,Hepatitis E,16,2
2011,2011-W43,Rajasthan,Dengue,17,0
2011,2011-W43,West Bengal,Chikungunya,590,0
2011,2011-W43,West Bengal,Dengue,84,0
2011,2011-W43,West Bengal,Malaria,30,0
2011,2011-W44,Andhra Pradesh,Acute Diarrheal Disease,45,0
2011,2011-W44,Assam,Malaria,312,2
2011,2011-W44,Bihar,Acute Diarrheal Disease,76,0
2011,2011-W44,Bihar,Malaria,139,2
2011,2011-W44,Bihar,Measles,16,0
2011,2011-W44,Gujarat,Food Poisoning,49,0
2011,2011-W44,Gujarat,Hepatitis E,52,0
2011,2011-W44,Karnataka,Acute Diarrheal Disease,189,0
2011,2011-W44,Karnataka,Chikungunya,20,0
2011,2011-W44,Karnataka,Cholera,19,0
2011,2011-W44,Karnataka,Measles,18,0
2011,2011-W44,Karnataka,Shigellosis,257,0
2011,2011-W44,Kerala,Hepatitis A,6,0
2011,2011-W44,Madhya Pradesh,Acute Diarrheal Disease,35,0
2011,2011-W44,Madhya Pradesh,Chikungunya,223,0
2011,2011-W44,Madhya Pradesh,Malaria,179,4
2011,2011-W44,Madhya Pradesh,Measles,24,0
2011,2011-W44,Maharashtra,Acute Diarrheal Disease,117,0
2011,2011-W44,Maharashtra,Chikungunya,17,0
2011,2011-W44,Maharashtra,Food Poisoning,43,0
2011,2011-W44,Maharashtra,Leptospirosis,10,0
2011,2011-W44,Maharashtra,Viral Fever,71,2
2011,2011-W44,Odisha,Acute Diarrheal Disease,85,0
2011,2011-W44,Odisha,Chickenpox,11,0
2011,2011-W44,Tamil Nadu,Hepatitis,15,0
2011,2011-W44,Tripura,Viral Fever,71,3
2011,2011-W44,Uttar Pradesh,Acute Encephalitic Syndrome,321,42
2011,2011-W45,Arunachal Pradesh,Measles,6,0
2011,2011-W45,Bihar,Acute Diarrheal Disease,31,0
2011,2011-W45,Bihar,Food Poisoning,10,1
2011,2011-W45,Haryana,Dengue,69,1
2011,2011-W45,Jammu And Kashmir,Hepatitis,7,1
2011,2011-W45,Jharkhand,Chickenpox,16,0
2011,2011-W45,Jharkhand,Malaria,104,0
2011,2011-W45,Karnataka,Food Poisoning,48,0
2011,2011-W45,Kerala,Acute Diarrheal Disease,12,0
2011,2011-W45,Kerala,Hepatitis A,39,0
2011,2011-W45,Madhya Pradesh,Chikungunya,406,0
2011,2011-W45,Madhya Pradesh,Malaria,98,0
2011,2011-W45,Maharashtra,Chikungunya,620,0
2011,2011-W45,Maharashtra,Dengue,19,1
2011,2011-W45,Odisha,Acute Diarrheal Disease,35,2
2011,2011-W45,Odisha,Measles,12,0
2011,2011-W45,Puducherry,Dengue,23,1
2011,2011-W45,Rajasthan,Food Poisoning,108,0
2011,2011-W45,Rajasthan,Malaria,23,0
2011,2011-W45,Tamil Nadu,Acute Diarrheal Disease,20,0
2011,2011-W45,Tamil Nadu,Chikungunya,12,0
2011,2011-W45,Tamil Nadu,Dengue,6,0
2011,2011-W45,Tamil Nadu,Leptospirosis,6,0
2011,2011-W45,West Bengal,Acute Diarrheal Disease,146,0
2011,2011-W45,West Bengal,Chikungunya And Dengue,18,0
2011,2011-W45,West Bengal,Food Poisoning,42,0
2011,2011-W46,Andhra Pradesh,Acute Diarrheal Disease,20,0
2011,2011-W46,Assam,Malaria,87,8
2011,2011-W46,Assam,Measles,56,0
2011,2011-W46,Bihar,Chikungunya,24,0
2011,2011-W46,Bihar,Malaria,10,0
2011,2011-W46,Bihar,Measles,108,1
2011,2011-W46,Chhattisgarh,Acute Diarrheal Disease,12,0
2011,2011-W46,Chhattisgarh,Malaria,53,0
2011,2011-W46,Gujarat,Acute Diarrheal Disease,96,0
2011,2011-W46,Jharkhand,Measles,6,0
2011,2011-W46,Kerala,Acute Diarrheal Disease,10,0
2011,2011-W46,Kerala,Hepatitis A,120,0
2011,2011-W46,Kerala,Measles,15,0
2011,2011-W46,Madhya Pradesh,Malaria,25,0
2011,2011-W46,Maharashtra,Dengue,10,0
2011,2011-W46,Maharashtra,Enteric Fever,143,1
2011,2011-W46,Maharashtra,Food Poisoning,39,0
2011,2011-W46,Tamil Nadu,Acute Diarrheal Disease,41,0
2011,2011-W46,Tamil Nadu,Cholera,13,0
2011,2011-W46,Tamil Nadu,Dengue,20,0
2011,2011-W46,Tamil Nadu,Leishmaniasis,10,0
2011,2011-W47,Andhra Pradesh,Acute Diarrheal Disease,43,0
2011,2011-W47,Arunachal Pradesh,Measles,8,0
2011,2011-W47,Assam,Measles,19,0
2011,2011-W47,Bihar,Acute Diarrheal Disease,12,0
2011,2011-W47,Bihar,Food Poisoning,24,0
2011,2011-W47,Bihar,Malaria,22,0
2011,2011-W47,Bihar,Measles,34,1
2011,2011-W47,Gujarat,Acute Diarrheal Disease,193,0
2011,2011-W47,Gujarat,Diphtheria,3,2
2011,2011-W47,Gujarat,Hepatitis,10,0
2011,2011-W47,Jammu And Kashmir,Hepatitis,45,3
2011,2011-W47,Jharkhand,Malaria,438,0
2011,2011-W47,Karnataka,Food Poisoning,11,0
2011,2011-W47,Kerala,Dysentery,10,0
2011,2011-W47,Kerala,Hepatitis,32,0
2011,2011-W47,Madhya Pradesh,Chikungunya,20,0
2011,2011-W47,Madhya Pradesh,Food Poisoning,35,2
2011,2011-W47,Madhya Pradesh,Malaria,65,2
2011,2011-W47,Maharashtra,Leishmaniasis,7,0
2011,2011-W47,Maharashtra,Malaria,40,1
2011,2011-W47,Manipur,Dengue,71,0
2011,2011-W47,Odisha,Food Poisoning,9,0
2011,2011-W47,Puducherry,Dengue,152,1
2011,2011-W47,Tamil Nadu,Dengue,24,0
2011,2011-W47,Tamil Nadu,Viral Fever,12,0
2011,2011-W47,Uttarakhand,Food Poisoning,47,0
2011,2011-W47,West Bengal,Acute Diarrheal Disease,34,0
2011,2011-W47,West Bengal,Chikungunya,21,0
2011,2011-W47,West Bengal,Kala Azar,15,0
2011,2011-W47,West Bengal,Measles,14,0
2011,2011-W48,Andhra Pradesh,Food Poisoning,35,0
2011,2011-W48,Arunachal Pradesh,Chickenpox,9,0
2011,2011-W48,Assam,Food Poisoning,16,1
2011,2011-W48,Bihar,Chikungunya,35,0
2011,2011-W48,Bihar,Measles,8,0
2011,2011-W48,Gujarat,Acute Diarrheal Disease,254,0
2011,2011-W48,Gujarat,Food Poisoning,218,0
2011,2011-W48,Haryana,Acute Diarrheal Disease,46,0
2011,2011-W48,Himachal Pradesh,Chickenpox,19,0
2011,2011-W48,Jammu And Kashmir,Enteric Fever,12,0
2011,2011-W48,Jharkhand,Measles,33,0
2011,2011-W48,Karnataka,Acute Diarrheal Disease,367,0
2011,2011-W48,Karnataka,Chickenpox,40,0
2011,2011-W48,Karnataka,Viral Fever,47,0
2011,2011-W48,Madhya Pradesh,Chickenpox,15,0
2011,2011-W48,Madhya Pradesh,Measles,9,0
2011,2011-W48,Maharashtra,Chikungunya,36,0
2011,2011-W48,Maharashtra,Dengue,194,1
2011,2011-W48,Maharashtra,Malaria,16,1
2011,2011-W48,Maharashtra,Viral Fever,11,1
2011,2011-W48,Tamil Nadu,Dengue,13,0
2011,2011-W48,Tamil Nadu,Leptospirosis,6,0
2011,2011-W49,Andhra Pradesh,Food Poisoning,170,0
2011,2011-W49,Assam,Chickenpox,6,0
2011,2011-W49,Assam,Food Poisoning,49,0
2011,2011-W49,Assam,Malaria,76,1
2011,2011-W49,Assam,Measles,19,0
2011,2011-W49,Bihar,Acute Respiratandy Illness,533,0
2011,2011-W49,Gujarat,Acute Diarrheal Disease,17,0
2011,2011-W49,Gujarat,Chikungunya,13,0
2011,2011-W49,Gujarat,Food Poisoning,73,0
2011,2011-W49,Himachal Pradesh,Chickenpox,19,0
2011,2011-W49,Jharkhand,Malaria,62,0
2011,2011-W49,Karnataka,Acute Diarrheal Disease,337,0
2011,2011-W49,Karnataka,Measles,20,0
2011,2011-W49,Kerala,Acute Diarrheal Disease,10,0
2011,2011-W49,Kerala,Hepatitis,9,0
2011,2011-W49,Kerala,Hepatitis A,34,0
2011,2011-W49,Kerala,Mumps,49,0
2011,2011-W49,Madhya Pradesh,Measles,10,0
2011,2011-W49,Maharashtra,Chikungunya,24,0
2011,2011-W49,Punjab,Chickenpox,11,0
2011,2011-W49,Rajasthan,Hepatitis E,121,0
2011,2011-W49,Tamil Nadu,Chikungunya,15,0
2011,2011-W49,Tamil Nadu,Cholera,41,2
2011,2011-W49,Tamil Nadu,Food Poisoning,32,0
2011,2011-W49,Uttarakhand,Food Poisoning,57,0
2011,2011-W49,Uttarakhand,Scrub Typhus,6,0
2011,2011-W49,West Bengal,Acute Diarrheal Disease,69,2
2011,2011-W50,Andhra Pradesh,Chikungunya,12,0
2011,2011-W50,Arunachal Pradesh,Measles,81,0
2011,2011-W50,Assam,Measles,6,0
2011,2011-W50,Bihar,Chickenpox,12,0
2011,2011-W50,Gujarat,Acute Diarrheal Disease,300,0
2011,2011-W50,Haryana,Acute Diarrheal Disease,158,0
2011,2011-W50,Jharkhand,Acute Diarrheal Disease,62,0
2011,2011-W50,Jharkhand,Chickenpox,28,0
2011,2011-W50,Jharkhand,Malaria,99,0
2011,2011-W50,Karnataka,Acute Diarrheal Disease,10,0
2011,2011-W50,Kerala,Food Poisoning,47,0
2011,2011-W50,Kerala,Hepatitis,22,0
2011,2011-W50,Kerala,Hepatitis A,5,0
2011,2011-W50,Kerala,Mumps,10,0
2011,2011-W50,Maharashtra,Acute Diarrheal Disease,27,0
2011,2011-W50,Maharashtra,Chikungunya,17,0
2011,2011-W50,Maharashtra,Dengue,62,2
2011,2011-W50,Maharashtra,Food Poisoning,53,0
2011,2011-W50,Maharashtra,Malaria And Leptospirosis,124,0
2011,2011-W50,Odisha,Acute Diarrheal Disease,45,0
2011,2011-W50,Punjab,Hepatitis,24,0
2011,2011-W50,Tamil Nadu,Acute Diarrheal Disease,47,0
2011,2011-W50,Tamil Nadu,Chikungunya,42,0
2011,2011-W50,Tamil Nadu,Cholera,15,0
2011,2011-W50,Tamil Nadu,Viral Fever,104,0
2011,2011-W50,Uttar Pradesh,Food Poisoning,74,0
2011,2011-W50,Uttar Pradesh,Measles,6,0
2011,2011-W50,West Bengal,Chikungunya,780,0
2011,2011-W50,West Bengal,Measles,180,1
2011,2011-W51,Andhra Pradesh,Acute Diarrheal Disease,48,0
2011,2011-W51,Andhra Pradesh,Food Poisoning,73,0
2011,2011-W51,Gujarat,Hepatitis E,32,0
2011,2011-W51,Karnataka,Acute Diarrheal Disease,10,0
2011,2011-W51,Karnataka,Chickenpox,16,0
2011,2011-W51,Karnataka,Food Poisoning,39,0
2011,2011-W51,Kerala,Hepatitis,18,0
2011,2011-W51,Kerala,Hepatitis A,28,0
2011,2011-W51,Madhya Pradesh,Chikungunya,168,0
2011,2011-W51,Maharashtra,Chikungunya,7,0
2011,2011-W51,Maharashtra,Food Poisoning,30,0
2011,2011-W51,Maharashtra,Viral Fever,64,2
2011,2011-W51,Tamil Nadu,Acute Diarrheal Disease,29,0
2011,2011-W51,Tamil Nadu,Dengue,21,1
2011,2011-W51,Tamil Nadu,Food Poisoning,13,0
2011,2011-W51,Uttarakhand,Mumps,5,0
2011,2011-W51,West Bengal,Acute Diarrheal Disease,23,0
2011,2011-W51,West Bengal,Measles,86,0
2012,2012-W01,Andhra Pradesh,Alcohol Poisoning,99,18
2012,2012-W01,Andhra Pradesh,Food Poisoning,60,0
2012,2012-W01,Bihar,Chickenpox,16,0
2012,2012-W01,Bihar,Measles,15,0
2012,2012-W01,Gujarat,Acute Diarrheal Disease,30,0
2012,2012-W01,Karnataka,Acute Diarrheal Disease,62,0
2012,2012-W01,Karnataka,Food Poisoning,126,0
2012,2012-W01,Kerala,Chickenpox,11,0
2012,2012-W01,Kerala,Chikungunya And Dengue,178,0
2012,2012-W01,Kerala,Hepatitis,11,0
2012,2012-W01,Kerala,Measles,13,0
2012,2012-W01,Madhya Pradesh,Measles,24,0
2012,2012-W01,Maharashtra,Viral Fever,175,1
2012,2012-W01,Punjab,Hepatitis E,8,0
2012,2012-W01,Sikkim,Food Poisoning,82,1
2012,2012-W01,Tamil Nadu,Cholera,38,0
2012,2012-W01,Tamil Nadu,Dengue,42,0
2012,2012-W01,Tamil Nadu,Hepatitis,12,0
2012,2012-W01,Tamil Nadu,Scrub Typhus,16,1
2012,2012-W01,Uttarakhand,Measles,41,0
2012,2012-W01,West Bengal,Acute Diarrheal Disease,25,0
2012,2012-W01,West Bengal,Measles,21,0
2012,2012-W02,Andhra Pradesh,Acute Diarrheal Disease,10,0
2012,2012-W02,Andhra Pradesh,Alcohol Poisoning,71,19
2012,2012-W02,Bihar,Chickenpox,19,0
2012,2012-W02,Himachal Pradesh,Chickenpox,51,0
2012,2012-W02,Himachal Pradesh,Food Poisoning,20,0
2012,2012-W02,Karnataka,Food Poisoning,46,0
2012,2012-W02,Karnataka,Mumps,25,0
2012,2012-W02,Kerala,Chickenpox,15,0
2012,2012-W02,Kerala,Hepatitis,17,0
2012,2012-W02,Madhya Pradesh,Chickenpox,54,0
2012,2012-W02,Madhya Pradesh,Measles,26,0
2012,2012-W02,Maharashtra,Dengue,17,0
2012,2012-W02,Maharashtra,Food Poisoning,70,0
2012,2012-W02,Tamil Nadu,Acute Diarrheal Disease,27,0
2012,2012-W02,Tamil Nadu,Chikungunya,69,0
2012,2012-W02,Tamil Nadu,Dengue,39,0
2012,2012-W02,Tamil Nadu,Food Poisoning,37,0
2012,2012-W02,Tamil Nadu,Leptospirosis,12,0
2012,2012-W03,Arunachal Pradesh,Measles,46,0
2012,2012-W03,Assam,Alcohol Poisoning,24,5
2012,2012-W03,Assam,Food Poisoning,36,2
2012,2012-W03,Bihar,Chickenpox,32,0
2012,2012-W03,Bihar,Measles,98,0
2012,2012-W03,Gujarat,Acute Diarrheal Disease,125,0
2012,2012-W03,Gujarat,Hepatitis E,34,0
2012,2012-W03,Jammu And Kashmir,Acute Respiratandy Infection,60,0
2012,2012-W03,Kerala,Food Poisoning,32,0
2012,2012-W03,Kerala,Hepatitis,11,0
2012,2012-W03,Meghalaya,Acute Diarrheal Disease,71,0
2012,2012-W03,Rajasthan,Hepatitis,25,0
2012,2012-W03,Tamil Nadu,Acute Diarrheal Disease,26,0
2012,2012-W03,Tamil Nadu,Cholera,16,0
2012,2012-W03,Tamil Nadu,Scrub Typhus,22,1
2012,2012-W04,Andhra Pradesh,Dengue,3,1
2012,2012-W04,Arunachal Pradesh,Acute Diarrheal Disease,85,4
2012,2012-W04,Assam,Food Poisoning,158,0
2012,2012-W04,Bihar,Acute Respiratandy Illness,245,0
2012,2012-W04,Gujarat,Acute Diarrheal Disease,109,0
2012,2012-W04,Gujarat,Chickenpox,38,0
2012,2012-W04,Himachal Pradesh,Measles,24,0
2012,2012-W04,Karnataka,Cholera,24,0
2012,2012-W04,Karnataka,Enteric Fever,56,0
2012,2012-W04,Karnataka,Food Poisoning,71,1
2012,2012-W04,Karnataka,Viral Fever,23,0
2012,2012-W04,Kerala,Food Poisoning,7,1
2012,2012-W04,Madhya Pradesh,Food Poisoning,13,0
2012,2012-W04,Madhya Pradesh,Measles,9,0
2012,2012-W04,Maharashtra,Dengue,17,0
2012,2012-W04,Maharashtra,Food Poisoning,85,0
2012,2012-W04,Odisha,Acute Diarrheal Disease,52,1
2012,2012-W04,Odisha,Hepatitis,9,0
2012,2012-W04,Tamil Nadu,Acute Diarrheal Disease,10,0
2012,2012-W04,Tamil Nadu,Cholera,10,0
2012,2012-W04,Tamil Nadu,Enteric Fever,14,0
2012,2012-W04,Tamil Nadu,Food Poisoning,34,0
2012,2012-W04,Tamil Nadu,Leptospirosis,13,0
2012,2012-W04,Uttar Pradesh,Enteric Fever,12,0
2012,2012-W04,West Bengal,Food Poisoning,47,0
2012,2012-W05,Arunachal Pradesh,Acute Diarrheal Disease,114,4
2012,2012-W05,Assam,Chickenpox,7,0
2012,2012-W05,Bihar,Measles,44,0
2012,2012-W05,Gujarat,Acute Diarrheal Disease,226,0
2012,2012-W05,Gujarat,Food Poisoning,14,0
2012,2012-W05,Himachal Pradesh,Measles,9,0
2012,2012-W05,Jharkhand,Food Poisoning,133,1
2012,2012-W05,Jharkhand,Measles,27,0
2012,2012-W05,Kerala,Cholera,4,0
2012,2012-W05,Maharashtra,Acute Febrile Illness (Enteric Fever),157,1
2012,2012-W05,Punjab,Hepatitis,8,0
2012,2012-W05,Tamil Nadu,Leptospirosis,24,0
2012,2012-W06,Assam,Measles,61,0
2012,2012-W06,Bihar,Chickenpox,67,0
2012,2012-W06,Bihar,Food Poisoning,16,0
2012,2012-W06,Bihar,Measles,36,0
2012,2012-W06,Gujarat,Acute Diarrheal Disease,114,0
2012,2012-W06,Himachal Pradesh,Pyrexia Of Unknown Andigin (Puo),66,0
2012,2012-W06,Karnataka,Acute Diarrheal Disease,130,0
2012,2012-W06,Karnataka,Chickenpox,16,0
2012,2012-W06,Karnataka,Cholera,72,0
2012,2012-W06,Karnataka,Food Poisoning,112,0
2012,2012-W06,Karnataka,Kyasanur Fandest Disease,38,1
2012,2012-W06,Karnataka,Measles,17,0
2012,2012-W06,Karnataka,Rubella,16,0
2012,2012-W06,Kerala,Acute Diarrheal Disease,10,0
2012,2012-W06,Kerala,Chickenpox,18,0
2012,2012-W06,Maharashtra,Food Poisoning,24,0
2012,2012-W06,Maharashtra,Measles,15,1
2012,2012-W06,Maharashtra,Pyrexia Of Unknown Andigin (Puo),157,1
2012,2012-W06,Odisha,Food Poisoning,91,0
2012,2012-W06,Punjab,Hepatitis A And E,70,0
2012,2012-W06,Tamil Nadu,Food Poisoning,23,0
2012,2012-W06,Tamil Nadu,Leptospirosis,45,0
2012,2012-W06,West Bengal,Food Poisoning,178,0
2012,2012-W07,Assam,Acute Diarrheal Disease,30,2
2012,2012-W07,Assam,Measles,48,0
2012,2012-W07,Bihar,Chickenpox,45,0
2012,2012-W07,Jammu And Kashmir,Hepatitis E,14,0
2012,2012-W07,Karnataka,Mumps,10,0
2012,2012-W07,Kerala,Acute Diarrheal Disease,40,0
2012,2012-W07,Kerala,Food Poisoning,80,0
2012,2012-W07,Odisha,Food Poisoning,100,0
2012,2012-W07,Odisha,Measles,10,0
2012,2012-W07,Punjab,Food Poisoning,12,0
2012,2012-W07,Punjab,Hepatitis,15,0
2012,2012-W07,Tamil Nadu,Acute Diarrheal Disease,19,0
2012,2012-W07,Tamil Nadu,Chikungunya,30,0
2012,2012-W07,West Bengal,Acute Diarrheal Disease,106,0
2012,2012-W08,Assam,Measles,10,0
2012,2012-W08,Bihar,Measles,55,0
2012,2012-W08,Chhattisgarh,Acute Diarrheal Disease,99,0
2012,2012-W08,Gujarat,Food Poisoning,7,1
2012,2012-W08,Gujarat,Hepatitis E,23,0
2012,2012-W08,Madhya Pradesh,Chickenpox,10,0
2012,2012-W08,Madhya Pradesh,Measles,22,0
2012,2012-W08,Maharashtra,Acute Diarrheal Disease,18,1
2012,2012-W08,Maharashtra,Food Poisoning,26,0
2012,2012-W08,Maharashtra,Measles,15,0
2012,2012-W08,Odisha,Measles,18,0
2012,2012-W08,Tamil Nadu,Dengue,40,0
2012,2012-W08,Uttar Pradesh,Food Poisoning,30,0
2012,2012-W09,Assam,Chickenpox,24,0
2012,2012-W09,Assam,Food Poisoning,29,0
2012,2012-W09,Assam,Measles,197,0
2012,2012-W09,Bihar,Mumps,19,0
2012,2012-W09,Gujarat,Chickenpox,40,0
2012,2012-W09,Gujarat,Hepatitis E,36,0
2012,2012-W09,Karnataka,Acute Diarrheal Disease,59,0
2012,2012-W09,Karnataka,Food Poisoning,22,0
2012,2012-W09,Karnataka,Hepatitis E,19,0
2012,2012-W09,Kerala,Chickenpox,12,0
2012,2012-W09,Kerala,Food Poisoning,214,0
2012,2012-W09,Kerala,Hepatitis A,32,0
2012,2012-W09,Kerala,Mumps,13,0
2012,2012-W09,Madhya Pradesh,Acute Diarrheal Disease,63,2
2012,2012-W09,Madhya Pradesh,Chickenpox,13,0
2012,2012-W09,Madhya Pradesh,Hepatitis,260,0
2012,2012-W09,Madhya Pradesh,Measles,70,0
2012,2012-W09,Maharashtra,Fever,43,0
2012,2012-W09,Maharashtra,Mumps,39,1
2012,2012-W09,Odisha,Acute Diarrheal Disease,35,0
2012,2012-W09,Odisha,Food Poisoning,31,0
2012,2012-W09,Punjab,Food Poisoning,15,0
2012,2012-W09,Punjab,Hepatitis,15,0
2012,2012-W09,Tamil Nadu,Acute Diarrheal Disease,19,0
2012,2012-W09,Tamil Nadu,Chickenpox,41,0
2012,2012-W09,Tamil Nadu,Chikungunya,12,0
2012,2012-W09,Tamil Nadu,Cholera,12,0
2012,2012-W09,Tamil Nadu,Dengue,10,2
2012,2012-W09,West Bengal,Acute Diarrheal Disease,95,0
2012,2012-W09,West Bengal,Food Poisoning,178,0
2012,2012-W10,Andhra Pradesh,Food Poisoning,59,0
2012,2012-W10,Bihar,Chickenpox,65,0
2012,2012-W10,Bihar,Measles,130,0
2012,2012-W10,Gujarat,Chickenpox,38,0
2012,2012-W10,Karnataka,Food Poisoning,18,0
2012,2012-W10,Karnataka,Measles,10,0
2012,2012-W10,Kerala,Chickenpox,39,0
2012,2012-W10,Kerala,Measles,12,0
2012,2012-W10,Madhya Pradesh,Fever,27,0
2012,2012-W10,Madhya Pradesh,Hepatitis,560,0
2012,2012-W10,Maharashtra,Mumps,47,1
2012,2012-W10,Odisha,Acute Diarrheal Disease,13,1
2012,2012-W10,Tamil Nadu,Acute Diarrheal Disease,29,0
2012,2012-W10,Tamil Nadu,Chikungunya,55,0
2012,2012-W10,Tamil Nadu,Fever,24,0
2012,2012-W11,Assam,Acute Diarrheal Disease,20,2
2012,2012-W11,Bihar,Chickenpox,71,0
2012,2012-W11,Bihar,Measles,114,0
2012,2012-W11,Gujarat,Acute Diarrheal Disease,61,0
2012,2012-W11,Gujarat,Food Poisoning,12,0
2012,2012-W11,Gujarat,Hepatitis E,13,0
2012,2012-W11,Jharkhand,Chickenpox,18,0
2012,2012-W11,Karnataka,Cholera,12,0
2012,2012-W11,Karnataka,Food Poisoning,176,0
2012,2012-W11,Karnataka,Hepatitis E,17,0
2012,2012-W11,Karnataka,Malaria,38,0
2012,2012-W11,Karnataka,Rubella,34,0
2012,2012-W11,Kerala,Leptospirosis,22,0
2012,2012-W11,Maharashtra,Acute Diarrheal Disease,158,0
2012,2012-W11,Maharashtra,Food Poisoning,95,0
2012,2012-W11,Tamil Nadu,Acute Diarrheal Disease,15,0
2012,2012-W11,Tamil Nadu,Chikungunya,30,0
2012,2012-W11,Tamil Nadu,Food Poisoning,17,0
2012,2012-W11,Tamil Nadu,Leptospirosis,27,0
2012,2012-W11,Uttar Pradesh,Food Poisoning,303,0
2012,2012-W12,Andhra Pradesh,Acute Diarrheal Disease,52,0
2012,2012-W12,Andhra Pradesh,Food Poisoning,9,0
2012,2012-W12,Andhra Pradesh,Swine Flu (H1N1),42,3
2012,2012-W12,Arunachal Pradesh,Acute Diarrheal Disease,284,4
2012,2012-W12,Bihar,Chickenpox,84,0
2012,2012-W12,Bihar,Measles,217,8
2012,2012-W12,Gujarat,Acute Diarrheal Disease,91,0
2012,2012-W12,Jammu And Kashmir,Measles,7,4
2012,2012-W12,Jharkhand,Food Poisoning,28,0
2012,2012-W12,Karnataka,Chickenpox,79,0
2012,2012-W12,Karnataka,Dengue,19,1
2012,2012-W12,Karnataka,Fever,62,0
2012,2012-W12,Karnataka,Food Poisoning,130,0
2012,2012-W12,Kerala,Hepatitis A,15,0
2012,2012-W12,Kerala,Measles,15,0
2012,2012-W12,Madhya Pradesh,Chickenpox,19,0
2012,2012-W12,Madhya Pradesh,Food Poisoning,60,0
2012,2012-W12,Madhya Pradesh,Measles,48,0
2012,2012-W12,Maharashtra,Acute Diarrheal Disease,23,0
2012,2012-W12,Maharashtra,Dengue,71,0
2012,2012-W12,Maharashtra,Hepatitis E,64,1
2012,2012-W12,Maharashtra,Swine Flu (H1N1),149,9
2012,2012-W12,Odisha,Food Poisoning,17,0
2012,2012-W12,Rajasthan,Jaundice,26,0
2012,2012-W12,Rajasthan,Swine Flu (H1N1),38,5
2012,2012-W12,Tamil Nadu,Acute Diarrheal Disease,75,0
2012,2012-W12,Tamil Nadu,Dengue,118,0
2012,2012-W13,Andhra Pradesh,Swine Flu (H1N1),19,1
2012,2012-W13,Assam,Acute Diarrheal Disease,11,1
2012,2012-W13,Assam,Food Poisoning,9,0
2012,2012-W13,Bihar,Chickenpox,180,2
2012,2012-W13,Bihar,Measles,132,0
2012,2012-W13,Gujarat,Acute Diarrheal Disease,50,0
2012,2012-W13,Gujarat,Food Poisoning,9,0
2012,2012-W13,Karnataka,Acute Diarrheal Disease,198,0
2012,2012-W13,Karnataka,Fever,34,0
2012,2012-W13,Karnataka,Food Poisoning,9,0
2012,2012-W13,Madhya Pradesh,Acute Diarrheal Disease,28,0
2012,2012-W13,Madhya Pradesh,Chickenpox,15,0
2012,2012-W13,Madhya Pradesh,Rubella,33,0
2012,2012-W13,Maharashtra,Acute Diarrheal Disease,111,0
2012,2012-W13,Maharashtra,Hepatitis A,23,0
2012,2012-W13,Maharashtra,Swine Flu (H1N1),148,1
2012,2012-W13,Odisha,Acute Diarrheal Disease,15,0
2012,2012-W13,Rajasthan,Food Poisoning,94,0
2012,2012-W13,Rajasthan,Hepatitis E,15,0
2012,2012-W13,Rajasthan,Swine Flu (H1N1),32,2
2012,2012-W13,Tamil Nadu,Cholera,3,0
2012,2012-W13,Tamil Nadu,Dengue,78,0
2012,2012-W13,Uttarakhand,Food Poisoning,7,2
2012,2012-W13,West Bengal,Acute Diarrheal Disease,61,0
2012,2012-W13,West Bengal,Chickenpox,67,0
2012,2012-W13,West Bengal,Food Poisoning,297,0
2012,2012-W13,West Bengal,Kala Azar,20,0
2012,2012-W14,Andhra Pradesh,Acute Diarrheal Disease,60,0
2012,2012-W14,Andhra Pradesh,Swine Flu (H1N1),15,2
2012,2012-W14,Andhra Pradesh,Viral Fever,67,0
2012,2012-W14,Assam,Chickenpox,15,0
2012,2012-W14,Bihar,Acute Diarrheal Disease,29,0
2012,2012-W14,Bihar,Chickenpox,143,0
2012,2012-W14,Bihar,Measles,120,0
2012,2012-W14,Goa,Food Poisoning,16,0
2012,2012-W14,Gujarat,Acute Diarrheal Disease,34,0
2012,2012-W14,Gujarat,Hepatitis A,14,0
2012,2012-W14,Haryana,Hepatitis B,21,0
2012,2012-W14,Jammu And Kashmir,H3N2,35,0
2012,2012-W14,Jharkhand,Chickenpox,11,0
2012,2012-W14,Jharkhand,Measles,56,0
2012,2012-W14,Karnataka,Acute Diarrheal Disease,15,1
2012,2012-W14,Karnataka,Cholera,208,1
2012,2012-W14,Kerala,Food Poisoning,28,0
2012,2012-W14,Kerala,Hepatitis A,30,0
2012,2012-W14,Kerala,Measles,30,0
2012,2012-W14,Madhya Pradesh,Chickenpox,13,0
2012,2012-W14,Madhya Pradesh,Measles,26,0
2012,2012-W14,Maharashtra,Swine Flu (H1N1),101,5
2012,2012-W14,Punjab,Chickenpox,12,0
2012,2012-W14,Rajasthan,Acute Diarrheal Disease,39,0
2012,2012-W14,Rajasthan,Food Poisoning,339,0
2012,2012-W14,Rajasthan,Swine Flu (H1N1),24,1
2012,2012-W14,Tamil Nadu,Dengue,37,0
2012,2012-W14,Tamil Nadu,Fever,9,1
2012,2012-W14,Tripura,Chickenpox,7,1
2012,2012-W14,Uttar Pradesh,Chickenpox,16,0
2012,2012-W14,Uttar Pradesh,Food Poisoning,111,0
2012,2012-W14,West Bengal,Food Poisoning,47,0
2012,2012-W14,West Bengal,Mumps,27,0
2012,2012-W15,Andhra Pradesh,Swine Flu (H1N1),20,2
2012,2012-W15,Assam,Fever,12,1
2012,2012-W15,Assam,Food Poisoning,19,0
2012,2012-W15,Bihar,Chickenpox,199,0
2012,2012-W15,Bihar,Food Poisoning,32,0
2012,2012-W15,Bihar,Measles,28,0
2012,2012-W15,Gujarat,Chikungunya,16,0
2012,2012-W15,Gujarat,Hepatitis E,26,0
2012,2012-W15,Jammu And Kashmir,Influenza B,87,0
2012,2012-W15,Karnataka,Acute Diarrheal Disease,17,0
2012,2012-W15,Karnataka,Food Poisoning,51,4
2012,2012-W15,Kerala,Hepatitis A,9,0
2012,2012-W15,Madhya Pradesh,Measles,29,0
2012,2012-W15,Maharashtra,Swine Flu (H1N1),53,5
2012,2012-W15,Punjab,Hepatitis,15,1
2012,2012-W15,Rajasthan,Acute Diarrheal Disease,422,0
2012,2012-W15,Rajasthan,Swine Flu (H1N1),25,4
2012,2012-W15,Tamil Nadu,Chikungunya,34,0
2012,2012-W15,Tamil Nadu,Swine Flu (H1N1),38,1
2012,2012-W15,West Bengal,Food Poisoning,76,0
2012,2012-W16,Andhra Pradesh,Swine Flu (H1N1),7,0
2012,2012-W16,Assam,Food Poisoning,56,0
2012,2012-W16,Bihar,Chickenpox,214,0
2012,2012-W16,Bihar,Food Poisoning,60,0
2012,2012-W16,Bihar,Measles,51,1
2012,2012-W16,Chhattisgarh,Chickenpox,18,0
2012,2012-W16,Gujarat,Hepatitis E,32,0
2012,2012-W16,Jammu And Kashmir,Typhoid,100,0
2012,2012-W16,Jharkhand,Measles,9,0
2012,2012-W16,Karnataka,Swine Flu (H1N1),155,6
2012,2012-W16,Kerala,Acute Diarrheal Disease,13,0
2012,2012-W16,Kerala,Food Poisoning,11,0
2012,2012-W16,Kerala,Rubella,17,0
2012,2012-W16,Madhya Pradesh,Chickenpox,11,0
2012,2012-W16,Madhya Pradesh,Hepatitis,60,0
2012,2012-W16,Madhya Pradesh,Viral Fever,62,0
2012,2012-W16,Maharashtra,Food Poisoning,550,0
2012,2012-W16,Maharashtra,Swine Flu (H1N1),30,0
2012,2012-W16,Odisha,Chikungunya,79,0
2012,2012-W16,Rajasthan,Swine Flu (H1N1),10,0
2012,2012-W16,Tamil Nadu,Chickenpox,28,0
2012,2012-W16,Tamil Nadu,Chikungunya,41,0
2012,2012-W16,Tamil Nadu,Dengue,12,0
2012,2012-W16,Tamil Nadu,Swine Flu (H1N1),24,1
2012,2012-W16,Tamil Nadu,Typhoid,12,0
2012,2012-W16,Uttar Pradesh,Acute Diarrheal Disease,75,0
2012,2012-W16,Uttar Pradesh,Chickenpox,10,0
2012,2012-W16,Uttar Pradesh,Food Poisoning,6,1
2012,2012-W16,West Bengal,Acute Diarrheal Disease,80,0
2012,2012-W16,West Bengal,Food Poisoning,174,0
2012,2012-W17,Andhra Pradesh,Dengue,59,0
2012,2012-W17,Andhra Pradesh,Swine Flu (H1N1),4,1
2012,2012-W17,Assam,Acute Diarrheal Disease,26,0
2012,2012-W17,Assam,Food Poisoning (Mushroom Poisoning),38,10
2012,2012-W17,Bihar,Chickenpox,48,0
2012,2012-W17,Bihar,Measles,238,2
2012,2012-W17,Chhattisgarh,Chickenpox,61,0
2012,2012-W17,Delhi,Enteric Fever,29,0
2012,2012-W17,Gujarat,Acute Diarrheal Disease,25,0
2012,2012-W17,Gujarat,Chickenpox,57,0
2012,2012-W17,Gujarat,Measles,12,0
2012,2012-W17,Haryana,Hepatitis C,6,0
2012,2012-W17,Jammu And Kashmir,Chickenpox,24,0
2012,2012-W17,Karnataka,Swine Flu (H1N1),6,1
2012,2012-W17,Madhya Pradesh,Food Poisoning,84,0
2012,2012-W17,Maharashtra,Acute Diarrheal Disease,40,2
2012,2012-W17,Maharashtra,Swine Flu (H1N1),14,3
2012,2012-W17,Odisha,Acute Diarrheal Disease,5,1
2012,2012-W17,Odisha,Measles,24,2
2012,2012-W17,Punjab,Hepatitis E,9,0
2012,2012-W17,Rajasthan,Food Poisoning,28,0
2012,2012-W17,Tamil Nadu,Acute Diarrheal Disease,61,0
2012,2012-W17,Tamil Nadu,Chikungunya,21,0
2012,2012-W17,Tamil Nadu,Swine Flu (H1N1),40,2
2012,2012-W18,Andhra Pradesh,Food Poisoning,12,0
2012,2012-W18,Andhra Pradesh,Swine Flu (H1N1),10,0
2012,2012-W18,Andhra Pradesh,Viral Exanthems (Multiple Papulo Pustular Lesions),12,0
2012,2012-W18,Assam,Fever,102,1
2012,2012-W18,Bihar,Measles,44,1
2012,2012-W18,Gujarat,Chikungunya,185,0
2012,2012-W18,Gujarat,Food Poisoning,37,0
2012,2012-W18,Gujarat,Hepatitis,8,0
2012,2012-W18,Gujarat,Hepatitis E,22,0
2012,2012-W18,Jharkhand,Measles,19,0
2012,2012-W18,Karnataka,Acute Diarrheal Disease,224,1
2012,2012-W18,Karnataka,Chickenpox,14,0
2012,2012-W18,Karnataka,Cholera,57,0
2012,2012-W18,Karnataka,Dengue,26,0
2012,2012-W18,Karnataka,Fever,27,0
2012,2012-W18,Karnataka,Food Poisoning,32,0
2012,2012-W18,Karnataka,Swine Flu (H1N1),33,1
2012,2012-W18,Kerala,Acute Diarrheal Disease,28,2
2012,2012-W18,Kerala,Food Poisoning,36,0
2012,2012-W18,Madhya Pradesh,Acute Diarrheal Disease,81,0
2012,2012-W18,Madhya Pradesh,Food Poisoning,33,2
2012,2012-W18,Madhya Pradesh,Measles,27,0
2012,2012-W18,Maharashtra,Acute Diarrheal Disease,45,0
2012,2012-W18,Maharashtra,Chikungunya,18,0
2012,2012-W18,Maharashtra,Fever,54,0
2012,2012-W18,Maharashtra,Swine Flu (H1N1),12,0
2012,2012-W18,Odisha,Acute Diarrheal Disease,23,0
2012,2012-W18,Punjab,Acute Diarrheal Disease,17,0
2012,2012-W18,Tamil Nadu,Cholera,12,0
2012,2012-W18,Tamil Nadu,Fever,24,0
2012,2012-W18,Tamil Nadu,Hepatitis E,20,0
2012,2012-W18,Tamil Nadu,Swine Flu (H1N1),30,0
2012,2012-W18,Tripura,Chickenpox,16,0
2012,2012-W18,Uttarakhand,Acute Diarrheal Disease,42,0
2012,2012-W18,West Bengal,Acute Diarrheal Disease,385,1
2012,2012-W18,West Bengal,Food Poisoning,119,0
2012,2012-W19,Andhra Pradesh,Swine Flu (H1N1),5,3
2012,2012-W19,Assam,Acute Diarrheal Disease,263,2
2012,2012-W19,Assam,Hepatitis,14,2
2012,2012-W19,Bihar,Acute Diarrheal Disease,42,0
2012,2012-W19,Bihar,Chickenpox,15,0
2012,2012-W19,Bihar,Measles,189,2
2012,2012-W19,Gujarat,Chikungunya,15,0
2012,2012-W19,Jammu And Kashmir,Acute Diarrheal Disease,230,0
2012,2012-W19,Jammu And Kashmir,Food Poisoning,20,0
2012,2012-W19,Karnataka,Acute Diarrheal Disease,87,0
2012,2012-W19,Karnataka,Cholera,125,0
2012,2012-W19,Karnataka,Dengue,83,0
2012,2012-W19,Karnataka,Swine Flu (H1N1),28,2
2012,2012-W19,Kerala,Acute Diarrheal Disease,10,1
2012,2012-W19,Kerala,Cholera,21,1
2012,2012-W19,Madhya Pradesh,Fever,39,0
2012,2012-W19,Madhya Pradesh,Food Poisoning,104,0
2012,2012-W19,Maharashtra,Acute Diarrheal Disease,182,0
2012,2012-W19,Maharashtra,Cholera,62,0
2012,2012-W19,Maharashtra,Dengue,34,2
2012,2012-W19,Maharashtra,Food Poisoning,11,0
2012,2012-W19,Maharashtra,Swine Flu (H1N1),8,1
2012,2012-W19,Rajasthan,Acute Diarrheal Disease,118,0
2012,2012-W19,Rajasthan,Hepatitis E,11,1
2012,2012-W19,Tamil Nadu,Acute Diarrheal Disease,135,1
2012,2012-W19,Tamil Nadu,Chikungunya,107,0
2012,2012-W19,Tamil Nadu,Cholera,14,1
2012,2012-W19,Tamil Nadu,Dengue,219,12
2012,2012-W19,Tamil Nadu,Fever,17,0
2012,2012-W19,Tamil Nadu,Swine Flu (H1N1),19,0
2012,2012-W19,Uttar Pradesh,Acute Diarrheal Disease,15,2
2012,2012-W19,Uttarakhand,Trichinellosis,34,0
2012,2012-W19,West Bengal,Acute Diarrheal Disease,83,0
2012,2012-W19,West Bengal,Cholera,56,0
2012,2012-W19,West Bengal,Food Poisoning,250,0
2012,2012-W20,Andhra Pradesh,Acute Diarrheal Disease,29,0
2012,2012-W20,Andhra Pradesh,Dengue,32,0
2012,2012-W20,Andhra Pradesh,Food Poisoning,70,1
2012,2012-W20,Bihar,Chickenpox,148,0
2012,2012-W20,Bihar,Food Poisoning,59,10
2012,2012-W20,Bihar,Measles,68,0
2012,2012-W20,Jammu And Kashmir,Fever,61,0
2012,2012-W20,Jharkhand,Chickenpox,39,0
2012,2012-W20,Karnataka,Acute Diarrheal Disease,115,0
2012,2012-W20,Karnataka,Food Poisoning,7,1
2012,2012-W20,Karnataka,Swine Flu (H1N1),27,1
2012,2012-W20,Kerala,Cholera,25,1
2012,2012-W20,Madhya Pradesh,Acute Diarrheal Disease,17,0
2012,2012-W20,Maharashtra,Acute Diarrheal Disease,129,0
2012,2012-W20,Maharashtra,Dengue,282,0
2012,2012-W20,Maharashtra,Swine Flu (H1N1),32,2
2012,2012-W20,Punjab,Chickenpox,22,0
2012,2012-W20,Rajasthan,Acute Diarrheal Disease,16,1
2012,2012-W20,Tamil Nadu,Acute Diarrheal Disease,80,0
2012,2012-W20,Tamil Nadu,Chikungunya,13,0
2012,2012-W20,Tamil Nadu,Dengue,414,24
2012,2012-W20,Tamil Nadu,Fever,10,0
2012,2012-W20,Tamil Nadu,Food Poisoning,11,0
2012,2012-W20,Tamil Nadu,Swine Flu (H1N1),17,0
2012,2012-W20,Uttarakhand,Trichinellosis,80,0
2012,2012-W20,West Bengal,Chikungunya,44,0
2012,2012-W20,West Bengal,Measles,56,0
2012,2012-W21,Andhra Pradesh,Acute Diarrheal Disease,67,1
2012,2012-W21,Andhra Pradesh,Chikungunya,26,0
2012,2012-W21,Andhra Pradesh,Dengue,57,0
2012,2012-W21,Andhra Pradesh,Food Poisoning,122,0
2012,2012-W21,Andhra Pradesh,Viral Fever,11,0
2012,2012-W21,Assam,Acute Diarrheal Disease,183,3
2012,2012-W21,Bihar,Chickenpox,46,0
2012,2012-W21,Chhattisgarh,Chickenpox,11,0
2012,2012-W21,Gujarat,Acute Diarrheal Disease,95,0
2012,2012-W21,Gujarat,Chikungunya,24,0
2012,2012-W21,Gujarat,Food Poisoning,271,0
2012,2012-W21,Gujarat,Hepatitis E,37,0
2012,2012-W21,Karnataka,Acute Diarrheal Disease,35,0
2012,2012-W21,Karnataka,Swine Flu (H1N1),14,3
2012,2012-W21,Kerala,Dengue,10,1
2012,2012-W21,Kerala,Hepatitis,32,0
2012,2012-W21,Madhya Pradesh,Acute Diarrheal Disease,83,2
2012,2012-W21,Maharashtra,Acute Diarrheal Disease,69,0
2012,2012-W21,Maharashtra,Chikungunya,34,0
2012,2012-W21,Maharashtra,Dengue,13,1
2012,2012-W21,Maharashtra,Hepatitis E,2388,2
2012,2012-W21,Maharashtra,Swine Flu (H1N1),6,1
2012,2012-W21,Odisha,Acute Diarrheal Disease,10,0
2012,2012-W21,Odisha,Measles,20,0
2012,2012-W21,Punjab,Acute Diarrheal Disease,30,0
2012,2012-W21,Punjab,Cholera,15,0
2012,2012-W21,Tamil Nadu,Acute Diarrheal Disease,100,0
2012,2012-W21,Tamil Nadu,Chikungunya And Dengue,27,0
2012,2012-W21,Tamil Nadu,Dengue,361,8
2012,2012-W21,Tamil Nadu,Swine Flu (H1N1),11,0
2012,2012-W21,Uttar Pradesh,Chickenpox,10,0
2012,2012-W21,West Bengal,Acute Diarrheal Disease,24,0
2012,2012-W21,West Bengal,Chickenpox,33,0
2012,2012-W21,West Bengal,Chikungunya,101,0
2012,2012-W21,West Bengal,Measles,78,0
2012,2012-W22,Andhra Pradesh,Chikungunya,53,0
2012,2012-W22,Assam,Acute Diarrheal Disease,50,0
2012,2012-W22,Assam,Cholera,38,1
2012,2012-W22,Bihar,Acute Encephalitic Syndrome,32,8
2012,2012-W22,Bihar,Acute Encephalitis Syndrome (Japanese Encephalitis),12,7
2012,2012-W22,Chhattisgarh,Acute Diarrheal Disease,33,1
2012,2012-W22,Gujarat,Acute Diarrheal Disease,127,0
2012,2012-W22,Gujarat,Food Poisoning,80,0
2012,2012-W22,Jharkhand,Food Poisoning,35,0
2012,2012-W22,Karnataka,Acute Diarrheal Disease,73,0
2012,2012-W22,Karnataka,Cholera,84,0
2012,2012-W22,Karnataka,Dengue,20,0
2012,2012-W22,Karnataka,Fever,49,0
2012,2012-W22,Karnataka,Rubella,17,0
2012,2012-W22,Karnataka,Swine Flu (H1N1),10,2
2012,2012-W22,Kerala,Hepatitis B,74,2
2012,2012-W22,Maharashtra,Cholera,26,0
2012,2012-W22,Maharashtra,Dengue,23,0
2012,2012-W22,Maharashtra,Hepatitis E,2777,3
2012,2012-W22,Odisha,Chickenpox,14,0
2012,2012-W22,Odisha,Chikungunya,43,0
2012,2012-W22,Punjab,Hepatitis A,20,0
2012,2012-W22,Rajasthan,Acute Diarrheal Disease,37,0
2012,2012-W22,Rajasthan,Food Poisoning,69,1
2012,2012-W22,Tamil Nadu,Acute Diarrheal Disease,16,0
2012,2012-W22,Tamil Nadu,Dengue,312,0
2012,2012-W22,West Bengal,Acute Diarrheal Disease,135,0
2012,2012-W22,West Bengal,Fever,32,0
2012,2012-W22,West Bengal,Food Poisoning,34,0
2012,2012-W23,Assam,Acute Diarrheal Disease,16,0
2012,2012-W23,Assam,Cholera,35,5
2012,2012-W23,Bihar,Acute Diarrheal Disease,25,0
2012,2012-W23,Bihar,Acute Encephalitic Syndrome,121,58
2012,2012-W23,Bihar,Acute Encephalitis Syndrome (Japanese Encephalitis),20,10
2012,2012-W23,Gujarat,Hepatitis E,44,0
2012,2012-W23,Himachal Pradesh,Acute Diarrheal Disease,20,0
2012,2012-W23,Jammu And Kashmir,Food Poisoning,81,0
2012,2012-W23,Jharkhand,Acute Diarrheal Disease,22,3
2012,2012-W23,Karnataka,Swine Flu (H1N1),6,3
2012,2012-W23,Kerala,Dengue,10,1
2012,2012-W23,Kerala,Hepatitis,80,0
2012,2012-W23,Madhya Pradesh,Acute Diarrheal Disease,128,0
2012,2012-W23,Maharashtra,Acute Diarrheal Disease,69,0
2012,2012-W23,Maharashtra,Hepatitis E,3018,4
2012,2012-W23,Mizoram,Acute Diarrheal Disease,41,0
2012,2012-W23,Odisha,Food Poisoning,33,0
2012,2012-W23,Punjab,Acute Diarrheal Disease,24,1
2012,2012-W23,Punjab,Hepatitis A,40,0
2012,2012-W23,Rajasthan,Acute Diarrheal Disease,49,1
2012,2012-W23,Tamil Nadu,Acute Diarrheal Disease,31,0
2012,2012-W23,Tamil Nadu,Chikungunya,20,0
2012,2012-W23,Tamil Nadu,Cholera,13,1
2012,2012-W23,Tamil Nadu,Dengue,326,0
2012,2012-W23,Uttar Pradesh,Acute Diarrheal Disease,23,0
2012,2012-W23,Uttar Pradesh,Food Poisoning,26,0
2012,2012-W23,Uttarakhand,Hepatitis E,30,0
2012,2012-W23,West Bengal,Acute Diarrheal Disease,41,0
2012,2012-W24,Andhra Pradesh,Acute Diarrheal Disease,91,2
2012,2012-W24,Andhra Pradesh,Chikungunya,17,0
2012,2012-W24,Andhra Pradesh,Food Poisoning,16,0
2012,2012-W24,Assam,Acute Diarrheal Disease,14,0
2012,2012-W24,Bihar,Acute Encephalitic Syndrome,341,147
2012,2012-W24,Gujarat,Chikungunya,10,0
2012,2012-W24,Haryana,Acute Diarrheal Disease,121,0
2012,2012-W24,Jammu And Kashmir,Acute Diarrheal Disease,102,0
2012,2012-W24,Jammu And Kashmir,Enteric Fever,66,0
2012,2012-W24,Jharkhand,Acute Diarrheal Disease,14,0
2012,2012-W24,Karnataka,Cholera,41,0
2012,2012-W24,Karnataka,Dengue,99,0
2012,2012-W24,Karnataka,Food Poisoning,35,0
2012,2012-W24,Karnataka,Hepatitis E,13,0
2012,2012-W24,Karnataka,Swine Flu (H1N1),8,2
2012,2012-W24,Kerala,Dengue,26,2
2012,2012-W24,Kerala,Hepatitis B,6,0
2012,2012-W24,Madhya Pradesh,Acute Diarrheal Disease,16,1
2012,2012-W24,Maharashtra,Dengue,29,0
2012,2012-W24,Maharashtra,Hepatitis E,380,12
2012,2012-W24,Punjab,Acute Diarrheal Disease,306,0
2012,2012-W24,Rajasthan,Food Poisoning,57,0
2012,2012-W24,Rajasthan,Hepatitis E,45,0
2012,2012-W24,Rajasthan,Viral Fever,24,0
2012,2012-W24,Tamil Nadu,Acute Diarrheal Disease,133,0
2012,2012-W24,Tamil Nadu,Dengue,52,0
2012,2012-W24,Uttarakhand,Food Poisoning,11,0
2012,2012-W24,Uttarakhand,Hepatitis E,8,0
2012,2012-W25,Andhra Pradesh,Acute Diarrheal Disease,97,1
2012,2012-W25,Assam,Acute Diarrheal Disease,23,0
2012,2012-W25,Assam,Cholera,356,6
2012,2012-W25,Assam,Food Poisoning,18,1
2012,2012-W25,Assam,Japanese Encephalitis,11,1
2012,2012-W25,Bihar,Acute Encephalitic Syndrome,406,161
2012,2012-W25,Bihar,Food Poisoning,50,0
2012,2012-W25,Chandigarh,Cholera,5,0
2012,2012-W25,Gujarat,Acute Diarrheal Disease,35,0
2012,2012-W25,Gujarat,Crimean-Congo Haemandrhagic Fever (Cchf),4,2
2012,2012-W25,Haryana,Acute Diarrheal Disease,347,0
2012,2012-W25,Haryana,Cholera,59,0
2012,2012-W25,Himachal Pradesh,Acute Diarrheal Disease,138,0
2012,2012-W25,Karnataka,Acute Diarrheal Disease,57,1
2012,2012-W25,Karnataka,Chikungunya,15,0
2012,2012-W25,Karnataka,Cholera,141,0
2012,2012-W25,Karnataka,Fever,60,0
2012,2012-W25,Karnataka,Hepatitis E,33,2
2012,2012-W25,Karnataka,Measles And Rubella,32,0
2012,2012-W25,Karnataka,Swine Flu (H1N1),7,1
2012,2012-W25,Kerala,Hepatitis B,6,0
2012,2012-W25,Madhya Pradesh,Acute Diarrheal Disease,71,0
2012,2012-W25,Madhya Pradesh,Food Poisoning,29,1
2012,2012-W25,Maharashtra,Acute Diarrheal Disease,73,0
2012,2012-W25,Maharashtra,Fever,22,0
2012,2012-W25,Odisha,Acute Diarrheal Disease,13,0
2012,2012-W25,Puducherry,Cholera,5,0
2012,2012-W25,Rajasthan,Acute Diarrheal Disease,25,0
2012,2012-W25,Tamil Nadu,Food Poisoning,10,0
2012,2012-W25,West Bengal,Acute Diarrheal Disease,110,39
2012,2012-W26,Andhra Pradesh,Acute Diarrheal Disease,51,0
2012,2012-W26,Andhra Pradesh,Food Poisoning,58,0
2012,2012-W26,Assam,Acute Diarrheal Disease,23,0
2012,2012-W26,Assam,Japanese Encephalitis,56,7
2012,2012-W26,Bihar,Acute Diarrheal Disease,54,0
2012,2012-W26,Bihar,Measles,12,0
2012,2012-W26,Chandigarh,Cholera,6,0
2012,2012-W26,Chhattisgarh,Acute Diarrheal Disease,10,0
2012,2012-W26,Haryana,Cholera,86,0
2012,2012-W26,Haryana,Hepatitis,18,0
2012,2012-W26,Himachal Pradesh,Acute Diarrheal Disease,16,1
2012,2012-W26,Jammu And Kashmir,Mumps,93,0
2012,2012-W26,Karnataka,Acute Diarrheal Disease,26,0
2012,2012-W26,Karnataka,Cholera,50,0
2012,2012-W26,Karnataka,Fever,28,0
2012,2012-W26,Karnataka,Swine Flu (H1N1),14,0
2012,2012-W26,Kerala,Cholera,7,1
2012,2012-W26,Kerala,Food Poisoning,19,0
2012,2012-W26,Madhya Pradesh,Acute Diarrheal Disease,27,0
2012,2012-W26,Madhya Pradesh,Fever,15,1
2012,2012-W26,Maharashtra,Acute Diarrheal Disease,196,0
2012,2012-W26,Maharashtra,Dengue,22,1
2012,2012-W26,Maharashtra,Food Poisoning,9,0
2012,2012-W26,Maharashtra,Hepatitis E,5165,12
2012,2012-W26,Rajasthan,Acute Diarrheal Disease,87,0
2012,2012-W26,Rajasthan,Cholera,35,0
2012,2012-W26,Rajasthan,Food Poisoning,32,1
2012,2012-W26,Tamil Nadu,Acute Diarrheal Disease,11,0
2012,2012-W26,Tamil Nadu,Dengue,15,1
2012,2012-W26,Uttar Pradesh,Food Poisoning,28,0
2012,2012-W26,Uttarakhand,Acute Diarrheal Disease,101,1
2012,2012-W27,Andhra Pradesh,Food Poisoning,26,0
2012,2012-W27,Bihar,Measles,29,0
2012,2012-W27,Chhattisgarh,Acute Diarrheal Disease,68,0
2012,2012-W27,Gujarat,Acute Diarrheal Disease,23,0
2012,2012-W27,Gujarat,Cholera,555,5
2012,2012-W27,Haryana,Acute Diarrheal Disease,694,0
2012,2012-W27,Haryana,Cholera,76,0
2012,2012-W27,Haryana,Hepatitis E,32,0
2012,2012-W27,Himachal Pradesh,Acute Diarrheal Disease,27,0
2012,2012-W27,Jammu And Kashmir,Fever,14,0
2012,2012-W27,Jammu And Kashmir,Food Poisoning,512,0
2012,2012-W27,Kerala,Food Poisoning,47,0
2012,2012-W27,Maharashtra,Acute Diarrheal Disease,162,0
2012,2012-W27,Maharashtra,Dengue,69,2
2012,2012-W27,Maharashtra,Malaria,159,0
2012,2012-W27,Punjab,Cholera,57,0
2012,2012-W27,Rajasthan,Food Poisoning,216,0
2012,2012-W27,Tamil Nadu,Acute Diarrheal Disease,60,0
2012,2012-W27,Tamil Nadu,Cholera,27,0
2012,2012-W27,Tamil Nadu,Dengue,16,0
2012,2012-W27,Uttarakhand,Acute Diarrheal Disease,18,0
2012,2012-W27,Uttarakhand,Hepatitis A,18,0
2012,2012-W27,West Bengal,Acute Diarrheal Disease,45,0
2012,2012-W28,Andhra Pradesh,Acute Diarrheal Disease,41,0
2012,2012-W28,Andhra Pradesh,Dengue,35,0
2012,2012-W28,Andhra Pradesh,Food Poisoning,20,0
2012,2012-W28,Assam,Cholera,10,1
2012,2012-W28,Bihar,Food Poisoning,17,0
2012,2012-W28,Gujarat,Acute Diarrheal Disease,122,1
2012,2012-W28,Himachal Pradesh,Acute Diarrheal Disease,67,0
2012,2012-W28,Jammu And Kashmir,Chickenpox,17,0
2012,2012-W28,Karnataka,Acute Diarrheal Disease,30,2
2012,2012-W28,Karnataka,Cholera,32,0
2012,2012-W28,Karnataka,Dengue,13,0
2012,2012-W28,Karnataka,Food Poisoning,15,0
2012,2012-W28,Madhya Pradesh,Acute Diarrheal Disease,94,1
2012,2012-W28,Maharashtra,Acute Diarrheal Disease,116,1
2012,2012-W28,Maharashtra,Fever,77,0
2012,2012-W28,Punjab,Food Poisoning,30,0
2012,2012-W28,Tamil Nadu,Food Poisoning,12,0
2012,2012-W28,Uttar Pradesh,Acute Diarrheal Disease,59,1
2012,2012-W28,West Bengal,Acute Diarrheal Disease,63,0
2012,2012-W28,West Bengal,Chikungunya,281,0
2012,2012-W28,West Bengal,Cholera,111,0
2012,2012-W29,Andhra Pradesh,Chikungunya,48,0
2012,2012-W29,Andhra Pradesh,Dengue,71,0
2012,2012-W29,Andhra Pradesh,Fever,28,0
2012,2012-W29,Andhra Pradesh,Food Poisoning,50,0
2012,2012-W29,Assam,Acute Diarrheal Disease,20,2
2012,2012-W29,Assam,Cholera,15,0
2012,2012-W29,Assam,Food Poisoning,80,0
2012,2012-W29,Bihar,Acute Diarrheal Disease,60,0
2012,2012-W29,Bihar,Food Poisoning,38,2
2012,2012-W29,Chhattisgarh,Acute Diarrheal Disease,259,0
2012,2012-W29,Gujarat,Acute Diarrheal Disease,32,1
2012,2012-W29,Gujarat,Cholera,52,0
2012,2012-W29,Gujarat,Food Poisoning,30,0
2012,2012-W29,Haryana,Hepatitis E,14,0
2012,2012-W29,Jharkhand,Acute Diarrheal Disease,158,4
2012,2012-W29,Karnataka,Acute Diarrheal Disease,17,0
2012,2012-W29,Karnataka,Cholera,31,0
2012,2012-W29,Karnataka,Dengue,30,0
2012,2012-W29,Karnataka,Food Poisoning,31,0
2012,2012-W29,Madhya Pradesh,Food Poisoning,186,0
2012,2012-W29,Maharashtra,Acute Diarrheal Disease,124,0
2012,2012-W29,Maharashtra,Cholera,47,0
2012,2012-W29,Odisha,Acute Diarrheal Disease,97,0
2012,2012-W29,Odisha,Cholera,23,1
2012,2012-W29,Tamil Nadu,Dengue,22,0
2012,2012-W29,Uttarakhand,Hepatitis,18,0
2012,2012-W29,West Bengal,Acute Diarrheal Disease,98,0
2012,2012-W30,Andhra Pradesh,Acute Diarrheal Disease,160,0
2012,2012-W30,Andhra Pradesh,Chikungunya,13,0
2012,2012-W30,Arunachal Pradesh,Acute Diarrheal Disease,72,0
2012,2012-W30,Assam,Cholera,15,1
2012,2012-W30,Bihar,Acute Diarrheal Disease,42,2
2012,2012-W30,Bihar,Food Poisoning,168,0
2012,2012-W30,Bihar,Japanese Encephalitis,26,3
2012,2012-W30,Chhattisgarh,Acute Diarrheal Disease,96,0
2012,2012-W30,Chhattisgarh,Food Poisoning,17,3
2012,2012-W30,Gujarat,Acute Diarrheal Disease,47,0
2012,2012-W30,Gujarat,Hepatitis,38,0
2012,2012-W30,Jammu And Kashmir,Acute Diarrheal Disease,348,0
2012,2012-W30,Jammu And Kashmir,Hepatitis,11,0
2012,2012-W30,Jharkhand,Fever,15,0
2012,2012-W30,Karnataka,Acute Diarrheal Disease,19,0
2012,2012-W30,Madhya Pradesh,Acute Diarrheal Disease,74,4
2012,2012-W30,Madhya Pradesh,Food Poisoning,21,0
2012,2012-W30,Maharashtra,Cholera,174,1
2012,2012-W30,Punjab,Cholera,80,0
2012,2012-W30,Tamil Nadu,Acute Diarrheal Disease,61,0
2012,2012-W30,Tamil Nadu,Dengue,17,0
2012,2012-W30,Tamil Nadu,Fever,20,0
2012,2012-W30,Uttar Pradesh,Acute Diarrheal Disease,30,2
2012,2012-W30,West Bengal,Cholera,151,1
2012,2012-W31,Bihar,Acute Diarrheal Disease,80,0
2012,2012-W31,Bihar,Japanese Encephalitis,39,6
2012,2012-W31,Chhattisgarh,Acute Diarrheal Disease,277,2
2012,2012-W31,Himachal Pradesh,Hepatitis,148,1
2012,2012-W31,Jammu And Kashmir,Acute Diarrheal Disease,72,0
2012,2012-W31,Jammu And Kashmir,Food Poisoning,25,0
2012,2012-W31,Jammu And Kashmir,Hepatitis,59,0
2012,2012-W31,Jharkhand,Acute Diarrheal Disease,56,0
2012,2012-W31,Karnataka,Acute Diarrheal Disease,50,0
2012,2012-W31,Karnataka,Cholera,17,0
2012,2012-W31,Kerala,Food Poisoning,42,0
2012,2012-W31,Madhya Pradesh,Acute Diarrheal Disease,177,1
2012,2012-W31,Maharashtra,Acute Diarrheal Disease,73,0
2012,2012-W31,Odisha,Acute Diarrheal Disease,12,0
2012,2012-W31,Odisha,Food Poisoning,17,0
2012,2012-W31,Tamil Nadu,Acute Diarrheal Disease,14,0
2012,2012-W31,Tamil Nadu,Chikungunya,27,0
2012,2012-W31,Tamil Nadu,Dengue,15,0
2012,2012-W31,Uttar Pradesh,Acute Diarrheal Disease,61,1
2012,2012-W31,Uttar Pradesh,Food Poisoning,10,1
2012,2012-W31,West Bengal,Acute Diarrheal Disease,49,0
2012,2012-W31,West Bengal,Food Poisoning,564,2
2012,2012-W32,Arunachal Pradesh,Scrub Typhus,242,0
2012,2012-W32,Bihar,Acute Diarrheal Disease,171,3
2012,2012-W32,Bihar,Japanese Encephalitis,48,8
2012,2012-W32,Chhattisgarh,Acute Diarrheal Disease,122,0
2012,2012-W32,Haryana,Acute Diarrheal Disease,38,0
2012,2012-W32,Jammu And Kashmir,Acute Diarrheal Disease,77,0
2012,2012-W32,Jharkhand,Acute Diarrheal Disease,20,0
2012,2012-W32,Karnataka,Cholera,20,0
2012,2012-W32,Karnataka,Food Poisoning,54,0
2012,2012-W32,Kerala,Hepatitis,22,0
2012,2012-W32,Madhya Pradesh,Acute Diarrheal Disease,88,6
2012,2012-W32,Maharashtra,Acute Diarrheal Disease,69,0
2012,2012-W32,Odisha,Cholera,17,1
2012,2012-W32,Punjab,Cholera,80,0
2012,2012-W32,Tamil Nadu,Acute Diarrheal Disease,16,0
2012,2012-W32,Tamil Nadu,Food Poisoning,93,0
2012,2012-W32,Uttar Pradesh,Acute Diarrheal Disease,186,0
2012,2012-W32,Uttarakhand,Acute Diarrheal Disease,75,0
2012,2012-W32,West Bengal,Dengue,38,0
2012,2012-W32,West Bengal,Food Poisoning,129,0
2012,2012-W33,Andhra Pradesh,Acute Diarrheal Disease,24,0
2012,2012-W33,Andhra Pradesh,Chikungunya,52,0
2012,2012-W33,Arunachal Pradesh,Scrub Typhus,512,0
2012,2012-W33,Bihar,Acute Diarrheal Disease,111,2
2012,2012-W33,Bihar,Food Poisoning,38,0
2012,2012-W33,Chhattisgarh,Acute Diarrheal Disease,15,0
2012,2012-W33,Chhattisgarh,Food Poisoning,354,0
2012,2012-W33,Gujarat,Acute Diarrheal Disease,20,0
2012,2012-W33,Haryana,Acute Diarrheal Disease,13,0
2012,2012-W33,Jammu And Kashmir,Acute Diarrheal Disease,140,0
2012,2012-W33,Kerala,Food Poisoning,30,0
2012,2012-W33,Madhya Pradesh,Acute Diarrheal Disease,18,0
2012,2012-W33,Maharashtra,Acute Diarrheal Disease,100,0
2012,2012-W33,Odisha,Acute Diarrheal Disease,24,0
2012,2012-W33,Punjab,Acute Diarrheal Disease,18,0
2012,2012-W33,Tamil Nadu,Acute Diarrheal Disease,86,0
2012,2012-W33,Tamil Nadu,Chikungunya,80,0
2012,2012-W33,Tamil Nadu,Fever,38,2
2012,2012-W33,Uttar Pradesh,Acute Diarrheal Disease,45,2
2012,2012-W33,West Bengal,Acute Diarrheal Disease,241,0
2012,2012-W33,West Bengal,Cholera,38,0
2012,2012-W34,Andhra Pradesh,Acute Diarrheal Disease,24,1
2012,2012-W34,Andhra Pradesh,Chikungunya And Dengue,38,0
2012,2012-W34,Andhra Pradesh,Fever,40,1
2012,2012-W34,Assam,Acute Diarrheal Disease,12,2
2012,2012-W34,Bihar,Acute Diarrheal Disease,215,6
2012,2012-W34,Chhattisgarh,Acute Diarrheal Disease,548,10
2012,2012-W34,Gujarat,Acute Diarrheal Disease,169,0
2012,2012-W34,Gujarat,Fever,19,0
2012,2012-W34,Gujarat,Food Poisoning,18,0
2012,2012-W34,Haryana,Acute Diarrheal Disease,119,0
2012,2012-W34,Jammu And Kashmir,Acute Diarrheal Disease,34,0
2012,2012-W34,Karnataka,Acute Diarrheal Disease,44,0
2012,2012-W34,Karnataka,Cholera,85,0
2012,2012-W34,Karnataka,Leptospirosis,41,2
2012,2012-W34,Madhya Pradesh,Food Poisoning,189,0
2012,2012-W34,Maharashtra,Acute Diarrheal Disease,24,0
2012,2012-W34,Maharashtra,Chikungunya,68,0
2012,2012-W34,Maharashtra,Cholera,18,0
2012,2012-W34,Maharashtra,Fever,25,0
2012,2012-W34,Maharashtra,Malaria,49,0
2012,2012-W34,Rajasthan,Acute Diarrheal Disease,125,0
2012,2012-W34,Tamil Nadu,Dengue,87,0
2012,2012-W34,Tamil Nadu,Fever,164,1
2012,2012-W34,Tamil Nadu,Fever And Chikungunya,25,0
2012,2012-W34,Tamil Nadu,Hepatitis,87,0
2012,2012-W34,Uttar Pradesh,Acute Diarrheal Disease,33,1
2012,2012-W35,Andhra Pradesh,Acute Diarrheal Disease,92,0
2012,2012-W35,Andhra Pradesh,Chikungunya And Dengue,50,0
2012,2012-W35,Andhra Pradesh,Fever,347,0
2012,2012-W35,Assam,Food Poisoning,17,0
2012,2012-W35,Bihar,Acute Diarrheal Disease,98,1
2012,2012-W35,Bihar,Food Poisoning,82,0
2012,2012-W35,Chhattisgarh,Acute Diarrheal Disease,52,0
2012,2012-W35,Chhattisgarh,Malaria,21,0
2012,2012-W35,Gujarat,Food Poisoning,26,0
2012,2012-W35,Haryana,Cholera,26,0
2012,2012-W35,Himachal Pradesh,Food Poisoning,90,0
2012,2012-W35,Karnataka,Leishmaniasis,14,0
2012,2012-W35,Maharashtra,Acute Diarrheal Disease,408,1
2012,2012-W35,Maharashtra,Chikungunya,13,0
2012,2012-W35,Maharashtra,Fever,97,2
2012,2012-W35,Maharashtra,Hepatitis E,54,0
2012,2012-W35,Tamil Nadu,Dengue,35,0
2012,2012-W35,Tamil Nadu,Fever,69,0
2012,2012-W35,Uttar Pradesh,Acute Diarrheal Disease,46,0
2012,2012-W35,Uttarakhand,Fever,36,0
2012,2012-W35,West Bengal,Anthrax,16,0
2012,2012-W35,West Bengal,Fever,193,5
2012,2012-W36,Andhra Pradesh,Acute Diarrheal Disease,22,0
2012,2012-W36,Andhra Pradesh,Chikungunya,19,0
2012,2012-W36,Andhra Pradesh,Dengue,132,1
2012,2012-W36,Andhra Pradesh,Viral Fever,154,0
2012,2012-W36,Arunachal Pradesh,Dengue,544,0
2012,2012-W36,Arunachal Pradesh,Dengue And Scrub Typhus,0,0
2012,2012-W36,Assam,Food Poisoning,90,0
2012,2012-W36,Gujarat,Food Poisoning,50,0
2012,2012-W36,Haryana,Diphtheria,64,4
2012,2012-W36,Jammu And Kashmir,Chickenpox,110,0
2012,2012-W36,Jammu And Kashmir,Malaria And Dengue,130,2
2012,2012-W36,Jharkhand,Food Poisoning,14,2
2012,2012-W36,Karnataka,Fever,22,0
2012,2012-W36,Karnataka,Food Poisoning,29,3
2012,2012-W36,Kerala,Hepatitis,16,0
2012,2012-W36,Maharashtra,Acute Diarrheal Disease,40,0
2012,2012-W36,Maharashtra,Cholera,161,0
2012,2012-W36,Maharashtra,Fever,185,4
2012,2012-W36,Punjab,Acute Diarrheal Disease,23,0
2012,2012-W36,Punjab,Cholera,17,1
2012,2012-W36,Rajasthan,Scrub Typhus And Dengue And Chikungunya,0,22
2012,2012-W36,Tamil Nadu,Dengue And Scrub Typhus,110,0
2012,2012-W36,Tamil Nadu,Food Poisoning,49,0
2012,2012-W36,Uttar Pradesh,Fever,50,1
2012,2012-W36,West Bengal,Cholera,113,0
2012,2012-W36,West Bengal,Dengue,22,0
2012,2012-W36,West Bengal,Food Poisoning,28,0
2012,2012-W37,Andhra Pradesh,Acute Diarrheal Disease,70,1
2012,2012-W37,Andhra Pradesh,Dengue,68,0
2012,2012-W37,Assam,Food Poisoning,12,1
2012,2012-W37,Bihar,Acute Diarrheal Disease,12,1
2012,2012-W37,Chhattisgarh,Acute Diarrheal Disease,68,0
2012,2012-W37,Chhattisgarh,Dengue,304,3
2012,2012-W37,Gujarat,Chikungunya,12,0
2012,2012-W37,Himachal Pradesh,Fever,30,0
2012,2012-W37,Jammu And Kashmir,Chickenpox,12,0
2012,2012-W37,Jammu And Kashmir,Fever,39,0
2012,2012-W37,Jharkhand,Acute Diarrheal Disease,27,0
2012,2012-W37,Karnataka,Food Poisoning,54,0
2012,2012-W37,Kerala,Food Poisoning,19,0
2012,2012-W37,Kerala,Hepatitis,15,0
2012,2012-W37,Kerala,Mumps,16,0
2012,2012-W37,Maharashtra,Acute Diarrheal Disease,160,0
2012,2012-W37,Maharashtra,Dengue,150,0
2012,2012-W37,Maharashtra,Fever,406,5
2012,2012-W37,Maharashtra,Malaria,87,0
2012,2012-W37,Maharashtra,Mumps,31,0
2012,2012-W37,Odisha,Cholera,37,3
2012,2012-W37,Punjab,Hepatitis A,15,0
2012,2012-W37,Rajasthan,Acute Diarrheal Disease,17,0
2012,2012-W37,Tamil Nadu,Acute Diarrheal Disease,19,0
2012,2012-W37,Tamil Nadu,Dengue,48,0
2012,2012-W37,Tamil Nadu,Fever,51,0
2012,2012-W37,Uttar Pradesh,Fever,86,2
2012,2012-W37,West Bengal,Acute Diarrheal Disease,67,0
2012,2012-W37,West Bengal,Chikungunya,17,0
2012,2012-W37,West Bengal,Dengue,131,0
2012,2012-W38,Andhra Pradesh,Acute Diarrheal Disease,11,0
2012,2012-W38,Arunachal Pradesh,Dengue,672,1
2012,2012-W38,Assam,Acute Diarrheal Disease,59,0
2012,2012-W38,Assam,Mushroom Poisoning,10,0
2012,2012-W38,Bihar,Acute Diarrheal Disease,10,2
2012,2012-W38,Gujarat,Mumps,37,0
2012,2012-W38,Jammu And Kashmir,Cholera,238,0
2012,2012-W38,Jammu And Kashmir,Hepatitis A,13,0
2012,2012-W38,Karnataka,Acute Diarrheal Disease,13,0
2012,2012-W38,Karnataka,Cholera,82,0
2012,2012-W38,Karnataka,Fever,23,0
2012,2012-W38,Kerala,Hepatitis,11,0
2012,2012-W38,Kerala,Influenza B,48,0
2012,2012-W38,Maharashtra,Chikungunya,17,0
2012,2012-W38,Maharashtra,Dengue,32,0
2012,2012-W38,Maharashtra,Fever,275,3
2012,2012-W38,Odisha,Dengue,310,0
2012,2012-W38,Punjab,Acute Diarrheal Disease,20,0
2012,2012-W38,Tamil Nadu,Dengue,33,0
2012,2012-W38,Tamil Nadu,Fever,22,0
2012,2012-W38,Uttar Pradesh,Fever,32,2
2012,2012-W38,Uttarakhand,Fever,58,1
2012,2012-W38,Uttarakhand,Hepatitis E,20,0
2012,2012-W38,West Bengal,Cholera,65,2
2012,2012-W38,West Bengal,Scrub Typhus,110,2
2012,2012-W39,Andhra Pradesh,Acute Diarrheal Disease,18,0
2012,2012-W39,Andhra Pradesh,Dengue,58,0
2012,2012-W39,Assam,Acute Diarrheal Disease,67,0
2012,2012-W39,Assam,Food Poisoning,200,0
2012,2012-W39,Bihar,Acute Diarrheal Disease,71,2
2012,2012-W39,Bihar,Food Poisoning,93,0
2012,2012-W39,Bihar,Measles,46,2
2012,2012-W39,Chhattisgarh,Food Poisoning,75,0
2012,2012-W39,Gujarat,Chikungunya,38,0
2012,2012-W39,Jammu And Kashmir,Acute Diarrheal Disease,97,0
2012,2012-W39,Karnataka,Fever,30,0
2012,2012-W39,Karnataka,Food Poisoning,45,0
2012,2012-W39,Maharashtra,Acute Diarrheal Disease,22,0
2012,2012-W39,Maharashtra,Dengue,35,0
2012,2012-W39,Maharashtra,Fever,378,4
2012,2012-W39,Rajasthan,Food Poisoning,169,0
2012,2012-W39,Tamil Nadu,Chikungunya,94,0
2012,2012-W39,Tamil Nadu,Dengue,190,0
2012,2012-W39,Tamil Nadu,Dengue And Leptospirosis,79,5
2012,2012-W39,Tamil Nadu,Fever,20,0
2012,2012-W39,Uttar Pradesh,Acute Diarrheal Disease,24,1
2012,2012-W39,Uttar Pradesh,Fever,19,0
2012,2012-W39,West Bengal,Dengue,53,0
2012,2012-W40,Assam,Acute Diarrheal Disease,33,0
2012,2012-W40,Assam,Cholera,97,0
2012,2012-W40,Assam,Food Poisoning,37,0
2012,2012-W40,Bihar,Food Poisoning,25,0
2012,2012-W40,Gujarat,Acute Diarrheal Disease,14,0
2012,2012-W40,Jammu And Kashmir,Hepatitis A And E,12,0
2012,2012-W40,Jammu And Kashmir,Mumps,30,0
2012,2012-W40,Jharkhand,Dengue,29,0
2012,2012-W40,Karnataka,Food Poisoning,15,1
2012,2012-W40,Kerala,Measles,17,0
2012,2012-W40,Kerala,Mumps,25,0
2012,2012-W40,Maharashtra,Acute Diarrheal Disease,46,0
2012,2012-W40,Maharashtra,Fever,137,0
2012,2012-W40,Maharashtra,Food Poisoning,30,0
2012,2012-W40,Maharashtra,Measles,17,0
2012,2012-W40,Punjab,Cholera,492,19
2012,2012-W40,Tamil Nadu,Fever,110,0
2012,2012-W40,Uttar Pradesh,Food Poisoning,17,0
2012,2012-W40,Uttarakhand,Fever,80,0
2012,2012-W40,Uttarakhand,Hepatitis,12,0
2012,2012-W40,West Bengal,Food Poisoning,30,1
2012,2012-W41,Andhra Pradesh,Acute Diarrheal Disease,22,2
2012,2012-W41,Andhra Pradesh,Food Poisoning,26,0
2012,2012-W41,Bihar,Acute Diarrheal Disease,18,0
2012,2012-W41,Bihar,Food Poisoning,40,1
2012,2012-W41,Chhattisgarh,Acute Diarrheal Disease,47,0
2012,2012-W41,Daman And Diu,Dengue,80,0
2012,2012-W41,Gujarat,Acute Diarrheal Disease,15,1
2012,2012-W41,Gujarat,Diphtheria,2,1
2012,2012-W41,Jammu And Kashmir,Chickenpox,20,0
2012,2012-W41,Jharkhand,Dengue,46,0
2012,2012-W41,Karnataka,Fever,37,0
2012,2012-W41,Karnataka,Mumps,9,0
2012,2012-W41,Kerala,Measles,17,0
2012,2012-W41,Maharashtra,Acute Diarrheal Disease,62,0
2012,2012-W41,Maharashtra,Dengue,330,0
2012,2012-W41,Maharashtra,Fever,78,0
2012,2012-W41,Odisha,Acute Diarrheal Disease,38,0
2012,2012-W41,Rajasthan,Dengue,2103,2
2012,2012-W41,Rajasthan,Food Poisoning,10,3
2012,2012-W41,Rajasthan,Scrub Typhus,89,7
2012,2012-W41,Tamil Nadu,Chikungunya And Dengue,23,0
2012,2012-W41,Tamil Nadu,Dengue,117,0
2012,2012-W41,Tamil Nadu,Fever,57,0
2012,2012-W41,Uttarakhand,Dengue,126,1
2012,2012-W41,Uttarakhand,Hepatitis A And E,16,1
2012,2012-W41,West Bengal,Acute Diarrheal Disease,17,0
2012,2012-W41,West Bengal,Dengue,413,0
2012,2012-W41,West Bengal,Fever,71,2
2012,2012-W41,West Bengal,Food Poisoning,96,0
2012,2012-W42,Assam,Alcohol Poisoning,23,11
2012,2012-W42,Gujarat,Acute Diarrheal Disease,27,0
2012,2012-W42,Gujarat,Epidemic Dropsy,14,1
2012,2012-W42,Gujarat,Food Poisoning,82,0
2012,2012-W42,Karnataka,Cholera,151,2
2012,2012-W42,Karnataka,Fever,26,0
2012,2012-W42,Maharashtra,Acute Diarrheal Disease,40,0
2012,2012-W42,Maharashtra,Dengue,128,1
2012,2012-W42,Maharashtra,Fever,313,2
2012,2012-W42,Odisha,Hepatitis E,32,0
2012,2012-W42,Puducherry,Dengue,461,0
2012,2012-W42,Punjab,Hepatitis E,33,0
2012,2012-W42,Tamil Nadu,Fever,13,0
2012,2012-W42,Tamil Nadu,Food Poisoning,26,0
2012,2012-W42,Uttar Pradesh,Food Poisoning,171,0
2012,2012-W42,West Bengal,Dengue,228,2
2012,2012-W43,Assam,Acute Diarrheal Disease,16,0
2012,2012-W43,Bihar,Measles,28,0
2012,2012-W43,Gujarat,Acute Diarrheal Disease,75,0
2012,2012-W43,Gujarat,Dengue,175,0
2012,2012-W43,Gujarat,Food Poisoning,19,0
2012,2012-W43,Haryana,Diphtheria,60,1
2012,2012-W43,Himachal Pradesh,Scrub Typhus,52,3
2012,2012-W43,Kerala,Food Poisoning,142,0
2012,2012-W43,Kerala,Mumps,18,0
2012,2012-W43,Madhya Pradesh,Acute Diarrheal Disease,15,0
2012,2012-W43,Maharashtra,Acute Diarrheal Disease,93,0
2012,2012-W43,Maharashtra,Fever,94,1
2012,2012-W43,Manipur,Dengue,25,0
2012,2012-W43,Puducherry,Dengue,1965,0
2012,2012-W43,Punjab,Acute Diarrheal Disease,40,0
2012,2012-W43,Rajasthan,Epidemic Dropsy,65,4
2012,2012-W43,Rajasthan,Food Poisoning,55,0
2012,2012-W43,Tamil Nadu,Dengue,11,0
2012,2012-W43,Tamil Nadu,Fever,13,0
2012,2012-W43,Tripura,Fever,294,2
2012,2012-W44,Assam,Alcohol Poisoning,16,1
2012,2012-W44,Assam,Dengue,30,0
2012,2012-W44,Bihar,Dengue,52,0
2012,2012-W44,Bihar,Food Poisoning,46,0
2012,2012-W44,Chandigarh,Dengue,579,0
2012,2012-W44,Gujarat,Food Poisoning,17,0
2012,2012-W44,Haryana,Diphtheria,92,1
2012,2012-W44,Karnataka,Fever,25,0
2012,2012-W44,Kerala,Mumps,23,0
2012,2012-W44,Madhya Pradesh,Food Poisoning,46,0
2012,2012-W44,Maharashtra,Acute Diarrheal Disease,18,0
2012,2012-W44,Maharashtra,Chikungunya,140,1
2012,2012-W44,Maharashtra,Dengue,78,1
2012,2012-W44,Maharashtra,Fever,66,2
2012,2012-W44,Tamil Nadu,Chikungunya And Dengue,23,0
2012,2012-W44,Tamil Nadu,Leishmaniasis,23,0
2012,2012-W44,Uttar Pradesh,Epidemic Dropsy,34,3
2012,2012-W44,Uttarakhand,Scrub Typhus,63,4
2012,2012-W44,West Bengal,Cholera,129,3
2012,2012-W44,West Bengal,Dengue,74,0
2012,2012-W45,Andhra Pradesh,Acute Diarrheal Disease,279,0
2012,2012-W45,Assam,Food Poisoning,16,0
2012,2012-W45,Haryana,Diphtheria,36,0
2012,2012-W45,Jammu And Kashmir,Food Poisoning,57,0
2012,2012-W45,Jammu And Kashmir,Hepatitis A,8,0
2012,2012-W45,Jharkhand,Dengue,73,0
2012,2012-W45,Maharashtra,Acute Diarrheal Disease,18,0
2012,2012-W45,Maharashtra,Dengue,78,1
2012,2012-W45,Maharashtra,Fever,54,1
2012,2012-W45,Maharashtra,Measles,24,1
2012,2012-W45,Punjab,Cholera,17,0
2012,2012-W45,Uttar Pradesh,Dengue,348,0
2012,2012-W45,Uttar Pradesh,Fever,26,0
2012,2012-W46,Andhra Pradesh,Acute Diarrheal Disease,54,0
2012,2012-W46,Assam,Dengue,27,1
2012,2012-W46,Chhattisgarh,Cholera,579,1
2012,2012-W46,Jharkhand,Dengue,27,0
2012,2012-W46,Jharkhand,Malaria,73,0
2012,2012-W46,Karnataka,Acute Diarrheal Disease,12,0
2012,2012-W46,Kerala,Food Poisoning,98,0
2012,2012-W46,Maharashtra,Chikungunya,83,0
2012,2012-W46,Maharashtra,Dengue,42,0
2012,2012-W46,Maharashtra,Fever,27,1
2012,2012-W46,Maharashtra,Food Poisoning,30,2
2012,2012-W46,Rajasthan,Malaria,103,1
2012,2012-W46,Uttar Pradesh,Chickenpox,20,0
2012,2012-W47,Andhra Pradesh,Food Poisoning,13,0
2012,2012-W47,Assam,Food Poisoning,50,0
2012,2012-W47,Bihar,Acute Diarrheal Disease,20,0
2012,2012-W47,Bihar,Dengue,36,0
2012,2012-W47,Bihar,Malaria,23,0
2012,2012-W47,Gujarat,Dengue,343,5
2012,2012-W47,Gujarat,Hepatitis E,21,0
2012,2012-W47,Karnataka,Dengue,53,0
2012,2012-W47,Karnataka,Measles,18,0
2012,2012-W47,Kerala,Food Poisoning,430,0
2012,2012-W47,Kerala,Measles,12,0
2012,2012-W47,Maharashtra,Dengue,20,0
2012,2012-W47,Maharashtra,Fever,25,1
2012,2012-W47,Uttar Pradesh,Dengue,394,0
2012,2012-W48,Andhra Pradesh,Acute Diarrheal Disease,24,0
2012,2012-W48,Andhra Pradesh,Food Poisoning,126,0
2012,2012-W48,Assam,Dengue,235,0
2012,2012-W48,Assam,Food Poisoning,59,0
2012,2012-W48,Chandigarh,Dengue,1887,0
2012,2012-W48,Jharkhand,Malaria,60,0
2012,2012-W48,Karnataka,Dengue,83,0
2012,2012-W48,Karnataka,Kyasanur Fandest Disease,6,0
2012,2012-W48,Kerala,"Hand, Foot And Mouth Disease (Hfmd)",30,0
2012,2012-W48,Madhya Pradesh,Acute Diarrheal Disease,70,0
2012,2012-W48,Madhya Pradesh,Food Poisoning,10,0
2012,2012-W48,Maharashtra,Chikungunya,24,0
2012,2012-W48,Maharashtra,Dengue,41,0
2012,2012-W48,Maharashtra,Fever,31,1
2012,2012-W48,Maharashtra,Hepatitis E,181,1
2012,2012-W48,Puducherry,Dengue,5593,0
2012,2012-W48,Tamil Nadu,Dengue,20,0
2012,2012-W48,West Bengal,Dengue,10,0
2012,2012-W49,Andhra Pradesh,Acute Diarrheal Disease,119,0
2012,2012-W49,Bihar,Chickenpox,39,0
2012,2012-W49,Karnataka,Dengue,91,0
2012,2012-W49,Kerala,Measles,15,0
2012,2012-W49,Maharashtra,Acute Diarrheal Disease,80,0
2012,2012-W49,Maharashtra,Dengue,74,1
2012,2012-W49,Odisha,Fever,739,38
2012,2012-W49,Tamil Nadu,Chikungunya And Dengue,15,0
2012,2012-W49,Uttar Pradesh,Food Poisoning,38,0
2012,2012-W49,West Bengal,Food Poisoning,95,0
2012,2012-W50,Andhra Pradesh,Acute Diarrheal Disease,192,0
2012,2012-W50,Assam,Acute Diarrheal Disease,27,0
2012,2012-W50,Assam,Dengue,235,0
2012,2012-W50,Bihar,Dengue,395,1
2012,2012-W50,Bihar,Food Poisoning,70,0
2012,2012-W50,Bihar,Measles,15,0
2012,2012-W50,Chandigarh,Hepatitis A,67,0
2012,2012-W50,Chhattisgarh,Acute Diarrheal Disease,22,0
2012,2012-W50,Chhattisgarh,Food Poisoning,25,0
2012,2012-W50,Karnataka,Food Poisoning,14,0
2012,2012-W50,Kerala,Hepatitis,19,0
2012,2012-W50,Maharashtra,Acute Diarrheal Disease,102,0
2012,2012-W50,Maharashtra,Acute Febrile Illness And Malaria,17,0
2012,2012-W50,Maharashtra,Dengue,109,2
2012,2012-W50,Maharashtra,Malaria,19,2
2012,2012-W50,Tamil Nadu,Dengue,11,0
2012,2012-W51,Andhra Pradesh,Acute Diarrheal Disease,45,0
2012,2012-W51,Andhra Pradesh,Cholera,23,0
2012,2012-W51,Andhra Pradesh,Food Poisoning,123,0
2012,2012-W51,Gujarat,Acute Diarrheal Disease,26,0
2012,2012-W51,Gujarat,Food Poisoning,25,0
2012,2012-W51,Gujarat,Hepatitis,18,0
2012,2012-W51,Gujarat,Mumps,67,0
2012,2012-W51,Jammu And Kashmir,Fever,30,0
2012,2012-W51,Karnataka,Fever,50,0
2012,2012-W51,Karnataka,Mumps,25,0
2012,2012-W51,Madhya Pradesh,Chickenpox,13,0
2012,2012-W51,Maharashtra,Dengue,22,1
2012,2012-W51,Maharashtra,Fever,33,1
2012,2012-W51,Maharashtra,Hepatitis,22,2
2012,2012-W51,Maharashtra,Measles,10,0
2012,2012-W51,Puducherry,Dengue,7303,0
2012,2012-W52,Andhra Pradesh,Food Poisoning,37,0
2012,2012-W52,Assam,Acute Diarrheal Disease,15,0
2012,2012-W52,Gujarat,Food Poisoning,29,0
2012,2012-W52,Gujarat,Hepatitis,9,0
2012,2012-W52,Karnataka,Acute Diarrheal Disease,12,0
2012,2012-W52,Kerala,Mumps,24,0
2012,2012-W52,Maharashtra,Food Poisoning,35,0
2012,2012-W52,Tamil Nadu,Chickenpox,20,0
2012,2012-W52,Tamil Nadu,Dengue,56,0
2012,2012-W52,Tamil Nadu,Food Poisoning,56,0
2012,2012-W52,Uttar Pradesh,Food Poisoning,15,1
2013,2013-W01,Andhra Pradesh,Food Poisoning,13,0
2013,2013-W01,Bihar,Chickenpox,45,0
2013,2013-W01,Chandigarh,Hepatitis A,150,0
2013,2013-W01,Karnataka,Fever,23,1
2013,2013-W01,Karnataka,Food Poisoning,25,0
2013,2013-W01,Kerala,Mumps,10,0
2013,2013-W01,Maharashtra,Dengue,12,0
2013,2013-W01,Odisha,Acute Diarrheal Disease,45,0
2013,2013-W01,Rajasthan,Food Poisoning,310,0
2013,2013-W01,Tamil Nadu,Chickenpox,20,0
2013,2013-W01,Tamil Nadu,Chikungunya,17,0
2013,2013-W01,Tamil Nadu,Leishmaniasis,15,0
2013,2013-W01,Uttar Pradesh,Chickenpox,19,0
2013,2013-W02,Andhra Pradesh,Fever,20,0
2013,2013-W02,Karnataka,Chikungunya And Dengue,22,0
2013,2013-W02,Kerala,Chickenpox,13,0
2013,2013-W02,Kerala,Hepatitis A,45,0
2013,2013-W02,Kerala,Mumps,29,0
2013,2013-W02,Madhya Pradesh,Fever,32,0
2013,2013-W02,Madhya Pradesh,Malaria,11,0
2013,2013-W02,Maharashtra,Acute Diarrheal Disease,125,2
2013,2013-W02,Maharashtra,Fever,39,2
2013,2013-W02,Maharashtra,Measles,8,0
2013,2013-W02,Tamil Nadu,Chickenpox,48,0
2013,2013-W02,Tamil Nadu,Dengue,15,0
2013,2013-W02,Tamil Nadu,Fever,17,0
2013,2013-W02,West Bengal,Cholera,69,0
2013,2013-W03,Andhra Pradesh,Chikungunya,31,0
2013,2013-W03,Bihar,Chickenpox,26,0
2013,2013-W03,Gujarat,Chickenpox,21,0
2013,2013-W03,Gujarat,Food Poisoning,12,0
2013,2013-W03,Jammu And Kashmir,Hepatitis C,304,0
2013,2013-W03,Karnataka,Fever,62,0
2013,2013-W03,Kerala,Food Poisoning,30,0
2013,2013-W03,Madhya Pradesh,Chickenpox,8,0
2013,2013-W03,Madhya Pradesh,Fever,78,0
2013,2013-W03,Maharashtra,Food Poisoning,33,0
2013,2013-W03,Odisha,Food Poisoning,150,0
2013,2013-W03,Tamil Nadu,Chickenpox,32,0
2013,2013-W03,Tamil Nadu,Chikungunya,62,0
2013,2013-W03,Tamil Nadu,Dengue,56,0
2013,2013-W03,Tamil Nadu,Fever,15,0
2013,2013-W04,Bihar,Chickenpox,74,0
2013,2013-W04,Bihar,Food Poisoning,20,0
2013,2013-W04,Gujarat,Acute Diarrheal Disease,11,0
2013,2013-W04,Gujarat,Fever,46,0
2013,2013-W04,Gujarat,Measles,11,0
2013,2013-W04,Karnataka,Food Poisoning,79,0
2013,2013-W04,Maharashtra,Fever,17,2
2013,2013-W04,Odisha,Acute Diarrheal Disease,26,0
2013,2013-W04,Tamil Nadu,Chikungunya,51,0
2013,2013-W04,Tamil Nadu,Fever,46,0
2013,2013-W04,Tamil Nadu,Food Poisoning,46,0
2013,2013-W04,West Bengal,Chickenpox,24,0
2013,2013-W05,Andhra Pradesh,Food Poisoning,26,0
2013,2013-W05,Arunachal Pradesh,Acute Diarrheal Disease,29,2
2013,2013-W05,Assam,Food Poisoning,45,0
2013,2013-W05,Assam,Hepatitis A And E,12,0
2013,2013-W05,Karnataka,Acute Diarrheal Disease,10,0
2013,2013-W05,Karnataka,Chikungunya,102,0
2013,2013-W05,Karnataka,Measles,40,0
2013,2013-W05,Karnataka,Mumps,10,0
2013,2013-W05,Kerala,Food Poisoning,88,0
2013,2013-W05,Kerala,Hepatitis,33,0
2013,2013-W05,Kerala,Mumps,51,0
2013,2013-W05,Maharashtra,Dengue,18,0
2013,2013-W05,Maharashtra,Fever,23,0
2013,2013-W05,Rajasthan,Food Poisoning,48,0
2013,2013-W05,Tamil Nadu,Chickenpox,11,0
2013,2013-W05,Tamil Nadu,Chikungunya And Dengue,31,0
2013,2013-W05,Tamil Nadu,Dengue,62,0
2013,2013-W05,Tamil Nadu,Fever,20,0
2013,2013-W05,Tamil Nadu,Food Poisoning,10,0
2013,2013-W05,Uttarakhand,Hepatitis A And E,13,0
2013,2013-W05,West Bengal,Food Poisoning,61,0
2013,2013-W06,Andhra Pradesh,Food Poisoning,45,1
2013,2013-W06,Gujarat,Chickenpox,35,0
2013,2013-W06,Gujarat,Food Poisoning,12,0
2013,2013-W06,Jharkhand,Hepatitis,51,0
2013,2013-W06,Karnataka,Acute Diarrheal Disease,21,0
2013,2013-W06,Karnataka,Diphtheria,9,1
2013,2013-W06,Karnataka,Fever,44,0
2013,2013-W06,Kerala,Hepatitis,81,0
2013,2013-W06,Maharashtra,Fever,20,0
2013,2013-W06,Maharashtra,Food Poisoning,36,0
2013,2013-W06,Odisha,Chickenpox,15,0
2013,2013-W06,Odisha,Food Poisoning,95,0
2013,2013-W06,Odisha,Measles,32,0
2013,2013-W06,Punjab,Hepatitis E,21,0
2013,2013-W06,Tamil Nadu,Acute Diarrheal Disease,24,0
2013,2013-W06,Tamil Nadu,Chickenpox,41,0
2013,2013-W06,Tamil Nadu,Chikungunya,24,0
2013,2013-W07,Andhra Pradesh,Acute Diarrheal Disease,82,0
2013,2013-W07,Andhra Pradesh,Food Poisoning,38,0
2013,2013-W07,Arunachal Pradesh,Acute Diarrheal Disease,40,2
2013,2013-W07,Assam,Food Poisoning,800,0
2013,2013-W07,Bihar,Food Poisoning,43,0
2013,2013-W07,Gujarat,Chickenpox,36,0
2013,2013-W07,Gujarat,Hepatitis E,8,0
2013,2013-W07,Haryana,Chickenpox,10,0
2013,2013-W07,Jharkhand,Chickenpox,8,0
2013,2013-W07,Karnataka,Food Poisoning,20,0
2013,2013-W07,Karnataka,Measles,68,0
2013,2013-W07,Karnataka,Mumps,15,0
2013,2013-W07,Kerala,Acute Diarrheal Disease,21,0
2013,2013-W07,Kerala,Chickenpox,36,0
2013,2013-W07,Kerala,Food Poisoning,14,0
2013,2013-W07,Maharashtra,Hepatitis E,11,0
2013,2013-W07,Tamil Nadu,Acute Diarrheal Disease,22,0
2013,2013-W07,Tamil Nadu,Chikungunya,76,0
2013,2013-W07,Uttar Pradesh,Chickenpox,8,0
2013,2013-W07,West Bengal,Cholera,195,2
2013,2013-W07,West Bengal,Fever,13,0
2013,2013-W08,Andhra Pradesh,Acute Diarrheal Disease,53,0
2013,2013-W08,Andhra Pradesh,Fever,15,0
2013,2013-W08,Andhra Pradesh,Food Poisoning,17,0
2013,2013-W08,Assam,Acute Encephalitic Syndrome,5,0
2013,2013-W08,Assam,Food Poisoning,55,1
2013,2013-W08,Bihar,Food Poisoning,12,0
2013,2013-W08,Bihar,Measles,37,0
2013,2013-W08,Chhattisgarh,Hepatitis,8,0
2013,2013-W08,Gujarat,Hepatitis,31,0
2013,2013-W08,Gujarat,Hepatitis E,101,0
2013,2013-W08,Haryana,Chickenpox,36,0
2013,2013-W08,Jammu And Kashmir,Fever,49,0
2013,2013-W08,Jharkhand,Chickenpox,10,0
2013,2013-W08,Kerala,Lyme Disease,4,1
2013,2013-W08,Madhya Pradesh,Food Poisoning,174,0
2013,2013-W08,Madhya Pradesh,Hepatitis E,12,0
2013,2013-W08,Maharashtra,Food Poisoning,50,0
2013,2013-W08,Maharashtra,Hepatitis E,29,0
2013,2013-W08,Tamil Nadu,Chikungunya,228,0
2013,2013-W08,Tamil Nadu,Fever,22,0
2013,2013-W08,Uttar Pradesh,Chickenpox,20,0
2013,2013-W09,Bihar,Chickenpox,102,0
2013,2013-W09,Chhattisgarh,Hepatitis,45,1
2013,2013-W09,Gujarat,Hepatitis A,8,0
2013,2013-W09,Gujarat,Measles,16,0
2013,2013-W09,Himachal Pradesh,Fever,140,0
2013,2013-W09,Jammu And Kashmir,Acute Diarrheal Disease,119,0
2013,2013-W09,Jharkhand,Chickenpox,29,0
2013,2013-W09,Maharashtra,Hepatitis,15,0
2013,2013-W09,Odisha,Acute Diarrheal Disease,16,1
2013,2013-W09,Odisha,Anthrax,7,0
2013,2013-W09,Odisha,Food Poisoning,7,1
2013,2013-W09,Odisha,Measles,21,0
2013,2013-W09,Tamil Nadu,Chikungunya,32,0
2013,2013-W10,Andhra Pradesh,Food Poisoning,15,1
2013,2013-W10,Bihar,Chickenpox,225,0
2013,2013-W10,Chhattisgarh,Hepatitis,42,0
2013,2013-W10,Gujarat,Acute Diarrheal Disease,32,0
2013,2013-W10,Gujarat,Fever,12,1
2013,2013-W10,Gujarat,Food Poisoning,121,0
2013,2013-W10,Gujarat,Hepatitis A,70,0
2013,2013-W10,Jammu And Kashmir,Acute Diarrheal Disease,233,0
2013,2013-W10,Jharkhand,Food Poisoning,157,0
2013,2013-W10,Karnataka,Acute Diarrheal Disease,71,0
2013,2013-W10,Karnataka,Cholera,30,0
2013,2013-W10,Karnataka,Measles,103,0
2013,2013-W10,Kerala,Food Poisoning,420,0
2013,2013-W10,Kerala,Hepatitis,12,0
2013,2013-W10,Kerala,Hepatitis A,18,0
2013,2013-W10,Kerala,Mumps,14,0
2013,2013-W10,Madhya Pradesh,Food Poisoning,93,0
2013,2013-W10,Maharashtra,Acute Diarrheal Disease,162,0
2013,2013-W10,Maharashtra,Dengue,28,0
2013,2013-W10,Maharashtra,Fever,38,1
2013,2013-W10,Maharashtra,Measles,9,0
2013,2013-W10,Odisha,Food Poisoning,67,0
2013,2013-W10,Tamil Nadu,Chikungunya,29,0
2013,2013-W10,Tamil Nadu,Fever,43,0
2013,2013-W10,Tamil Nadu,Measles,14,0
2013,2013-W10,Uttarakhand,Hepatitis E,22,0
2013,2013-W11,Andhra Pradesh,Acute Diarrheal Disease,18,0
2013,2013-W11,Andhra Pradesh,Chikungunya,39,0
2013,2013-W11,Andhra Pradesh,Fever,100,2
2013,2013-W11,Andhra Pradesh,Food Poisoning,79,0
2013,2013-W11,Arunachal Pradesh,Acute Diarrheal Disease,14,1
2013,2013-W11,Assam,Food Poisoning,44,1
2013,2013-W11,Bihar,Chickenpox,145,0
2013,2013-W11,Bihar,Hepatitis,15,0
2013,2013-W11,Goa,Dengue,11,1
2013,2013-W11,Gujarat,Swine Flu (H1N1),652,121
2013,2013-W11,Jammu And Kashmir,Fever,21,0
2013,2013-W11,Karnataka,Acute Diarrheal Disease,155,0
2013,2013-W11,Karnataka,Chikungunya,27,0
2013,2013-W11,Karnataka,Fever,26,0
2013,2013-W11,Kerala,Chikungunya And Dengue,27,0
2013,2013-W11,Kerala,Dengue,20,0
2013,2013-W11,Kerala,Food Poisoning,50,0
2013,2013-W11,Kerala,Hepatitis,12,0
2013,2013-W11,Kerala,Hepatitis A,106,0
2013,2013-W11,Madhya Pradesh,Acute Diarrheal Disease,24,0
2013,2013-W11,Madhya Pradesh,Hepatitis E,38,0
2013,2013-W11,Maharashtra,Acute Diarrheal Disease,53,0
2013,2013-W11,Maharashtra,Fever,52,0
2013,2013-W11,Maharashtra,Hepatitis E,37,0
2013,2013-W11,Odisha,Measles,52,0
2013,2013-W11,Punjab,Food Poisoning,44,0
2013,2013-W11,Sikkim,Acute Diarrheal Disease,22,0
2013,2013-W11,Tamil Nadu,Chickenpox,15,0
2013,2013-W11,Tamil Nadu,Dengue,31,0
2013,2013-W11,Tamil Nadu,Fever,24,0
2013,2013-W11,Tamil Nadu,Food Poisoning,18,0
2013,2013-W11,Tamil Nadu,Leishmaniasis,18,0
2013,2013-W12,Andhra Pradesh,Acute Diarrheal Disease,21,0
2013,2013-W12,Andhra Pradesh,Fever,61,2
2013,2013-W12,Andhra Pradesh,Food Poisoning,125,0
2013,2013-W12,Andhra Pradesh,Hepatitis,24,0
2013,2013-W12,Bihar,Chickenpox,15,0
2013,2013-W12,Bihar,Measles,54,0
2013,2013-W12,Chhattisgarh,Chickenpox,17,0
2013,2013-W12,Gujarat,Food Poisoning,14,0
2013,2013-W12,Jharkhand,Measles,17,0
2013,2013-W12,Karnataka,Cholera,72,1
2013,2013-W12,Karnataka,Dengue,23,0
2013,2013-W12,Karnataka,Measles,128,0
2013,2013-W12,Kerala,Hepatitis,26,0
2013,2013-W12,Madhya Pradesh,Malaria,14,0
2013,2013-W12,Madhya Pradesh,Measles,43,0
2013,2013-W12,Maharashtra,Acute Diarrheal Disease,75,0
2013,2013-W12,Maharashtra,Dengue,27,0
2013,2013-W12,Maharashtra,Food Poisoning,161,0
2013,2013-W12,Maharashtra,Measles,8,1
2013,2013-W12,Maharashtra,Measles And Rubella,11,0
2013,2013-W12,Odisha,Chickenpox,11,0
2013,2013-W12,Odisha,Measles,21,0
2013,2013-W12,Rajasthan,Acute Diarrheal Disease,29,0
2013,2013-W12,Tamil Nadu,Chickenpox,29,0
2013,2013-W12,Tamil Nadu,Fever Leptospirosis,15,0
2013,2013-W12,Uttarakhand,Hepatitis,11,0
2013,2013-W12,West Bengal,Food Poisoning,420,1
2013,2013-W12,West Bengal,Measles,41,0
2013,2013-W13,Andhra Pradesh,Chikungunya And Dengue,13,0
2013,2013-W13,Andhra Pradesh,Food Poisoning,608,0
2013,2013-W13,Assam,Acute Diarrheal Disease,48,1
2013,2013-W13,Assam,Food Poisoning,426,0
2013,2013-W13,Bihar,Chickenpox,15,0
2013,2013-W13,Gujarat,Acute Diarrheal Disease,22,0
2013,2013-W13,Gujarat,Swine Flu (H1N1),890,169
2013,2013-W13,Jammu And Kashmir,Fever,30,0
2013,2013-W13,Karnataka,Acute Diarrheal Disease,43,1
2013,2013-W13,Karnataka,Chikungunya,17,0
2013,2013-W13,Karnataka,Fever,106,0
2013,2013-W13,Kerala,Chickenpox,22,0
2013,2013-W13,Madhya Pradesh,Chickenpox,8,0
2013,2013-W13,Maharashtra,Chikungunya And Dengue,23,0
2013,2013-W13,Maharashtra,Dengue,36,0
2013,2013-W13,Maharashtra,Fever,17,0
2013,2013-W13,Maharashtra,Hepatitis A And E,16,0
2013,2013-W13,Maharashtra,Hepatitis E,55,0
2013,2013-W13,Maharashtra,Measles,8,0
2013,2013-W13,Odisha,Hepatitis E,32,1
2013,2013-W13,Rajasthan,Food Poisoning,20,0
2013,2013-W13,Tamil Nadu,Chikungunya,26,0
2013,2013-W13,Tamil Nadu,Fever,71,0
2013,2013-W14,Andhra Pradesh,Chikungunya,23,0
2013,2013-W14,Andhra Pradesh,Dengue,17,0
2013,2013-W14,Andhra Pradesh,Food Poisoning,37,0
2013,2013-W14,Assam,Chickenpox,10,0
2013,2013-W14,Bihar,Chickenpox,148,0
2013,2013-W14,Bihar,Measles,24,0
2013,2013-W14,Gujarat,Chikungunya,134,0
2013,2013-W14,Gujarat,Measles,10,0
2013,2013-W14,Jammu And Kashmir,Influenza B,26,0
2013,2013-W14,Jharkhand,Chickenpox,11,0
2013,2013-W14,Jharkhand,Food Poisoning,14,0
2013,2013-W14,Karnataka,Acute Diarrheal Disease,10,1
2013,2013-W14,Karnataka,Fever,52,0
2013,2013-W14,Karnataka,Food Poisoning,305,0
2013,2013-W14,Karnataka,Hepatitis,82,0
2013,2013-W14,Karnataka,Measles,238,0
2013,2013-W14,Kerala,Dengue,22,0
2013,2013-W14,Kerala,Food Poisoning,33,0
2013,2013-W14,Kerala,Hepatitis,12,0
2013,2013-W14,Kerala,Leishmaniasis,20,0
2013,2013-W14,Maharashtra,Dengue,36,1
2013,2013-W14,Maharashtra,Leptospirosis,11,1
2013,2013-W14,Maharashtra,Measles,29,0
2013,2013-W14,Odisha,Measles,14,0
2013,2013-W14,Punjab,Hepatitis E,60,0
2013,2013-W14,Rajasthan,Food Poisoning,80,0
2013,2013-W14,Tamil Nadu,Chikungunya,35,0
2013,2013-W14,Tamil Nadu,Measles,15,0
2013,2013-W14,Tripura,Fever,29,3
2013,2013-W14,West Bengal,Measles,63,0
2013,2013-W15,Andhra Pradesh,Chikungunya,18,0
2013,2013-W15,Andhra Pradesh,Hepatitis,26,1
2013,2013-W15,Arunachal Pradesh,Pertussis,7,0
2013,2013-W15,Assam,Chickenpox,27,0
2013,2013-W15,Assam,Food Poisoning,11,0
2013,2013-W15,Bihar,Chickenpox,103,0
2013,2013-W15,Bihar,Measles,14,0
2013,2013-W15,Chhattisgarh,Chickenpox,17,0
2013,2013-W15,Haryana,Hepatitis E,88,0
2013,2013-W15,Jammu And Kashmir,Fever,162,0
2013,2013-W15,Kerala,Dengue,11,0
2013,2013-W15,Kerala,Hepatitis,24,0
2013,2013-W15,Madhya Pradesh,Acute Diarrheal Disease,16,0
2013,2013-W15,Maharashtra,Dengue,12,0
2013,2013-W15,Maharashtra,Fever,16,1
2013,2013-W15,Maharashtra,Food Poisoning,11,0
2013,2013-W15,Odisha,Acute Diarrheal Disease,48,0
2013,2013-W15,Odisha,Measles,11,0
2013,2013-W15,Punjab,Food Poisoning,32,3
2013,2013-W15,Tamil Nadu,Acute Diarrheal Disease,15,0
2013,2013-W15,Tamil Nadu,Chickenpox,8,0
2013,2013-W15,Tamil Nadu,Dengue,11,0
2013,2013-W15,Uttar Pradesh,Acute Diarrheal Disease,12,0
2013,2013-W15,West Bengal,Food Poisoning,95,0
2013,2013-W16,Andhra Pradesh,Acute Diarrheal Disease,148,0
2013,2013-W16,Andhra Pradesh,Chikungunya And Dengue,71,0
2013,2013-W16,Andhra Pradesh,Food Poisoning,55,0
2013,2013-W16,Andhra Pradesh,Hepatitis,11,0
2013,2013-W16,Assam,Acute Diarrheal Disease,43,3
2013,2013-W16,Assam,Hepatitis E,25,0
2013,2013-W16,Bihar,Measles,11,0
2013,2013-W16,Gujarat,Acute Diarrheal Disease,13,0
2013,2013-W16,Gujarat,Fever,11,0
2013,2013-W16,Gujarat,Food Poisoning,12,0
2013,2013-W16,Haryana,Hepatitis B And C,207,0
2013,2013-W16,Haryana,Hepatitis C,107,0
2013,2013-W16,Jammu And Kashmir,Acute Diarrheal Disease,60,0
2013,2013-W16,Jammu And Kashmir,Fever,164,0
2013,2013-W16,Jharkhand,Food Poisoning,54,0
2013,2013-W16,Karnataka,Acute Diarrheal Disease,203,1
2013,2013-W16,Karnataka,Chikungunya,15,0
2013,2013-W16,Karnataka,Cholera,209,0
2013,2013-W16,Karnataka,Dengue,25,0
2013,2013-W16,Karnataka,Fever,13,0
2013,2013-W16,Karnataka,Food Poisoning,82,3
2013,2013-W16,Karnataka,Mumps,8,0
2013,2013-W16,Kerala,Fever,12,0
2013,2013-W16,Madhya Pradesh,Acute Diarrheal Disease,24,0
2013,2013-W16,Odisha,Anthrax,14,0
2013,2013-W16,Punjab,Enteric Fever,54,0
2013,2013-W16,Punjab,Hepatitis B And C,14,0
2013,2013-W16,Punjab,Hepatitis C,21,0
2013,2013-W16,Tamil Nadu,Acute Diarrheal Disease,26,0
2013,2013-W16,Tamil Nadu,Chickenpox,38,0
2013,2013-W16,Tamil Nadu,Fever,37,0
2013,2013-W16,Tamil Nadu,Food Poisoning,22,0
2013,2013-W16,Uttar Pradesh,Food Poisoning,50,0
2013,2013-W16,Uttarakhand,Acute Diarrheal Disease,29,0
2013,2013-W16,West Bengal,Chickenpox,41,0
2013,2013-W16,West Bengal,Food Poisoning,176,1
2013,2013-W16,West Bengal,Hepatitis E,71,0
2013,2013-W16,West Bengal,Measles,148,0
2013,2013-W16,West Bengal,Rubella,24,0
2013,2013-W17,Andhra Pradesh,Food Poisoning,10,0
2013,2013-W17,Assam,Measles,103,0
2013,2013-W17,Bihar,Chickenpox,27,0
2013,2013-W17,Gujarat,Fever,50,0
2013,2013-W17,Gujarat,Hepatitis,11,0
2013,2013-W17,Gujarat,Malaria,14,0
2013,2013-W17,Jharkhand,Food Poisoning,95,0
2013,2013-W17,Karnataka,Acute Diarrheal Disease,148,0
2013,2013-W17,Karnataka,Chickenpox,19,0
2013,2013-W17,Karnataka,Cholera,40,2
2013,2013-W17,Karnataka,Leishmaniasis,22,0
2013,2013-W17,Karnataka,Measles,23,0
2013,2013-W17,Kerala,Cholera,18,2
2013,2013-W17,Kerala,Fever,38,0
2013,2013-W17,Kerala,Food Poisoning,25,0
2013,2013-W17,Madhya Pradesh,Acute Diarrheal Disease,11,0
2013,2013-W17,Madhya Pradesh,Food Poisoning,69,0
2013,2013-W17,Maharashtra,Dengue,22,0
2013,2013-W17,Maharashtra,Fever,79,0
2013,2013-W17,Odisha,Acute Diarrheal Disease,47,0
2013,2013-W17,Odisha,Food Poisoning,25,0
2013,2013-W17,Odisha,Rubella,45,0
2013,2013-W17,Uttarakhand,Fever,101,4
2013,2013-W17,West Bengal,Anthrax,14,0
2013,2013-W17,West Bengal,Food Poisoning,100,0
2013,2013-W17,West Bengal,Measles,44,0
2013,2013-W17,West Bengal,Rubella,164,0
2013,2013-W18,Andhra Pradesh,Acute Diarrheal Disease,44,0
2013,2013-W18,Andhra Pradesh,Chikungunya,37,0
2013,2013-W18,Andhra Pradesh,Dengue,43,0
2013,2013-W18,Andhra Pradesh,Fever,15,0
2013,2013-W18,Bihar,Acute Diarrheal Disease,24,0
2013,2013-W18,Bihar,Chickenpox,20,0
2013,2013-W18,Chhattisgarh,Acute Diarrheal Disease,26,0
2013,2013-W18,Chhattisgarh,Food Poisoning,201,0
2013,2013-W18,Gujarat,Acute Diarrheal Disease,12,0
2013,2013-W18,Gujarat,Fever,121,0
2013,2013-W18,Karnataka,Acute Diarrheal Disease,180,1
2013,2013-W18,Karnataka,Chickenpox,10,0
2013,2013-W18,Karnataka,Chikungunya,25,0
2013,2013-W18,Kerala,Acute Diarrheal Disease,15,0
2013,2013-W18,Kerala,Hepatitis,19,0
2013,2013-W18,Maharashtra,Fever,41,2
2013,2013-W18,Maharashtra,Food Poisoning,257,0
2013,2013-W18,Maharashtra,Measles,13,0
2013,2013-W18,Odisha,Acute Diarrheal Disease,162,0
2013,2013-W18,Odisha,Chickenpox,15,0
2013,2013-W18,Odisha,Food Poisoning,104,0
2013,2013-W18,Odisha,Measles,38,0
2013,2013-W18,Tripura,Food Poisoning,72,0
2013,2013-W18,Uttar Pradesh,Chickenpox,10,0
2013,2013-W18,West Bengal,Acute Diarrheal Disease,58,1
2013,2013-W18,West Bengal,Cholera,70,0
2013,2013-W18,West Bengal,Food Poisoning,31,0
2013,2013-W19,Assam,Acute Diarrheal Disease,19,1
2013,2013-W19,Assam,Chickenpox,13,0
2013,2013-W19,Assam,Food Poisoning,92,0
2013,2013-W19,Bihar,Chickenpox,53,0
2013,2013-W19,Bihar,Food Poisoning,49,0
2013,2013-W19,Chhattisgarh,Dengue,67,0
2013,2013-W19,Gujarat,Fever,28,0
2013,2013-W19,Haryana,Hepatitis E,126,0
2013,2013-W19,Haryana,Measles,31,0
2013,2013-W19,Jammu And Kashmir,Mumps,11,0
2013,2013-W19,Jharkhand,Chickenpox,113,0
2013,2013-W19,Jharkhand,Malaria,10,0
2013,2013-W19,Jharkhand,Measles,21,0
2013,2013-W19,Kerala,Acute Diarrheal Disease,13,0
2013,2013-W19,Kerala,Food Poisoning,33,0
2013,2013-W19,Kerala,Hepatitis,18,0
2013,2013-W19,Madhya Pradesh,Acute Diarrheal Disease,165,0
2013,2013-W19,Madhya Pradesh,Chickenpox,13,0
2013,2013-W19,Maharashtra,Acute Diarrheal Disease,144,0
2013,2013-W19,Maharashtra,Fever,21,0
2013,2013-W19,Maharashtra,Food Poisoning,194,0
2013,2013-W19,Odisha,Anthrax,25,0
2013,2013-W19,Odisha,Food Poisoning,82,0
2013,2013-W19,Punjab,Drug Side Effects,21,0
2013,2013-W19,Rajasthan,Food Poisoning,80,0
2013,2013-W19,Tamil Nadu,Fever,36,0
2013,2013-W19,Uttarakhand,Fever,10,0
2013,2013-W19,Uttarakhand,Hepatitis A And E,15,0
2013,2013-W19,West Bengal,Acute Diarrheal Disease,35,1
2013,2013-W19,West Bengal,Cholera,60,1
2013,2013-W19,West Bengal,Hepatitis A And E,52,0
2013,2013-W20,Andhra Pradesh,Acute Diarrheal Disease,22,0
2013,2013-W20,Andhra Pradesh,Fever,53,3
2013,2013-W20,Andhra Pradesh,Food Poisoning,124,0
2013,2013-W20,Assam,Acute Diarrheal Disease,27,1
2013,2013-W20,Assam,Fever,22,0
2013,2013-W20,Assam,Food Poisoning,145,0
2013,2013-W20,Assam,Mushroom Poisoning,5,0
2013,2013-W20,Bihar,Chickenpox,10,0
2013,2013-W20,Bihar,Malaria,53,0
2013,2013-W20,Bihar,Measles,10,0
2013,2013-W20,Gujarat,Acute Diarrheal Disease,22,0
2013,2013-W20,Gujarat,Food Poisoning,142,0
2013,2013-W20,Gujarat,Hepatitis E,19,0
2013,2013-W20,Haryana,Chickenpox,9,0
2013,2013-W20,Jammu And Kashmir,Food Poisoning,35,0
2013,2013-W20,Jammu And Kashmir,Measles,8,0
2013,2013-W20,Jharkhand,Chickenpox,17,0
2013,2013-W20,Jharkhand,Measles,45,0
2013,2013-W20,Karnataka,Acute Diarrheal Disease,207,1
2013,2013-W20,Karnataka,Chikungunya,25,0
2013,2013-W20,Karnataka,Cholera,32,0
2013,2013-W20,Karnataka,Dengue,61,0
2013,2013-W20,Karnataka,Fever,40,1
2013,2013-W20,Karnataka,Food Poisoning,12,0
2013,2013-W20,Karnataka,Measles,40,0
2013,2013-W20,Karnataka,Mumps,12,0
2013,2013-W20,Madhya Pradesh,Acute Diarrheal Disease,83,0
2013,2013-W20,Maharashtra,Acute Diarrheal Disease,32,0
2013,2013-W20,Maharashtra,Dengue,13,0
2013,2013-W20,Maharashtra,Fever,80,0
2013,2013-W20,Maharashtra,Malaria,13,0
2013,2013-W20,Maharashtra,Measles,42,0
2013,2013-W20,Odisha,Chickenpox,20,0
2013,2013-W20,Rajasthan,Fever,172,0
2013,2013-W20,Rajasthan,Food Poisoning,150,0
2013,2013-W20,Sikkim,Acute Diarrheal Disease,42,0
2013,2013-W20,Uttarakhand,Chickenpox,20,0
2013,2013-W20,West Bengal,Acute Diarrheal Disease,100,0
2013,2013-W20,West Bengal,Alcohol Poisoning,188,11
2013,2013-W20,West Bengal,Cholera,70,0
2013,2013-W20,West Bengal,Food Poisoning,101,0
2013,2013-W20,West Bengal,Measles,104,2
2013,2013-W20,West Bengal,Rubella,67,0
2013,2013-W21,Andhra Pradesh,Acute Diarrheal Disease,97,0
2013,2013-W21,Chhattisgarh,Malaria,79,0
2013,2013-W21,Goa,Acute Diarrheal Disease,74,0
2013,2013-W21,Gujarat,Cholera,87,2
2013,2013-W21,Gujarat,Fever,10,0
2013,2013-W21,Gujarat,Food Poisoning,188,0
2013,2013-W21,Jharkhand,Food Poisoning,18,0
2013,2013-W21,Karnataka,Acute Diarrheal Disease,62,0
2013,2013-W21,Karnataka,Dengue,60,0
2013,2013-W21,Karnataka,Fever,10,0
2013,2013-W21,Karnataka,Food Poisoning,39,0
2013,2013-W21,Kerala,Acute Diarrheal Disease,10,0
2013,2013-W21,Kerala,Dengue,79,0
2013,2013-W21,Kerala,Food Poisoning,99,0
2013,2013-W21,Madhya Pradesh,Food Poisoning,91,0
2013,2013-W21,Maharashtra,Acute Diarrheal Disease,233,0
2013,2013-W21,Maharashtra,Cholera,88,0
2013,2013-W21,Maharashtra,Dengue,14,0
2013,2013-W21,Maharashtra,Fever,11,1
2013,2013-W21,Maharashtra,Food Poisoning,16,0
2013,2013-W21,Maharashtra,Leishmaniasis,14,0
2013,2013-W21,Odisha,Chickenpox,25,0
2013,2013-W21,Rajasthan,Food Poisoning,217,0
2013,2013-W21,Uttar Pradesh,Acute Diarrheal Disease,33,1
2013,2013-W21,Uttar Pradesh,Food Poisoning,20,0
2013,2013-W21,West Bengal,Fever,88,0
2013,2013-W21,West Bengal,Food Poisoning,50,0
2013,2013-W21,West Bengal,Rubella,30,0
2013,2013-W22,Assam,Acute Diarrheal Disease,103,2
2013,2013-W22,Assam,Chickenpox,8,0
2013,2013-W22,Bihar,Acute Diarrheal Disease,17,1
2013,2013-W22,Bihar,Chickenpox,11,0
2013,2013-W22,Bihar,Food Poisoning,46,0
2013,2013-W22,Bihar,Measles,44,0
2013,2013-W22,Chhattisgarh,Food Poisoning,11,0
2013,2013-W22,Goa,Food Poisoning,45,1
2013,2013-W22,Gujarat,Acute Diarrheal Disease,173,0
2013,2013-W22,Gujarat,Food Poisoning,41,0
2013,2013-W22,Jammu And Kashmir,Acute Diarrheal Disease,194,0
2013,2013-W22,Jammu And Kashmir,Food Poisoning,277,0
2013,2013-W22,Karnataka,Acute Diarrheal Disease,126,0
2013,2013-W22,Karnataka,Dengue,45,0
2013,2013-W22,Karnataka,Fever,132,1
2013,2013-W22,Karnataka,Food Poisoning,196,0
2013,2013-W22,Kerala,Hepatitis A,48,0
2013,2013-W22,Madhya Pradesh,Acute Diarrheal Disease,29,0
2013,2013-W22,Madhya Pradesh,Chickenpox,27,0
2013,2013-W22,Maharashtra,Cholera,74,0
2013,2013-W22,Maharashtra,Dengue,121,0
2013,2013-W22,Maharashtra,Fever,148,1
2013,2013-W22,Maharashtra,Malaria,30,0
2013,2013-W22,Rajasthan,Acute Diarrheal Disease,198,0
2013,2013-W22,Rajasthan,Food Poisoning,152,0
2013,2013-W22,Uttar Pradesh,Food Poisoning,66,0
2013,2013-W22,Uttar Pradesh,Kala Azar,7,1
2013,2013-W22,Uttarakhand,Acute Diarrheal Disease,11,0
2013,2013-W22,West Bengal,Acute Diarrheal Disease,53,1
2013,2013-W22,West Bengal,Anthrax,10,1
2013,2013-W22,West Bengal,Cholera,144,0
2013,2013-W22,West Bengal,Fever,156,0
2013,2013-W22,West Bengal,Food Poisoning,118,0
2013,2013-W22,West Bengal,Measles,11,0
2013,2013-W23,Andhra Pradesh,Acute Diarrheal Disease,176,0
2013,2013-W23,Assam,Fever,52,0
2013,2013-W23,Assam,Food Poisoning,40,0
2013,2013-W23,Bihar,Acute Diarrheal Disease,37,0
2013,2013-W23,Bihar,Chickenpox,21,0
2013,2013-W23,Bihar,Food Poisoning,35,0
2013,2013-W23,Bihar,Measles,12,0
2013,2013-W23,Chhattisgarh,Chickenpox,8,0
2013,2013-W23,Chhattisgarh,Food Poisoning,36,0
2013,2013-W23,Gujarat,Acute Diarrheal Disease,27,0
2013,2013-W23,Gujarat,Cholera,51,0
2013,2013-W23,Gujarat,Dengue,10,0
2013,2013-W23,Gujarat,Food Poisoning,43,0
2013,2013-W23,Jharkhand,Chickenpox,13,0
2013,2013-W23,Jharkhand,Fever,50,0
2013,2013-W23,Jharkhand,Food Poisoning,51,0
2013,2013-W23,Karnataka,Acute Diarrheal Disease,81,0
2013,2013-W23,Karnataka,Chikungunya,92,0
2013,2013-W23,Karnataka,Cholera,50,0
2013,2013-W23,Karnataka,Dengue,57,0
2013,2013-W23,Karnataka,Fever,86,0
2013,2013-W23,Karnataka,Food Poisoning,128,0
2013,2013-W23,Karnataka,Measles,22,0
2013,2013-W23,Kerala,Dengue,16,0
2013,2013-W23,Kerala,Hepatitis A,65,0
2013,2013-W23,Odisha,Food Poisoning,42,1
2013,2013-W23,Tamil Nadu,Food Poisoning,71,0
2013,2013-W23,West Bengal,Acute Diarrheal Disease,561,1
2013,2013-W23,West Bengal,Food Poisoning,444,0
2013,2013-W24,Assam,Acute Encephalitic Syndrome,38,4
2013,2013-W24,Assam,Food Poisoning,42,0
2013,2013-W24,Bihar,Acute Diarrheal Disease,107,1
2013,2013-W24,Bihar,Chickenpox,10,0
2013,2013-W24,Bihar,Food Poisoning,84,0
2013,2013-W24,Goa,Cholera,97,1
2013,2013-W24,Gujarat,Food Poisoning,38,0
2013,2013-W24,Jammu And Kashmir,Mumps,74,0
2013,2013-W24,Karnataka,Acute Diarrheal Disease,67,2
2013,2013-W24,Karnataka,Dengue,21,0
2013,2013-W24,Karnataka,Fever,32,0
2013,2013-W24,Kerala,Food Poisoning,10,0
2013,2013-W24,Madhya Pradesh,Acute Diarrheal Disease,29,1
2013,2013-W24,Madhya Pradesh,Dengue,195,2
2013,2013-W24,Maharashtra,Dengue,35,1
2013,2013-W24,Maharashtra,Fever,332,1
2013,2013-W24,Maharashtra,Food Poisoning,214,0
2013,2013-W24,Odisha,Acute Diarrheal Disease,38,0
2013,2013-W24,Odisha,Fever,135,0
2013,2013-W24,Odisha,Food Poisoning,163,1
2013,2013-W24,Punjab,Hepatitis,39,0
2013,2013-W24,Punjab,Hepatitis E,9,0
2013,2013-W24,Punjab,Measles,21,0
2013,2013-W24,Rajasthan,Acute Diarrheal Disease,80,0
2013,2013-W24,Tamil Nadu,Leishmaniasis,20,0
2013,2013-W24,Uttarakhand,Acute Diarrheal Disease,15,0
2013,2013-W24,West Bengal,Acute Diarrheal Disease,406,0
2013,2013-W24,West Bengal,Fever,77,0
2013,2013-W24,West Bengal,Food Poisoning,67,0
2013,2013-W25,Andhra Pradesh,Fever,82,0
2013,2013-W25,Andhra Pradesh,Food Poisoning,147,0
2013,2013-W25,Assam,Food Poisoning,38,0
2013,2013-W25,Bihar,Acute Encephalitic Syndrome,124,32
2013,2013-W25,Gujarat,Acute Diarrheal Disease,67,0
2013,2013-W25,Gujarat,Cholera,24,0
2013,2013-W25,Gujarat,Hepatitis E,15,0
2013,2013-W25,Jammu And Kashmir,Acute Diarrheal Disease,103,0
2013,2013-W25,Jharkhand,Fever,143,0
2013,2013-W25,Madhya Pradesh,Fever,48,0
2013,2013-W25,Maharashtra,Dengue,38,1
2013,2013-W25,Odisha,Acute Diarrheal Disease,44,0
2013,2013-W25,Odisha,Anthrax,12,0
2013,2013-W25,Odisha,Food Poisoning,186,0
2013,2013-W25,Odisha,Rubella,28,0
2013,2013-W25,Tamil Nadu,Acute Diarrheal Disease,33,1
2013,2013-W25,Tamil Nadu,Chickenpox,15,0
2013,2013-W25,Tamil Nadu,Dengue,63,0
2013,2013-W25,Tamil Nadu,Fever,29,0
2013,2013-W25,Tamil Nadu,Food Poisoning,32,0
2013,2013-W25,Uttar Pradesh,Acute Diarrheal Disease,20,0
2013,2013-W25,Uttarakhand,Acute Diarrheal Disease,51,0
2013,2013-W25,West Bengal,Acute Diarrheal Disease,281,0
2013,2013-W25,West Bengal,Food Poisoning,360,0
2013,2013-W25,West Bengal,Hepatitis,503,0
2013,2013-W25,West Bengal,Measles And Rubella,111,0
2013,2013-W26,Andhra Pradesh,Acute Diarrheal Disease,48,2
2013,2013-W26,Andhra Pradesh,Food Poisoning,17,0
2013,2013-W26,Arunachal Pradesh,Malaria,52,0
2013,2013-W26,Bihar,Acute Diarrheal Disease,16,1
2013,2013-W26,Delhi,Acute Diarrheal Disease,190,2
2013,2013-W26,Goa,Food Poisoning,23,0
2013,2013-W26,Gujarat,Acute Diarrheal Disease,21,0
2013,2013-W26,Gujarat,Food Poisoning,20,0
2013,2013-W26,Gujarat,Hepatitis E,117,0
2013,2013-W26,Haryana,Acute Diarrheal Disease,20,0
2013,2013-W26,Jammu And Kashmir,Food Poisoning,168,0
2013,2013-W26,Jharkhand,Acute Diarrheal Disease,13,0
2013,2013-W26,Jharkhand,Fever,25,0
2013,2013-W26,Karnataka,Acute Diarrheal Disease,278,2
2013,2013-W26,Karnataka,Chikungunya,36,0
2013,2013-W26,Karnataka,Dengue,53,0
2013,2013-W26,Karnataka,Fever,13,0
2013,2013-W26,Karnataka,Food Poisoning,23,0
2013,2013-W26,Kerala,Acute Diarrheal Disease,118,0
2013,2013-W26,Kerala,Dengue,15,0
2013,2013-W26,Madhya Pradesh,Food Poisoning,135,0
2013,2013-W26,Maharashtra,Acute Diarrheal Disease,232,0
2013,2013-W26,Maharashtra,Cholera,9,0
2013,2013-W26,Maharashtra,Fever,217,4
2013,2013-W26,Maharashtra,Malaria,36,0
2013,2013-W26,Odisha,Acute Diarrheal Disease,13,0
2013,2013-W26,Rajasthan,Acute Diarrheal Disease,17,0
2013,2013-W26,Rajasthan,Food Poisoning,17,0
2013,2013-W26,Tamil Nadu,Acute Diarrheal Disease,11,0
2013,2013-W26,Tamil Nadu,Cholera,27,0
2013,2013-W26,Uttarakhand,Acute Diarrheal Disease,17,0
2013,2013-W26,Uttarakhand,Hepatitis A And E,17,0
2013,2013-W26,West Bengal,Acute Diarrheal Disease,13,0
2013,2013-W26,West Bengal,Cholera,126,0
2013,2013-W26,West Bengal,Food Poisoning,34,0
2013,2013-W27,Assam,Acute Encephalitis Syndrome (Japanese Encephalitis),230,68
2013,2013-W27,Assam,Fever,33,2
2013,2013-W27,Assam,Malaria,81,0
2013,2013-W27,Bihar,Acute Diarrheal Disease,59,5
2013,2013-W27,Bihar,Food Poisoning,500,0
2013,2013-W27,Chhattisgarh,Acute Diarrheal Disease,49,0
2013,2013-W27,Gujarat,Acute Diarrheal Disease,33,0
2013,2013-W27,Gujarat,Cholera,32,0
2013,2013-W27,Jammu And Kashmir,Measles,23,0
2013,2013-W27,Jammu And Kashmir,Mumps,26,0
2013,2013-W27,Jharkhand,Acute Diarrheal Disease,18,0
2013,2013-W27,Karnataka,Acute Diarrheal Disease,58,0
2013,2013-W27,Karnataka,Chikungunya,31,0
2013,2013-W27,Karnataka,Cholera,42,0
2013,2013-W27,Karnataka,Food Poisoning,22,0
2013,2013-W27,Madhya Pradesh,Acute Diarrheal Disease,80,2
2013,2013-W27,Madhya Pradesh,Fever,44,0
2013,2013-W27,Maharashtra,Measles,21,0
2013,2013-W27,Odisha,Acute Diarrheal Disease,15,0
2013,2013-W27,Odisha,Measles,67,1
2013,2013-W27,Rajasthan,Acute Diarrheal Disease,36,0
2013,2013-W27,Tamil Nadu,Chikungunya,82,0
2013,2013-W27,Tamil Nadu,Fever,22,0
2013,2013-W27,Uttar Pradesh,Acute Diarrheal Disease,43,0
2013,2013-W27,Uttarakhand,Food Poisoning,10,0
2013,2013-W27,West Bengal,Acute Diarrheal Disease,144,0
2013,2013-W27,West Bengal,Food Poisoning,176,0
2013,2013-W27,West Bengal,Hepatitis,33,0
2013,2013-W27,West Bengal,Hepatitis A,94,0
2013,2013-W28,Andhra Pradesh,Acute Diarrheal Disease,12,0
2013,2013-W28,Andhra Pradesh,Chikungunya,45,0
2013,2013-W28,Andhra Pradesh,Fever,93,2
2013,2013-W28,Andhra Pradesh,Food Poisoning,128,1
2013,2013-W28,Assam,Acute Encephalitis Syndrome (Japanese Encephalitis),123,19
2013,2013-W28,Bihar,Acute Diarrheal Disease,12,1
2013,2013-W28,Gujarat,Crimean-Congo Haemandrhagic Fever (Cchf),13,5
2013,2013-W28,Gujarat,Food Poisoning,12,0
2013,2013-W28,Jammu And Kashmir,Measles,25,0
2013,2013-W28,Jharkhand,Malaria,36,0
2013,2013-W28,Karnataka,Acute Diarrheal Disease,14,1
2013,2013-W28,Karnataka,Fever,11,0
2013,2013-W28,Karnataka,Malaria,11,0
2013,2013-W28,Kerala,Dengue,16,0
2013,2013-W28,Kerala,Hepatitis,37,0
2013,2013-W28,Kerala,Hepatitis A,24,0
2013,2013-W28,Madhya Pradesh,Acute Diarrheal Disease,84,0
2013,2013-W28,Madhya Pradesh,Fever,27,0
2013,2013-W28,Madhya Pradesh,Malaria,34,0
2013,2013-W28,Maharashtra,Acute Diarrheal Disease,144,0
2013,2013-W28,Maharashtra,Fever,45,2
2013,2013-W28,Maharashtra,Malaria,34,0
2013,2013-W28,Punjab,Acute Diarrheal Disease,12,0
2013,2013-W28,Rajasthan,Acute Diarrheal Disease,27,0
2013,2013-W28,Rajasthan,Malaria,40,2
2013,2013-W28,Tamil Nadu,Acute Diarrheal Disease,45,2
2013,2013-W28,Tamil Nadu,Fever,10,0
2013,2013-W28,Tamil Nadu,Food Poisoning,93,0
2013,2013-W28,Tamil Nadu,Leptospirosis,34,0
2013,2013-W28,Uttarakhand,Acute Diarrheal Disease,155,4
2013,2013-W28,Uttarakhand,Hepatitis A,17,0
2013,2013-W28,West Bengal,Acute Diarrheal Disease,862,5
2013,2013-W28,West Bengal,Dengue,215,0
2013,2013-W28,West Bengal,Food Poisoning,117,0
2013,2013-W28,West Bengal,Hepatitis,23,0
2013,2013-W28,West Bengal,Measles,19,0
2013,2013-W29,Andhra Pradesh,Acute Diarrheal Disease,50,1
2013,2013-W29,Andhra Pradesh,Food Poisoning,38,0
2013,2013-W29,Arunachal Pradesh,Acute Diarrhoeal Disease And Respiratandy Tract Infection And Viral Infection,200,2
2013,2013-W29,Assam,Food Poisoning,22,0
2013,2013-W29,Bihar,Food Poisoning,101,23
2013,2013-W29,Chhattisgarh,Acute Diarrheal Disease,48,0
2013,2013-W29,Gujarat,Acute Diarrheal Disease,39,0
2013,2013-W29,Gujarat,Cholera,23,0
2013,2013-W29,Gujarat,Food Poisoning,38,0
2013,2013-W29,Karnataka,Acute Diarrheal Disease,100,0
2013,2013-W29,Karnataka,Dengue,30,0
2013,2013-W29,Karnataka,Fever,20,0
2013,2013-W29,Karnataka,Food Poisoning,22,0
2013,2013-W29,Karnataka,Hepatitis E,12,0
2013,2013-W29,Kerala,Chickenpox,12,0
2013,2013-W29,Kerala,Dengue,18,0
2013,2013-W29,Madhya Pradesh,Acute Diarrheal Disease,88,1
2013,2013-W29,Madhya Pradesh,Fever,131,0
2013,2013-W29,Madhya Pradesh,Mushroom Poisoning,11,0
2013,2013-W29,Maharashtra,Chikungunya,30,0
2013,2013-W29,Maharashtra,Chikungunya And Dengue,20,0
2013,2013-W29,Maharashtra,Cholera,105,1
2013,2013-W29,Maharashtra,Measles,14,0
2013,2013-W29,Rajasthan,Acute Diarrheal Disease,25,0
2013,2013-W29,Rajasthan,Food Poisoning,40,0
2013,2013-W29,Tamil Nadu,Acute Diarrheal Disease,15,0
2013,2013-W29,Tamil Nadu,Cholera,13,0
2013,2013-W29,Tamil Nadu,Food Poisoning,183,0
2013,2013-W29,Tamil Nadu,Leishmaniasis,27,0
2013,2013-W29,Uttar Pradesh,Food Poisoning,14,0
2013,2013-W29,Uttarakhand,Hepatitis A,19,0
2013,2013-W29,West Bengal,Acute Diarrheal Disease,189,1
2013,2013-W29,West Bengal,Dengue,305,0
2013,2013-W29,West Bengal,Food Poisoning,72,0
2013,2013-W30,Andhra Pradesh,Acute Diarrheal Disease,99,0
2013,2013-W30,Assam,Acute Encephalitis Syndrome (Japanese Encephalitis),25,6
2013,2013-W30,Bihar,Acute Diarrheal Disease,56,2
2013,2013-W30,Bihar,Food Poisoning,17,0
2013,2013-W30,Chhattisgarh,Acute Diarrheal Disease,16,1
2013,2013-W30,Dadra And Nagar Haveli,Cholera,12,0
2013,2013-W30,Delhi,Cholera,50,1
2013,2013-W30,Goa,Food Poisoning,43,0
2013,2013-W30,Gujarat,Acute Diarrheal Disease,20,0
2013,2013-W30,Gujarat,Hepatitis,32,0
2013,2013-W30,Jammu And Kashmir,Acute Diarrheal Disease,190,0
2013,2013-W30,Jharkhand,Acute Diarrheal Disease,51,0
2013,2013-W30,Karnataka,Acute Diarrheal Disease,113,1
2013,2013-W30,Karnataka,Chikungunya,15,0
2013,2013-W30,Karnataka,Cholera,36,0
2013,2013-W30,Karnataka,Food Poisoning,36,0
2013,2013-W30,Madhya Pradesh,Acute Diarrheal Disease,153,4
2013,2013-W30,Madhya Pradesh,Acute Febrile Illness And Viral Fever,125,0
2013,2013-W30,Madhya Pradesh,Food Poisoning,33,0
2013,2013-W30,Madhya Pradesh,Malaria,41,0
2013,2013-W30,Maharashtra,Acute Diarrheal Disease,80,0
2013,2013-W30,Maharashtra,Dengue,45,0
2013,2013-W30,Maharashtra,Fever,137,3
2013,2013-W30,Maharashtra,Malaria,37,0
2013,2013-W30,Manipur,Scrub Typhus,7,0
2013,2013-W30,Meghalaya,Malaria,16,7
2013,2013-W30,Punjab,Hepatitis C,131,0
2013,2013-W30,Punjab,Mumps,11,0
2013,2013-W30,Rajasthan,Fever,42,0
2013,2013-W30,Tamil Nadu,Acute Diarrheal Disease,17,0
2013,2013-W30,Tamil Nadu,Chikungunya,53,0
2013,2013-W30,Tamil Nadu,Fever,25,0
2013,2013-W30,Tamil Nadu,Food Poisoning,43,0
2013,2013-W30,Uttar Pradesh,Acute Diarrheal Disease,20,0
2013,2013-W30,Uttarakhand,Acute Diarrheal Disease,12,2
2013,2013-W30,Uttarakhand,Viral Fever,62,0
2013,2013-W30,West Bengal,Acute Diarrheal Disease,22,0
2013,2013-W30,West Bengal,Cholera,21,0
2013,2013-W30,West Bengal,Dengue,372,1
2013,2013-W30,West Bengal,Food Poisoning,46,0
2013,2013-W30,West Bengal,Hepatitis,21,0
2013,2013-W31,Andhra Pradesh,Acute Diarrheal Disease,174,1
2013,2013-W31,Andhra Pradesh,Fever,24,0
2013,2013-W31,Assam,Acute Encephalitis Syndrome (Japanese Encephalitis),426,114
2013,2013-W31,Assam,Cholera,14,0
2013,2013-W31,Assam,Food Poisoning,81,0
2013,2013-W31,Bihar,Food Poisoning,153,0
2013,2013-W31,Chhattisgarh,Malaria,146,0
2013,2013-W31,Gujarat,Food Poisoning,30,0
2013,2013-W31,Gujarat,Hepatitis E,19,0
2013,2013-W31,Jharkhand,Food Poisoning,17,0
2013,2013-W31,Karnataka,Acute Diarrheal Disease,129,0
2013,2013-W31,Karnataka,Cholera,72,0
2013,2013-W31,Karnataka,Food Poisoning,43,0
2013,2013-W31,Kerala,Food Poisoning,12,0
2013,2013-W31,Madhya Pradesh,Acute Diarrheal Disease,76,0
2013,2013-W31,Madhya Pradesh,Dengue,24,0
2013,2013-W31,Madhya Pradesh,Fever,25,0
2013,2013-W31,Maharashtra,Acute Diarrheal Disease,20,0
2013,2013-W31,Maharashtra,Dengue,50,0
2013,2013-W31,Maharashtra,Fever,81,2
2013,2013-W31,Maharashtra,Hepatitis,22,1
2013,2013-W31,Punjab,Acute Diarrheal Disease,15,0
2013,2013-W31,Rajasthan,Food Poisoning,79,0
2013,2013-W31,Tamil Nadu,Chikungunya,45,0
2013,2013-W31,Uttar Pradesh,Acute Diarrheal Disease,77,0
2013,2013-W31,Uttar Pradesh,Fever,25,0
2013,2013-W31,Uttar Pradesh,Food Poisoning,16,0
2013,2013-W31,West Bengal,Acute Diarrheal Disease,184,1
2013,2013-W32,Andhra Pradesh,Acute Diarrheal Disease,34,2
2013,2013-W32,Andhra Pradesh,Food Poisoning,42,0
2013,2013-W32,Assam,Japanese Encephalitis,24,7
2013,2013-W32,Chhattisgarh,Acute Diarrheal Disease,166,0
2013,2013-W32,Gujarat,Crimean-Congo Haemandrhagic Fever (Cchf),5,4
2013,2013-W32,Jammu And Kashmir,Acute Diarrheal Disease,336,1
2013,2013-W32,Karnataka,Acute Diarrheal Disease,67,0
2013,2013-W32,Karnataka,Cholera,24,0
2013,2013-W32,Karnataka,Dengue,14,0
2013,2013-W32,Karnataka,Fever,22,0
2013,2013-W32,Madhya Pradesh,Acute Diarrheal Disease,62,2
2013,2013-W32,Madhya Pradesh,Fever,70,0
2013,2013-W32,Madhya Pradesh,Food Poisoning,25,0
2013,2013-W32,Madhya Pradesh,Malaria,627,0
2013,2013-W32,Maharashtra,Acute Diarrheal Disease,16,0
2013,2013-W32,Maharashtra,Cholera,109,0
2013,2013-W32,Maharashtra,Dengue,43,0
2013,2013-W32,Maharashtra,Fever,121,3
2013,2013-W32,Mizoram,Acute Diarrheal Disease,35,0
2013,2013-W32,Tamil Nadu,Chikungunya,13,0
2013,2013-W32,Tamil Nadu,Dengue,28,0
2013,2013-W32,Tripura,Japanese Encephalitis,14,0
2013,2013-W32,Uttarakhand,Hepatitis A,5,0
2013,2013-W32,West Bengal,Acute Diarrheal Disease,317,2
2013,2013-W32,West Bengal,Cholera,13,0
2013,2013-W32,West Bengal,Hepatitis,18,0
2013,2013-W32,West Bengal,Hepatitis A,25,0
2013,2013-W33,Andhra Pradesh,Acute Diarrheal Disease,32,0
2013,2013-W33,Andhra Pradesh,Fever,66,1
2013,2013-W33,Andhra Pradesh,Food Poisoning,38,0
2013,2013-W33,Assam,Food Poisoning,100,0
2013,2013-W33,Chhattisgarh,Acute Diarrheal Disease,21,0
2013,2013-W33,Chhattisgarh,Food Poisoning,54,0
2013,2013-W33,Gujarat,Crimean-Congo Haemandrhagic Fever (Cchf),1,0
2013,2013-W33,Jammu And Kashmir,Acute Diarrheal Disease,46,0
2013,2013-W33,Jammu And Kashmir,Chickenpox,12,0
2013,2013-W33,Karnataka,Acute Diarrheal Disease,65,0
2013,2013-W33,Karnataka,Dengue,55,0
2013,2013-W33,Karnataka,Food Poisoning,33,0
2013,2013-W33,Kerala,Chickenpox,14,0
2013,2013-W33,Madhya Pradesh,Acute Diarrheal Disease,105,1
2013,2013-W33,Madhya Pradesh,Fever,28,0
2013,2013-W33,Maharashtra,Acute Diarrheal Disease,17,0
2013,2013-W33,Maharashtra,Fever,84,0
2013,2013-W33,Maharashtra,Viral Fever,32,0
2013,2013-W33,Manipur,Viral Fever,46,0
2013,2013-W33,Odisha,Acute Diarrheal Disease,104,0
2013,2013-W33,Odisha,Cholera,22,0
2013,2013-W33,Odisha,Food Poisoning,110,0
2013,2013-W33,Punjab,Acute Diarrheal Disease,15,0
2013,2013-W33,Tamil Nadu,Fever,16,0
2013,2013-W33,Uttarakhand,Food Poisoning,9,1
2013,2013-W33,West Bengal,Acute Diarrheal Disease,38,0
2013,2013-W33,West Bengal,Cholera,97,1
2013,2013-W33,West Bengal,Dengue,36,0
2013,2013-W33,West Bengal,Food Poisoning,111,0
2013,2013-W34,Andhra Pradesh,Cholera,93,3
2013,2013-W34,Assam,Food Poisoning,33,0
2013,2013-W34,Bihar,Acute Diarrheal Disease,27,0
2013,2013-W34,Bihar,Dengue,346,0
2013,2013-W34,Bihar,Food Poisoning,30,0
2013,2013-W34,Chhattisgarh,Acute Diarrheal Disease,50,0
2013,2013-W34,Chhattisgarh,Food Poisoning,26,0
2013,2013-W34,Gujarat,Acute Diarrheal Disease,13,0
2013,2013-W34,Himachal Pradesh,Acute Diarrheal Disease,285,0
2013,2013-W34,Jammu And Kashmir,Acute Diarrheal Disease,172,0
2013,2013-W34,Jammu And Kashmir,Chickenpox,17,0
2013,2013-W34,Jharkhand,Malaria,66,0
2013,2013-W34,Jharkhand,Measles,15,0
2013,2013-W34,Karnataka,Acute Diarrheal Disease,20,0
2013,2013-W34,Karnataka,Dengue,55,0
2013,2013-W34,Kerala,Chickenpox,21,0
2013,2013-W34,Kerala,Food Poisoning,16,0
2013,2013-W34,Madhya Pradesh,Acute Diarrheal Disease,24,1
2013,2013-W34,Maharashtra,Dengue,30,1
2013,2013-W34,Maharashtra,Fever,82,2
2013,2013-W34,Odisha,Acute Diarrheal Disease,12,0
2013,2013-W34,Punjab,Acute Diarrheal Disease,99,0
2013,2013-W34,Uttar Pradesh,Acute Diarrheal Disease,403,3
2013,2013-W34,West Bengal,Acute Diarrheal Disease,172,0
2013,2013-W34,West Bengal,Cholera,121,3
2013,2013-W34,West Bengal,Dengue,189,1
2013,2013-W35,Andhra Pradesh,Anthrax,4,0
2013,2013-W35,Andhra Pradesh,Cholera,201,3
2013,2013-W35,Andhra Pradesh,Fever,14,0
2013,2013-W35,Assam,Dengue,130,0
2013,2013-W35,Bihar,Acute Diarrheal Disease,20,2
2013,2013-W35,Bihar,Dengue,971,0
2013,2013-W35,Delhi,Cholera,50,1
2013,2013-W35,Gujarat,Acute Diarrheal Disease,32,0
2013,2013-W35,Gujarat,Crimean-Congo Haemandrhagic Fever (Cchf),11,2
2013,2013-W35,Haryana,Cholera,133,0
2013,2013-W35,Jammu And Kashmir,Acute Diarrheal Disease,60,1
2013,2013-W35,Jammu And Kashmir,Fever,20,0
2013,2013-W35,Jammu And Kashmir,Mumps,28,0
2013,2013-W35,Jharkhand,Acute Diarrheal Disease,29,0
2013,2013-W35,Karnataka,Acute Diarrheal Disease,51,0
2013,2013-W35,Karnataka,Cholera,106,0
2013,2013-W35,Karnataka,Dengue,60,0
2013,2013-W35,Karnataka,Fever,100,0
2013,2013-W35,Karnataka,Food Poisoning,16,0
2013,2013-W35,Madhya Pradesh,Acute Diarrheal Disease,129,3
2013,2013-W35,Madhya Pradesh,Fever,138,0
2013,2013-W35,Madhya Pradesh,Food Poisoning,16,0
2013,2013-W35,Maharashtra,Dengue,132,0
2013,2013-W35,Maharashtra,Fever,204,3
2013,2013-W35,Maharashtra,Malaria,70,0
2013,2013-W35,Punjab,Cholera,46,0
2013,2013-W35,Sikkim,Dengue,103,0
2013,2013-W35,Tamil Nadu,Acute Diarrheal Disease,55,0
2013,2013-W35,Tamil Nadu,Chikungunya,18,0
2013,2013-W35,Tamil Nadu,Dengue,12,0
2013,2013-W35,Tamil Nadu,Food Poisoning,231,0
2013,2013-W35,Tamil Nadu,Leptospirosis,14,0
2013,2013-W35,Uttarakhand,Acute Diarrheal Disease,26,0
2013,2013-W35,Uttarakhand,Hepatitis A And E,6,0
2013,2013-W35,West Bengal,Acute Diarrheal Disease,457,1
2013,2013-W35,West Bengal,Anthrax,7,0
2013,2013-W35,West Bengal,Measles,16,0
2013,2013-W36,Assam,Acute Diarrheal Disease,16,0
2013,2013-W36,Bihar,Acute Diarrheal Disease,106,1
2013,2013-W36,Bihar,Food Poisoning,26,1
2013,2013-W36,Chhattisgarh,Acute Diarrheal Disease,517,2
2013,2013-W36,Goa,Food Poisoning,23,0
2013,2013-W36,Gujarat,Dengue,49,1
2013,2013-W36,Gujarat,Hepatitis,21,0
2013,2013-W36,Gujarat,Measles,64,0
2013,2013-W36,Jammu And Kashmir,Acute Diarrheal Disease,40,0
2013,2013-W36,Jammu And Kashmir,Chickenpox,12,0
2013,2013-W36,Jammu And Kashmir,Fever,28,0
2013,2013-W36,Jammu And Kashmir,Food Poisoning,89,0
2013,2013-W36,Jammu And Kashmir,Hepatitis,12,0
2013,2013-W36,Jammu And Kashmir,Mumps,122,0
2013,2013-W36,Jharkhand,Acute Diarrheal Disease,15,0
2013,2013-W36,Karnataka,Acute Diarrheal Disease,12,0
2013,2013-W36,Karnataka,Dengue,20,0
2013,2013-W36,Karnataka,Fever,15,0
2013,2013-W36,Karnataka,Food Poisoning,13,0
2013,2013-W36,Karnataka,Mumps,34,0
2013,2013-W36,Madhya Pradesh,Acute Diarrheal Disease,48,0
2013,2013-W36,Madhya Pradesh,Fever,22,0
2013,2013-W36,Madhya Pradesh,Malaria,278,2
2013,2013-W36,Maharashtra,Cholera,45,2
2013,2013-W36,Maharashtra,Fever,169,7
2013,2013-W36,Punjab,Cholera,15,0
2013,2013-W36,Punjab,Mumps,30,0
2013,2013-W36,West Bengal,Acute Diarrheal Disease,486,0
2013,2013-W36,West Bengal,Cholera,256,0
2013,2013-W36,West Bengal,Dengue,103,0
2013,2013-W36,West Bengal,Food Poisoning,60,0
2013,2013-W36,West Bengal,Hepatitis,29,0
2013,2013-W37,Andhra Pradesh,Acute Diarrheal Disease,160,2
2013,2013-W37,Andhra Pradesh,Food Poisoning,67,0
2013,2013-W37,Assam,Acute Diarrheal Disease,39,1
2013,2013-W37,Assam,Hepatitis A,40,2
2013,2013-W37,Bihar,Acute Diarrheal Disease,224,3
2013,2013-W37,Bihar,Food Poisoning,18,0
2013,2013-W37,Chhattisgarh,Acute Diarrheal Disease,25,0
2013,2013-W37,Gujarat,Acute Diarrheal Disease,20,0
2013,2013-W37,Gujarat,Crimean-Congo Haemandrhagic Fever (Cchf),1,1
2013,2013-W37,Haryana,Malaria,68,5
2013,2013-W37,Jharkhand,Acute Diarrheal Disease,21,1
2013,2013-W37,Jharkhand,Fever,11,0
2013,2013-W37,Karnataka,Dengue,22,0
2013,2013-W37,Karnataka,Fever,47,0
2013,2013-W37,Madhya Pradesh,Acute Diarrheal Disease,16,0
2013,2013-W37,Madhya Pradesh,Malaria,62,0
2013,2013-W37,Maharashtra,Acute Diarrheal Disease,67,0
2013,2013-W37,Maharashtra,Fever,86,4
2013,2013-W37,Manipur,Fever,30,1
2013,2013-W37,Odisha,Acute Diarrheal Disease,54,0
2013,2013-W37,Odisha,Food Poisoning,73,0
2013,2013-W37,Odisha,Hepatitis,23,0
2013,2013-W37,Sikkim,Dengue,154,1
2013,2013-W37,Uttar Pradesh,Acute Diarrheal Disease,39,3
2013,2013-W37,Uttar Pradesh,Fever,38,0
2013,2013-W37,West Bengal,Acute Diarrheal Disease,23,1
2013,2013-W37,West Bengal,Dengue,591,0
2013,2013-W37,West Bengal,Food Poisoning,221,0
2013,2013-W37,West Bengal,Hepatitis A,40,0
2013,2013-W38,Andhra Pradesh,Fever,42,1
2013,2013-W38,Andhra Pradesh,Food Poisoning,12,0
2013,2013-W38,Arunachal Pradesh,Scrub Typhus,9,0
2013,2013-W38,Assam,Food Poisoning,146,1
2013,2013-W38,Bihar,Acute Diarrheal Disease,25,0
2013,2013-W38,Chhattisgarh,Acute Diarrheal Disease,32,0
2013,2013-W38,Delhi,Dengue,1345,2
2013,2013-W38,Gujarat,Acute Diarrheal Disease,9,1
2013,2013-W38,Jammu And Kashmir,Fever,89,4
2013,2013-W38,Jammu And Kashmir,Mumps,10,0
2013,2013-W38,Jharkhand,Malaria,23,0
2013,2013-W38,Karnataka,Acute Diarrheal Disease,33,0
2013,2013-W38,Karnataka,Cholera,19,0
2013,2013-W38,Karnataka,Food Poisoning,84,0
2013,2013-W38,Karnataka,"Hand, Foot And Mouth Disease (Hfmd)",9,0
2013,2013-W38,Karnataka,Scrub Typhus,8,0
2013,2013-W38,Kerala,Chickenpox,17,0
2013,2013-W38,Kerala,Food Poisoning,54,0
2013,2013-W38,Madhya Pradesh,Food Poisoning,150,0
2013,2013-W38,Maharashtra,Cholera,10,0
2013,2013-W38,Maharashtra,Fever,167,4
2013,2013-W38,Maharashtra,Hepatitis A,12,0
2013,2013-W38,Maharashtra,Malaria,12,1
2013,2013-W38,Punjab,Cholera,22,0
2013,2013-W38,Punjab,Diphtheria,6,1
2013,2013-W38,Rajasthan,Food Poisoning,48,1
2013,2013-W38,Tamil Nadu,Fever,11,0
2013,2013-W38,Uttar Pradesh,Acute Diarrheal Disease,25,2
2013,2013-W38,Uttarakhand,Dengue,50,1
2013,2013-W38,Uttarakhand,Fever,10,1
2013,2013-W38,West Bengal,Acute Diarrheal Disease,366,2
2013,2013-W38,West Bengal,Cholera,207,1
2013,2013-W38,West Bengal,Dengue,26,0
2013,2013-W38,West Bengal,Food Poisoning,46,0
2013,2013-W39,Andhra Pradesh,Acute Diarrheal Disease,17,0
2013,2013-W39,Andhra Pradesh,Food Poisoning,12,0
2013,2013-W39,Assam,Acute Diarrheal Disease,225,0
2013,2013-W39,Assam,Fever,65,0
2013,2013-W39,Bihar,Acute Diarrheal Disease,107,1
2013,2013-W39,Chhattisgarh,Food Poisoning,179,0
2013,2013-W39,Delhi,Dengue,2115,3
2013,2013-W39,Gujarat,Acute Diarrheal Disease,41,0
2013,2013-W39,Gujarat,Dengue,6,0
2013,2013-W39,Gujarat,Food Poisoning,19,0
2013,2013-W39,Haryana,Cholera,61,0
2013,2013-W39,Jammu And Kashmir,Mumps,16,0
2013,2013-W39,Jharkhand,Acute Diarrheal Disease,25,0
2013,2013-W39,Karnataka,Acute Diarrheal Disease,13,0
2013,2013-W39,Karnataka,Fever,105,0
2013,2013-W39,Madhya Pradesh,Acute Diarrheal Disease,37,1
2013,2013-W39,Madhya Pradesh,Fever,25,1
2013,2013-W39,Madhya Pradesh,Malaria,25,0
2013,2013-W39,Maharashtra,Acute Diarrheal Disease,25,0
2013,2013-W39,Maharashtra,Cholera,9,0
2013,2013-W39,Maharashtra,Dengue,30,0
2013,2013-W39,Maharashtra,Fever,356,5
2013,2013-W39,Odisha,Acute Diarrheal Disease,28,0
2013,2013-W39,Odisha,Food Poisoning,108,5
2013,2013-W39,Odisha,Measles,69,0
2013,2013-W39,Punjab,Food Poisoning,14,0
2013,2013-W39,Rajasthan,Scrub Typhus,357,8
2013,2013-W39,Tamil Nadu,Chikungunya And Dengue,12,0
2013,2013-W39,Tamil Nadu,Fever,69,0
2013,2013-W39,West Bengal,Acute Diarrheal Disease,97,0
2013,2013-W39,West Bengal,Food Poisoning,272,0
2013,2013-W40,Andhra Pradesh,Acute Diarrheal Disease,11,2
2013,2013-W40,Andhra Pradesh,Fever,51,1
2013,2013-W40,Assam,Food Poisoning,198,0
2013,2013-W40,Bihar,Acute Diarrheal Disease,12,1
2013,2013-W40,Bihar,Food Poisoning,58,0
2013,2013-W40,Chhattisgarh,Cholera,66,19
2013,2013-W40,Chhattisgarh,Food Poisoning,40,0
2013,2013-W40,Gujarat,Food Poisoning,18,0
2013,2013-W40,Gujarat,Hepatitis A,11,0
2013,2013-W40,Haryana,Cholera,13,0
2013,2013-W40,Jharkhand,Acute Diarrheal Disease,35,0
2013,2013-W40,Karnataka,Cholera,20,0
2013,2013-W40,Kerala,Hepatitis,34,0
2013,2013-W40,Kerala,Hepatitis A,41,0
2013,2013-W40,Madhya Pradesh,Fever,187,0
2013,2013-W40,Maharashtra,Acute Diarrheal Disease,58,2
2013,2013-W40,Maharashtra,Dengue,67,1
2013,2013-W40,Maharashtra,Fever,24,1
2013,2013-W40,Maharashtra,Hepatitis E,32,0
2013,2013-W40,Odisha,Acute Diarrheal Disease,20,0
2013,2013-W40,Punjab,Diphtheria,6,1
2013,2013-W40,Tamil Nadu,Acute Diarrheal Disease,33,1
2013,2013-W40,Tamil Nadu,Chikungunya,15,0
2013,2013-W40,Tamil Nadu,Dengue,12,0
2013,2013-W40,Tamil Nadu,Fever,38,0
2013,2013-W40,Tamil Nadu,Food Poisoning,118,0
2013,2013-W40,Uttar Pradesh,Fever,86,1
2013,2013-W40,Uttarakhand,"Hand, Foot And Mouth Disease (Hfmd)",6,0
2013,2013-W40,West Bengal,Acute Diarrheal Disease,209,1
2013,2013-W40,West Bengal,Cholera,287,1
2013,2013-W40,West Bengal,Hepatitis,10,0
2013,2013-W41,Assam,Cholera,28,0
2013,2013-W41,Bihar,Acute Diarrheal Disease,52,2
2013,2013-W41,Bihar,Diphtheria,229,6
2013,2013-W41,Chhattisgarh,Acute Diarrheal Disease,65,0
2013,2013-W41,Delhi,Dengue,3519,5
2013,2013-W41,Gujarat,Acute Diarrheal Disease,49,0
2013,2013-W41,Gujarat,Fever,11,4
2013,2013-W41,Gujarat,Food Poisoning,37,0
2013,2013-W41,Haryana,Cholera,60,1
2013,2013-W41,Jammu And Kashmir,Acute Diarrheal Disease,48,0
2013,2013-W41,Jammu And Kashmir,Mumps,45,0
2013,2013-W41,Jharkhand,Acute Diarrheal Disease,74,1
2013,2013-W41,Kerala,Food Poisoning,24,0
2013,2013-W41,Madhya Pradesh,Malaria,643,5
2013,2013-W41,Maharashtra,Dengue,17,0
2013,2013-W41,Maharashtra,Fever,105,3
2013,2013-W41,Maharashtra,Measles,52,0
2013,2013-W41,Odisha,Acute Diarrheal Disease,55,0
2013,2013-W41,Tamil Nadu,Dengue,36,0
2013,2013-W41,Tamil Nadu,Fever,33,0
2013,2013-W41,Uttar Pradesh,Acute Diarrheal Disease,62,0
2013,2013-W41,Uttar Pradesh,Fever,17,0
2013,2013-W41,West Bengal,Acute Diarrheal Disease,128,0
2013,2013-W41,West Bengal,Fever,93,0
2013,2013-W41,West Bengal,Food Poisoning,27,0
2013,2013-W42,Andhra Pradesh,Fever,32,0
2013,2013-W42,Bihar,Food Poisoning,152,0
2013,2013-W42,Chhattisgarh,Acute Diarrheal Disease,13,0
2013,2013-W42,Gujarat,Fever,18,0
2013,2013-W42,Gujarat,Food Poisoning,30,0
2013,2013-W42,Jammu And Kashmir,Fever,32,0
2013,2013-W42,Jharkhand,Acute Diarrheal Disease,20,0
2013,2013-W42,Karnataka,Food Poisoning,85,2
2013,2013-W42,Kerala,Hepatitis A,17,0
2013,2013-W42,Madhya Pradesh,Fever,29,0
2013,2013-W42,Maharashtra,Acute Diarrheal Disease,86,1
2013,2013-W42,Maharashtra,Chikungunya,21,0
2013,2013-W42,Maharashtra,Cholera,13,1
2013,2013-W42,Maharashtra,Dengue,18,0
2013,2013-W42,Maharashtra,Fever,160,3
2013,2013-W42,Nagaland,Food Poisoning,502,0
2013,2013-W42,Odisha,Acute Diarrheal Disease,10,0
2013,2013-W42,Rajasthan,Food Poisoning,11,0
2013,2013-W42,Tamil Nadu,Acute Diarrheal Disease,11,0
2013,2013-W42,Tamil Nadu,Chikungunya,13,0
2013,2013-W42,Tamil Nadu,Fever And Chikungunya,34,0
2013,2013-W42,Uttar Pradesh,Dengue,14,0
2013,2013-W42,West Bengal,Acute Diarrheal Disease,501,3
2013,2013-W42,West Bengal,Cholera,768,0
2013,2013-W43,Andhra Pradesh,Acute Diarrheal Disease,11,0
2013,2013-W43,Assam,Acute Diarrheal Disease,10,2
2013,2013-W43,Bihar,Food Poisoning,295,1
2013,2013-W43,Chhattisgarh,Acute Diarrheal Disease,67,3
2013,2013-W43,Chhattisgarh,Food Poisoning,25,0
2013,2013-W43,Chhattisgarh,Malaria,36,0
2013,2013-W43,Gujarat,Acute Diarrheal Disease,38,0
2013,2013-W43,Himachal Pradesh,Dengue,30,0
2013,2013-W43,Karnataka,Acute Diarrheal Disease,20,0
2013,2013-W43,Karnataka,Chikungunya,31,0
2013,2013-W43,Karnataka,Cholera,226,0
2013,2013-W43,Karnataka,Fever,17,0
2013,2013-W43,Karnataka,Food Poisoning,17,0
2013,2013-W43,Karnataka,Mumps,10,0
2013,2013-W43,Madhya Pradesh,Fever,300,0
2013,2013-W43,Madhya Pradesh,Food Poisoning,60,0
2013,2013-W43,Madhya Pradesh,Malaria,102,5
2013,2013-W43,Maharashtra,Acute Diarrheal Disease,66,0
2013,2013-W43,Maharashtra,Chikungunya And Dengue,18,0
2013,2013-W43,Maharashtra,Cholera,67,1
2013,2013-W43,Maharashtra,Dengue,23,0
2013,2013-W43,Maharashtra,Fever,107,2
2013,2013-W43,Maharashtra,Measles,31,0
2013,2013-W43,Odisha,Acute Diarrheal Disease,37,0
2013,2013-W43,Tamil Nadu,Dengue,23,0
2013,2013-W43,Tamil Nadu,Fever,14,0
2013,2013-W43,Tamil Nadu,Hepatitis,21,0
2013,2013-W43,Uttar Pradesh,Food Poisoning,6,1
2013,2013-W43,West Bengal,Acute Diarrheal Disease,1107,2
2013,2013-W43,West Bengal,Anthrax,22,0
2013,2013-W43,West Bengal,Cholera,23,0
2013,2013-W43,West Bengal,Dengue,27,0
2013,2013-W43,West Bengal,Malaria,15,0
2013,2013-W44,Andhra Pradesh,Acute Diarrheal Disease,41,0
2013,2013-W44,Andhra Pradesh,Chikungunya,10,0
2013,2013-W44,Andhra Pradesh,Food Poisoning,64,0
2013,2013-W44,Arunachal Pradesh,Dengue,8,2
2013,2013-W44,Bihar,Acute Diarrheal Disease,83,5
2013,2013-W44,Bihar,Food Poisoning,64,1
2013,2013-W44,Chhattisgarh,Acute Diarrheal Disease,18,0
2013,2013-W44,Chhattisgarh,Food Poisoning,66,1
2013,2013-W44,Jharkhand,Acute Diarrheal Disease,24,1
2013,2013-W44,Karnataka,Acute Diarrheal Disease,29,0
2013,2013-W44,Karnataka,Chikungunya,23,0
2013,2013-W44,Karnataka,Cholera,20,0
2013,2013-W44,Karnataka,Food Poisoning,36,0
2013,2013-W44,Madhya Pradesh,Malaria,130,0
2013,2013-W44,Maharashtra,Fever,24,1
2013,2013-W44,Maharashtra,Food Poisoning,71,0
2013,2013-W44,Maharashtra,Measles,17,0
2013,2013-W44,Manipur,Dengue,11,0
2013,2013-W44,Odisha,Cholera,23,1
2013,2013-W44,Uttar Pradesh,Fever,36,0
2013,2013-W44,Uttar Pradesh,Malaria,39,0
2013,2013-W44,West Bengal,Acute Diarrheal Disease,138,0
2013,2013-W44,West Bengal,Cholera,306,1
2013,2013-W44,West Bengal,Dengue,127,0
2013,2013-W44,West Bengal,Food Poisoning,27,0
2013,2013-W45,Andhra Pradesh,Acute Diarrheal Disease,14,0
2013,2013-W45,Andhra Pradesh,Cholera,62,0
2013,2013-W45,Andhra Pradesh,Food Poisoning,23,0
2013,2013-W45,Assam,Cholera,29,1
2013,2013-W45,Gujarat,Fever,32,0
2013,2013-W45,Gujarat,Food Poisoning,14,0
2013,2013-W45,Jammu And Kashmir,Mumps,11,0
2013,2013-W45,Jharkhand,Acute Diarrheal Disease,15,1
2013,2013-W45,Jharkhand,Chickenpox,17,0
2013,2013-W45,Karnataka,Acute Diarrheal Disease,39,0
2013,2013-W45,Karnataka,Dengue,16,0
2013,2013-W45,Karnataka,Fever,40,0
2013,2013-W45,Kerala,Food Poisoning,151,0
2013,2013-W45,Madhya Pradesh,Chikungunya,90,0
2013,2013-W45,Madhya Pradesh,Fever,25,0
2013,2013-W45,Maharashtra,Chikungunya,22,0
2013,2013-W45,Maharashtra,Dengue,32,0
2013,2013-W45,Odisha,Food Poisoning,69,1
2013,2013-W45,Tamil Nadu,Fever,15,0
2013,2013-W45,Tamil Nadu,Food Poisoning,38,1
2013,2013-W45,Tamil Nadu,Malaria,22,0
2013,2013-W45,Tripura,Food Poisoning,44,0
2013,2013-W45,Uttar Pradesh,Fever,250,0
2013,2013-W45,West Bengal,Acute Diarrheal Disease,22,0
2013,2013-W45,West Bengal,Cholera,196,0
2013,2013-W46,Andhra Pradesh,Acute Diarrheal Disease,55,0
2013,2013-W46,Andhra Pradesh,Chikungunya,39,0
2013,2013-W46,Andhra Pradesh,Food Poisoning,18,3
2013,2013-W46,Bihar,Acute Diarrheal Disease,184,4
2013,2013-W46,Bihar,Food Poisoning,53,1
2013,2013-W46,Chhattisgarh,Food Poisoning,20,0
2013,2013-W46,Gujarat,Food Poisoning,137,0
2013,2013-W46,Haryana,Acute Diarrheal Disease,100,1
2013,2013-W46,Jharkhand,Malaria,50,0
2013,2013-W46,Karnataka,Dengue,37,0
2013,2013-W46,Kerala,Food Poisoning,43,0
2013,2013-W46,Maharashtra,Acute Diarrheal Disease,38,0
2013,2013-W46,Maharashtra,Fever,96,6
2013,2013-W46,Maharashtra,Malaria,22,0
2013,2013-W46,Tamil Nadu,Dengue,30,0
2013,2013-W46,West Bengal,Acute Diarrheal Disease,132,0
2013,2013-W47,Andhra Pradesh,Acute Diarrheal Disease,58,3
2013,2013-W47,Bihar,Food Poisoning,58,0
2013,2013-W47,Bihar,Food Poisoning (Acute Diarrhoeal Disease),56,0
2013,2013-W47,Chhattisgarh,Acute Diarrheal Disease,53,0
2013,2013-W47,Jharkhand,Measles,9,0
2013,2013-W47,Karnataka,Acute Diarrheal Disease,11,1
2013,2013-W47,Karnataka,Cholera,18,0
2013,2013-W47,Maharashtra,Acute Diarrheal Disease,14,0
2013,2013-W47,Maharashtra,Dengue,190,1
2013,2013-W47,Maharashtra,Fever,134,2
2013,2013-W47,Odisha,Food Poisoning,73,0
2013,2013-W47,Tamil Nadu,Acute Diarrheal Disease,13,0
2013,2013-W47,Tamil Nadu,Chickenpox,22,0
2013,2013-W47,Tamil Nadu,Fever,39,0
2013,2013-W47,Tamil Nadu,Food Poisoning,26,0
2013,2013-W47,West Bengal,Acute Diarrheal Disease,30,0
2013,2013-W48,Andhra Pradesh,Acute Diarrheal Disease,26,2
2013,2013-W48,Gujarat,Chikungunya,10,0
2013,2013-W48,Gujarat,Food Poisoning,174,0
2013,2013-W48,Gujarat,Malaria,102,1
2013,2013-W48,Himachal Pradesh,Acute Diarrheal Disease,573,1
2013,2013-W48,Jammu And Kashmir,Chickenpox,10,0
2013,2013-W48,Jammu And Kashmir,Measles,55,0
2013,2013-W48,Jharkhand,Measles,20,0
2013,2013-W48,Karnataka,Acute Diarrheal Disease,50,0
2013,2013-W48,Madhya Pradesh,Food Poisoning,142,0
2013,2013-W48,Maharashtra,Acute Diarrheal Disease,34,0
2013,2013-W48,Maharashtra,Dengue,112,0
2013,2013-W48,Maharashtra,Fever,78,1
2013,2013-W48,West Bengal,Acute Diarrheal Disease,28,0
2013,2013-W48,West Bengal,Cholera,56,0
2013,2013-W49,Andhra Pradesh,Food Poisoning,40,1
2013,2013-W49,Chhattisgarh,Hepatitis A,32,0
2013,2013-W49,Jharkhand,Measles,12,0
2013,2013-W49,Karnataka,Acute Diarrheal Disease,24,0
2013,2013-W49,Karnataka,Chickenpox,13,0
2013,2013-W49,Karnataka,Chikungunya,30,0
2013,2013-W49,Karnataka,Fever,90,0
2013,2013-W49,Kerala,"Hand, Foot And Mouth Disease (Hfmd)",30,0
2013,2013-W49,Kerala,Hepatitis A,21,0
2013,2013-W49,Maharashtra,Chikungunya,16,0
2013,2013-W49,Maharashtra,Dengue,15,1
2013,2013-W49,Maharashtra,Fever,20,1
2013,2013-W49,Odisha,Acute Diarrheal Disease,13,0
2013,2013-W49,Odisha,Food Poisoning,162,0
2013,2013-W49,Odisha,Measles,31,0
2013,2013-W49,Rajasthan,Food Poisoning,30,0
2013,2013-W49,Tamil Nadu,Acute Diarrheal Disease,15,0
2013,2013-W49,West Bengal,Acute Diarrheal Disease,33,0
2013,2013-W50,Assam,Diphtheria,13,0
2013,2013-W50,Gujarat,Food Poisoning,20,0
2013,2013-W50,Haryana,Measles,19,0
2013,2013-W50,Karnataka,Acute Diarrheal Disease,29,0
2013,2013-W50,Karnataka,Fever,16,0
2013,2013-W50,Karnataka,Measles,30,0
2013,2013-W50,Maharashtra,Acute Diarrheal Disease,202,0
2013,2013-W50,Maharashtra,Cholera,99,1
2013,2013-W50,Maharashtra,Fever,65,0
2013,2013-W50,Odisha,Acute Diarrheal Disease,114,0
2013,2013-W50,Odisha,Chickenpox,12,0
2013,2013-W50,Odisha,Fever,15,0
2013,2013-W50,Odisha,Food Poisoning,94,1
2013,2013-W50,Odisha,Measles,42,0
2013,2013-W50,Rajasthan,Acute Diarrheal Disease,46,0
2013,2013-W50,Rajasthan,Food Poisoning,55,0
2013,2013-W50,Uttarakhand,Acute Diarrheal Disease,13,1
2013,2013-W51,Andaman And Nicobar Islands,Acute Diarrheal Disease,86,0
2013,2013-W51,Andhra Pradesh,Chikungunya,20,0
2013,2013-W51,Andhra Pradesh,Food Poisoning,94,0
2013,2013-W51,Assam,Food Poisoning,9,1
2013,2013-W51,Bihar,Acute Encephalitic Syndrome,12,7
2013,2013-W51,Goa,Fever,12,1
2013,2013-W51,Gujarat,Acute Diarrheal Disease,18,0
2013,2013-W51,Gujarat,Fever,41,0
2013,2013-W51,Gujarat,Food Poisoning,29,0
2013,2013-W51,Gujarat,Hepatitis,14,0
2013,2013-W51,Haryana,Measles,30,0
2013,2013-W51,Himachal Pradesh,Food Poisoning,182,0
2013,2013-W51,Jharkhand,Measles,48,0
2013,2013-W51,Kerala,Chickenpox,28,0
2013,2013-W51,Madhya Pradesh,Food Poisoning,109,0
2013,2013-W51,Maharashtra,Fever,14,1
2013,2013-W51,Maharashtra,Food Poisoning,31,0
2013,2013-W51,Punjab,Chickenpox,24,0
2013,2013-W51,Tamil Nadu,Cholera,19,0
2013,2013-W51,Tamil Nadu,Dengue,17,1
2013,2013-W51,West Bengal,Acute Diarrheal Disease,122,0
2013,2013-W52,Andhra Pradesh,Food Poisoning,133,0
2013,2013-W52,Bihar,Chickenpox,46,0
2013,2013-W52,Gujarat,Measles,22,0
2013,2013-W52,Karnataka,Acute Diarrheal Disease,64,0
2013,2013-W52,Kerala,Food Poisoning,189,0
2013,2013-W52,Maharashtra,Food Poisoning,31,0
2013,2013-W52,Maharashtra,Measles,17,1
2013,2013-W52,Odisha,Acute Diarrheal Disease,40,1
2013,2013-W52,Odisha,Food Poisoning,12,0
2013,2013-W52,Odisha,Measles,32,0
2013,2013-W52,Tamil Nadu,Dengue,17,0
2013,2013-W52,Tamil Nadu,Food Poisoning,41,0
2013,2013-W52,West Bengal,Acute Diarrheal Disease,39,0
2014,2014-W01,Chhattisgarh,Acute Diarrheal Disease,13,0
2014,2014-W01,Kerala,Food Poisoning,43,0
2014,2014-W01,Kerala,Hepatitis,18,0
2014,2014-W01,Maharashtra,Chikungunya And Dengue,11,0
2014,2014-W01,Maharashtra,Fever,9,1
2014,2014-W01,Odisha,Food Poisoning,42,0
2014,2014-W01,West Bengal,Acute Diarrheal Disease,145,0
2014,2014-W01,West Bengal,Food Poisoning,199,0
2014,2014-W01,West Bengal,Hepatitis A And E,85,0
2014,2014-W02,Andhra Pradesh,Acute Diarrheal Disease,32,0
2014,2014-W02,Andhra Pradesh,Food Poisoning,37,0
2014,2014-W02,Assam,Acute Diarrheal Disease,27,2
2014,2014-W02,Chhattisgarh,Food Poisoning,186,0
2014,2014-W02,Gujarat,Acute Diarrheal Disease,33,0
2014,2014-W02,Gujarat,Chickenpox,18,0
2014,2014-W02,Gujarat,Food Poisoning,30,0
2014,2014-W02,Karnataka,Food Poisoning,110,0
2014,2014-W02,Karnataka,Hepatitis,12,0
2014,2014-W02,Kerala,Food Poisoning,193,0
2014,2014-W02,Maharashtra,Chickenpox,14,0
2014,2014-W02,Maharashtra,Fever,42,0
2014,2014-W02,Odisha,Acute Diarrheal Disease,24,0
2014,2014-W02,Odisha,Cholera,42,0
2014,2014-W02,Odisha,Food Poisoning,22,0
2014,2014-W02,Tripura,Food Poisoning,37,2
2014,2014-W02,Uttar Pradesh,Measles,18,0
2014,2014-W02,West Bengal,Chickenpox,32,0
2014,2014-W03,Bihar,Chickenpox,48,0
2014,2014-W03,Chhattisgarh,Acute Diarrheal Disease,28,0
2014,2014-W03,Gujarat,Measles,28,0
2014,2014-W03,Kerala,Chickenpox,24,0
2014,2014-W03,Madhya Pradesh,Dengue,40,0
2014,2014-W03,Maharashtra,Fever,9,1
2014,2014-W03,Odisha,Acute Diarrheal Disease,94,0
2014,2014-W03,Odisha,Cholera,135,0
2014,2014-W03,Uttar Pradesh,Chickenpox,15,0
2014,2014-W03,Uttar Pradesh,Food Poisoning,267,0
2014,2014-W03,West Bengal,Acute Diarrheal Disease,31,0
2014,2014-W04,Andhra Pradesh,Food Poisoning,29,0
2014,2014-W04,Assam,Typhoid,23,0
2014,2014-W04,Gujarat,Hepatitis,29,0
2014,2014-W04,Jammu And Kashmir,Hepatitis,13,0
2014,2014-W04,Jammu And Kashmir,Mumps,40,0
2014,2014-W04,Kerala,Chickenpox,11,0
2014,2014-W04,Kerala,Food Poisoning,65,0
2014,2014-W04,Madhya Pradesh,Food Poisoning,150,0
2014,2014-W04,Maharashtra,Acute Diarrheal Disease,305,0
2014,2014-W04,Maharashtra,Chickenpox,10,0
2014,2014-W04,Maharashtra,Food Poisoning,36,0
2014,2014-W04,Tamil Nadu,Acute Diarrheal Disease,45,0
2014,2014-W04,Tamil Nadu,Food Poisoning,60,0
2014,2014-W04,Uttarakhand,Measles,195,0
2014,2014-W04,West Bengal,Acute Diarrheal Disease,61,0
2014,2014-W04,West Bengal,Food Poisoning,32,0
2014,2014-W05,Andhra Pradesh,Acute Diarrheal Disease,50,0
2014,2014-W05,Andhra Pradesh,Food Poisoning,28,0
2014,2014-W05,Assam,Acute Diarrheal Disease,14,1
2014,2014-W05,Bihar,Chickenpox,36,0
2014,2014-W05,Chhattisgarh,Food Poisoning,95,0
2014,2014-W05,Gujarat,Food Poisoning,13,0
2014,2014-W05,Himachal Pradesh,Acute Diarrheal Disease,390,0
2014,2014-W05,Jammu And Kashmir,Measles,9,0
2014,2014-W05,Karnataka,Fever,25,0
2014,2014-W05,Karnataka,Measles,12,0
2014,2014-W05,Karnataka,Mumps,26,0
2014,2014-W05,Madhya Pradesh,Acute Diarrheal Disease,22,0
2014,2014-W05,Maharashtra,Fever,28,1
2014,2014-W05,Maharashtra,Food Poisoning,21,0
2014,2014-W05,Maharashtra,Measles,12,0
2014,2014-W05,Odisha,Food Poisoning,34,0
2014,2014-W05,Odisha,Hepatitis E,11,0
2014,2014-W05,Tamil Nadu,Chickenpox,42,0
2014,2014-W05,Tamil Nadu,Chikungunya,22,0
2014,2014-W05,Tamil Nadu,Food Poisoning,42,0
2014,2014-W05,Tamil Nadu,Measles,47,1
2014,2014-W05,Uttarakhand,Measles,216,0
2014,2014-W06,Arunachal Pradesh,Chickenpox,22,0
2014,2014-W06,Gujarat,Chickenpox,11,0
2014,2014-W06,Gujarat,Measles,47,0
2014,2014-W06,Haryana,Mumps,9,0
2014,2014-W06,Jharkhand,Measles,55,0
2014,2014-W06,Karnataka,Acute Diarrheal Disease,32,0
2014,2014-W06,Karnataka,Chikungunya,25,0
2014,2014-W06,Karnataka,Fever,26,0
2014,2014-W06,Karnataka,Kyasanur Fandest Disease,12,0
2014,2014-W06,Karnataka,Measles And Rubella,27,0
2014,2014-W06,Kerala,Acute Diarrheal Disease,17,0
2014,2014-W06,Kerala,Mumps,8,0
2014,2014-W06,Madhya Pradesh,Malaria,31,0
2014,2014-W06,Maharashtra,Typhoid,279,1
2014,2014-W06,Rajasthan,Food Poisoning,14,0
2014,2014-W06,Tamil Nadu,Acute Diarrheal Disease,32,0
2014,2014-W06,Tamil Nadu,Chickenpox,17,0
2014,2014-W06,Tripura,Acute Diarrheal Disease,30,0
2014,2014-W06,West Bengal,Food Poisoning,447,0
2014,2014-W07,Andhra Pradesh,Chickenpox,94,0
2014,2014-W07,Andhra Pradesh,Chikungunya,31,0
2014,2014-W07,Bihar,Chickenpox,22,0
2014,2014-W07,Gujarat,Measles,28,0
2014,2014-W07,Haryana,Measles,21,0
2014,2014-W07,Jharkhand,Measles,37,0
2014,2014-W07,Karnataka,Food Poisoning,50,0
2014,2014-W07,Kerala,Chickenpox,65,0
2014,2014-W07,Kerala,Food Poisoning,65,0
2014,2014-W07,Kerala,Hepatitis,43,0
2014,2014-W07,Kerala,Mumps,23,0
2014,2014-W07,Odisha,Acute Diarrheal Disease,41,0
2014,2014-W07,Odisha,Measles,31,0
2014,2014-W07,Punjab,Mumps,76,0
2014,2014-W07,Rajasthan,Food Poisoning,104,0
2014,2014-W07,Tamil Nadu,Food Poisoning,18,0
2014,2014-W07,Uttar Pradesh,Food Poisoning,229,0
2014,2014-W07,Uttarakhand,Food Poisoning,40,0
2014,2014-W08,Assam,Fever,15,0
2014,2014-W08,Bihar,Chickenpox,17,0
2014,2014-W08,Delhi,Hepatitis E,20,0
2014,2014-W08,Gujarat,Measles,16,0
2014,2014-W08,Jharkhand,Measles,198,0
2014,2014-W08,Karnataka,Chickenpox,37,0
2014,2014-W08,Karnataka,Food Poisoning,43,0
2014,2014-W08,Karnataka,Measles,14,0
2014,2014-W08,Kerala,Food Poisoning,10,0
2014,2014-W08,Odisha,Acute Diarrheal Disease,56,0
2014,2014-W08,Odisha,Food Poisoning,12,0
2014,2014-W08,Punjab,Food Poisoning,48,0
2014,2014-W08,Tripura,Acute Diarrheal Disease,80,0
2014,2014-W08,Uttarakhand,Measles,24,1
2014,2014-W09,Bihar,Chickenpox,48,0
2014,2014-W09,Bihar,Hepatitis,114,1
2014,2014-W09,Chhattisgarh,Hepatitis,52,1
2014,2014-W09,Gujarat,Hepatitis A,8,0
2014,2014-W09,Gujarat,Measles,16,0
2014,2014-W09,Himachal Pradesh,Fever,140,0
2014,2014-W09,Jammu And Kashmir,Acute Diarrheal Disease,16,0
2014,2014-W09,Jharkhand,Chickenpox,29,0
2014,2014-W09,Karnataka,Diphtheria,22,0
2014,2014-W09,Maharashtra,Hepatitis,15,0
2014,2014-W09,Maharashtra,Measles,8,0
2014,2014-W09,Odisha,Acute Diarrheal Disease,16,1
2014,2014-W09,Odisha,Anthrax,7,0
2014,2014-W09,Odisha,Food Poisoning,7,1
2014,2014-W09,Odisha,Measles,34,0
2014,2014-W09,Puducherry,Chickenpox,20,0
2014,2014-W09,Tamil Nadu,Chikungunya,32,0
2014,2014-W10,Andhra Pradesh,Food Poisoning,498,0
2014,2014-W10,Bihar,Acute Diarrheal Disease,20,0
2014,2014-W10,Bihar,Chickenpox,11,0
2014,2014-W10,Bihar,Hepatitis,200,1
2014,2014-W10,Gujarat,Food Poisoning,85,0
2014,2014-W10,Jharkhand,Fever,28,0
2014,2014-W10,Karnataka,Chickenpox,22,0
2014,2014-W10,Karnataka,Dengue,32,0
2014,2014-W10,Karnataka,Food Poisoning,131,0
2014,2014-W10,Kerala,Food Poisoning,25,0
2014,2014-W10,Kerala,Hepatitis,35,0
2014,2014-W10,Maharashtra,Acute Diarrheal Disease,47,0
2014,2014-W10,Maharashtra,Fever,156,0
2014,2014-W10,Maharashtra,Measles,10,0
2014,2014-W10,Odisha,Food Poisoning,99,0
2014,2014-W10,Odisha,Measles,11,0
2014,2014-W10,Punjab,Hepatitis,79,1
2014,2014-W10,Punjab,Mumps,15,0
2014,2014-W10,Tamil Nadu,Chickenpox,18,0
2014,2014-W10,Tamil Nadu,Chikungunya,11,0
2014,2014-W10,Tamil Nadu,Dengue,9,0
2014,2014-W10,Uttarakhand,Measles,101,0
2014,2014-W10,West Bengal,Food Poisoning,16,0
2014,2014-W10,West Bengal,Measles,689,2
2014,2014-W11,Andhra Pradesh,Food Poisoning,94,0
2014,2014-W11,Assam,Brucellosis,15,0
2014,2014-W11,Bihar,Chickenpox,37,0
2014,2014-W11,Chhattisgarh,Hepatitis E,21,0
2014,2014-W11,Gujarat,Food Poisoning,44,0
2014,2014-W11,Himachal Pradesh,Hepatitis,118,0
2014,2014-W11,Jharkhand,Measles,18,0
2014,2014-W11,Jharkhand,Rubella,23,0
2014,2014-W11,Karnataka,Acute Diarrheal Disease,25,0
2014,2014-W11,Karnataka,Dengue,30,0
2014,2014-W11,Karnataka,Diphtheria,21,1
2014,2014-W11,Karnataka,Food Poisoning,45,0
2014,2014-W11,Karnataka,Kyasanur Fandest Disease,86,0
2014,2014-W11,Kerala,Food Poisoning,25,0
2014,2014-W11,Kerala,Hepatitis,54,0
2014,2014-W11,Kerala,Kyasanur Fandest Disease,6,0
2014,2014-W11,Maharashtra,Chikungunya,17,0
2014,2014-W11,Maharashtra,Food Poisoning,31,0
2014,2014-W11,Maharashtra,Hepatitis E,40,0
2014,2014-W11,Maharashtra,Measles,13,0
2014,2014-W11,Odisha,Chickenpox,11,0
2014,2014-W11,Odisha,Food Poisoning,90,0
2014,2014-W11,Puducherry,Chickenpox,13,0
2014,2014-W11,Uttar Pradesh,Food Poisoning,37,0
2014,2014-W11,Uttarakhand,Measles,216,0
2014,2014-W11,Uttarakhand,Trichinella,10,0
2014,2014-W12,Andhra Pradesh,Typhoid,33,0
2014,2014-W12,Assam,Food Poisoning,150,0
2014,2014-W12,Bihar,Chickenpox,50,0
2014,2014-W12,Gujarat,Crimean-Congo Haemandrhagic Fever (Cchf),1,1
2014,2014-W12,Gujarat,Measles,34,0
2014,2014-W12,Haryana,Measles,32,0
2014,2014-W12,Karnataka,Acute Diarrheal Disease,63,0
2014,2014-W12,Karnataka,Fever,43,0
2014,2014-W12,Karnataka,Food Poisoning,107,0
2014,2014-W12,Karnataka,Measles,115,0
2014,2014-W12,Kerala,Hepatitis A,163,0
2014,2014-W12,Lakshadweep,Dengue,6,0
2014,2014-W12,Madhya Pradesh,Fever,42,0
2014,2014-W12,Maharashtra,Food Poisoning,25,0
2014,2014-W12,Meghalaya,Scrub Typhus,72,0
2014,2014-W12,Mizoram,Food Poisoning,57,0
2014,2014-W12,Odisha,Food Poisoning,46,0
2014,2014-W12,West Bengal,Measles,747,2
2014,2014-W13,Andhra Pradesh,Acute Diarrheal Disease,31,0
2014,2014-W13,Andhra Pradesh,Food Poisoning,88,0
2014,2014-W13,Assam,Fever,77,0
2014,2014-W13,Assam,Food Poisoning,31,0
2014,2014-W13,Delhi,Measles,45,0
2014,2014-W13,Gujarat,Chickenpox,15,0
2014,2014-W13,Gujarat,Food Poisoning,114,0
2014,2014-W13,Jharkhand,Measles,10,0
2014,2014-W13,Karnataka,Chikungunya,20,0
2014,2014-W13,Karnataka,Measles,80,1
2014,2014-W13,Madhya Pradesh,Measles,24,0
2014,2014-W13,Madhya Pradesh,Rubella,15,0
2014,2014-W13,Maharashtra,Fever,15,0
2014,2014-W13,Maharashtra,Measles,211,1
2014,2014-W13,Odisha,Acute Diarrheal Disease,13,1
2014,2014-W13,Odisha,Chickenpox,156,1
2014,2014-W13,Odisha,Food Poisoning,45,0
2014,2014-W13,Odisha,Measles,45,0
2014,2014-W13,Punjab,Food Poisoning,30,0
2014,2014-W13,Rajasthan,Crimean-Congo Haemandrhagic Fever (Cchf),1,0
2014,2014-W13,Uttarakhand,Measles,18,0
2014,2014-W13,West Bengal,Acute Diarrheal Disease,85,0
2014,2014-W13,West Bengal,Food Poisoning,119,0
2014,2014-W13,West Bengal,Measles,1056,5
2014,2014-W14,Andhra Pradesh,Food Poisoning,9,1
2014,2014-W14,Andhra Pradesh,Typhoid,27,0
2014,2014-W14,Bihar,Chickenpox,45,0
2014,2014-W14,Gujarat,Acute Diarrheal Disease,31,0
2014,2014-W14,Gujarat,Chickenpox,13,0
2014,2014-W14,Haryana,Measles,18,0
2014,2014-W14,Himachal Pradesh,Hepatitis A,223,0
2014,2014-W14,Jharkhand,Measles,35,0
2014,2014-W14,Karnataka,Food Poisoning,49,0
2014,2014-W14,Karnataka,Measles,62,0
2014,2014-W14,Kerala,Food Poisoning,74,0
2014,2014-W14,Kerala,Mumps,21,0
2014,2014-W14,Madhya Pradesh,Acute Diarrheal Disease,14,0
2014,2014-W14,Maharashtra,Chikungunya,15,0
2014,2014-W14,Maharashtra,Food Poisoning,119,0
2014,2014-W14,Maharashtra,Measles,28,0
2014,2014-W14,Rajasthan,Food Poisoning,69,0
2014,2014-W14,Rajasthan,Hepatitis E,27,0
2014,2014-W14,Uttar Pradesh,Acute Diarrheal Disease,11,0
2014,2014-W14,Uttar Pradesh,Chickenpox,14,0
2014,2014-W14,West Bengal,Cholera,31,0
2014,2014-W14,West Bengal,Measles,1247,1
2014,2014-W15,Andhra Pradesh,Food Poisoning,350,0
2014,2014-W15,Assam,Chickenpox,29,0
2014,2014-W15,Assam,Mushroom Poisoning,24,9
2014,2014-W15,Bihar,Acute Diarrheal Disease,60,0
2014,2014-W15,Bihar,Chickenpox,80,0
2014,2014-W15,Chhattisgarh,Food Poisoning,22,0
2014,2014-W15,Chhattisgarh,Hepatitis,30,0
2014,2014-W15,Himachal Pradesh,Hepatitis,102,0
2014,2014-W15,Himachal Pradesh,Hepatitis A,97,0
2014,2014-W15,Karnataka,Acute Diarrheal Disease,61,0
2014,2014-W15,Karnataka,Fever,85,0
2014,2014-W15,Karnataka,Food Poisoning,120,0
2014,2014-W15,Maharashtra,Fever,40,0
2014,2014-W15,Maharashtra,Food Poisoning,22,0
2014,2014-W15,Maharashtra,Measles,11,0
2014,2014-W15,Odisha,Food Poisoning,211,0
2014,2014-W15,Uttarakhand,Measles,58,0
2014,2014-W15,Uttarakhand,Trichinella,20,0
2014,2014-W16,Andhra Pradesh,Acute Diarrheal Disease,14,2
2014,2014-W16,Bihar,Chickenpox,17,0
2014,2014-W16,Bihar,Rubella,22,0
2014,2014-W16,Gujarat,Acute Diarrheal Disease,38,0
2014,2014-W16,Gujarat,Chickenpox,37,0
2014,2014-W16,Haryana,Fever,100,0
2014,2014-W16,Jammu And Kashmir,Fever,91,0
2014,2014-W16,Jammu And Kashmir,Measles,27,0
2014,2014-W16,Karnataka,Chikungunya,10,0
2014,2014-W16,Kerala,Dengue,13,0
2014,2014-W16,Kerala,Food Poisoning,71,0
2014,2014-W16,Madhya Pradesh,Fever,41,0
2014,2014-W16,Madhya Pradesh,Food Poisoning,66,0
2014,2014-W16,Maharashtra,Dengue,132,4
2014,2014-W16,Maharashtra,Fever,18,0
2014,2014-W16,Maharashtra,Food Poisoning,214,0
2014,2014-W16,Uttarakhand,Measles,215,0
2014,2014-W16,West Bengal,Acute Diarrheal Disease,30,0
2014,2014-W16,West Bengal,Food Poisoning,29,0
2014,2014-W16,West Bengal,Measles,130,0
2014,2014-W17,Assam,Acute Diarrheal Disease,21,0
2014,2014-W17,Assam,Measles,10,0
2014,2014-W17,Bihar,Chickenpox,134,0
2014,2014-W17,Bihar,Food Poisoning,40,0
2014,2014-W17,Gujarat,Acute Diarrheal Disease,12,1
2014,2014-W17,Gujarat,Food Poisoning,130,0
2014,2014-W17,Gujarat,Hepatitis,40,0
2014,2014-W17,Haryana,Hepatitis E,64,0
2014,2014-W17,Jammu And Kashmir,Chickenpox,10,0
2014,2014-W17,Jharkhand,Food Poisoning,20,0
2014,2014-W17,Jharkhand,Measles,52,0
2014,2014-W17,Karnataka,Acute Diarrheal Disease,17,0
2014,2014-W17,Karnataka,Fever,54,0
2014,2014-W17,Karnataka,Food Poisoning,231,0
2014,2014-W17,Kerala,Food Poisoning,12,0
2014,2014-W17,Madhya Pradesh,Chikungunya,35,0
2014,2014-W17,Maharashtra,Dengue,14,0
2014,2014-W17,Maharashtra,Food Poisoning,74,0
2014,2014-W17,Odisha,Hepatitis A,26,0
2014,2014-W17,Puducherry,Chickenpox,11,0
2014,2014-W17,Rajasthan,Acute Diarrheal Disease,40,0
2014,2014-W17,Uttar Pradesh,Food Poisoning,44,0
2014,2014-W17,West Bengal,Measles,190,0
2014,2014-W18,Assam,Acute Diarrheal Disease,21,0
2014,2014-W18,Assam,Chickenpox,11,0
2014,2014-W18,Bihar,Food Poisoning,35,0
2014,2014-W18,Gujarat,Food Poisoning,25,0
2014,2014-W18,Haryana,Measles,15,0
2014,2014-W18,Haryana,Rubella,12,0
2014,2014-W18,Jammu And Kashmir,Mumps,9,0
2014,2014-W18,Karnataka,Fever,48,0
2014,2014-W18,Karnataka,Food Poisoning,12,0
2014,2014-W18,Karnataka,Measles,19,0
2014,2014-W18,Madhya Pradesh,Dengue,63,0
2014,2014-W18,Madhya Pradesh,Food Poisoning,40,0
2014,2014-W18,Maharashtra,Chikungunya,29,0
2014,2014-W18,Maharashtra,Dengue,14,0
2014,2014-W18,Maharashtra,Fever,71,0
2014,2014-W18,Maharashtra,Food Poisoning,45,0
2014,2014-W18,Maharashtra,Malaria,13,0
2014,2014-W18,Rajasthan,Food Poisoning,25,0
2014,2014-W18,Sikkim,Chickenpox,25,0
2014,2014-W18,Uttar Pradesh,Food Poisoning,48,0
2014,2014-W18,Uttarakhand,Measles,45,0
2014,2014-W18,West Bengal,Acute Diarrheal Disease,47,0
2014,2014-W18,West Bengal,Food Poisoning,65,0
2014,2014-W18,West Bengal,Measles,246,4
2014,2014-W19,Andhra Pradesh,Fever,12,0
2014,2014-W19,Assam,Measles,47,0
2014,2014-W19,Bihar,Chickenpox,25,0
2014,2014-W19,Chhattisgarh,Measles,10,0
2014,2014-W19,Gujarat,Acute Diarrheal Disease,12,0
2014,2014-W19,Gujarat,Food Poisoning,42,0
2014,2014-W19,Jammu And Kashmir,Enteric Fever,48,0
2014,2014-W19,Jharkhand,Chickenpox,35,0
2014,2014-W19,Jharkhand,Measles,16,0
2014,2014-W19,Karnataka,Acute Diarrheal Disease,37,0
2014,2014-W19,Karnataka,Diphtheria,7,1
2014,2014-W19,Karnataka,Fever,65,0
2014,2014-W19,Kerala,Food Poisoning,40,0
2014,2014-W19,Kerala,Hepatitis A,21,0
2014,2014-W19,Madhya Pradesh,Acute Diarrheal Disease,48,0
2014,2014-W19,Maharashtra,Acute Diarrheal Disease,22,0
2014,2014-W19,Maharashtra,Fever,35,2
2014,2014-W19,Odisha,Acute Diarrheal Disease,42,1
2014,2014-W19,Odisha,Food Poisoning,34,2
2014,2014-W19,Rajasthan,Acute Diarrheal Disease,20,0
2014,2014-W19,Rajasthan,Hepatitis E,34,0
2014,2014-W19,West Bengal,Measles,104,0
2014,2014-W20,Assam,Chickenpox,41,0
2014,2014-W20,Assam,Rubella,77,0
2014,2014-W20,Bihar,Chickenpox,63,0
2014,2014-W20,Bihar,Measles,17,0
2014,2014-W20,Haryana,Measles,15,0
2014,2014-W20,Karnataka,Acute Diarrheal Disease,39,0
2014,2014-W20,Karnataka,Chikungunya,22,0
2014,2014-W20,Karnataka,Cholera,32,0
2014,2014-W20,Karnataka,Rubella,125,0
2014,2014-W20,Kerala,Dengue,15,0
2014,2014-W20,Madhya Pradesh,Acute Diarrheal Disease,92,0
2014,2014-W20,Madhya Pradesh,Dengue,50,0
2014,2014-W20,Madhya Pradesh,Measles,120,3
2014,2014-W20,Maharashtra,Dengue,36,0
2014,2014-W20,Maharashtra,Hepatitis E,13,0
2014,2014-W20,Manipur,Acute Diarrheal Disease,30,0
2014,2014-W20,Odisha,Food Poisoning,21,0
2014,2014-W20,Punjab,Mumps,15,0
2014,2014-W20,Rajasthan,Dengue,24,0
2014,2014-W20,Tripura,Malaria,151,1
2014,2014-W20,Tripura,Measles,61,0
2014,2014-W20,West Bengal,Enteric Fever,58,0
2014,2014-W20,West Bengal,Measles,122,0
2014,2014-W20,West Bengal,Rubella,81,0
2014,2014-W21,Andhra Pradesh,Dengue,15,0
2014,2014-W21,Andhra Pradesh,Food Poisoning,30,1
2014,2014-W21,Assam,Acute Diarrheal Disease,46,1
2014,2014-W21,Assam,Food Poisoning,32,0
2014,2014-W21,Assam,Measles,10,0
2014,2014-W21,Assam,Rubella,23,0
2014,2014-W21,Assam,Typhoid,17,0
2014,2014-W21,Gujarat,Acute Diarrheal Disease,14,0
2014,2014-W21,Gujarat,Food Poisoning,365,0
2014,2014-W21,Jammu And Kashmir,Enteric Fever,33,0
2014,2014-W21,Jharkhand,Food Poisoning,42,0
2014,2014-W21,Jharkhand,Measles,40,0
2014,2014-W21,Maharashtra,Chikungunya And Dengue,22,0
2014,2014-W21,Maharashtra,Fever,16,1
2014,2014-W21,Maharashtra,Malaria,8,1
2014,2014-W21,Odisha,Acute Diarrheal Disease,24,0
2014,2014-W21,Punjab,Acute Diarrheal Disease,11,1
2014,2014-W21,Tamil Nadu,Acute Diarrheal Disease,19,0
2014,2014-W21,Tamil Nadu,Fever,11,0
2014,2014-W21,Uttarakhand,Measles,15,0
2014,2014-W22,Andhra Pradesh,Fever,35,1
2014,2014-W22,Andhra Pradesh,Food Poisoning,11,0
2014,2014-W22,Arunachal Pradesh,Measles,10,0
2014,2014-W22,Assam,Chickenpox,10,0
2014,2014-W22,Assam,Rubella,77,0
2014,2014-W22,Bihar,Chickenpox,26,0
2014,2014-W22,Gujarat,Acute Diarrheal Disease,62,0
2014,2014-W22,Gujarat,Food Poisoning,153,0
2014,2014-W22,Gujarat,Hepatitis,54,0
2014,2014-W22,Haryana,Measles,19,0
2014,2014-W22,Karnataka,Acute Diarrheal Disease,63,0
2014,2014-W22,Karnataka,Chikungunya,27,0
2014,2014-W22,Karnataka,Cholera,98,2
2014,2014-W22,Karnataka,Fever,110,0
2014,2014-W22,Karnataka,Food Poisoning,12,0
2014,2014-W22,Karnataka,Typhoid,38,0
2014,2014-W22,Kerala,Food Poisoning,19,0
2014,2014-W22,Kerala,Kyasanur Fandest Disease,4,0
2014,2014-W22,Madhya Pradesh,Food Poisoning,54,0
2014,2014-W22,Maharashtra,Dengue,12,0
2014,2014-W22,Odisha,Anthrax,14,0
2014,2014-W22,Odisha,Food Poisoning,43,0
2014,2014-W22,Punjab,Hepatitis A And E,17,0
2014,2014-W22,Uttarakhand,Measles,15,0
2014,2014-W22,West Bengal,Food Poisoning,94,0
2014,2014-W22,West Bengal,Hepatitis A And E,70,0
2014,2014-W22,West Bengal,Malaria,21,0
2014,2014-W22,West Bengal,Measles,28,1
2014,2014-W23,Andhra Pradesh,Acute Diarrheal Disease,27,0
2014,2014-W23,Andhra Pradesh,Fever,37,0
2014,2014-W23,Andhra Pradesh,Food Poisoning,46,0
2014,2014-W23,Assam,Acute Diarrheal Disease,68,0
2014,2014-W23,Assam,Food Poisoning,15,0
2014,2014-W23,Assam,Malaria,84,1
2014,2014-W23,Assam,Measles,121,0
2014,2014-W23,Assam,Rubella,23,0
2014,2014-W23,Bihar,Chickenpox,98,0
2014,2014-W23,Chhattisgarh,Food Poisoning,15,0
2014,2014-W23,Gujarat,Acute Diarrheal Disease,11,0
2014,2014-W23,Gujarat,Measles,9,1
2014,2014-W23,Haryana,Cholera,60,0
2014,2014-W23,Haryana,Measles,19,0
2014,2014-W23,Himachal Pradesh,Acute Diarrheal Disease,10,1
2014,2014-W23,Jammu And Kashmir,Acute Diarrheal Disease,697,0
2014,2014-W23,Jammu And Kashmir,Acute Respiratandy Infection,57,0
2014,2014-W23,Jammu And Kashmir,Measles,20,0
2014,2014-W23,Jharkhand,Fever,14,0
2014,2014-W23,Jharkhand,Measles,24,0
2014,2014-W23,Karnataka,Acute Diarrheal Disease,163,0
2014,2014-W23,Karnataka,Chikungunya,77,0
2014,2014-W23,Karnataka,Cholera,25,0
2014,2014-W23,Karnataka,Dengue,18,0
2014,2014-W23,Karnataka,Food Poisoning,35,0
2014,2014-W23,Karnataka,Measles,21,0
2014,2014-W23,Kerala,Acute Diarrheal Disease,15,0
2014,2014-W23,Kerala,Food Poisoning,20,0
2014,2014-W23,Madhya Pradesh,Acute Diarrheal Disease,80,0
2014,2014-W23,Madhya Pradesh,Chikungunya,60,0
2014,2014-W23,Madhya Pradesh,Dengue,61,0
2014,2014-W23,Maharashtra,Acute Diarrheal Disease,133,0
2014,2014-W23,Maharashtra,Chikungunya,14,0
2014,2014-W23,Maharashtra,Dengue,120,0
2014,2014-W23,Maharashtra,Fever,53,1
2014,2014-W23,Odisha,Food Poisoning,20,0
2014,2014-W23,Rajasthan,Food Poisoning,195,0
2014,2014-W23,Rajasthan,Measles,43,0
2014,2014-W23,Tamil Nadu,Chikungunya,37,0
2014,2014-W23,Tamil Nadu,Dengue,12,0
2014,2014-W23,Tamil Nadu,Food Poisoning,23,0
2014,2014-W23,Tamil Nadu,Leishmaniasis,15,0
2014,2014-W23,Uttar Pradesh,Acute Diarrheal Disease,133,2
2014,2014-W23,Uttar Pradesh,Chickenpox,10,0
2014,2014-W23,Uttar Pradesh,Diarrhoea,128,3
2014,2014-W23,Uttar Pradesh,Food Poisoning,13,0
2014,2014-W23,Uttarakhand,Measles,52,0
2014,2014-W23,West Bengal,Acute Diarrheal Disease,55,0
2014,2014-W23,West Bengal,Acute Encephalitic Syndrome,69,29
2014,2014-W23,West Bengal,Chickenpox,36,1
2014,2014-W23,West Bengal,Measles,21,0
2014,2014-W24,Assam,Acute Diarrheal Disease,108,0
2014,2014-W24,Assam,Food Poisoning,15,0
2014,2014-W24,Bihar,Acute Diarrheal Disease,90,1
2014,2014-W24,Gujarat,Acute Diarrheal Disease,13,0
2014,2014-W24,Gujarat,Measles,17,1
2014,2014-W24,Jammu And Kashmir,Hepatitis,10,0
2014,2014-W24,Jammu And Kashmir,Measles,37,0
2014,2014-W24,Jharkhand,Food Poisoning,42,0
2014,2014-W24,Kerala,Food Poisoning,14,0
2014,2014-W24,Madhya Pradesh,Acute Diarrheal Disease,23,0
2014,2014-W24,Maharashtra,Acute Diarrheal Disease,38,0
2014,2014-W24,Maharashtra,Chikungunya,32,0
2014,2014-W24,Maharashtra,Fever,173,2
2014,2014-W24,Maharashtra,Food Poisoning,47,0
2014,2014-W24,Maharashtra,Hepatitis,28,0
2014,2014-W24,Maharashtra,Malaria,60,3
2014,2014-W24,Manipur,Food Poisoning,30,0
2014,2014-W24,Meghalaya,Acute Diarrheal Disease,173,3
2014,2014-W24,Tamil Nadu,Food Poisoning,14,0
2014,2014-W24,Tamil Nadu,Leishmaniasis,19,0
2014,2014-W24,Tripura,Malaria,828,24
2014,2014-W24,West Bengal,Acute Diarrheal Disease,87,0
2014,2014-W24,West Bengal,Acute Encephalitic Syndrome,69,31
2014,2014-W24,West Bengal,Chickenpox,48,0
2014,2014-W24,West Bengal,Food Poisoning,108,0
2014,2014-W24,West Bengal,Hepatitis A And E,90,0
2014,2014-W25,Andhra Pradesh,Acute Diarrheal Disease,19,0
2014,2014-W25,Andhra Pradesh,Chikungunya,28,0
2014,2014-W25,Arunachal Pradesh,Enteric Fever,29,0
2014,2014-W25,Arunachal Pradesh,Rubella,10,0
2014,2014-W25,Bihar,Acute Diarrheal Disease,31,0
2014,2014-W25,Bihar,Chickenpox,11,0
2014,2014-W25,Gujarat,Hepatitis,21,0
2014,2014-W25,Jammu And Kashmir,Measles,20,0
2014,2014-W25,Jharkhand,Chickenpox,18,0
2014,2014-W25,Karnataka,Acute Diarrheal Disease,31,0
2014,2014-W25,Karnataka,Chikungunya,17,0
2014,2014-W25,Karnataka,Dengue,15,0
2014,2014-W25,Karnataka,Fever,187,0
2014,2014-W25,Kerala,Food Poisoning,45,0
2014,2014-W25,Odisha,Acute Diarrheal Disease,22,0
2014,2014-W25,Odisha,Anthrax,14,0
2014,2014-W25,Odisha,Food Poisoning,10,0
2014,2014-W25,Rajasthan,Food Poisoning,47,0
2014,2014-W25,Rajasthan,Measles,14,0
2014,2014-W25,Tamil Nadu,Acute Diarrheal Disease,138,0
2014,2014-W25,Tamil Nadu,Chikungunya,66,0
2014,2014-W25,Tamil Nadu,Food Poisoning,206,0
2014,2014-W25,Tripura,Malaria,4582,44
2014,2014-W25,Uttar Pradesh,Acute Diarrheal Disease,15,0
2014,2014-W25,West Bengal,Acute Encephalitic Syndrome,73,35
2014,2014-W25,West Bengal,Fever,51,0
2014,2014-W25,West Bengal,Food Poisoning,170,0
2014,2014-W26,Andhra Pradesh,Acute Diarrheal Disease,12,0
2014,2014-W26,Bihar,Acute Diarrheal Disease,31,0
2014,2014-W26,Bihar,Chickenpox,29,0
2014,2014-W26,Chhattisgarh,Acute Diarrheal Disease,120,0
2014,2014-W26,Gujarat,Acute Diarrheal Disease,50,0
2014,2014-W26,Gujarat,Food Poisoning,40,0
2014,2014-W26,Karnataka,Chikungunya,60,0
2014,2014-W26,Karnataka,Dengue,30,0
2014,2014-W26,Karnataka,Fever,85,0
2014,2014-W26,Lakshadweep,Dengue,14,0
2014,2014-W26,Madhya Pradesh,Malaria,15,0
2014,2014-W26,Maharashtra,Acute Diarrheal Disease,107,2
2014,2014-W26,Maharashtra,Dengue,21,0
2014,2014-W26,Maharashtra,Fever,68,1
2014,2014-W26,Maharashtra,Food Poisoning,19,0
2014,2014-W26,Odisha,Acute Diarrheal Disease,17,0
2014,2014-W26,Tamil Nadu,Acute Diarrheal Disease,17,0
2014,2014-W26,Tamil Nadu,Food Poisoning,207,0
2014,2014-W26,Tamil Nadu,Leishmaniasis,14,0
2014,2014-W26,Tamil Nadu,Typhoid,18,0
2014,2014-W26,Uttarakhand,Acute Diarrheal Disease,45,0
2014,2014-W26,Uttarakhand,Measles,5,0
2014,2014-W26,West Bengal,Acute Diarrheal Disease,38,0
2014,2014-W26,West Bengal,Acute Encephalitic Syndrome,16,1
2014,2014-W26,West Bengal,Anthrax,9,0
2014,2014-W26,West Bengal,Chickenpox,70,0
2014,2014-W26,West Bengal,Fever,148,0
2014,2014-W26,West Bengal,Food Poisoning,107,0
2014,2014-W27,Andhra Pradesh,Acute Diarrheal Disease,38,1
2014,2014-W27,Andhra Pradesh,Fever,27,0
2014,2014-W27,Andhra Pradesh,Food Poisoning,158,1
2014,2014-W27,Assam,Malaria,11,0
2014,2014-W27,Chhattisgarh,Acute Diarrheal Disease,39,0
2014,2014-W27,Gujarat,Acute Diarrheal Disease,28,0
2014,2014-W27,Gujarat,Food Poisoning,65,0
2014,2014-W27,Kerala,Hepatitis A,60,0
2014,2014-W27,Lakshadweep,Dengue,19,0
2014,2014-W27,Madhya Pradesh,Acute Diarrheal Disease,36,0
2014,2014-W27,Madhya Pradesh,Dengue,6,1
2014,2014-W27,Madhya Pradesh,Food Poisoning,51,0
2014,2014-W27,Maharashtra,Acute Diarrheal Disease,78,0
2014,2014-W27,Maharashtra,Fever,146,2
2014,2014-W27,Maharashtra,Food Poisoning,85,0
2014,2014-W27,Odisha,Acute Diarrheal Disease,43,0
2014,2014-W27,Odisha,Anthrax,11,1
2014,2014-W27,Rajasthan,Food Poisoning,23,0
2014,2014-W27,Tamil Nadu,Acute Diarrheal Disease,10,0
2014,2014-W27,Tamil Nadu,Chikungunya,34,0
2014,2014-W27,Tamil Nadu,Food Poisoning,139,0
2014,2014-W27,Tripura,Malaria,9117,60
2014,2014-W27,Uttar Pradesh,Acute Diarrheal Disease,11,0
2014,2014-W27,Uttarakhand,Acute Diarrheal Disease,60,0
2014,2014-W27,Uttarakhand,Measles,7,1
2014,2014-W27,Uttarakhand,Pertussis,53,0
2014,2014-W27,West Bengal,Acute Diarrheal Disease,122,0
2014,2014-W27,West Bengal,Acute Encephalitic Syndrome,17,1
2014,2014-W27,West Bengal,Fever,97,0
2014,2014-W27,West Bengal,Food Poisoning,55,0
2014,2014-W27,West Bengal,Measles,22,0
2014,2014-W27,West Bengal,Rubella,16,0
2014,2014-W28,Assam,Acute Diarrheal Disease,104,1
2014,2014-W28,Assam,Acute Encephalitic Syndrome,33,3
2014,2014-W28,Assam,Japanese Encephalitis,101,16
2014,2014-W28,Assam,Malaria,97,0
2014,2014-W28,Gujarat,Acute Diarrheal Disease,101,0
2014,2014-W28,Gujarat,Food Poisoning,15,0
2014,2014-W28,Jammu And Kashmir,Chickenpox,24,0
2014,2014-W28,Jammu And Kashmir,Measles,13,0
2014,2014-W28,Karnataka,Chikungunya,24,0
2014,2014-W28,Karnataka,Dengue,111,0
2014,2014-W28,Karnataka,Food Poisoning,20,0
2014,2014-W28,Lakshadweep,Dengue,29,0
2014,2014-W28,Madhya Pradesh,Acute Diarrheal Disease,50,0
2014,2014-W28,Maharashtra,Acute Diarrheal Disease,14,0
2014,2014-W28,Maharashtra,Hepatitis E,36,0
2014,2014-W28,Rajasthan,Acute Diarrheal Disease,44,0
2014,2014-W28,Rajasthan,Food Poisoning,244,0
2014,2014-W28,Tamil Nadu,Acute Diarrheal Disease,15,0
2014,2014-W28,Tamil Nadu,Chickenpox,13,0
2014,2014-W28,Tamil Nadu,Dengue,12,0
2014,2014-W28,Tamil Nadu,Food Poisoning,86,0
2014,2014-W28,Tripura,Malaria,8650,68
2014,2014-W28,West Bengal,Acute Encephalitic Syndrome,28,2
2014,2014-W28,West Bengal,Food Poisoning,176,0
2014,2014-W29,Andhra Pradesh,Food Poisoning,111,0
2014,2014-W29,Arunachal Pradesh,Acute Encephalitic Syndrome,5,3
2014,2014-W29,Assam,Acute Encephalitic Syndrome,98,16
2014,2014-W29,Assam,Food Poisoning,39,0
2014,2014-W29,Assam,Japanese Encephalitis,322,24
2014,2014-W29,Bihar,Acute Diarrheal Disease,61,0
2014,2014-W29,Chhattisgarh,Acute Diarrheal Disease,84,0
2014,2014-W29,Gujarat,Acute Diarrheal Disease,68,0
2014,2014-W29,Gujarat,Chandipura Vesiculovirus (Chpv),9,3
2014,2014-W29,Himachal Pradesh,Acute Diarrheal Disease,16,0
2014,2014-W29,Karnataka,Acute Diarrheal Disease,31,0
2014,2014-W29,Karnataka,Dengue,33,0
2014,2014-W29,Karnataka,Fever,24,0
2014,2014-W29,Karnataka,Hepatitis,16,0
2014,2014-W29,Madhya Pradesh,Acute Diarrheal Disease,47,0
2014,2014-W29,Maharashtra,Acute Diarrheal Disease,117,0
2014,2014-W29,Maharashtra,Dengue,34,0
2014,2014-W29,Maharashtra,Food Poisoning,40,0
2014,2014-W29,Odisha,Acute Diarrheal Disease,22,1
2014,2014-W29,Odisha,Food Poisoning,78,0
2014,2014-W29,Tamil Nadu,Scrub Typhus,10,1
2014,2014-W29,Uttarakhand,Acute Encephalitic Syndrome,3,0
2014,2014-W29,Uttarakhand,Measles,18,1
2014,2014-W29,West Bengal,Acute Diarrheal Disease,23,0
2014,2014-W29,West Bengal,Acute Encephalitic Syndrome,28,2
2014,2014-W29,West Bengal,Food Poisoning,172,0
2014,2014-W29,West Bengal,Hepatitis,15,0
2014,2014-W29,West Bengal,Typhoid,61,0
2014,2014-W30,Andhra Pradesh,Food Poisoning,21,0
2014,2014-W30,Assam,Acute Diarrheal Disease,104,1
2014,2014-W30,Assam,Japanese Encephalitis,249,51
2014,2014-W30,Bihar,Diarrhoea,18,0
2014,2014-W30,Chhattisgarh,Acute Diarrheal Disease,84,0
2014,2014-W30,Chhattisgarh,Cholera,46,1
2014,2014-W30,Dadra And Nagar Haveli,Measles,6,0
2014,2014-W30,Gujarat,Acute Diarrheal Disease,44,0
2014,2014-W30,Gujarat,Chandipura Vesiculovirus (Chpv),25,16
2014,2014-W30,Gujarat,Crimean-Congo Haemandrhagic Fever (Cchf),1,1
2014,2014-W30,Gujarat,Hepatitis,18,0
2014,2014-W30,Karnataka,Acute Diarrheal Disease,15,0
2014,2014-W30,Karnataka,Chikungunya,106,0
2014,2014-W30,Karnataka,Dengue,22,0
2014,2014-W30,Karnataka,Diphtheria,8,0
2014,2014-W30,Karnataka,Fever,19,0
2014,2014-W30,Karnataka,Food Poisoning,64,0
2014,2014-W30,Kerala,Food Poisoning,32,0
2014,2014-W30,Madhya Pradesh,Malaria,42,0
2014,2014-W30,Maharashtra,Acute Diarrheal Disease,37,0
2014,2014-W30,Maharashtra,Chikungunya,26,0
2014,2014-W30,Maharashtra,Dengue,41,0
2014,2014-W30,Maharashtra,Fever,29,0
2014,2014-W30,Maharashtra,Food Poisoning,40,0
2014,2014-W30,Maharashtra,Malaria,29,0
2014,2014-W30,Mizoram,Food Poisoning,35,1
2014,2014-W30,Odisha,Acute Diarrheal Disease,95,1
2014,2014-W30,Odisha,Cholera,10,0
2014,2014-W30,Punjab,Cholera,177,3
2014,2014-W30,Tamil Nadu,Acute Diarrheal Disease,33,0
2014,2014-W30,Tamil Nadu,Dengue,13,0
2014,2014-W30,Tamil Nadu,Enteric Fever,24,0
2014,2014-W30,Uttar Pradesh,Acute Diarrheal Disease,12,0
2014,2014-W30,West Bengal,Acute Diarrheal Disease,489,0
2014,2014-W30,West Bengal,Japanese Encephalitis,71,18
2014,2014-W30,West Bengal,Malaria,22,0
2014,2014-W31,Andhra Pradesh,Acute Diarrheal Disease,175,0
2014,2014-W31,Andhra Pradesh,Food Poisoning,52,0
2014,2014-W31,Assam,Japanese Encephalitis,74,16
2014,2014-W31,Bihar,Acute Diarrheal Disease,22,0
2014,2014-W31,Chhattisgarh,Acute Diarrheal Disease,75,1
2014,2014-W31,Gujarat,Acute Diarrheal Disease,26,0
2014,2014-W31,Jammu And Kashmir,Acute Diarrheal Disease,630,0
2014,2014-W31,Karnataka,Dengue,49,0
2014,2014-W31,Karnataka,Fever,15,0
2014,2014-W31,Madhya Pradesh,Acute Diarrheal Disease,45,0
2014,2014-W31,Madhya Pradesh,Chikungunya,41,0
2014,2014-W31,Maharashtra,Acute Diarrheal Disease,81,0
2014,2014-W31,Maharashtra,Dengue,10,0
2014,2014-W31,Odisha,Acute Diarrheal Disease,20,0
2014,2014-W31,Tamil Nadu,Acute Diarrheal Disease,20,0
2014,2014-W31,Tamil Nadu,Food Poisoning,24,0
2014,2014-W31,Tripura,Food Poisoning,98,0
2014,2014-W31,West Bengal,Acute Diarrheal Disease,439,0
2014,2014-W31,West Bengal,Cholera,346,0
2014,2014-W31,West Bengal,Fever,197,0
2014,2014-W31,West Bengal,Food Poisoning,47,0
2014,2014-W32,Andhra Pradesh,Food Poisoning,14,0
2014,2014-W32,Arunachal Pradesh,Acute Diarrheal Disease,68,0
2014,2014-W32,Arunachal Pradesh,Malaria,41,0
2014,2014-W32,Assam,Japanese Encephalitis,43,9
2014,2014-W32,Chhattisgarh,Acute Diarrheal Disease,106,1
2014,2014-W32,Gujarat,Acute Diarrheal Disease,47,0
2014,2014-W32,Gujarat,Chandipura Vesiculovirus (Chpv),4,1
2014,2014-W32,Jammu And Kashmir,Acute Diarrheal Disease,155,0
2014,2014-W32,Jammu And Kashmir,Chickenpox,11,0
2014,2014-W32,Karnataka,Acute Diarrheal Disease,14,0
2014,2014-W32,Kerala,Food Poisoning,54,0
2014,2014-W32,Kerala,Hepatitis A,10,0
2014,2014-W32,Maharashtra,Dengue,10,1
2014,2014-W32,Tamil Nadu,Acute Diarrheal Disease,11,0
2014,2014-W32,Tamil Nadu,Chikungunya,37,0
2014,2014-W32,Tamil Nadu,Food Poisoning,139,0
2014,2014-W32,Tamil Nadu,Malaria,46,0
2014,2014-W32,Uttar Pradesh,Chickenpox,12,0
2014,2014-W32,Uttarakhand,Measles,49,1
2014,2014-W32,West Bengal,Acute Diarrheal Disease,289,0
2014,2014-W32,West Bengal,Cholera,445,0
2014,2014-W32,West Bengal,Fever,144,0
2014,2014-W32,West Bengal,Food Poisoning,301,0
2014,2014-W32,West Bengal,Japanese Encephalitis,97,20
2014,2014-W33,Andhra Pradesh,Food Poisoning,30,0
2014,2014-W33,Bihar,Acute Diarrheal Disease,35,3
2014,2014-W33,Bihar,Chickenpox,24,0
2014,2014-W33,Bihar,Measles,13,0
2014,2014-W33,Chhattisgarh,Acute Diarrheal Disease,14,0
2014,2014-W33,Chhattisgarh,Food Poisoning,70,7
2014,2014-W33,Gujarat,Acute Diarrheal Disease,15,0
2014,2014-W33,Gujarat,Cholera,23,1
2014,2014-W33,Gujarat,Crimean-Congo Haemandrhagic Fever (Cchf),1,1
2014,2014-W33,Jammu And Kashmir,Acute Diarrheal Disease,1742,0
2014,2014-W33,Jammu And Kashmir,Chickenpox,16,0
2014,2014-W33,Karnataka,Fever,31,0
2014,2014-W33,Karnataka,Hepatitis,16,0
2014,2014-W33,Karnataka,Japanese Encephalitis,5,0
2014,2014-W33,Karnataka,Measles,13,0
2014,2014-W33,Madhya Pradesh,Acute Diarrheal Disease,20,0
2014,2014-W33,Madhya Pradesh,Food Poisoning,60,0
2014,2014-W33,Maharashtra,Chikungunya And Dengue,15,0
2014,2014-W33,Maharashtra,Dengue,35,1
2014,2014-W33,Maharashtra,Fever,40,0
2014,2014-W33,Maharashtra,Measles,28,0
2014,2014-W33,Manipur,Measles,42,0
2014,2014-W33,Meghalaya,Japanese Encephalitis,56,1
2014,2014-W33,Odisha,Cholera,13,0
2014,2014-W33,Odisha,Food Poisoning,109,4
2014,2014-W33,Punjab,Cholera,10,0
2014,2014-W33,Telangana,Dengue,456,0
2014,2014-W33,Telangana,Fever,39,2
2014,2014-W33,Uttarakhand,Measles,9,0
2014,2014-W33,West Bengal,Acute Diarrheal Disease,42,0
2014,2014-W33,West Bengal,Measles,39,0
2014,2014-W34,Andhra Pradesh,Chikungunya,23,0
2014,2014-W34,Bihar,Acute Diarrheal Disease,91,2
2014,2014-W34,Gujarat,Acute Diarrheal Disease,63,0
2014,2014-W34,Himachal Pradesh,Acute Diarrheal Disease,163,0
2014,2014-W34,Jammu And Kashmir,Acute Diarrheal Disease,79,0
2014,2014-W34,Jammu And Kashmir,Hepatitis,28,0
2014,2014-W34,Jammu And Kashmir,Measles,14,0
2014,2014-W34,Karnataka,Cholera,38,0
2014,2014-W34,Karnataka,Dengue,122,1
2014,2014-W34,Karnataka,Fever,43,0
2014,2014-W34,Karnataka,Food Poisoning,20,0
2014,2014-W34,Kerala,Chikungunya,32,0
2014,2014-W34,Kerala,Food Poisoning,19,0
2014,2014-W34,Kerala,Hepatitis,45,0
2014,2014-W34,Madhya Pradesh,Malaria,35,0
2014,2014-W34,Maharashtra,Chikungunya And Dengue,16,0
2014,2014-W34,Maharashtra,Dengue,87,0
2014,2014-W34,Maharashtra,Fever,114,1
2014,2014-W34,Maharashtra,Hepatitis,10,0
2014,2014-W34,Maharashtra,Hepatitis E,47,2
2014,2014-W34,Maharashtra,Measles,18,0
2014,2014-W34,Odisha,Food Poisoning,51,0
2014,2014-W34,Tamil Nadu,Acute Diarrheal Disease,150,0
2014,2014-W34,Tamil Nadu,Hepatitis E,66,0
2014,2014-W34,Telangana,Fever,34,0
2014,2014-W34,Telangana,Food Poisoning,11,0
2014,2014-W34,West Bengal,Acute Diarrheal Disease,280,0
2014,2014-W34,West Bengal,Cholera,67,0
2014,2014-W34,West Bengal,Food Poisoning,62,0
2014,2014-W34,West Bengal,Measles,61,0
2014,2014-W35,Bihar,Acute Diarrheal Disease,60,1
2014,2014-W35,Chhattisgarh,Acute Diarrheal Disease,90,0
2014,2014-W35,Chhattisgarh,Chickenpox,24,0
2014,2014-W35,Chhattisgarh,Hepatitis,13,0
2014,2014-W35,Gujarat,Food Poisoning,14,0
2014,2014-W35,Haryana,Cholera,761,0
2014,2014-W35,Jharkhand,Acute Diarrheal Disease,56,0
2014,2014-W35,Jharkhand,Malaria,148,6
2014,2014-W35,Karnataka,Chickenpox,10,0
2014,2014-W35,Karnataka,Chikungunya And Dengue,48,1
2014,2014-W35,Karnataka,Food Poisoning,25,0
2014,2014-W35,Madhya Pradesh,Acute Diarrheal Disease,44,0
2014,2014-W35,Madhya Pradesh,Food Poisoning,99,3
2014,2014-W35,Maharashtra,Acute Diarrheal Disease,104,0
2014,2014-W35,Maharashtra,Dengue,160,0
2014,2014-W35,Maharashtra,Fever,12,1
2014,2014-W35,Maharashtra,Malaria,14,0
2014,2014-W35,Manipur,Scrub Typhus,20,0
2014,2014-W35,Odisha,Acute Diarrheal Disease,39,1
2014,2014-W35,Odisha,Cholera,14,0
2014,2014-W35,Odisha,Food Poisoning,45,1
2014,2014-W35,Puducherry,Dengue,23,0
2014,2014-W35,Tamil Nadu,Dengue,12,0
2014,2014-W35,Tamil Nadu,Fever,51,0
2014,2014-W35,Tamil Nadu,Food Poisoning,36,0
2014,2014-W35,Telangana,Food Poisoning,20,0
2014,2014-W35,Tripura,Food Poisoning,47,0
2014,2014-W35,West Bengal,Cholera,535,0
2014,2014-W35,West Bengal,Dengue,706,1
2014,2014-W35,West Bengal,Fever,73,1
2014,2014-W35,West Bengal,Food Poisoning,26,0
2014,2014-W35,West Bengal,Malaria,151,1
2014,2014-W35,West Bengal,Measles,54,0
2014,2014-W36,Andhra Pradesh,Food Poisoning,44,0
2014,2014-W36,Assam,Cholera,59,1
2014,2014-W36,Assam,Food Poisoning,22,0
2014,2014-W36,Assam,Malaria,64,0
2014,2014-W36,Chhattisgarh,Malaria,196,0
2014,2014-W36,Gujarat,Acute Diarrheal Disease,56,0
2014,2014-W36,Gujarat,Chandipura Vesiculovirus (Chpv),1,1
2014,2014-W36,Haryana,Acute Diarrheal Disease,14,1
2014,2014-W36,Haryana,Cholera,791,0
2014,2014-W36,Jharkhand,Acute Diarrheal Disease,106,1
2014,2014-W36,Karnataka,Fever,54,0
2014,2014-W36,Madhya Pradesh,Acute Diarrheal Disease,21,0
2014,2014-W36,Madhya Pradesh,Chikungunya,48,0
2014,2014-W36,Madhya Pradesh,Fever,54,0
2014,2014-W36,Maharashtra,Acute Diarrheal Disease,36,0
2014,2014-W36,Maharashtra,Dengue,127,1
2014,2014-W36,Maharashtra,Malaria,65,0
2014,2014-W36,Tamil Nadu,Dengue,13,0
2014,2014-W36,Tamil Nadu,Dengue And Leptospirosis,42,0
2014,2014-W36,Tamil Nadu,Food Poisoning,45,0
2014,2014-W36,Telangana,Food Poisoning,15,0
2014,2014-W36,Uttar Pradesh,Acute Diarrheal Disease,17,1
2014,2014-W36,Uttar Pradesh,Acute Encephalitic Syndrome,3,0
2014,2014-W36,Uttarakhand,Fever,45,0
2014,2014-W36,West Bengal,Acute Diarrheal Disease,89,0
2014,2014-W36,West Bengal,Dengue,1048,0
2014,2014-W36,West Bengal,Enteric Fever,73,1
2014,2014-W36,West Bengal,Fever,110,0
2014,2014-W36,West Bengal,Food Poisoning,67,0
2014,2014-W36,West Bengal,Measles,165,0
2014,2014-W37,Assam,Cholera,110,3
2014,2014-W37,Assam,Measles,48,1
2014,2014-W37,Bihar,Acute Diarrheal Disease,118,0
2014,2014-W37,Bihar,Food Poisoning,18,0
2014,2014-W37,Chhattisgarh,Measles,10,0
2014,2014-W37,Gujarat,Acute Diarrheal Disease,39,0
2014,2014-W37,Gujarat,Malaria,32,0
2014,2014-W37,Gujarat,Measles,30,0
2014,2014-W37,Karnataka,Acute Diarrheal Disease,37,1
2014,2014-W37,Karnataka,Dengue,51,0
2014,2014-W37,Madhya Pradesh,Acute Diarrheal Disease,92,0
2014,2014-W37,Madhya Pradesh,Malaria,13,0
2014,2014-W37,Madhya Pradesh,Malaria And Dengue,212,5
2014,2014-W37,Maharashtra,Acute Diarrheal Disease,158,0
2014,2014-W37,Maharashtra,Dengue,29,0
2014,2014-W37,Maharashtra,Fever,30,1
2014,2014-W37,Maharashtra,Malaria,17,1
2014,2014-W37,Odisha,Food Poisoning,35,0
2014,2014-W37,Sikkim,Acute Diarrheal Disease,24,0
2014,2014-W37,Tamil Nadu,Chikungunya,17,0
2014,2014-W37,Tamil Nadu,Chikungunya And Dengue,26,1
2014,2014-W37,Tamil Nadu,Cholera,16,0
2014,2014-W37,Tamil Nadu,Dengue,31,0
2014,2014-W37,Tamil Nadu,Food Poisoning,16,0
2014,2014-W37,Tamil Nadu,Hepatitis A,11,0
2014,2014-W37,Tamil Nadu,Leishmaniasis,22,0
2014,2014-W37,West Bengal,Cholera,71,0
2014,2014-W37,West Bengal,Dengue,152,0
2014,2014-W37,West Bengal,Enteric Fever,19,0
2014,2014-W37,West Bengal,Measles,175,0
2014,2014-W38,Andhra Pradesh,Food Poisoning,30,0
2014,2014-W38,Assam,Cholera,132,4
2014,2014-W38,Assam,Measles,28,0
2014,2014-W38,Bihar,Acute Diarrheal Disease,110,0
2014,2014-W38,Bihar,Food Poisoning,16,0
2014,2014-W38,Gujarat,Measles,17,0
2014,2014-W38,Haryana,Acute Diarrheal Disease,14,1
2014,2014-W38,Jharkhand,Acute Diarrheal Disease,19,0
2014,2014-W38,Jharkhand,Food Poisoning,119,0
2014,2014-W38,Karnataka,Chikungunya,28,0
2014,2014-W38,Karnataka,Dengue,42,1
2014,2014-W38,Karnataka,Fever,34,0
2014,2014-W38,Kerala,Hepatitis,12,0
2014,2014-W38,Madhya Pradesh,Acute Diarrheal Disease,23,1
2014,2014-W38,Madhya Pradesh,Chikungunya,58,0
2014,2014-W38,Maharashtra,Dengue,246,3
2014,2014-W38,Maharashtra,Fever,249,4
2014,2014-W38,Maharashtra,Measles,15,0
2014,2014-W38,Tamil Nadu,Chikungunya,18,0
2014,2014-W38,Tamil Nadu,Dengue,38,0
2014,2014-W38,Tamil Nadu,Food Poisoning,116,0
2014,2014-W38,Uttar Pradesh,Acute Diarrheal Disease,33,1
2014,2014-W38,West Bengal,Acute Diarrheal Disease,115,0
2014,2014-W38,West Bengal,Food Poisoning,124,0
2014,2014-W39,Andhra Pradesh,Acute Diarrheal Disease,14,0
2014,2014-W39,Andhra Pradesh,Malaria,31,0
2014,2014-W39,Assam,Enteric Fever,13,0
2014,2014-W39,Assam,Measles,48,1
2014,2014-W39,Chhattisgarh,Acute Diarrheal Disease,102,0
2014,2014-W39,Chhattisgarh,Dengue,12,0
2014,2014-W39,Chhattisgarh,Food Poisoning,18,0
2014,2014-W39,Chhattisgarh,Measles,10,0
2014,2014-W39,Gujarat,Acute Diarrheal Disease,33,0
2014,2014-W39,Gujarat,Fever,19,3
2014,2014-W39,Gujarat,Food Poisoning,53,0
2014,2014-W39,Gujarat,Measles,30,0
2014,2014-W39,Karnataka,Dengue,506,0
2014,2014-W39,Kerala,Food Poisoning,12,0
2014,2014-W39,Kerala,Hepatitis A,40,0
2014,2014-W39,Madhya Pradesh,Malaria,7,0
2014,2014-W39,Maharashtra,Acute Diarrheal Disease,112,1
2014,2014-W39,Maharashtra,Fever,19,1
2014,2014-W39,Maharashtra,Food Poisoning,45,1
2014,2014-W39,Maharashtra,Malaria,12,1
2014,2014-W39,Puducherry,Food Poisoning,70,0
2014,2014-W39,Punjab,Cholera,94,0
2014,2014-W39,Rajasthan,Food Poisoning,51,0
2014,2014-W39,Rajasthan,Measles,31,0
2014,2014-W39,Sikkim,Acute Diarrheal Disease,24,0
2014,2014-W39,Tamil Nadu,Chikungunya,57,0
2014,2014-W39,Tamil Nadu,Dengue,21,0
2014,2014-W39,Tamil Nadu,Enteric Fever,39,0
2014,2014-W39,Tamil Nadu,Mumps,10,0
2014,2014-W39,Uttar Pradesh,Acute Diarrheal Disease,13,0
2014,2014-W39,West Bengal,Acute Diarrheal Disease,224,0
2014,2014-W40,Bihar,Acute Diarrheal Disease,34,0
2014,2014-W40,Bihar,Acute Encephalitic Syndrome,8,8
2014,2014-W40,Bihar,Malaria,110,0
2014,2014-W40,Chhattisgarh,Acute Diarrheal Disease,64,0
2014,2014-W40,Chhattisgarh,Dengue,17,0
2014,2014-W40,Chhattisgarh,Measles,74,0
2014,2014-W40,Gujarat,Acute Diarrheal Disease,13,0
2014,2014-W40,Gujarat,Cholera,35,0
2014,2014-W40,Gujarat,Measles,116,0
2014,2014-W40,Haryana,Measles,10,0
2014,2014-W40,Jharkhand,Food Poisoning,19,0
2014,2014-W40,Karnataka,Chikungunya,106,0
2014,2014-W40,Karnataka,Diphtheria,7,0
2014,2014-W40,Karnataka,Fever,53,0
2014,2014-W40,Kerala,Hepatitis A,14,0
2014,2014-W40,Madhya Pradesh,Malaria,43,0
2014,2014-W40,Maharashtra,Chikungunya And Dengue,52,0
2014,2014-W40,Maharashtra,Dengue,181,0
2014,2014-W40,Maharashtra,Fever,12,1
2014,2014-W40,Maharashtra,Measles,14,0
2014,2014-W40,Tamil Nadu,Acute Diarrheal Disease,11,0
2014,2014-W40,Tamil Nadu,Dengue,31,0
2014,2014-W40,Uttarakhand,Measles,22,0
2014,2014-W40,West Bengal,Acute Diarrheal Disease,379,0
2014,2014-W40,West Bengal,Cholera,171,0
2014,2014-W41,Andhra Pradesh,Fever,33,0
2014,2014-W41,Bihar,Acute Diarrheal Disease,97,6
2014,2014-W41,Bihar,Food Poisoning,15,0
2014,2014-W41,Gujarat,Measles,22,0
2014,2014-W41,Haryana,Measles,11,0
2014,2014-W41,Kerala,Acute Diarrheal Disease,28,0
2014,2014-W41,Kerala,Hepatitis,10,0
2014,2014-W41,Madhya Pradesh,Fever,33,0
2014,2014-W41,Madhya Pradesh,Malaria,72,0
2014,2014-W41,Maharashtra,Dengue,45,2
2014,2014-W41,Maharashtra,Fever,10,1
2014,2014-W41,Punjab,Measles,51,0
2014,2014-W41,Tamil Nadu,Chikungunya And Dengue,16,0
2014,2014-W41,Tamil Nadu,Fever,36,0
2014,2014-W41,Uttarakhand,Measles,14,0
2014,2014-W41,West Bengal,Typhoid,113,0
2014,2014-W42,Andhra Pradesh,Fever,21,0
2014,2014-W42,Assam,Acute Diarrheal Disease,12,0
2014,2014-W42,Bihar,Acute Encephalitic Syndrome,6,5
2014,2014-W42,Bihar,Measles,23,0
2014,2014-W42,Delhi,Acute Diarrheal Disease,21,0
2014,2014-W42,Gujarat,Food Poisoning,131,0
2014,2014-W42,Gujarat,Hepatitis E,41,0
2014,2014-W42,Gujarat,Measles,100,0
2014,2014-W42,Haryana,Japanese Encephalitis,3,1
2014,2014-W42,Jharkhand,Measles,21,0
2014,2014-W42,Karnataka,Acute Diarrheal Disease,13,0
2014,2014-W42,Karnataka,Chikungunya,36,0
2014,2014-W42,Karnataka,Dengue,20,0
2014,2014-W42,Karnataka,Fever,21,0
2014,2014-W42,Kerala,Food Poisoning,32,0
2014,2014-W42,Kerala,Mumps,9,0
2014,2014-W42,Madhya Pradesh,Acute Diarrheal Disease,11,0
2014,2014-W42,Maharashtra,Acute Diarrheal Disease,65,0
2014,2014-W42,Maharashtra,Dengue,31,1
2014,2014-W42,Maharashtra,Fever,69,2
2014,2014-W42,Odisha,Acute Diarrheal Disease,144,1
2014,2014-W42,Odisha,Cholera,40,1
2014,2014-W42,Punjab,Hepatitis A,10,0
2014,2014-W42,Tamil Nadu,Chikungunya,22,0
2014,2014-W42,Tripura,Food Poisoning,28,0
2014,2014-W42,Tripura,Measles,17,0
2014,2014-W42,Uttar Pradesh,Acute Diarrheal Disease,34,4
2014,2014-W42,West Bengal,Cholera,372,0
2014,2014-W42,West Bengal,Dengue,225,0
2014,2014-W42,West Bengal,Fever,22,0
2014,2014-W42,West Bengal,Food Poisoning,25,0
2014,2014-W43,Assam,Acute Diarrheal Disease,32,1
2014,2014-W43,Assam,Food Poisoning,32,1
2014,2014-W43,Bihar,Dengue,11,1
2014,2014-W43,Bihar,Measles,33,0
2014,2014-W43,Chhattisgarh,Acute Diarrheal Disease,41,0
2014,2014-W43,Haryana,Measles,16,0
2014,2014-W43,Jharkhand,Acute Diarrheal Disease,20,0
2014,2014-W43,Jharkhand,Measles,15,0
2014,2014-W43,Kerala,Hepatitis A,16,0
2014,2014-W43,Kerala,Mumps,32,0
2014,2014-W43,Madhya Pradesh,Acute Diarrheal Disease,12,0
2014,2014-W43,Maharashtra,Fever,45,2
2014,2014-W43,Uttarakhand,Measles,24,0
2014,2014-W44,Andhra Pradesh,Fever,24,0
2014,2014-W44,Bihar,Food Poisoning,40,0
2014,2014-W44,Haryana,Acute Diarrheal Disease,24,0
2014,2014-W44,Haryana,Fever,31,0
2014,2014-W44,Haryana,Measles,16,0
2014,2014-W44,Karnataka,Acute Diarrheal Disease,32,0
2014,2014-W44,Karnataka,Chikungunya,69,0
2014,2014-W44,Karnataka,Dengue,42,0
2014,2014-W44,Karnataka,Food Poisoning,36,0
2014,2014-W44,Karnataka,Hepatitis A,21,0
2014,2014-W44,Kerala,Food Poisoning,30,0
2014,2014-W44,Kerala,Mumps,27,0
2014,2014-W44,Madhya Pradesh,Dengue,25,0
2014,2014-W44,Madhya Pradesh,Malaria,138,1
2014,2014-W44,Maharashtra,Acute Diarrheal Disease,71,0
2014,2014-W44,Maharashtra,Dengue,77,4
2014,2014-W44,Maharashtra,Fever,92,2
2014,2014-W44,Punjab,Chickenpox,11,0
2014,2014-W44,Punjab,Cholera,13,0
2014,2014-W44,Rajasthan,Diphtheria,152,4
2014,2014-W44,Rajasthan,Food Poisoning,105,0
2014,2014-W44,Tamil Nadu,Acute Diarrheal Disease,83,0
2014,2014-W44,Tamil Nadu,Chikungunya,86,0
2014,2014-W44,Tamil Nadu,Fever,14,0
2014,2014-W44,West Bengal,Dengue,142,2
2014,2014-W44,West Bengal,Food Poisoning,18,0
2014,2014-W44,West Bengal,Japanese Encephalitis,2,0
2014,2014-W45,Assam,Acute Diarrheal Disease,22,0
2014,2014-W45,Assam,Typhoid,26,0
2014,2014-W45,Bihar,Acute Encephalitic Syndrome,5,5
2014,2014-W45,Bihar,Cholera,21,1
2014,2014-W45,Bihar,Measles,12,0
2014,2014-W45,Gujarat,Acute Diarrheal Disease,37,0
2014,2014-W45,Gujarat,Hepatitis A,17,0
2014,2014-W45,Haryana,Acute Diarrheal Disease,31,0
2014,2014-W45,Jharkhand,Acute Diarrheal Disease,28,0
2014,2014-W45,Jharkhand,Measles,15,0
2014,2014-W45,Kerala,Hepatitis A,22,0
2014,2014-W45,Madhya Pradesh,Acute Diarrheal Disease,19,0
2014,2014-W45,Madhya Pradesh,Fever,161,0
2014,2014-W45,Madhya Pradesh,Malaria,246,0
2014,2014-W45,Maharashtra,Acute Diarrheal Disease,194,0
2014,2014-W45,Maharashtra,Chikungunya,44,0
2014,2014-W45,Maharashtra,Dengue,51,2
2014,2014-W45,Maharashtra,Fever,16,1
2014,2014-W45,Maharashtra,Malaria,124,1
2014,2014-W45,Tamil Nadu,Fever,10,0
2014,2014-W45,Uttar Pradesh,Fever,60,0
2014,2014-W45,West Bengal,Acute Diarrheal Disease,37,0
2014,2014-W45,West Bengal,Dengue,76,2
2014,2014-W45,West Bengal,Measles,78,0
2014,2014-W46,Assam,Acute Diarrheal Disease,42,0
2014,2014-W46,Bihar,Measles,5,0
2014,2014-W46,Gujarat,Cholera,94,1
2014,2014-W46,Gujarat,Crimean-Congo Haemandrhagic Fever (Cchf),1,0
2014,2014-W46,Gujarat,Hepatitis E,80,0
2014,2014-W46,Haryana,Acute Diarrheal Disease,28,0
2014,2014-W46,Haryana,Measles,31,0
2014,2014-W46,Jammu And Kashmir,Acute Diarrheal Disease,39,0
2014,2014-W46,Jammu And Kashmir,Hepatitis,36,0
2014,2014-W46,Jharkhand,Measles,52,0
2014,2014-W46,Karnataka,Dengue,72,0
2014,2014-W46,Karnataka,Hepatitis E,23,0
2014,2014-W46,Kerala,Cholera,2,0
2014,2014-W46,Kerala,Food Poisoning,120,0
2014,2014-W46,Kerala,Leishmaniasis,4,1
2014,2014-W46,Madhya Pradesh,Malaria,106,1
2014,2014-W46,Maharashtra,Acute Diarrheal Disease,153,0
2014,2014-W46,Maharashtra,Cholera,36,0
2014,2014-W46,Maharashtra,Dengue,27,0
2014,2014-W46,Maharashtra,Fever,353,5
2014,2014-W46,Odisha,Food Poisoning,48,0
2014,2014-W46,Odisha,Measles,12,0
2014,2014-W46,Punjab,Measles,61,0
2014,2014-W46,Tamil Nadu,Chikungunya,16,0
2014,2014-W46,Uttar Pradesh,Food Poisoning,102,0
2014,2014-W46,West Bengal,Cholera,12,0
2014,2014-W47,Bihar,Cholera,20,4
2014,2014-W47,Bihar,Measles,84,0
2014,2014-W47,Dadra And Nagar Haveli,Measles,6,0
2014,2014-W47,Gujarat,Acute Diarrheal Disease,29,0
2014,2014-W47,Gujarat,Measles,31,0
2014,2014-W47,Jharkhand,Malaria,59,0
2014,2014-W47,Jharkhand,Measles,6,0
2014,2014-W47,Karnataka,Chikungunya,39,0
2014,2014-W47,Kerala,Hepatitis A,56,0
2014,2014-W47,Madhya Pradesh,Chikungunya,140,1
2014,2014-W47,Madhya Pradesh,Dengue,10,0
2014,2014-W47,Madhya Pradesh,Fever,62,0
2014,2014-W47,Madhya Pradesh,Food Poisoning,50,0
2014,2014-W47,Maharashtra,Dengue,132,7
2014,2014-W47,Maharashtra,Fever,122,3
2014,2014-W47,Maharashtra,Malaria,4,2
2014,2014-W47,Punjab,Mumps,15,0
2014,2014-W47,Rajasthan,Diphtheria,1,1
2014,2014-W47,Rajasthan,Hepatitis A,10,0
2014,2014-W47,Rajasthan,Hepatitis A And E,7,0
2014,2014-W47,Tamil Nadu,Chikungunya,7,0
2014,2014-W47,Tamil Nadu,Dengue,11,0
2014,2014-W47,Tamil Nadu,Fever,71,35
2014,2014-W47,Tamil Nadu,Food Poisoning,11,0
2014,2014-W47,Tamil Nadu,Typhoid,24,0
2014,2014-W47,Uttar Pradesh,Measles,12,0
2014,2014-W47,West Bengal,Food Poisoning,46,1
2014,2014-W48,Andhra Pradesh,Food Poisoning,68,0
2014,2014-W48,Assam,Food Poisoning,19,0
2014,2014-W48,Gujarat,Acute Diarrheal Disease,54,0
2014,2014-W48,Gujarat,Food Poisoning,60,0
2014,2014-W48,Gujarat,Hepatitis A,18,0
2014,2014-W48,Gujarat,Hepatitis E,14,0
2014,2014-W48,Gujarat,Measles,11,0
2014,2014-W48,Jharkhand,Acute Diarrheal Disease,76,4
2014,2014-W48,Jharkhand,Fever,39,0
2014,2014-W48,Jharkhand,Measles,80,2
2014,2014-W48,Madhya Pradesh,Fever,39,0
2014,2014-W48,Madhya Pradesh,Malaria,74,0
2014,2014-W48,Maharashtra,Acute Diarrheal Disease,40,0
2014,2014-W48,Maharashtra,Fever,26,0
2014,2014-W48,Punjab,Chickenpox,11,0
2014,2014-W48,Punjab,Hepatitis A And E,9,0
2014,2014-W48,Tripura,Food Poisoning,31,0
2014,2014-W48,Uttarakhand,Measles,14,0
2014,2014-W48,West Bengal,Dengue,116,0
2014,2014-W48,West Bengal,Food Poisoning,21,0
2014,2014-W48,West Bengal,Hepatitis A,55,0
2014,2014-W48,West Bengal,Malaria,13,0
2014,2014-W49,Andhra Pradesh,Acute Diarrheal Disease,22,2
2014,2014-W49,Andhra Pradesh,Food Poisoning,19,0
2014,2014-W49,Bihar,Chickenpox,9,0
2014,2014-W49,Gujarat,Acute Diarrheal Disease,263,0
2014,2014-W49,Gujarat,Food Poisoning,60,0
2014,2014-W49,Gujarat,Measles,8,0
2014,2014-W49,Jharkhand,Measles,65,0
2014,2014-W49,Karnataka,Acute Diarrheal Disease,15,0
2014,2014-W49,Karnataka,Chikungunya,39,0
2014,2014-W49,Kerala,Chickenpox,18,0
2014,2014-W49,Kerala,Food Poisoning,322,0
2014,2014-W49,Madhya Pradesh,Acute Diarrheal Disease,10,0
2014,2014-W49,Madhya Pradesh,Chikungunya,85,0
2014,2014-W49,Madhya Pradesh,Malaria,27,0
2014,2014-W49,Maharashtra,Dengue,38,4
2014,2014-W49,Maharashtra,Measles,15,0
2014,2014-W49,Odisha,Dysentery,37,0
2014,2014-W49,Punjab,Chickenpox,22,0
2014,2014-W49,Rajasthan,Acute Diarrheal Disease,159,0
2014,2014-W49,Rajasthan,Hepatitis A And E,79,0
2014,2014-W49,Tamil Nadu,Chikungunya And Dengue,24,0
2014,2014-W49,Tamil Nadu,Food Poisoning,12,0
2014,2014-W49,Tamil Nadu,Typhoid,39,0
2014,2014-W49,Uttar Pradesh,Chickenpox,54,0
2014,2014-W49,Uttar Pradesh,Measles,97,0
2014,2014-W49,West Bengal,Food Poisoning,58,0
2014,2014-W49,West Bengal,Malaria,21,0
2014,2014-W50,Andhra Pradesh,Acute Diarrheal Disease,25,0
2014,2014-W50,Arunachal Pradesh,Dengue,15,0
2014,2014-W50,Assam,Alcohol Poisoning,30,0
2014,2014-W50,Assam,Malaria,24,4
2014,2014-W50,Gujarat,Acute Diarrheal Disease,26,0
2014,2014-W50,Gujarat,Food Poisoning,12,0
2014,2014-W50,Jharkhand,Fever With Rash,24,0
2014,2014-W50,Jharkhand,Measles,40,0
2014,2014-W50,Karnataka,Chikungunya,13,0
2014,2014-W50,Karnataka,Food Poisoning,50,0
2014,2014-W50,Kerala,Hepatitis A,10,0
2014,2014-W50,Madhya Pradesh,Acute Diarrheal Disease,40,0
2014,2014-W50,Madhya Pradesh,Measles,10,0
2014,2014-W50,Maharashtra,Acute Diarrheal Disease,52,0
2014,2014-W50,Maharashtra,Dengue,78,0
2014,2014-W50,Maharashtra,Measles,8,0
2014,2014-W50,Tamil Nadu,Food Poisoning,19,0
2014,2014-W50,Tamil Nadu,Measles,8,0
2014,2014-W50,Uttar Pradesh,Measles,59,0
2014,2014-W51,Andhra Pradesh,Food Poisoning,110,0
2014,2014-W51,Arunachal Pradesh,Dengue,22,0
2014,2014-W51,Assam,Acute Diarrheal Disease,20,0
2014,2014-W51,Assam,Malaria,41,5
2014,2014-W51,Bihar,Chickenpox,95,0
2014,2014-W51,Bihar,Measles,13,0
2014,2014-W51,Chhattisgarh,Acute Diarrheal Disease,27,0
2014,2014-W51,Chhattisgarh,Food Poisoning,31,0
2014,2014-W51,Dadra And Nagar Haveli,Food Poisoning,106,0
2014,2014-W51,Gujarat,Crimean-Congo Haemandrhagic Fever (Cchf),1,1
2014,2014-W51,Gujarat,Hepatitis E,12,0
2014,2014-W51,Gujarat,Measles,8,0
2014,2014-W51,Haryana,Measles,19,0
2014,2014-W51,Himachal Pradesh,Hepatitis A,55,0
2014,2014-W51,Jharkhand,Measles,35,0
2014,2014-W51,Kerala,Hepatitis E,10,0
2014,2014-W51,Maharashtra,Fever,86,1
2014,2014-W51,Nagaland,Scrub Typhus,100,0
2014,2014-W51,Odisha,Chickenpox,33,0
2014,2014-W51,Odisha,Food Poisoning,59,0
2014,2014-W51,Odisha,Hepatitis E,365,7
2014,2014-W51,Punjab,Measles,11,0
2014,2014-W51,Rajasthan,Hepatitis A And E,6,0
2014,2014-W51,Tamil Nadu,Dengue,7,0
2014,2014-W51,Tamil Nadu,Food Poisoning,152,0
2014,2014-W51,Tripura,Acute Diarrheal Disease,12,1
2014,2014-W51,Uttar Pradesh,Chickenpox,20,0
2014,2014-W51,Uttar Pradesh,Food Poisoning,15,0
2014,2014-W51,Uttar Pradesh,Measles,76,0
2014,2014-W52,Andhra Pradesh,Food Poisoning,34,0
2014,2014-W52,Assam,Chickenpox,10,0
2014,2014-W52,Bihar,Chickenpox,30,0
2014,2014-W52,Chhattisgarh,Hepatitis And Jaundice,22,0
2014,2014-W52,Chhattisgarh,Measles,8,1
2014,2014-W52,Gujarat,Acute Diarrheal Disease,518,0
2014,2014-W52,Gujarat,Measles,29,0
2014,2014-W52,Haryana,Measles,24,0
2014,2014-W52,Himachal Pradesh,Measles,6,0
2014,2014-W52,Jharkhand,Measles,30,0
2014,2014-W52,Karnataka,Dengue,23,0
2014,2014-W52,Karnataka,Food Poisoning,35,0
2014,2014-W52,Karnataka,Kyasanur Fandest Disease,5,0
2014,2014-W52,Karnataka,Malaria,36,0
2014,2014-W52,Odisha,Hepatitis E,22,0
2014,2014-W52,Tamil Nadu,Chikungunya And Dengue,25,0
2014,2014-W52,Tamil Nadu,Food Poisoning,38,0
2014,2014-W52,West Bengal,Dengue,125,2
2014,2014-W52,West Bengal,Food Poisoning,37,0
2014,2014-W52,West Bengal,Malaria,58,0
2014,2014-W52,West Bengal,Measles,95,0
2015,2015-W01,Assam,Malaria,156,2
2015,2015-W01,Bihar,Food Poisoning,11,3
2015,2015-W01,Dadra And Nagar Haveli,Chickenpox,64,0
2015,2015-W01,Haryana,Hepatitis A And E,17,0
2015,2015-W01,Himachal Pradesh,Acute Diarrheal Disease,120,0
2015,2015-W01,Karnataka,Chikungunya,36,0
2015,2015-W01,Karnataka,Fever,32,0
2015,2015-W01,Karnataka,Food Poisoning,218,0
2015,2015-W01,Karnataka,Mumps,15,0
2015,2015-W01,Kerala,Food Poisoning,44,0
2015,2015-W01,Madhya Pradesh,Acute Diarrheal Disease,239,0
2015,2015-W01,Maharashtra,Acute Diarrheal Disease,49,0
2015,2015-W01,Maharashtra,Chickenpox,75,0
2015,2015-W01,Maharashtra,Food Poisoning,223,0
2015,2015-W01,Odisha,Measles,27,0
2015,2015-W01,Punjab,Measles,13,0
2015,2015-W01,Rajasthan,Fever,83,0
2015,2015-W01,Uttar Pradesh,Acute Diarrheal Disease,17,0
2015,2015-W01,Uttar Pradesh,Measles,30,0
2015,2015-W02,Andhra Pradesh,Food Poisoning,40,0
2015,2015-W02,Arunachal Pradesh,Dengue,27,0
2015,2015-W02,Bihar,Chickenpox,48,0
2015,2015-W02,Gujarat,Acute Diarrheal Disease,44,0
2015,2015-W02,Gujarat,Mumps,9,0
2015,2015-W02,Jharkhand,Measles,63,1
2015,2015-W02,Kerala,Chickenpox,10,0
2015,2015-W02,Kerala,Food Poisoning,408,0
2015,2015-W02,Kerala,Measles,53,0
2015,2015-W02,Madhya Pradesh,Food Poisoning,20,0
2015,2015-W02,Maharashtra,Hepatitis,12,0
2015,2015-W02,Maharashtra,Malaria,14,1
2015,2015-W02,Punjab,Measles,15,0
2015,2015-W02,Rajasthan,Measles,13,0
2015,2015-W02,Tamil Nadu,Acute Diarrheal Disease,90,0
2015,2015-W02,Tamil Nadu,Chickenpox,34,0
2015,2015-W02,Tamil Nadu,Dengue,16,0
2015,2015-W02,Tamil Nadu,Fever,11,0
2015,2015-W02,Tamil Nadu,Food Poisoning,49,0
2015,2015-W02,Tripura,Measles,12,0
2015,2015-W02,Uttar Pradesh,Chickenpox,15,0
2015,2015-W02,Uttar Pradesh,Measles,21,0
2015,2015-W02,West Bengal,Alcohol Poisoning,23,2
2015,2015-W02,West Bengal,Measles,12,0
2015,2015-W03,Assam,Acute Diarrheal Disease,18,0
2015,2015-W03,Assam,Measles,42,1
2015,2015-W03,Chhattisgarh,Hepatitis A And E,39,0
2015,2015-W03,Delhi,Measles,19,0
2015,2015-W03,Gujarat,Crimean-Congo Haemandrhagic Fever (Cchf),1,0
2015,2015-W03,Gujarat,Food Poisoning,22,0
2015,2015-W03,Jharkhand,Measles,31,1
2015,2015-W03,Karnataka,Acute Diarrheal Disease,46,0
2015,2015-W03,Karnataka,Food Poisoning,13,0
2015,2015-W03,Karnataka,Typhoid,57,0
2015,2015-W03,Madhya Pradesh,Chickenpox,64,0
2015,2015-W03,Maharashtra,Acute Diarrheal Disease,205,0
2015,2015-W03,Maharashtra,Chickenpox,98,0
2015,2015-W03,Maharashtra,Food Poisoning,223,0
2015,2015-W03,Maharashtra,Measles,37,0
2015,2015-W03,Odisha,Hepatitis E,2999,24
2015,2015-W03,Punjab,Acute Diarrheal Disease,45,0
2015,2015-W03,Rajasthan,Crimean-Congo Haemandrhagic Fever (Cchf),4,2
2015,2015-W03,Rajasthan,Hepatitis E,41,0
2015,2015-W03,Tamil Nadu,Dengue,26,0
2015,2015-W03,Tamil Nadu,Mumps,8,0
2015,2015-W03,Uttar Pradesh,Chickenpox,30,0
2015,2015-W03,Uttar Pradesh,Measles,7,0
2015,2015-W03,Uttarakhand,Measles,8,0
2015,2015-W04,Assam,Acute Diarrheal Disease,18,0
2015,2015-W04,Assam,Malaria,1127,1
2015,2015-W04,Assam,Measles,5,0
2015,2015-W04,Bihar,Measles,17,0
2015,2015-W04,Chhattisgarh,Chickenpox,7,0
2015,2015-W04,Gujarat,Acute Diarrheal Disease,37,0
2015,2015-W04,Gujarat,Food Poisoning,90,0
2015,2015-W04,Gujarat,Measles,20,0
2015,2015-W04,Haryana,Measles,23,1
2015,2015-W04,Jammu And Kashmir,Hepatitis A,20,0
2015,2015-W04,Karnataka,Acute Diarrheal Disease,23,0
2015,2015-W04,Karnataka,Mumps,15,0
2015,2015-W04,Kerala,Measles,11,1
2015,2015-W04,Madhya Pradesh,Acute Diarrheal Disease,268,0
2015,2015-W04,Maharashtra,Mumps,23,0
2015,2015-W04,Punjab,Hepatitis E,103,0
2015,2015-W04,Rajasthan,Hepatitis A And E,178,0
2015,2015-W04,Tamil Nadu,Chikungunya,22,0
2015,2015-W04,Tamil Nadu,Dengue,16,1
2015,2015-W04,Tamil Nadu,Fever,8,0
2015,2015-W04,Tamil Nadu,Food Poisoning,99,0
2015,2015-W04,Uttar Pradesh,Measles,5,0
2015,2015-W04,Uttarakhand,Measles,7,0
2015,2015-W05,Assam,Acute Diarrheal Disease,12,0
2015,2015-W05,Bihar,Fever With Rash,21,1
2015,2015-W05,Bihar,Measles,32,0
2015,2015-W05,Chhattisgarh,Hepatitis A And E,60,0
2015,2015-W05,Delhi,Acute Diarrheal Disease,17,0
2015,2015-W05,Gujarat,Chickenpox,19,0
2015,2015-W05,Gujarat,Food Poisoning,239,0
2015,2015-W05,Gujarat,Measles,15,0
2015,2015-W05,Haryana,Measles,23,0
2015,2015-W05,Haryana,Mumps,14,0
2015,2015-W05,Jharkhand,Fever With Rash,20,0
2015,2015-W05,Jharkhand,Measles,25,0
2015,2015-W05,Maharashtra,Measles,7,0
2015,2015-W05,Odisha,Acute Diarrheal Disease,21,0
2015,2015-W05,Odisha,Food Poisoning,19,0
2015,2015-W05,Rajasthan,Acute Diarrheal Disease,285,0
2015,2015-W05,Tamil Nadu,Chikungunya,13,0
2015,2015-W05,Tamil Nadu,Fever,19,0
2015,2015-W05,Tamil Nadu,Food Poisoning,14,0
2015,2015-W05,Uttar Pradesh,Chickenpox,16,0
2015,2015-W05,Uttar Pradesh,Crimean-Congo Haemandrhagic Fever (Cchf),1,1
2015,2015-W05,Uttar Pradesh,Measles,31,2
2015,2015-W05,Uttarakhand,Hepatitis A,14,0
2015,2015-W05,West Bengal,Fever With Rash,22,0
2015,2015-W05,West Bengal,Food Poisoning,335,0
2015,2015-W05,West Bengal,Measles,19,0
2015,2015-W06,Andhra Pradesh,Food Poisoning,33,0
2015,2015-W06,Bihar,Chickenpox,56,0
2015,2015-W06,Chhattisgarh,Chickenpox,155,0
2015,2015-W06,Chhattisgarh,Measles,7,0
2015,2015-W06,Daman And Diu,Measles,9,0
2015,2015-W06,Gujarat,Acute Diarrheal Disease,45,0
2015,2015-W06,Gujarat,Measles,5,0
2015,2015-W06,Haryana,Acute Diarrheal Disease,110,0
2015,2015-W06,Haryana,Measles,23,0
2015,2015-W06,Haryana,Mumps,14,0
2015,2015-W06,Jharkhand,Rubella,21,0
2015,2015-W06,Karnataka,Chickenpox,67,0
2015,2015-W06,Karnataka,Dengue,11,0
2015,2015-W06,Karnataka,Fever,16,0
2015,2015-W06,Karnataka,Food Poisoning,53,0
2015,2015-W06,Karnataka,Rubella,29,0
2015,2015-W06,Kerala,Food Poisoning,18,0
2015,2015-W06,Kerala,Measles,25,0
2015,2015-W06,Madhya Pradesh,Measles,7,1
2015,2015-W06,Maharashtra,Acute Diarrheal Disease,22,0
2015,2015-W06,Maharashtra,Chickenpox,8,0
2015,2015-W06,Maharashtra,Fever,159,0
2015,2015-W06,Maharashtra,Hepatitis E,13,0
2015,2015-W06,Punjab,Mumps,22,0
2015,2015-W06,Tamil Nadu,Dengue,30,0
2015,2015-W06,Uttar Pradesh,Measles,45,2
2015,2015-W07,Assam,Acute Diarrheal Disease,13,0
2015,2015-W07,Bihar,Chickenpox,69,0
2015,2015-W07,Bihar,Fever With Rash,24,0
2015,2015-W07,Bihar,Rubella,96,0
2015,2015-W07,Daman And Diu,Rubella,9,0
2015,2015-W07,Goa,Hepatitis E,17,0
2015,2015-W07,Gujarat,Diarrhoea,35,0
2015,2015-W07,Gujarat,Food Poisoning,46,0
2015,2015-W07,Jammu And Kashmir,Swine Flu (H1N1),108,0
2015,2015-W07,Jharkhand,Measles,90,0
2015,2015-W07,Karnataka,Chickenpox,68,0
2015,2015-W07,Kerala,Food Poisoning,52,0
2015,2015-W07,Kerala,Measles,9,0
2015,2015-W07,Madhya Pradesh,Food Poisoning,38,0
2015,2015-W07,Maharashtra,Measles,6,0
2015,2015-W07,Tamil Nadu,Chickenpox,44,0
2015,2015-W07,Tamil Nadu,Dengue,20,0
2015,2015-W07,Tamil Nadu,Measles,52,0
2015,2015-W07,Uttar Pradesh,Chickenpox,25,0
2015,2015-W07,Uttar Pradesh,Measles,58,1
2015,2015-W07,West Bengal,Acute Diarrheal Disease,400,0
2015,2015-W07,West Bengal,Food Poisoning,437,0
2015,2015-W07,West Bengal,Measles,25,0
2015,2015-W08,Andhra Pradesh,Acute Diarrheal Disease,22,0
2015,2015-W08,Assam,Food Poisoning,108,0
2015,2015-W08,Bihar,Chickenpox,60,0
2015,2015-W08,Chhattisgarh,Jaundice,76,0
2015,2015-W08,Haryana,Food Poisoning,300,1
2015,2015-W08,Himachal Pradesh,Acute Diarrheal Disease,39,0
2015,2015-W08,Jammu And Kashmir,H1N1,106,0
2015,2015-W08,Jammu And Kashmir,Typhoid,170,0
2015,2015-W08,Jharkhand,Chickenpox,7,0
2015,2015-W08,Jharkhand,Measles,13,0
2015,2015-W08,Karnataka,Fever,26,0
2015,2015-W08,Karnataka,Food Poisoning,99,0
2015,2015-W08,Kerala,Food Poisoning,19,0
2015,2015-W08,Kerala,Mumps,38,0
2015,2015-W08,Maharashtra,Acute Diarrheal Disease,45,0
2015,2015-W08,Maharashtra,Chickenpox,10,0
2015,2015-W08,Maharashtra,Chikungunya,13,0
2015,2015-W08,Maharashtra,Hepatitis E,25,0
2015,2015-W08,Mizoram,Measles,42,0
2015,2015-W08,Tamil Nadu,Chickenpox,12,0
2015,2015-W08,Tamil Nadu,Dengue,20,0
2015,2015-W08,Tamil Nadu,Leishmaniasis,44,0
2015,2015-W08,Uttar Pradesh,Measles,44,0
2015,2015-W08,Uttarakhand,Fever With Rash,28,0
2015,2015-W08,Uttarakhand,Measles,36,0
2015,2015-W08,West Bengal,Food Poisoning,525,0
2015,2015-W08,West Bengal,Measles,25,0
2015,2015-W09,Andhra Pradesh,Cholera,22,0
2015,2015-W09,Andhra Pradesh,Food Poisoning,51,0
2015,2015-W09,Assam,Measles,8,0
2015,2015-W09,Bihar,Chickenpox,113,0
2015,2015-W09,Bihar,Kala Azar,10,0
2015,2015-W09,Chhattisgarh,Food Poisoning,37,0
2015,2015-W09,Delhi,Measles,38,0
2015,2015-W09,Gujarat,Acute Diarrheal Disease,20,0
2015,2015-W09,Gujarat,Cholera,24,1
2015,2015-W09,Gujarat,Food Poisoning,92,0
2015,2015-W09,Haryana,Food Poisoning,300,1
2015,2015-W09,Himachal Pradesh,Acute Diarrheal Disease,50,0
2015,2015-W09,Himachal Pradesh,Food Poisoning,39,0
2015,2015-W09,Himachal Pradesh,Hepatitis E,83,0
2015,2015-W09,Karnataka,Food Poisoning,67,0
2015,2015-W09,Kerala,Food Poisoning,48,0
2015,2015-W09,Kerala,Kyasanur Fandest Disease,140,7
2015,2015-W09,Maharashtra,Chickenpox,26,0
2015,2015-W09,Maharashtra,Chikungunya,13,0
2015,2015-W09,Maharashtra,Hepatitis E,32,0
2015,2015-W09,Maharashtra,Malaria,51,1
2015,2015-W09,Meghalaya,Acute Diarrheal Disease,375,4
2015,2015-W09,Odisha,Food Poisoning,21,0
2015,2015-W09,Puducherry,Food Poisoning,304,0
2015,2015-W09,Punjab,Measles,5,0
2015,2015-W09,Tamil Nadu,Food Poisoning,48,0
2015,2015-W09,Telangana,Cholera,31,0
2015,2015-W09,Uttar Pradesh,Food Poisoning,15,0
2015,2015-W09,Uttar Pradesh,Measles,16,0
2015,2015-W09,Uttarakhand,Measles,7,0
2015,2015-W10,Andhra Pradesh,Food Poisoning,90,0
2015,2015-W10,Arunachal Pradesh,Chickenpox,8,0
2015,2015-W10,Assam,Measles,7,0
2015,2015-W10,Bihar,Fever With Rash,12,0
2015,2015-W10,Chhattisgarh,Measles,15,0
2015,2015-W10,Goa,Fever,44,2
2015,2015-W10,Haryana,Measles,25,0
2015,2015-W10,Himachal Pradesh,Acute Diarrheal Disease,16,0
2015,2015-W10,Jharkhand,Measles,33,0
2015,2015-W10,Karnataka,Acute Diarrheal Disease,10,0
2015,2015-W10,Karnataka,Measles,8,0
2015,2015-W10,Karnataka,Typhoid Fever,17,0
2015,2015-W10,Kerala,Food Poisoning,33,0
2015,2015-W10,Kerala,Measles,14,0
2015,2015-W10,Madhya Pradesh,Measles,6,0
2015,2015-W10,Maharashtra,Dengue,6,1
2015,2015-W10,Maharashtra,Fever,159,0
2015,2015-W10,Maharashtra,Hepatitis E,32,0
2015,2015-W10,Maharashtra,Malaria,155,2
2015,2015-W10,Maharashtra,Measles,10,0
2015,2015-W10,Rajasthan,Food Poisoning,80,1
2015,2015-W10,Tamil Nadu,Chickenpox,20,0
2015,2015-W10,Tamil Nadu,Chikungunya,10,0
2015,2015-W10,Tamil Nadu,Food Poisoning,9,0
2015,2015-W10,Telangana,Acute Diarrheal Disease,35,0
2015,2015-W10,Uttar Pradesh,Chickenpox,6,0
2015,2015-W10,Uttarakhand,Measles,22,0
2015,2015-W10,West Bengal,Food Poisoning,145,0
2015,2015-W11,Andhra Pradesh,Dengue,42,0
2015,2015-W11,Andhra Pradesh,Food Poisoning,35,0
2015,2015-W11,Assam,Measles,73,0
2015,2015-W11,Bihar,Chickenpox,45,0
2015,2015-W11,Chhattisgarh,Chickenpox,12,0
2015,2015-W11,Chhattisgarh,Food Poisoning,16,0
2015,2015-W11,Gujarat,Jaundice,8,0
2015,2015-W11,Haryana,Measles,25,0
2015,2015-W11,Himachal Pradesh,Acute Diarrheal Disease,27,0
2015,2015-W11,Jharkhand,Measles,21,0
2015,2015-W11,Karnataka,Acute Diarrheal Disease,12,0
2015,2015-W11,Karnataka,Dengue,36,0
2015,2015-W11,Karnataka,Kyasanur Fandest Disease,112,0
2015,2015-W11,Kerala,Food Poisoning,169,0
2015,2015-W11,Kerala,Measles,13,0
2015,2015-W11,Kerala,Mumps,34,0
2015,2015-W11,Rajasthan,Food Poisoning,30,1
2015,2015-W11,West Bengal,Measles,19,0
2015,2015-W12,Andhra Pradesh,Food Poisoning,27,0
2015,2015-W12,Assam,Chickenpox,12,0
2015,2015-W12,Assam,Food Poisoning,853,8
2015,2015-W12,Assam,Measles,9,0
2015,2015-W12,Bihar,Chickenpox,22,0
2015,2015-W12,Chhattisgarh,Chickenpox,8,0
2015,2015-W12,Dadra And Nagar Haveli,Measles,7,0
2015,2015-W12,Gujarat,Food Poisoning,51,0
2015,2015-W12,Gujarat,Hepatitis A,13,0
2015,2015-W12,Gujarat,Measles,10,0
2015,2015-W12,Jammu And Kashmir,Acute Diarrheal Disease,410,0
2015,2015-W12,Jharkhand,Measles,37,0
2015,2015-W12,Karnataka,Chickenpox,9,0
2015,2015-W12,Madhya Pradesh,Measles,11,1
2015,2015-W12,Tamil Nadu,Cast And Seed Poisoning,9,0
2015,2015-W12,Tamil Nadu,Chickenpox,6,0
2015,2015-W12,Tamil Nadu,Chikungunya,12,0
2015,2015-W12,Tamil Nadu,Dengue,5,0
2015,2015-W12,Tamil Nadu,Food Poisoning,18,0
2015,2015-W12,Uttar Pradesh,Food Poisoning,12,0
2015,2015-W12,Uttar Pradesh,Measles,62,1
2015,2015-W12,Uttarakhand,Food Poisoning,16,1
2015,2015-W12,Uttarakhand,Measles,16,0
2015,2015-W12,West Bengal,Food Poisoning,13,0
2015,2015-W13,Andhra Pradesh,Food Poisoning,39,0
2015,2015-W13,Assam,Acute Diarrheal Disease,42,0
2015,2015-W13,Bihar,Chickenpox,130,0
2015,2015-W13,Bihar,Measles,5,0
2015,2015-W13,Dadra And Nagar Haveli,Measles,19,1
2015,2015-W13,Delhi,Jaundice,13,0
2015,2015-W13,Gujarat,Acute Diarrheal Disease,52,0
2015,2015-W13,Gujarat,Crimean-Congo Haemandrhagic Fever (Cchf),1,1
2015,2015-W13,Gujarat,Food Poisoning,210,0
2015,2015-W13,Haryana,Mumps,21,0
2015,2015-W13,Kerala,Hepatitis A,13,0
2015,2015-W13,Kerala,Mumps,82,0
2015,2015-W13,Maharashtra,Dengue,15,0
2015,2015-W13,Manipur,Measles,5,0
2015,2015-W13,Rajasthan,Acute Diarrheal Disease,208,0
2015,2015-W13,Rajasthan,Measles,42,0
2015,2015-W13,Tamil Nadu,Measles,20,0
2015,2015-W13,Telangana,Chikungunya,32,0
2015,2015-W13,Telangana,Food Poisoning,73,0
2015,2015-W13,Uttar Pradesh,Measles,5,0
2015,2015-W14,Bihar,Chickenpox,24,0
2015,2015-W14,Goa,Kyasanur Fandest Disease,60,4
2015,2015-W14,Gujarat,Food Poisoning,65,0
2015,2015-W14,Gujarat,Hepatitis E,14,0
2015,2015-W14,Gujarat,Measles,9,0
2015,2015-W14,Jammu And Kashmir,Acute Diarrheal Disease,160,0
2015,2015-W14,Karnataka,Rubella,25,0
2015,2015-W14,Kerala,Dengue,38,0
2015,2015-W14,Kerala,Food Poisoning,950,0
2015,2015-W14,Kerala,Hepatitis A,11,0
2015,2015-W14,Madhya Pradesh,Acute Diarrheal Disease,29,0
2015,2015-W14,Madhya Pradesh,Chickenpox,24,0
2015,2015-W14,Madhya Pradesh,Measles,5,0
2015,2015-W14,Maharashtra,Food Poisoning,86,5
2015,2015-W14,Manipur,Measles,5,0
2015,2015-W14,Odisha,Anthrax,18,0
2015,2015-W14,Odisha,Hepatitis,11,0
2015,2015-W14,Rajasthan,Acute Diarrheal Disease,133,0
2015,2015-W14,Tamil Nadu,Chickenpox,8,0
2015,2015-W14,Tamil Nadu,Food Poisoning,143,0
2015,2015-W14,Tripura,Chickenpox,5,0
2015,2015-W14,Uttar Pradesh,Chickenpox,12,0
2015,2015-W14,Uttarakhand,Chickenpox,55,0
2015,2015-W15,Andhra Pradesh,Acute Diarrheal Disease,100,0
2015,2015-W15,Andhra Pradesh,Food Poisoning,33,0
2015,2015-W15,Assam,Rubella,26,0
2015,2015-W15,Goa,Kyasanur Fandest Disease,26,4
2015,2015-W15,Haryana,Measles,14,0
2015,2015-W15,Himachal Pradesh,Acute Diarrheal Disease,36,0
2015,2015-W15,Jammu And Kashmir,Food Poisoning,72,0
2015,2015-W15,Jharkhand,Chickenpox,9,0
2015,2015-W15,Jharkhand,Measles,18,0
2015,2015-W15,Karnataka,Acute Diarrheal Disease,46,0
2015,2015-W15,Madhya Pradesh,Acute Diarrheal Disease,171,0
2015,2015-W15,Madhya Pradesh,Fever With Rash,10,0
2015,2015-W15,Madhya Pradesh,Measles,22,2
2015,2015-W15,Maharashtra,Acute Diarrheal Disease,65,0
2015,2015-W15,Maharashtra,Chikungunya,19,0
2015,2015-W15,Maharashtra,Fever,14,0
2015,2015-W15,Tamil Nadu,Chickenpox,35,0
2015,2015-W15,Tripura,Acute Diarrheal Disease,30,1
2015,2015-W15,Tripura,Food Poisoning,23,0
2015,2015-W15,West Bengal,Acute Diarrheal Disease,30,0
2015,2015-W15,West Bengal,Fever With Rash,12,0
2015,2015-W16,Bihar,Acute Diarrheal Disease,14,0
2015,2015-W16,Bihar,Chickenpox,100,0
2015,2015-W16,Bihar,Food Poisoning,86,1
2015,2015-W16,Bihar,Measles,22,3
2015,2015-W16,Chhattisgarh,Jaundice,12,0
2015,2015-W16,Dadra And Nagar Haveli,Measles,12,0
2015,2015-W16,Gujarat,Food Poisoning,25,3
2015,2015-W16,Gujarat,Measles,136,0
2015,2015-W16,Haryana,Chickenpox,24,0
2015,2015-W16,Haryana,Measles,11,0
2015,2015-W16,Himachal Pradesh,Acute Diarrheal Disease,13,0
2015,2015-W16,Jharkhand,Measles,31,0
2015,2015-W16,Karnataka,Chikungunya,15,0
2015,2015-W16,Karnataka,Fever,18,0
2015,2015-W16,Madhya Pradesh,Food Poisoning,151,0
2015,2015-W16,Madhya Pradesh,Measles,9,0
2015,2015-W16,Maharashtra,Acute Diarrheal Disease,24,0
2015,2015-W16,Maharashtra,Cholera,22,0
2015,2015-W16,Maharashtra,Dengue,41,0
2015,2015-W16,Maharashtra,Hepatitis E,16,0
2015,2015-W16,Maharashtra,Typhoid,32,0
2015,2015-W16,Meghalaya,Mushroom Poisoning,14,8
2015,2015-W16,Punjab,Measles,28,0
2015,2015-W16,Rajasthan,Acute Diarrheal Disease,21,0
2015,2015-W16,Rajasthan,Food Poisoning,26,0
2015,2015-W16,Tripura,Measles,37,0
2015,2015-W16,Uttar Pradesh,Chickenpox,7,0
2015,2015-W16,Uttar Pradesh,Measles,35,0
2015,2015-W16,Uttarakhand,Acute Diarrheal Disease,68,0
2015,2015-W16,West Bengal,Acute Diarrheal Disease,142,0
2015,2015-W16,West Bengal,Food Poisoning,13,0
2015,2015-W17,Assam,Food Poisoning,60,0
2015,2015-W17,Assam,Mushroom Poisoning,7,2
2015,2015-W17,Bihar,Chickenpox,31,0
2015,2015-W17,Bihar,Measles,6,0
2015,2015-W17,Chhattisgarh,Food Poisoning,177,0
2015,2015-W17,Himachal Pradesh,Measles,11,0
2015,2015-W17,Jharkhand,Chickenpox,18,0
2015,2015-W17,Jharkhand,Measles,17,0
2015,2015-W17,Karnataka,Acute Diarrheal Disease,50,0
2015,2015-W17,Karnataka,Chikungunya,38,0
2015,2015-W17,Karnataka,Cholera,104,0
2015,2015-W17,Karnataka,Food Poisoning,59,0
2015,2015-W17,Karnataka,Malaria,33,0
2015,2015-W17,Madhya Pradesh,Food Poisoning,52,0
2015,2015-W17,Maharashtra,Acute Diarrheal Disease,62,0
2015,2015-W17,Maharashtra,Dysentery,42,0
2015,2015-W17,Maharashtra,Japanese Encephalitis,19,2
2015,2015-W17,Odisha,Hepatitis E,12,0
2015,2015-W17,Punjab,Acute Diarrheal Disease,40,0
2015,2015-W17,Punjab,Measles,28,0
2015,2015-W17,Punjab,Mumps,27,0
2015,2015-W17,Uttar Pradesh,Food Poisoning,38,0
2015,2015-W17,Uttarakhand,Acute Diarrheal Disease,16,0
2015,2015-W17,West Bengal,Acute Diarrheal Disease,19,0
2015,2015-W17,West Bengal,Cholera,59,0
2015,2015-W17,West Bengal,Food Poisoning,124,0
2015,2015-W17,West Bengal,Measles,39,0
2015,2015-W18,Assam,Food Poisoning,88,0
2015,2015-W18,Bihar,Chickenpox,24,0
2015,2015-W18,Bihar,Food Poisoning,115,0
2015,2015-W18,Gujarat,Acute Diarrheal Disease,30,0
2015,2015-W18,Gujarat,Food Poisoning,129,0
2015,2015-W18,Gujarat,Measles,7,0
2015,2015-W18,Haryana,Chickenpox,24,0
2015,2015-W18,Jammu And Kashmir,Hepatitis C,30,0
2015,2015-W18,Jammu And Kashmir,Mumps,21,0
2015,2015-W18,Jharkhand,Chickenpox,42,0
2015,2015-W18,Kerala,Dengue,29,0
2015,2015-W18,Madhya Pradesh,Acute Diarrheal Disease,55,0
2015,2015-W18,Madhya Pradesh,Measles,24,0
2015,2015-W18,Maharashtra,Acute Diarrheal Disease,18,0
2015,2015-W18,Maharashtra,Dengue,44,0
2015,2015-W18,Rajasthan,Food Poisoning,141,0
2015,2015-W18,Rajasthan,Gastroenteritis,14,0
2015,2015-W18,Tamil Nadu,Acute Diarrheal Disease,14,0
2015,2015-W18,Tamil Nadu,Dengue,56,0
2015,2015-W18,Tamil Nadu,Food Poisoning,64,0
2015,2015-W18,Telangana,Food Poisoning,120,0
2015,2015-W18,West Bengal,Acute Diarrheal Disease,8,0
2015,2015-W18,West Bengal,Food Poisoning,358,0
2015,2015-W19,Assam,Chickenpox,9,1
2015,2015-W19,Bihar,Chickenpox,20,1
2015,2015-W19,Bihar,Food Poisoning,24,0
2015,2015-W19,Chhattisgarh,Food Poisoning,129,0
2015,2015-W19,Gujarat,Food Poisoning,36,0
2015,2015-W19,Gujarat,Hepatitis E,31,0
2015,2015-W19,Haryana,Measles,6,0
2015,2015-W19,Himachal Pradesh,Measles,57,0
2015,2015-W19,Jammu And Kashmir,Hepatitis E,40,0
2015,2015-W19,Jharkhand,Anthrax,17,2
2015,2015-W19,Jharkhand,Measles,42,0
2015,2015-W19,Karnataka,Acute Diarrheal Disease,40,0
2015,2015-W19,Karnataka,Chikungunya,7,0
2015,2015-W19,Karnataka,Cholera,53,0
2015,2015-W19,Karnataka,Dengue,9,0
2015,2015-W19,Kerala,Hepatitis A,52,0
2015,2015-W19,Madhya Pradesh,Acute Diarrheal Disease,120,0
2015,2015-W19,Madhya Pradesh,Chickenpox,11,0
2015,2015-W19,Madhya Pradesh,Food Poisoning,98,0
2015,2015-W19,Madhya Pradesh,Measles,20,0
2015,2015-W19,Madhya Pradesh,Rubella,10,0
2015,2015-W19,Maharashtra,Acute Diarrheal Disease,127,1
2015,2015-W19,Maharashtra,Dengue,11,1
2015,2015-W19,Maharashtra,Food Poisoning,80,0
2015,2015-W19,Rajasthan,Acute Diarrheal Disease,25,0
2015,2015-W19,Rajasthan,Food Poisoning,29,3
2015,2015-W19,Tamil Nadu,Chikungunya,62,0
2015,2015-W19,West Bengal,Acute Diarrheal Disease,8,0
2015,2015-W19,West Bengal,Food Poisoning,264,0
2015,2015-W20,Andhra Pradesh,Acute Diarrheal Disease,55,0
2015,2015-W20,Arunachal Pradesh,Acute Diarrheal Disease,20,0
2015,2015-W20,Assam,Acute Diarrheal Disease,21,0
2015,2015-W20,Assam,Chickenpox,9,1
2015,2015-W20,Assam,Fever With Rash,15,0
2015,2015-W20,Assam,Measles,80,0
2015,2015-W20,Bihar,Chickenpox,153,0
2015,2015-W20,Bihar,Food Poisoning,278,0
2015,2015-W20,Chandigarh,Measles,8,0
2015,2015-W20,Chhattisgarh,Acute Diarrheal Disease,11,0
2015,2015-W20,Chhattisgarh,Chickenpox,23,0
2015,2015-W20,Gujarat,Acute Diarrheal Disease,167,0
2015,2015-W20,Gujarat,Food Poisoning,162,1
2015,2015-W20,Haryana,Measles,6,0
2015,2015-W20,Jharkhand,Fever With Rash,8,0
2015,2015-W20,Jharkhand,Food Poisoning,31,2
2015,2015-W20,Jharkhand,Measles,28,0
2015,2015-W20,Karnataka,Fever,53,0
2015,2015-W20,Karnataka,Food Poisoning,30,0
2015,2015-W20,Kerala,Dengue,21,0
2015,2015-W20,Madhya Pradesh,Acute Diarrheal Disease,15,0
2015,2015-W20,Madhya Pradesh,Malaria,16,0
2015,2015-W20,Maharashtra,Acute Diarrheal Disease,80,0
2015,2015-W20,Maharashtra,Food Poisoning,48,0
2015,2015-W20,Meghalaya,Chickenpox,41,0
2015,2015-W20,Punjab,Hepatitis A,7,0
2015,2015-W20,Punjab,Hepatitis E,38,0
2015,2015-W20,Punjab,Measles,4,0
2015,2015-W20,Rajasthan,Dengue,202,1
2015,2015-W20,Rajasthan,Food Poisoning,96,0
2015,2015-W20,Sikkim,Measles,40,0
2015,2015-W20,Uttar Pradesh,Chickenpox,11,0
2015,2015-W20,Uttar Pradesh,Measles,58,0
2015,2015-W20,Uttarakhand,Enteric Fever,30,0
2015,2015-W20,Uttarakhand,Fever With Rash,8,0
2015,2015-W20,West Bengal,Acute Diarrheal Disease,323,0
2015,2015-W20,West Bengal,Cholera,61,0
2015,2015-W21,Andhra Pradesh,Acute Diarrheal Disease,34,0
2015,2015-W21,Arunachal Pradesh,Enteric Fever,15,0
2015,2015-W21,Assam,Malaria,33,0
2015,2015-W21,Chandigarh,Measles,14,0
2015,2015-W21,Gujarat,Acute Diarrheal Disease,20,0
2015,2015-W21,Gujarat,Food Poisoning,53,1
2015,2015-W21,Jammu And Kashmir,Acute Diarrheal Disease,50,0
2015,2015-W21,Jammu And Kashmir,Upper Respiratandy Tract Infection (Urti),130,0
2015,2015-W21,Jharkhand,Measles,35,0
2015,2015-W21,Karnataka,Acute Diarrheal Disease,24,0
2015,2015-W21,Karnataka,Enteric Fever,13,0
2015,2015-W21,Karnataka,Fever With Joint Pain,245,0
2015,2015-W21,Karnataka,Food Poisoning,44,1
2015,2015-W21,Kerala,Food Poisoning,120,0
2015,2015-W21,Odisha,Acute Diarrheal Disease,11,0
2015,2015-W21,Odisha,Anthrax,18,4
2015,2015-W21,Rajasthan,Diarrhoea,100,0
2015,2015-W21,Rajasthan,Food Poisoning,91,0
2015,2015-W21,Rajasthan,Measles,21,0
2015,2015-W21,Tamil Nadu,Acute Diarrheal Disease,36,0
2015,2015-W21,Telangana,Food Poisoning,22,0
2015,2015-W21,West Bengal,Acute Diarrheal Disease,44,0
2015,2015-W21,West Bengal,Anthrax,45,2
2015,2015-W21,West Bengal,Diarrhoea,39,0
2015,2015-W21,West Bengal,Fever With Rash,69,0
2015,2015-W21,West Bengal,Measles,7,0
2015,2015-W22,Andhra Pradesh,Acute Diarrheal Disease,16,0
2015,2015-W22,Andhra Pradesh,Fever,30,0
2015,2015-W22,Assam,Fever With Rash,15,0
2015,2015-W22,Assam,Malaria,10,0
2015,2015-W22,Bihar,Measles,5,0
2015,2015-W22,Gujarat,Cholera,10,0
2015,2015-W22,Gujarat,Epidemic Dropsy,10,2
2015,2015-W22,Gujarat,Food Poisoning,14,0
2015,2015-W22,Gujarat,Gastroenteritis,21,0
2015,2015-W22,Jammu And Kashmir,Chickenpox,24,0
2015,2015-W22,Karnataka,Acute Diarrheal Disease,69,0
2015,2015-W22,Karnataka,Chikungunya,23,0
2015,2015-W22,Karnataka,Cholera,17,0
2015,2015-W22,Karnataka,Dengue,129,0
2015,2015-W22,Karnataka,Food Poisoning,102,0
2015,2015-W22,Kerala,Dengue,17,0
2015,2015-W22,Madhya Pradesh,Acute Diarrheal Disease,289,0
2015,2015-W22,Maharashtra,Acute Diarrheal Disease,21,0
2015,2015-W22,Maharashtra,Dengue,29,0
2015,2015-W22,Maharashtra,Diarrhoea,38,0
2015,2015-W22,Maharashtra,Food Poisoning,29,0
2015,2015-W22,Maharashtra,Hepatitis E,61,1
2015,2015-W22,Odisha,Food Poisoning,83,0
2015,2015-W22,Odisha,Jaundice,19,0
2015,2015-W22,Odisha,Measles,14,0
2015,2015-W22,Punjab,Measles,12,0
2015,2015-W22,Punjab,Mumps,15,0
2015,2015-W22,Rajasthan,Acute Diarrheal Disease,24,0
2015,2015-W22,Rajasthan,Food Poisoning,242,0
2015,2015-W22,Telangana,Malaria,24,1
2015,2015-W22,Uttar Pradesh,Chickenpox,21,0
2015,2015-W22,Uttar Pradesh,Food Poisoning,32,0
2015,2015-W22,Uttar Pradesh,Measles,7,0
2015,2015-W22,West Bengal,Acute Diarrheal Disease,18,0
2015,2015-W22,West Bengal,Food Poisoning,28,0
2015,2015-W22,West Bengal,Malaria,19,0
2015,2015-W22,West Bengal,Measles,20,0
2015,2015-W23,Andhra Pradesh,Acute Diarrheal Disease,16,0
2015,2015-W23,Andhra Pradesh,Fever,30,0
2015,2015-W23,Assam,Food Poisoning,39,0
2015,2015-W23,Bihar,Food Poisoning,44,0
2015,2015-W23,Goa,Dengue,20,0
2015,2015-W23,Gujarat,Acute Diarrheal Disease,63,0
2015,2015-W23,Gujarat,Fever With Rash,5,0
2015,2015-W23,Gujarat,Gastroenteritis,54,0
2015,2015-W23,Himachal Pradesh,Fever With Rash,31,0
2015,2015-W23,Jharkhand,Measles,18,0
2015,2015-W23,Karnataka,Chikungunya And Dengue,657,0
2015,2015-W23,Karnataka,Cholera,22,1
2015,2015-W23,Karnataka,Dengue,39,0
2015,2015-W23,Karnataka,Fever,37,0
2015,2015-W23,Karnataka,Food Poisoning,30,0
2015,2015-W23,Kerala,Dengue,65,0
2015,2015-W23,Kerala,Hepatitis A,31,0
2015,2015-W23,Kerala,Measles,34,0
2015,2015-W23,Maharashtra,Acute Diarrheal Disease,35,0
2015,2015-W23,Meghalaya,Mushroom Poisoning,8,0
2015,2015-W23,Mizoram,Acute Diarrheal Disease,188,0
2015,2015-W23,Odisha,Anthrax,12,2
2015,2015-W23,Punjab,Chickenpox,22,0
2015,2015-W23,Rajasthan,Gastroenteritis,78,0
2015,2015-W23,Tamil Nadu,Dengue,11,0
2015,2015-W23,Tamil Nadu,Enteric Fever,41,0
2015,2015-W23,Tamil Nadu,Measles,14,0
2015,2015-W23,Uttar Pradesh,Measles,12,1
2015,2015-W23,Uttarakhand,Food Poisoning,17,0
2015,2015-W24,Andhra Pradesh,Acute Diarrheal Disease,15,0
2015,2015-W24,Bihar,Food Poisoning,28,0
2015,2015-W24,Chhattisgarh,Jaundice,23,0
2015,2015-W24,Gujarat,Acute Diarrheal Disease,22,0
2015,2015-W24,Gujarat,Measles,15,0
2015,2015-W24,Gujarat,Rubella,20,0
2015,2015-W24,Jharkhand,Anthrax,23,1
2015,2015-W24,Jharkhand,Measles,19,1
2015,2015-W24,Jharkhand,Rubella,10,0
2015,2015-W24,Karnataka,Dengue,78,0
2015,2015-W24,Karnataka,Fever,88,0
2015,2015-W24,Karnataka,Food Poisoning,16,0
2015,2015-W24,Karnataka,Malaria,16,0
2015,2015-W24,Kerala,Acute Diarrheal Disease,156,0
2015,2015-W24,Kerala,Dengue,49,1
2015,2015-W24,Kerala,Hepatitis A,18,0
2015,2015-W24,Madhya Pradesh,Cholera,44,0
2015,2015-W24,Madhya Pradesh,Food Poisoning,55,0
2015,2015-W24,Maharashtra,Acute Diarrheal Disease,110,0
2015,2015-W24,Maharashtra,Fever,145,1
2015,2015-W24,Odisha,Acute Diarrheal Disease,39,0
2015,2015-W24,Odisha,Food Poisoning,17,0
2015,2015-W24,Odisha,Hepatitis,7,0
2015,2015-W24,Punjab,Measles,4,0
2015,2015-W24,Rajasthan,Food Poisoning,44,0
2015,2015-W24,Tamil Nadu,Chikungunya,11,0
2015,2015-W24,Tamil Nadu,Dengue,15,0
2015,2015-W24,Tamil Nadu,Fever,12,0
2015,2015-W24,Uttar Pradesh,Acute Diarrheal Disease,42,0
2015,2015-W24,Uttar Pradesh,Hepatitis A And E,100,0
2015,2015-W24,Uttarakhand,Food Poisoning,92,0
2015,2015-W24,West Bengal,Acute Diarrheal Disease,200,0
2015,2015-W24,West Bengal,Malaria,137,0
2015,2015-W25,Andhra Pradesh,Acute Diarrheal Disease,126,1
2015,2015-W25,Arunachal Pradesh,Fever,15,0
2015,2015-W25,Assam,Food Poisoning,120,0
2015,2015-W25,Bihar,Chickenpox,5,0
2015,2015-W25,Chhattisgarh,Acute Diarrheal Disease,49,0
2015,2015-W25,Gujarat,Acute Diarrheal Disease,268,0
2015,2015-W25,Gujarat,Dysentery,40,0
2015,2015-W25,Gujarat,Hepatitis E,14,0
2015,2015-W25,Gujarat,Jaundice,17,1
2015,2015-W25,Gujarat,Viral Encephalitis,1,1
2015,2015-W25,Jammu And Kashmir,Food Poisoning,201,0
2015,2015-W25,Karnataka,Chikungunya,32,0
2015,2015-W25,Karnataka,Cholera,156,0
2015,2015-W25,Karnataka,Dengue,78,0
2015,2015-W25,Kerala,Acute Diarrheal Disease,156,0
2015,2015-W25,Kerala,Dengue,11,0
2015,2015-W25,Kerala,Food Poisoning,122,0
2015,2015-W25,Kerala,Hepatitis A,62,0
2015,2015-W25,Madhya Pradesh,Acute Diarrheal Disease,138,0
2015,2015-W25,Maharashtra,Acute Diarrheal Disease,55,0
2015,2015-W25,Maharashtra,Food Poisoning,13,0
2015,2015-W25,Meghalaya,Mushroom Poisoning,8,0
2015,2015-W25,Punjab,Measles,55,0
2015,2015-W25,Rajasthan,Acute Diarrheal Disease,185,0
2015,2015-W25,Tamil Nadu,Acute Diarrheal Disease,12,0
2015,2015-W25,Tamil Nadu,Dengue,58,0
2015,2015-W25,Tripura,Japanese Encephalitis,22,3
2015,2015-W25,Uttar Pradesh,Fever With Rash,8,0
2015,2015-W25,Uttar Pradesh,Measles,14,0
2015,2015-W25,West Bengal,Acute Diarrheal Disease,227,0
2015,2015-W25,West Bengal,Dysentery,40,0
2015,2015-W25,West Bengal,Measles,20,0
2015,2015-W26,Arunachal Pradesh,Dengue,68,0
2015,2015-W26,Assam,Chickenpox,9,0
2015,2015-W26,Assam,Food Poisoning,85,0
2015,2015-W26,Assam,Japanese Encephalitis,21,5
2015,2015-W26,Chhattisgarh,Acute Diarrheal Disease,42,0
2015,2015-W26,Chhattisgarh,Food Poisoning,51,0
2015,2015-W26,Gujarat,Acute Diarrheal Disease,16,0
2015,2015-W26,Gujarat,Cholera,15,0
2015,2015-W26,Himachal Pradesh,Food Poisoning,13,0
2015,2015-W26,Himachal Pradesh,Measles,13,0
2015,2015-W26,Jammu And Kashmir,Acute Diarrheal Disease,35,0
2015,2015-W26,Jammu And Kashmir,Chickenpox,13,0
2015,2015-W26,Jharkhand,Acute Diarrheal Disease,23,0
2015,2015-W26,Karnataka,Acute Diarrheal Disease,55,0
2015,2015-W26,Karnataka,Chikungunya,130,0
2015,2015-W26,Karnataka,Dengue,229,0
2015,2015-W26,Karnataka,Food Poisoning,21,0
2015,2015-W26,Karnataka,Mumps,12,0
2015,2015-W26,Kerala,Dengue,14,0
2015,2015-W26,Madhya Pradesh,Acute Diarrheal Disease,48,0
2015,2015-W26,Madhya Pradesh,Malaria,65,0
2015,2015-W26,Maharashtra,Acute Diarrheal Disease,325,1
2015,2015-W26,Maharashtra,Cholera,22,0
2015,2015-W26,Odisha,Acute Diarrheal Disease,30,0
2015,2015-W26,Odisha,Food Poisoning,23,0
2015,2015-W26,Odisha,Jaundice,11,0
2015,2015-W26,Odisha,Malaria,167,0
2015,2015-W26,Rajasthan,Hepatitis E,138,0
2015,2015-W26,Tamil Nadu,Dengue,13,0
2015,2015-W26,Tamil Nadu,Fever,10,0
2015,2015-W26,West Bengal,Acute Diarrheal Disease,115,0
2015,2015-W26,West Bengal,Food Poisoning,121,0
2015,2015-W26,West Bengal,Malaria,21,0
2015,2015-W27,Andhra Pradesh,Enteric Fever,112,0
2015,2015-W27,Andhra Pradesh,Food Poisoning,136,0
2015,2015-W27,Arunachal Pradesh,Japanese Encephalitis,1,0
2015,2015-W27,Assam,Japanese Encephalitis,6,2
2015,2015-W27,Assam,Measles,37,0
2015,2015-W27,Bihar,Chickenpox,8,0
2015,2015-W27,Bihar,Food Poisoning,88,0
2015,2015-W27,Chhattisgarh,Acute Diarrheal Disease,105,0
2015,2015-W27,Chhattisgarh,Diarrhoea,53,0
2015,2015-W27,Gujarat,Acute Diarrheal Disease,31,0
2015,2015-W27,Gujarat,Food Poisoning,17,0
2015,2015-W27,Gujarat,Hepatitis E,11,0
2015,2015-W27,Gujarat,Measles,13,0
2015,2015-W27,Jammu And Kashmir,Mumps,19,0
2015,2015-W27,Karnataka,Acute Diarrheal Disease,59,0
2015,2015-W27,Karnataka,Chikungunya,70,0
2015,2015-W27,Karnataka,Cholera,9,0
2015,2015-W27,Karnataka,Fever,41,0
2015,2015-W27,Karnataka,Food Poisoning,21,0
2015,2015-W27,Kerala,Dengue,51,1
2015,2015-W27,Madhya Pradesh,Acute Diarrheal Disease,45,0
2015,2015-W27,Madhya Pradesh,Cholera,56,2
2015,2015-W27,Madhya Pradesh,Measles,21,3
2015,2015-W27,Maharashtra,Acute Diarrheal Disease,251,0
2015,2015-W27,Maharashtra,Fever,49,0
2015,2015-W27,Maharashtra,Food Poisoning,35,0
2015,2015-W27,Maharashtra,Hepatitis A,28,0
2015,2015-W27,Maharashtra,Jaundice,11,0
2015,2015-W27,Maharashtra,Malaria,48,0
2015,2015-W27,Odisha,Acute Diarrheal Disease,24,0
2015,2015-W27,Odisha,Food Poisoning,11,0
2015,2015-W27,Odisha,Hepatitis A,11,0
2015,2015-W27,Punjab,Hepatitis E,41,0
2015,2015-W27,Tamil Nadu,Chikungunya,14,0
2015,2015-W27,Tamil Nadu,Dengue,25,0
2015,2015-W27,Tamil Nadu,Food Poisoning,101,0
2015,2015-W27,Tamil Nadu,Leishmaniasis,8,0
2015,2015-W27,Telangana,Food Poisoning,33,0
2015,2015-W27,Uttar Pradesh,Fever With Rash,12,3
2015,2015-W27,Uttar Pradesh,Measles,23,0
2015,2015-W27,West Bengal,Acute Diarrheal Disease,77,0
2015,2015-W27,West Bengal,Food Poisoning,56,0
2015,2015-W28,Andhra Pradesh,Acute Diarrheal Disease,130,0
2015,2015-W28,Andhra Pradesh,Food Poisoning,27,0
2015,2015-W28,Assam,Food Poisoning,63,0
2015,2015-W28,Assam,Japanese Encephalitis,33,10
2015,2015-W28,Chhattisgarh,Acute Diarrheal Disease,39,0
2015,2015-W28,Chhattisgarh,Jaundice,11,0
2015,2015-W28,Delhi,Measles,23,0
2015,2015-W28,Gujarat,Crimean-Congo Haemandrhagic Fever (Cchf),1,0
2015,2015-W28,Gujarat,Measles,11,0
2015,2015-W28,Haryana,Acute Diarrheal Disease,41,0
2015,2015-W28,Jammu And Kashmir,Chickenpox,27,0
2015,2015-W28,Jammu And Kashmir,Measles,7,0
2015,2015-W28,Jharkhand,Measles,27,0
2015,2015-W28,Karnataka,Acute Diarrheal Disease,24,1
2015,2015-W28,Karnataka,Chikungunya,21,0
2015,2015-W28,Karnataka,Cholera,24,0
2015,2015-W28,Karnataka,Fever,22,0
2015,2015-W28,Karnataka,Food Poisoning,43,0
2015,2015-W28,Karnataka,Hepatitis E,21,0
2015,2015-W28,Karnataka,Jaundice,50,0
2015,2015-W28,Karnataka,Measles,7,0
2015,2015-W28,Kerala,Dengue,66,1
2015,2015-W28,Kerala,Food Poisoning,95,0
2015,2015-W28,Kerala,Hepatitis,89,0
2015,2015-W28,Kerala,Mumps,32,0
2015,2015-W28,Madhya Pradesh,Acute Diarrheal Disease,55,2
2015,2015-W28,Madhya Pradesh,Food Poisoning,39,0
2015,2015-W28,Maharashtra,Acute Diarrheal Disease,190,0
2015,2015-W28,Odisha,Acute Diarrheal Disease,41,0
2015,2015-W28,Punjab,Hepatitis E,21,0
2015,2015-W28,Rajasthan,Measles,15,0
2015,2015-W28,Tamil Nadu,Chikungunya,14,0
2015,2015-W28,Tamil Nadu,Dengue,118,0
2015,2015-W28,Telangana,Acute Diarrheal Disease,55,0
2015,2015-W28,West Bengal,Acute Diarrheal Disease,36,0
2015,2015-W29,Andhra Pradesh,Dengue,140,0
2015,2015-W29,Andhra Pradesh,Food Poisoning,33,0
2015,2015-W29,Assam,Japanese Encephalitis,38,4
2015,2015-W29,Assam,Measles,21,0
2015,2015-W29,Bihar,Acute Diarrheal Disease,124,0
2015,2015-W29,Bihar,Food Poisoning,83,0
2015,2015-W29,Chhattisgarh,Acute Diarrheal Disease,208,0
2015,2015-W29,Daman And Diu,Rubella,9,0
2015,2015-W29,Delhi,Measles,8,0
2015,2015-W29,Gujarat,Acute Diarrheal Disease,201,0
2015,2015-W29,Gujarat,Crimean-Congo Haemandrhagic Fever (Cchf),1,0
2015,2015-W29,Gujarat,Food Poisoning,91,0
2015,2015-W29,Gujarat,Hepatitis E,10,0
2015,2015-W29,Haryana,Measles,5,0
2015,2015-W29,Jammu And Kashmir,Acute Diarrheal Disease,152,0
2015,2015-W29,Karnataka,Acute Diarrheal Disease,103,0
2015,2015-W29,Karnataka,Fever,12,0
2015,2015-W29,Karnataka,Measles,7,0
2015,2015-W29,Kerala,Food Poisoning,216,0
2015,2015-W29,Kerala,Swine Flu (H1N1),599,55
2015,2015-W29,Madhya Pradesh,Acute Diarrheal Disease,47,0
2015,2015-W29,Madhya Pradesh,Jaundice,12,0
2015,2015-W29,Madhya Pradesh,Malaria,40,0
2015,2015-W29,Madhya Pradesh,Measles,17,2
2015,2015-W29,Maharashtra,Acute Diarrheal Disease,331,0
2015,2015-W29,Maharashtra,Malaria,37,1
2015,2015-W29,Maharashtra,Swine Flu (H1N1),5392,550
2015,2015-W29,Odisha,Anthrax,4,0
2015,2015-W29,Odisha,Jaundice,21,0
2015,2015-W29,Odisha,Measles,17,0
2015,2015-W29,Uttar Pradesh,Acute Diarrheal Disease,17,0
2015,2015-W29,Uttar Pradesh,Measles,9,0
2015,2015-W29,West Bengal,Acute Diarrheal Disease,35,0
2015,2015-W29,West Bengal,Food Poisoning,12,0
2015,2015-W29,West Bengal,Malaria,30,0
2015,2015-W30,Andhra Pradesh,Food Poisoning,73,0
2015,2015-W30,Arunachal Pradesh,Dengue,473,0
2015,2015-W30,Arunachal Pradesh,Japanese Encephalitis,9,1
2015,2015-W30,Chandigarh,Cholera,2,0
2015,2015-W30,Chhattisgarh,Jaundice,8,0
2015,2015-W30,Chhattisgarh,Malaria,6,0
2015,2015-W30,Dadra And Nagar Haveli,Measles,24,0
2015,2015-W30,Gujarat,Acute Diarrheal Disease,15,0
2015,2015-W30,Gujarat,Food Poisoning,4,1
2015,2015-W30,Gujarat,Gastroenteritis,22,0
2015,2015-W30,Haryana,Acute Diarrheal Disease,37,2
2015,2015-W30,Himachal Pradesh,Acute Diarrheal Disease,25,0
2015,2015-W30,Himachal Pradesh,Food Poisoning,18,0
2015,2015-W30,Jammu And Kashmir,Acute Diarrheal Disease,207,0
2015,2015-W30,Jammu And Kashmir,Measles,18,0
2015,2015-W30,Karnataka,Acute Diarrheal Disease,110,0
2015,2015-W30,Karnataka,Dengue,49,0
2015,2015-W30,Karnataka,Fever,15,0
2015,2015-W30,Kerala,Dengue,25,0
2015,2015-W30,Madhya Pradesh,Acute Diarrheal Disease,42,0
2015,2015-W30,Madhya Pradesh,Food Poisoning,14,0
2015,2015-W30,Madhya Pradesh,Malaria,22,0
2015,2015-W30,Maharashtra,Acute Diarrheal Disease,195,0
2015,2015-W30,Maharashtra,Food Poisoning,110,0
2015,2015-W30,Maharashtra,Malaria,41,1
2015,2015-W30,Manipur,Measles,90,0
2015,2015-W30,Nagaland,Japanese Encephalitis,8,1
2015,2015-W30,Odisha,Hepatitis E,38,0
2015,2015-W30,Odisha,Measles,24,0
2015,2015-W30,Tamil Nadu,Food Poisoning,59,0
2015,2015-W30,Uttar Pradesh,Acute Diarrheal Disease,37,0
2015,2015-W30,West Bengal,Acute Diarrheal Disease,20,0
2015,2015-W30,West Bengal,Food Poisoning,253,0
2015,2015-W30,West Bengal,Malaria,53,1
2015,2015-W31,Andhra Pradesh,Acute Diarrheal Disease,26,0
2015,2015-W31,Arunachal Pradesh,Dengue,690,0
2015,2015-W31,Arunachal Pradesh,Japanese Encephalitis,10,1
2015,2015-W31,Assam,Japanese Encephalitis,52,6
2015,2015-W31,Bihar,Acute Diarrheal Disease,22,0
2015,2015-W31,Bihar,Food Poisoning,22,0
2015,2015-W31,Bihar,Measles,27,0
2015,2015-W31,Chandigarh,Cholera,2,0
2015,2015-W31,Chhattisgarh,Malaria,14,0
2015,2015-W31,Gujarat,Acute Diarrheal Disease,193,1
2015,2015-W31,Gujarat,Dengue,9,0
2015,2015-W31,Haryana,Acute Diarrheal Disease,80,0
2015,2015-W31,Himachal Pradesh,Measles,6,0
2015,2015-W31,Jammu And Kashmir,Acute Diarrheal Disease,194,0
2015,2015-W31,Jammu And Kashmir,Chickenpox,11,0
2015,2015-W31,Jharkhand,Malaria,173,4
2015,2015-W31,Jharkhand,Rubella,13,0
2015,2015-W31,Karnataka,Cholera,15,0
2015,2015-W31,Karnataka,Fever,24,0
2015,2015-W31,Kerala,Dengue,34,0
2015,2015-W31,Kerala,Food Poisoning,188,0
2015,2015-W31,Kerala,Hepatitis,20,0
2015,2015-W31,Kerala,Hepatitis A,55,0
2015,2015-W31,Kerala,Malaria,41,0
2015,2015-W31,Madhya Pradesh,Acute Diarrheal Disease,217,0
2015,2015-W31,Madhya Pradesh,Chickenpox,19,0
2015,2015-W31,Madhya Pradesh,Malaria,15,0
2015,2015-W31,Maharashtra,Acute Diarrheal Disease,62,0
2015,2015-W31,Odisha,Acute Diarrheal Disease,49,1
2015,2015-W31,Odisha,Chickenpox,29,0
2015,2015-W31,Odisha,Food Poisoning,16,0
2015,2015-W31,Punjab,Chickenpox,45,0
2015,2015-W31,Punjab,Cholera,414,4
2015,2015-W31,Punjab,Hepatitis E,53,0
2015,2015-W31,Rajasthan,Acute Diarrheal Disease,46,0
2015,2015-W31,Rajasthan,Food Poisoning,99,0
2015,2015-W31,Telangana,Dengue,25,0
2015,2015-W31,Telangana,Fever,97,0
2015,2015-W31,Telangana,Food Poisoning,28,0
2015,2015-W31,Uttar Pradesh,Acute Diarrheal Disease,37,0
2015,2015-W31,West Bengal,Acute Diarrheal Disease,94,0
2015,2015-W31,West Bengal,Anthrax,6,0
2015,2015-W32,Arunachal Pradesh,Dengue,982,0
2015,2015-W32,Arunachal Pradesh,Japanese Encephalitis,11,1
2015,2015-W32,Arunachal Pradesh,Typhoid,8,0
2015,2015-W32,Assam,Japanese Encephalitis,46,16
2015,2015-W32,Assam,Malaria,24,0
2015,2015-W32,Assam,Scrub Typhus,7,0
2015,2015-W32,Bihar,Chickenpox,7,0
2015,2015-W32,Bihar,Malaria,130,6
2015,2015-W32,Chandigarh,Cholera,16,0
2015,2015-W32,Chhattisgarh,Acute Diarrheal Disease,155,0
2015,2015-W32,Chhattisgarh,Malaria,461,0
2015,2015-W32,Gujarat,Acute Diarrheal Disease,275,0
2015,2015-W32,Gujarat,Viral Encephalitis,1,1
2015,2015-W32,Haryana,Acute Diarrheal Disease,196,2
2015,2015-W32,Jammu And Kashmir,Acute Diarrheal Disease,152,1
2015,2015-W32,Jammu And Kashmir,Chickenpox,35,0
2015,2015-W32,Jharkhand,Acute Diarrheal Disease,13,0
2015,2015-W32,Karnataka,Fever,78,0
2015,2015-W32,Karnataka,Measles,9,0
2015,2015-W32,Kerala,Chickenpox,16,0
2015,2015-W32,Kerala,Mumps,64,0
2015,2015-W32,Kerala,Swine Flu (H1N1),721,64
2015,2015-W32,Madhya Pradesh,Acute Diarrheal Disease,56,0
2015,2015-W32,Madhya Pradesh,Food Poisoning,5,1
2015,2015-W32,Madhya Pradesh,Measles,6,0
2015,2015-W32,Maharashtra,Dengue,182,0
2015,2015-W32,Maharashtra,Hepatitis A,15,0
2015,2015-W32,Maharashtra,Swine Flu (H1N1),5692,566
2015,2015-W32,Manipur,Measles,124,0
2015,2015-W32,Meghalaya,Japanese Encephalitis,2,2
2015,2015-W32,Odisha,Chickenpox,10,0
2015,2015-W32,Odisha,Jaundice,9,0
2015,2015-W32,Punjab,Chickenpox,6,0
2015,2015-W32,Telangana,Acute Diarrheal Disease,40,0
2015,2015-W32,Telangana,Dengue,13,0
2015,2015-W32,Telangana,Fever,11,0
2015,2015-W32,Telangana,Food Poisoning,34,0
2015,2015-W32,Uttar Pradesh,Measles,5,0
2015,2015-W32,Uttarakhand,Hepatitis A,16,0
2015,2015-W32,West Bengal,Acute Diarrheal Disease,234,0
2015,2015-W33,Andhra Pradesh,Chickenpox,6,0
2015,2015-W33,Bihar,Malaria,3,2
2015,2015-W33,Bihar,Measles,5,0
2015,2015-W33,Chandigarh,Cholera,43,0
2015,2015-W33,Dadra And Nagar Haveli,Cholera,1,0
2015,2015-W33,Dadra And Nagar Haveli,Mumps,57,0
2015,2015-W33,Delhi,Dengue,119,1
2015,2015-W33,Gujarat,Chandipura Vesiculovirus (Chpv),1,1
2015,2015-W33,Jharkhand,Acute Diarrheal Disease,16,0
2015,2015-W33,Jharkhand,Food Poisoning,8,0
2015,2015-W33,Karnataka,Chikungunya And Dengue,970,0
2015,2015-W33,Karnataka,Mumps,23,0
2015,2015-W33,Kerala,Food Poisoning,63,0
2015,2015-W33,Madhya Pradesh,Acute Diarrheal Disease,107,1
2015,2015-W33,Madhya Pradesh,Chickenpox,22,0
2015,2015-W33,Madhya Pradesh,Cholera,878,0
2015,2015-W33,Madhya Pradesh,Food Poisoning,52,0
2015,2015-W33,Madhya Pradesh,Measles,13,0
2015,2015-W33,Maharashtra,Dengue,10,0
2015,2015-W33,Maharashtra,Malaria,68,2
2015,2015-W33,Meghalaya,Measles,8,1
2015,2015-W33,Odisha,Acute Diarrheal Disease,116,1
2015,2015-W33,Odisha,Hepatitis A,9,0
2015,2015-W33,Punjab,Mumps,29,0
2015,2015-W33,Tamil Nadu,Acute Diarrheal Disease,11,0
2015,2015-W33,Tamil Nadu,Dengue,33,1
2015,2015-W33,Tamil Nadu,Food Poisoning,36,0
2015,2015-W33,Uttar Pradesh,Acute Diarrheal Disease,18,0
2015,2015-W33,Uttar Pradesh,Food Poisoning,110,0
2015,2015-W33,Uttar Pradesh,Malaria,74,5
2015,2015-W33,Uttar Pradesh,Measles,22,0
2015,2015-W33,Uttarakhand,Hepatitis C,29,0
2015,2015-W33,West Bengal,Acute Diarrheal Disease,575,0
2015,2015-W33,West Bengal,Anthrax,20,1
2015,2015-W33,West Bengal,Measles,48,0
2015,2015-W33,West Bengal,Methanol Poisoning,34,7
2015,2015-W34,Andhra Pradesh,Acute Diarrheal Disease,35,0
2015,2015-W34,Andhra Pradesh,Dengue,13,0
2015,2015-W34,Andhra Pradesh,Fever,22,0
2015,2015-W34,Andhra Pradesh,Malaria,11,0
2015,2015-W34,Andhra Pradesh,Typhoid,45,0
2015,2015-W34,Arunachal Pradesh,Chikungunya,38,0
2015,2015-W34,Arunachal Pradesh,Scrub Typhus,4,0
2015,2015-W34,Assam,Acute Diarrheal Disease,36,0
2015,2015-W34,Bihar,Acute Diarrheal Disease,57,1
2015,2015-W34,Bihar,Chickenpox,30,0
2015,2015-W34,Bihar,Measles,5,0
2015,2015-W34,Dadra And Nagar Haveli,Cholera,2,0
2015,2015-W34,Delhi,Dengue,477,2
2015,2015-W34,Gujarat,Chandipura Vesiculovirus (Chpv),1,0
2015,2015-W34,Gujarat,Crimean-Congo Haemandrhagic Fever (Cchf),2,1
2015,2015-W34,Himachal Pradesh,Measles,5,0
2015,2015-W34,Jammu And Kashmir,Acute Diarrheal Disease,80,0
2015,2015-W34,Karnataka,Chikungunya,57,0
2015,2015-W34,Karnataka,Fever,26,0
2015,2015-W34,Kerala,Chickenpox,27,0
2015,2015-W34,Kerala,Swine Flu (H1N1),829,67
2015,2015-W34,Madhya Pradesh,Cholera,6,0
2015,2015-W34,Madhya Pradesh,Malaria,29,1
2015,2015-W34,Madhya Pradesh,Measles,35,0
2015,2015-W34,Maharashtra,Acute Diarrheal Disease,54,0
2015,2015-W34,Maharashtra,Fever,40,1
2015,2015-W34,Maharashtra,Hepatitis,10,0
2015,2015-W34,Maharashtra,Swine Flu (H1N1),6315,605
2015,2015-W34,Meghalaya,Japanese Encephalitis,4,3
2015,2015-W34,Odisha,Acute Diarrheal Disease,82,1
2015,2015-W34,Odisha,Fever,47,0
2015,2015-W34,Odisha,Food Poisoning,69,0
2015,2015-W34,Odisha,Hepatitis A,71,0
2015,2015-W34,Odisha,Jaundice,10,0
2015,2015-W34,Punjab,Hepatitis E,12,1
2015,2015-W34,Rajasthan,Acute Diarrheal Disease,21,0
2015,2015-W34,Rajasthan,Dengue,32,0
2015,2015-W34,Tamil Nadu,Acute Diarrheal Disease,17,0
2015,2015-W34,Tamil Nadu,Chickenpox,34,0
2015,2015-W34,Tamil Nadu,Dengue,19,0
2015,2015-W34,Tamil Nadu,Food Poisoning,123,0
2015,2015-W34,Telangana,Food Poisoning,57,0
2015,2015-W34,Uttar Pradesh,Acute Diarrheal Disease,60,1
2015,2015-W34,Uttar Pradesh,Dengue,38,1
2015,2015-W34,Uttar Pradesh,Food Poisoning,100,0
2015,2015-W34,West Bengal,Acute Diarrheal Disease,125,0
2015,2015-W34,West Bengal,Anthrax,14,0
2015,2015-W34,West Bengal,Cholera,34,0
2015,2015-W34,West Bengal,Food Poisoning,84,0
2015,2015-W34,West Bengal,Hepatitis A,36,0
2015,2015-W35,Andhra Pradesh,Acute Diarrheal Disease,23,0
2015,2015-W35,Arunachal Pradesh,Dengue,35,0
2015,2015-W35,Assam,Food Poisoning,56,0
2015,2015-W35,Bihar,Acute Diarrheal Disease,9,2
2015,2015-W35,Bihar,Measles,12,0
2015,2015-W35,Chhattisgarh,Acute Diarrheal Disease,34,0
2015,2015-W35,Dadra And Nagar Haveli,Mumps,9,0
2015,2015-W35,Delhi,Acute Diarrheal Disease,21,0
2015,2015-W35,Delhi,Dengue,778,2
2015,2015-W35,Delhi,Food Poisoning,34,0
2015,2015-W35,Goa,Hepatitis A,20,0
2015,2015-W35,Gujarat,Hepatitis E,21,0
2015,2015-W35,Gujarat,Measles,29,0
2015,2015-W35,Haryana,Jaundice,52,0
2015,2015-W35,Jharkhand,Measles,19,0
2015,2015-W35,Karnataka,Chikungunya,65,0
2015,2015-W35,Karnataka,Cholera,7,2
2015,2015-W35,Karnataka,Measles,15,0
2015,2015-W35,Karnataka,Swine Flu (H1N1),3296,85
2015,2015-W35,Kerala,Swine Flu (H1N1),846,67
2015,2015-W35,Madhya Pradesh,Acute Diarrheal Disease,112,0
2015,2015-W35,Madhya Pradesh,Cholera,8,0
2015,2015-W35,Madhya Pradesh,Malaria,64,0
2015,2015-W35,Maharashtra,Acute Diarrheal Disease,42,0
2015,2015-W35,Maharashtra,Fever,64,2
2015,2015-W35,Maharashtra,Swine Flu (H1N1),6843,623
2015,2015-W35,Odisha,Fever With Rash,28,0
2015,2015-W35,Odisha,Hepatitis A,40,0
2015,2015-W35,Punjab,Cholera,18,0
2015,2015-W35,Rajasthan,Acute Diarrheal Disease,61,0
2015,2015-W35,Rajasthan,Dengue,120,1
2015,2015-W35,Rajasthan,Fever,13,0
2015,2015-W35,Tamil Nadu,Acute Diarrheal Disease,46,0
2015,2015-W35,Tamil Nadu,Chikungunya And Dengue,38,2
2015,2015-W35,Tamil Nadu,Dengue,12,0
2015,2015-W35,Telangana,Dengue,15,1
2015,2015-W35,Telangana,Food Poisoning,400,0
2015,2015-W35,Uttar Pradesh,Chickenpox,8,0
2015,2015-W35,Uttar Pradesh,Food Poisoning,34,0
2015,2015-W35,Uttar Pradesh,Malaria,50,0
2015,2015-W35,West Bengal,Acute Diarrheal Disease,75,0
2015,2015-W35,West Bengal,Food Poisoning,34,0
2015,2015-W36,Arunachal Pradesh,Dengue,1698,1
2015,2015-W36,Arunachal Pradesh,Japanese Encephalitis,30,2
2015,2015-W36,Assam,Dengue,21,0
2015,2015-W36,Assam,Enteric Fever,24,0
2015,2015-W36,Bihar,Dengue,96,0
2015,2015-W36,Chandigarh,Dengue,13,0
2015,2015-W36,Chhattisgarh,Measles,5,0
2015,2015-W36,Dadra And Nagar Haveli,Dengue,12,0
2015,2015-W36,Delhi,Dengue,1160,2
2015,2015-W36,Gujarat,Crimean-Congo Haemandrhagic Fever (Cchf),3,0
2015,2015-W36,Gujarat,Swine Flu (H1N1),6710,459
2015,2015-W36,Himachal Pradesh,Acute Diarrheal Disease,12,0
2015,2015-W36,Jammu And Kashmir,Hepatitis A And E,17,0
2015,2015-W36,Karnataka,Acute Diarrheal Disease,27,0
2015,2015-W36,Karnataka,Fever,19,0
2015,2015-W36,Karnataka,Swine Flu (H1N1),3334,85
2015,2015-W36,Kerala,Swine Flu (H1N1),862,68
2015,2015-W36,Madhya Pradesh,Acute Diarrheal Disease,32,1
2015,2015-W36,Madhya Pradesh,Malaria,69,0
2015,2015-W36,Madhya Pradesh,Measles,14,0
2015,2015-W36,Maharashtra,Fever,167,2
2015,2015-W36,Maharashtra,Fever With Rash,8,0
2015,2015-W36,Maharashtra,Malaria,88,1
2015,2015-W36,Maharashtra,Measles,10,0
2015,2015-W36,Maharashtra,Swine Flu (H1N1),7199,657
2015,2015-W36,Meghalaya,Acute Diarrheal Disease,30,0
2015,2015-W36,Odisha,Acute Diarrheal Disease,14,2
2015,2015-W36,Punjab,Hepatitis E,10,0
2015,2015-W36,Rajasthan,Cholera,55,0
2015,2015-W36,Tamil Nadu,Acute Diarrheal Disease,25,0
2015,2015-W36,Tamil Nadu,Dengue,22,0
2015,2015-W36,Tamil Nadu,Food Poisoning,70,0
2015,2015-W36,Tamil Nadu,Scrub Typhus,9,0
2015,2015-W36,Uttar Pradesh,Acute Diarrheal Disease,105,2
2015,2015-W36,Uttar Pradesh,Food Poisoning,12,1
2015,2015-W36,Uttar Pradesh,Japanese Encephalitis,6,0
2015,2015-W36,Uttar Pradesh,Malaria,67,0
2015,2015-W36,Uttarakhand,Fever,20,0
2015,2015-W36,West Bengal,Acute Diarrheal Disease,53,0
2015,2015-W36,West Bengal,Cholera,62,1
2015,2015-W36,West Bengal,Dengue,41,0
2015,2015-W36,West Bengal,Food Poisoning,51,0
2015,2015-W37,Arunachal Pradesh,Acute Diarrheal Disease,20,0
2015,2015-W37,Arunachal Pradesh,Dengue,1749,1
2015,2015-W37,Arunachal Pradesh,Japanese Encephalitis,33,0
2015,2015-W37,Assam,Acute Diarrheal Disease,82,1
2015,2015-W37,Bihar,Acute Diarrheal Disease,62,1
2015,2015-W37,Bihar,Chickenpox,13,0
2015,2015-W37,Bihar,Dengue,174,1
2015,2015-W37,Delhi,Dengue,1872,2
2015,2015-W37,Goa,Hepatitis A,20,0
2015,2015-W37,Gujarat,Acute Diarrheal Disease,34,0
2015,2015-W37,Gujarat,Fever With Rash,35,0
2015,2015-W37,Gujarat,Jaundice,12,0
2015,2015-W37,Gujarat,Swine Flu (H1N1),6767,467
2015,2015-W37,Haryana,Malaria,727,2
2015,2015-W37,Himachal Pradesh,Acute Diarrheal Disease,190,0
2015,2015-W37,Jammu And Kashmir,Chickenpox,16,0
2015,2015-W37,Jammu And Kashmir,Measles,5,0
2015,2015-W37,Jharkhand,Acute Diarrheal Disease,53,0
2015,2015-W37,Jharkhand,Food Poisoning,165,0
2015,2015-W37,Jharkhand,Japanese Encephalitis,2,0
2015,2015-W37,Karnataka,Acute Diarrheal Disease,12,0
2015,2015-W37,Karnataka,Fever,14,0
2015,2015-W37,Karnataka,Swine Flu (H1N1),3356,85
2015,2015-W37,Kerala,Mumps,13,0
2015,2015-W37,Kerala,Swine Flu (H1N1),881,69
2015,2015-W37,Madhya Pradesh,Acute Diarrheal Disease,12,0
2015,2015-W37,Madhya Pradesh,Dengue,15,0
2015,2015-W37,Madhya Pradesh,Measles,17,0
2015,2015-W37,Madhya Pradesh,Swine Flu (H1N1),2303,327
2015,2015-W37,Maharashtra,Swine Flu (H1N1),7545,683
2015,2015-W37,Meghalaya,Fever,177,0
2015,2015-W37,Meghalaya,Measles,39,1
2015,2015-W37,Odisha,Acute Diarrheal Disease,26,1
2015,2015-W37,Punjab,Acute Diarrheal Disease,12,0
2015,2015-W37,Punjab,Mumps,8,0
2015,2015-W37,Rajasthan,Measles,66,3
2015,2015-W37,Tamil Nadu,Chikungunya And Dengue,28,0
2015,2015-W37,Tamil Nadu,Dengue,65,0
2015,2015-W37,Uttar Pradesh,Acute Diarrheal Disease,32,1
2015,2015-W37,Uttar Pradesh,Dengue,112,0
2015,2015-W37,Uttar Pradesh,Fever,47,0
2015,2015-W37,Uttar Pradesh,Food Poisoning,247,1
2015,2015-W37,Uttar Pradesh,Malaria,152,2
2015,2015-W37,Uttar Pradesh,Measles,9,0
2015,2015-W37,West Bengal,Dengue,144,0
2015,2015-W37,West Bengal,Food Poisoning,12,0
2015,2015-W38,Arunachal Pradesh,Dengue,1801,1
2015,2015-W38,Assam,Dengue,153,0
2015,2015-W38,Bihar,Acute Diarrheal Disease,60,2
2015,2015-W38,Bihar,Dengue,371,1
2015,2015-W38,Bihar,Measles,8,4
2015,2015-W38,Chhattisgarh,Acute Diarrheal Disease,39,0
2015,2015-W38,Chhattisgarh,Dengue,140,0
2015,2015-W38,Dadra And Nagar Haveli,Dengue,16,0
2015,2015-W38,Dadra And Nagar Haveli,Measles,6,0
2015,2015-W38,Delhi,Dengue,3194,17
2015,2015-W38,Gujarat,Crimean-Congo Haemandrhagic Fever (Cchf),3,0
2015,2015-W38,Jammu And Kashmir,Hepatitis A,63,0
2015,2015-W38,Jharkhand,Malaria,12,0
2015,2015-W38,Karnataka,Chikungunya And Dengue,23,0
2015,2015-W38,Karnataka,Fever,10,0
2015,2015-W38,Karnataka,Food Poisoning,67,0
2015,2015-W38,Karnataka,Swine Flu (H1N1),3382,85
2015,2015-W38,Kerala,Chickenpox,21,0
2015,2015-W38,Kerala,Diphtheria,44,1
2015,2015-W38,Kerala,Fever,43,0
2015,2015-W38,Kerala,Food Poisoning,34,0
2015,2015-W38,Kerala,Swine Flu (H1N1),889,71
2015,2015-W38,Madhya Pradesh,Dengue,30,0
2015,2015-W38,Madhya Pradesh,Malaria,106,0
2015,2015-W38,Madhya Pradesh,Measles,5,0
2015,2015-W38,Maharashtra,Acute Diarrheal Disease,38,0
2015,2015-W38,Maharashtra,Fever,30,1
2015,2015-W38,Maharashtra,Malaria,37,0
2015,2015-W38,Maharashtra,Scrub Typhus,4,0
2015,2015-W38,Maharashtra,Swine Flu (H1N1),2314,333
2015,2015-W38,Manipur,Japanese Encephalitis,6,0
2015,2015-W38,Odisha,Hepatitis A,7757,716
2015,2015-W38,Rajasthan,Fever (Mixed Infection),100,0
2015,2015-W38,Rajasthan,Scrub Typhus,102,4
2015,2015-W38,Sikkim,Food Poisoning,13,0
2015,2015-W38,Telangana,Food Poisoning,84,0
2015,2015-W38,Uttar Pradesh,Japanese Encephalitis,9,1
2015,2015-W38,Uttar Pradesh,Malaria,52,2
2015,2015-W38,West Bengal,Chickenpox,36,0
2015,2015-W38,West Bengal,Dengue,164,0
2015,2015-W39,Arunachal Pradesh,Dengue,1875,1
2015,2015-W39,Assam,Dengue,153,0
2015,2015-W39,Bihar,Acute Diarrheal Disease,23,0
2015,2015-W39,Bihar,Dengue,521,1
2015,2015-W39,Chandigarh,Cholera,3,0
2015,2015-W39,Chandigarh,Dengue,85,0
2015,2015-W39,Chhattisgarh,Acute Diarrheal Disease,29,0
2015,2015-W39,Delhi,Dengue,5982,17
2015,2015-W39,Gujarat,Measles,21,0
2015,2015-W39,Haryana,Hepatitis A,12,0
2015,2015-W39,Jammu And Kashmir,Acute Diarrheal Disease,36,0
2015,2015-W39,Jharkhand,Dengue,169,0
2015,2015-W39,Jharkhand,Japanese Encephalitis,180,2
2015,2015-W39,Karnataka,Chickenpox,32,0
2015,2015-W39,Karnataka,Chikungunya,39,0
2015,2015-W39,Karnataka,Cholera,66,0
2015,2015-W39,Karnataka,Swine Flu (H1N1),3414,85
2015,2015-W39,Kerala,Influenza B,83,0
2015,2015-W39,Kerala,Measles,8,0
2015,2015-W39,Kerala,Swine Flu (H1N1),894,71
2015,2015-W39,Madhya Pradesh,Dengue,9,0
2015,2015-W39,Madhya Pradesh,Fever,89,0
2015,2015-W39,Madhya Pradesh,Swine Flu (H1N1),2341,337
2015,2015-W39,Maharashtra,Acute Diarrheal Disease,73,0
2015,2015-W39,Maharashtra,Dengue,21,0
2015,2015-W39,Maharashtra,Food Poisoning,11,0
2015,2015-W39,Maharashtra,Scrub Typhus,5,1
2015,2015-W39,Maharashtra,Swine Flu (H1N1),7946,745
2015,2015-W39,Meghalaya,Scrub Typhus,47,0
2015,2015-W39,Odisha,Acute Diarrheal Disease,45,0
2015,2015-W39,Odisha,Chikungunya,56,0
2015,2015-W39,Odisha,Food Poisoning,15,0
2015,2015-W39,Sikkim,Food Poisoning,13,0
2015,2015-W39,Tamil Nadu,Acute Diarrheal Disease,37,0
2015,2015-W39,Tamil Nadu,Dengue,30,0
2015,2015-W39,Tamil Nadu,Enteric Fever,22,0
2015,2015-W39,Tamil Nadu,Fever,7,0
2015,2015-W39,Tamil Nadu,Food Poisoning,27,0
2015,2015-W39,Telangana,Food Poisoning,97,0
2015,2015-W39,Tripura,Food Poisoning,115,0
2015,2015-W39,Uttar Pradesh,Acute Diarrheal Disease,19,0
2015,2015-W39,Uttar Pradesh,Dengue,45,0
2015,2015-W39,Uttar Pradesh,Fever,181,3
2015,2015-W39,Uttar Pradesh,Malaria,84,0
2015,2015-W39,West Bengal,Acute Diarrheal Disease,218,0
2015,2015-W39,West Bengal,Alcohol Poisoning,11,3
2015,2015-W39,West Bengal,Cholera,15,0
2015,2015-W39,West Bengal,Dengue,40,0
2015,2015-W39,West Bengal,Mumps,124,0
2015,2015-W40,Andhra Pradesh,Acute Diarrheal Disease,54,0
2015,2015-W40,Arunachal Pradesh,Dengue,1947,1
2015,2015-W40,Assam,Acute Diarrheal Disease,142,1
2015,2015-W40,Bihar,Acute Diarrheal Disease,30,0
2015,2015-W40,Bihar,Dengue,724,2
2015,2015-W40,Chandigarh,Dengue,112,0
2015,2015-W40,Chhattisgarh,Dengue,10,0
2015,2015-W40,Chhattisgarh,Malaria,13,0
2015,2015-W40,Dadra And Nagar Haveli,Mumps,16,0
2015,2015-W40,Delhi,Dengue,7606,25
2015,2015-W40,Himachal Pradesh,Measles,16,0
2015,2015-W40,Jharkhand,Food Poisoning,27,0
2015,2015-W40,Jharkhand,Malaria,24,5
2015,2015-W40,Jharkhand,Measles,44,0
2015,2015-W40,Karnataka,Chikungunya,15,0
2015,2015-W40,Karnataka,Swine Flu (H1N1),3445,86
2015,2015-W40,Kerala,Hepatitis A,17,0
2015,2015-W40,Kerala,Swine Flu (H1N1),899,76
2015,2015-W40,Madhya Pradesh,Acute Diarrheal Disease,20,1
2015,2015-W40,Madhya Pradesh,Chickenpox,7,0
2015,2015-W40,Madhya Pradesh,Dengue,38,0
2015,2015-W40,Madhya Pradesh,Malaria,27,0
2015,2015-W40,Madhya Pradesh,Swine Flu (H1N1),2357,342
2015,2015-W40,Maharashtra,Acute Diarrheal Disease,138,1
2015,2015-W40,Maharashtra,Fever,30,0
2015,2015-W40,Maharashtra,Food Poisoning,60,0
2015,2015-W40,Maharashtra,Leishmaniasis,3,1
2015,2015-W40,Maharashtra,Swine Flu (H1N1),8102,774
2015,2015-W40,Odisha,Hepatitis A,12,0
2015,2015-W40,Rajasthan,Acute Diarrheal Disease,52,0
2015,2015-W40,Rajasthan,Food Poisoning,20,0
2015,2015-W40,Telangana,Cholera,172,1
2015,2015-W40,Telangana,Food Poisoning,156,0
2015,2015-W40,Uttar Pradesh,Dengue,23,0
2015,2015-W40,Uttar Pradesh,Food Poisoning,87,0
2015,2015-W40,West Bengal,Dengue,36,0
2015,2015-W40,West Bengal,Fever,59,0
2015,2015-W40,West Bengal,Hepatitis B,21,0
2015,2015-W41,Andhra Pradesh,Acute Diarrheal Disease,182,0
2015,2015-W41,Arunachal Pradesh,Chickenpox,24,0
2015,2015-W41,Arunachal Pradesh,Dengue,1798,1
2015,2015-W41,Assam,Acute Diarrheal Disease,14,0
2015,2015-W41,Assam,Dengue,11,0
2015,2015-W41,Assam,Diphtheria,9,1
2015,2015-W41,Bihar,Acute Diarrheal Disease,105,3
2015,2015-W41,Bihar,Dengue,906,0
2015,2015-W41,Bihar,Food Poisoning,210,0
2015,2015-W41,Chhattisgarh,Acute Diarrheal Disease,18,0
2015,2015-W41,Chhattisgarh,Dengue,17,0
2015,2015-W41,Delhi,Dengue,10683,30
2015,2015-W41,Goa,Malaria,19,0
2015,2015-W41,Gujarat,Cholera,72,1
2015,2015-W41,Gujarat,Measles,18,0
2015,2015-W41,Haryana,Diphtheria,3,1
2015,2015-W41,Jammu And Kashmir,Chickenpox,30,0
2015,2015-W41,Jammu And Kashmir,Dengue,66,0
2015,2015-W41,Jharkhand,Malaria,183,5
2015,2015-W41,Jharkhand,Measles,18,0
2015,2015-W41,Karnataka,Swine Flu (H1N1),3458,86
2015,2015-W41,Kerala,Hepatitis A,53,0
2015,2015-W41,Madhya Pradesh,Acute Diarrheal Disease,89,0
2015,2015-W41,Madhya Pradesh,Malaria,27,1
2015,2015-W41,Madhya Pradesh,Swine Flu (H1N1),2383,348
2015,2015-W41,Maharashtra,Dengue,15,0
2015,2015-W41,Maharashtra,Fever,10,0
2015,2015-W41,Maharashtra,Malaria,36,0
2015,2015-W41,Maharashtra,Swine Flu (H1N1),8250,810
2015,2015-W41,Maharashtra,Viral Encephalitis,5,2
2015,2015-W41,Meghalaya,Japanese Encephalitis,3,0
2015,2015-W41,Odisha,Chickenpox,31,0
2015,2015-W41,Punjab,Chickenpox,39,0
2015,2015-W41,Rajasthan,Acute Diarrheal Disease,38,0
2015,2015-W41,Tamil Nadu,Chikungunya,42,0
2015,2015-W41,Tamil Nadu,Dengue,9,0
2015,2015-W41,Tamil Nadu,Food Poisoning,220,0
2015,2015-W41,Tamil Nadu,"Hand, Foot And Mouth Disease (Hfmd)",37,0
2015,2015-W41,Tamil Nadu,Leishmaniasis,11,0
2015,2015-W41,Uttar Pradesh,Acute Diarrheal Disease,10,0
2015,2015-W41,Uttar Pradesh,Food Poisoning,26,0
2015,2015-W41,Uttar Pradesh,Measles,5,0
2015,2015-W41,Uttarakhand,Fever,17,0
2015,2015-W41,West Bengal,Acute Diarrheal Disease,188,0
2015,2015-W41,West Bengal,Dengue,26,0
2015,2015-W41,West Bengal,Food Poisoning,253,0
2015,2015-W42,Arunachal Pradesh,Dengue,20,0
2015,2015-W42,Assam,Dengue,459,1
2015,2015-W42,Bihar,Dengue,1204,0
2015,2015-W42,Chhattisgarh,Acute Diarrheal Disease,38,0
2015,2015-W42,Chhattisgarh,Dengue,42,0
2015,2015-W42,Chhattisgarh,Swine Flu (H1N1),6,2
2015,2015-W42,Dadra And Nagar Haveli,Measles,9,0
2015,2015-W42,Dadra And Nagar Haveli,Mumps,21,0
2015,2015-W42,Delhi,Dengue,12020,32
2015,2015-W42,Gujarat,Food Poisoning,41,0
2015,2015-W42,Jharkhand,Fever With Rash,6,0
2015,2015-W42,Karnataka,Acute Diarrheal Disease,30,0
2015,2015-W42,Karnataka,Chikungunya,82,0
2015,2015-W42,Karnataka,Dengue,21,0
2015,2015-W42,Karnataka,Enteric Fever,10,0
2015,2015-W42,Karnataka,Fever,21,0
2015,2015-W42,Karnataka,Food Poisoning,27,0
2015,2015-W42,Karnataka,Swine Flu (H1N1),3489,87
2015,2015-W42,Kerala,Food Poisoning,24,0
2015,2015-W42,Kerala,Hepatitis A,83,0
2015,2015-W42,Kerala,Swine Flu (H1N1),908,76
2015,2015-W42,Lakshadweep,Dengue,56,0
2015,2015-W42,Madhya Pradesh,Dengue,11,0
2015,2015-W42,Madhya Pradesh,Measles,7,0
2015,2015-W42,Madhya Pradesh,Swine Flu (H1N1),2400,352
2015,2015-W42,Maharashtra,Dengue,18,0
2015,2015-W42,Maharashtra,Diarrhoea,33,0
2015,2015-W42,Maharashtra,Swine Flu (H1N1),8365,839
2015,2015-W42,Mizoram,Food Poisoning,27,0
2015,2015-W42,Nagaland,Dengue,16,1
2015,2015-W42,Punjab,Acute Diarrheal Disease,18,1
2015,2015-W42,Rajasthan,Dengue,8,0
2015,2015-W42,Rajasthan,Leishmaniasis,1,0
2015,2015-W42,Tamil Nadu,Food Poisoning,27,0
2015,2015-W42,Uttar Pradesh,Dengue,57,1
2015,2015-W42,Uttar Pradesh,Measles,16,0
2015,2015-W42,West Bengal,Acute Diarrheal Disease,10,0
2015,2015-W42,West Bengal,Dengue,112,0
2015,2015-W43,Andhra Pradesh,Acute Diarrheal Disease,63,0
2015,2015-W43,Arunachal Pradesh,Malaria,40,2
2015,2015-W43,Arunachal Pradesh,Mumps,9,0
2015,2015-W43,Assam,Food Poisoning,153,0
2015,2015-W43,Bihar,Measles,9,0
2015,2015-W43,Chhattisgarh,Dengue,47,0
2015,2015-W43,Chhattisgarh,Swine Flu (H1N1),210,41
2015,2015-W43,Delhi,Dengue,14246,32
2015,2015-W43,Gujarat,Fever,14,0
2015,2015-W43,Gujarat,Food Poisoning,126,0
2015,2015-W43,Gujarat,Malaria,82,0
2015,2015-W43,Jammu And Kashmir,Chickenpox,8,0
2015,2015-W43,Jharkhand,Food Poisoning,94,0
2015,2015-W43,Jharkhand,Japanese Encephalitis,8,0
2015,2015-W43,Karnataka,Swine Flu (H1N1),3513,87
2015,2015-W43,Madhya Pradesh,Malaria,147,0
2015,2015-W43,Maharashtra,Fever,12,1
2015,2015-W43,Maharashtra,Swine Flu (H1N1),8365,851
2015,2015-W43,Maharashtra,Viral Fever,51,0
2015,2015-W43,Punjab,Chickenpox,5,0
2015,2015-W43,Punjab,Mumps,15,0
2015,2015-W43,Rajasthan,Crimean-Congo Haemandrhagic Fever (Cchf),1,1
2015,2015-W43,Tamil Nadu,Food Poisoning,17,0
2015,2015-W43,Uttar Pradesh,Dengue,75,1
2015,2015-W43,Uttar Pradesh,Fever With Rash,9,0
2015,2015-W43,Uttar Pradesh,Measles,6,0
2015,2015-W43,West Bengal,Acute Diarrheal Disease,87,0
2015,2015-W43,West Bengal,Dengue,286,0
2015,2015-W43,West Bengal,Food Poisoning,72,0
2015,2015-W44,Arunachal Pradesh,Dengue,1801,1
2015,2015-W44,Arunachal Pradesh,Malaria,61,2
2015,2015-W44,Assam,Dengue,489,1
2015,2015-W44,Bihar,Measles,14,0
2015,2015-W44,Chhattisgarh,Acute Diarrheal Disease,31,0
2015,2015-W44,Gujarat,Crimean-Congo Haemandrhagic Fever (Cchf),1,1
2015,2015-W44,Gujarat,Food Poisoning,194,0
2015,2015-W44,Gujarat,Measles,16,0
2015,2015-W44,Jammu And Kashmir,Dengue,108,0
2015,2015-W44,Jharkhand,Measles,11,0
2015,2015-W44,Karnataka,Acute Diarrheal Disease,12,0
2015,2015-W44,Karnataka,Fever,13,0
2015,2015-W44,Karnataka,Food Poisoning,12,0
2015,2015-W44,Kerala,Hepatitis A,17,0
2015,2015-W44,Madhya Pradesh,Acute Diarrheal Disease,82,0
2015,2015-W44,Madhya Pradesh,Malaria,21,0
2015,2015-W44,Maharashtra,Acute Diarrheal Disease,71,0
2015,2015-W44,Maharashtra,Fever,8,0
2015,2015-W44,Maharashtra,Food Poisoning,49,0
2015,2015-W44,Maharashtra,Hepatitis,19,0
2015,2015-W44,Maharashtra,Viral Fever,77,0
2015,2015-W44,Manipur,Dengue,16,0
2015,2015-W44,Mizoram,Measles,17,0
2015,2015-W44,Tamil Nadu,Food Poisoning,52,0
2015,2015-W44,Tamil Nadu,Jaundice,24,0
2015,2015-W44,Telangana,Food Poisoning,36,0
2015,2015-W44,Uttar Pradesh,Dengue,94,0
2015,2015-W44,Uttar Pradesh,Fever,30,0
2015,2015-W44,Uttar Pradesh,Malaria,40,0
2015,2015-W44,West Bengal,Chikungunya,24,0
2015,2015-W44,West Bengal,Dengue,133,0
2015,2015-W45,Assam,Acute Diarrheal Disease,28,2
2015,2015-W45,Assam,Dengue,9,0
2015,2015-W45,Assam,Diphtheria,16,3
2015,2015-W45,Assam,Malaria,185,0
2015,2015-W45,Bihar,Dengue,1504,0
2015,2015-W45,Chhattisgarh,Acute Diarrheal Disease,50,0
2015,2015-W45,Chhattisgarh,Swine Flu (H1N1),230,47
2015,2015-W45,Daman And Diu,Mumps,13,0
2015,2015-W45,Delhi,Dengue,15254,38
2015,2015-W45,Delhi,Measles,7,1
2015,2015-W45,Himachal Pradesh,Fever With Rash,17,1
2015,2015-W45,Jharkhand,Malaria,134,0
2015,2015-W45,Karnataka,Chikungunya,38,0
2015,2015-W45,Karnataka,Fever,43,0
2015,2015-W45,Karnataka,Swine Flu (H1N1),3534,90
2015,2015-W45,Kerala,Acute Diarrheal Disease,260,0
2015,2015-W45,Kerala,Hepatitis A,21,0
2015,2015-W45,Kerala,Swine Flu (H1N1),918,76
2015,2015-W45,Madhya Pradesh,Food Poisoning,65,0
2015,2015-W45,Madhya Pradesh,Swine Flu (H1N1),2419,358
2015,2015-W45,Maharashtra,Fever,15,0
2015,2015-W45,Maharashtra,Swine Flu (H1N1),8528,881
2015,2015-W45,Odisha,Food Poisoning,34,0
2015,2015-W45,Punjab,Diphtheria,7,0
2015,2015-W45,Tamil Nadu,Mumps,16,0
2015,2015-W45,Telangana,Chikungunya,14,0
2015,2015-W45,Uttar Pradesh,Chickenpox,7,0
2015,2015-W45,Uttar Pradesh,Dengue,12,0
2015,2015-W45,Uttar Pradesh,Fever With Rash,10,0
2015,2015-W45,Uttar Pradesh,Food Poisoning,17,0
2015,2015-W45,West Bengal,Acute Diarrheal Disease,87,0
2015,2015-W45,West Bengal,Chikungunya,30,0
2015,2015-W45,West Bengal,Dengue,284,0
2015,2015-W46,Andhra Pradesh,Acute Diarrheal Disease,25,0
2015,2015-W46,Arunachal Pradesh,Acute Diarrheal Disease,27,0
2015,2015-W46,Arunachal Pradesh,Dengue,106,0
2015,2015-W46,Arunachal Pradesh,Malaria,407,2
2015,2015-W46,Assam,Malaria,185,0
2015,2015-W46,Bihar,Enteric Fever,35,0
2015,2015-W46,Chhattisgarh,Swine Flu (H1N1),234,50
2015,2015-W46,Karnataka,Acute Diarrheal Disease,43,0
2015,2015-W46,Karnataka,Fever With Altered Sensandium,5,1
2015,2015-W46,Karnataka,Swine Flu (H1N1),3541,90
2015,2015-W46,Kerala,Swine Flu (H1N1),920,76
2015,2015-W46,Madhya Pradesh,Fever,157,0
2015,2015-W46,Madhya Pradesh,Food Poisoning,20,0
2015,2015-W46,Madhya Pradesh,Measles,28,0
2015,2015-W46,Madhya Pradesh,Swine Flu (H1N1),2422,361
2015,2015-W46,Maharashtra,Swine Flu (H1N1),8542,881
2015,2015-W46,Odisha,Acute Diarrheal Disease,23,0
2015,2015-W46,Odisha,Hepatitis A,17,0
2015,2015-W46,Punjab,Chickenpox,47,0
2015,2015-W46,Sikkim,Fever With Rash,28,0
2015,2015-W46,Tamil Nadu,Fever,27,0
2015,2015-W46,Uttar Pradesh,Fever,81,0
2015,2015-W46,West Bengal,Acute Diarrheal Disease,30,0
2015,2015-W46,West Bengal,Dengue,100,0
2015,2015-W47,Bihar,Dengue,0,0
2015,2015-W47,Chandigarh,Dengue,905,0
2015,2015-W47,Chhattisgarh,Dengue,57,0
2015,2015-W47,Gujarat,Measles,26,0
2015,2015-W47,Himachal Pradesh,Measles,9,0
2015,2015-W47,Jammu And Kashmir,Dengue,132,0
2015,2015-W47,Jammu And Kashmir,Hepatitis E,18,0
2015,2015-W47,Karnataka,Acute Diarrheal Disease,122,0
2015,2015-W47,Karnataka,Cholera,65,0
2015,2015-W47,Karnataka,Fever,42,0
2015,2015-W47,Karnataka,Food Poisoning,15,0
2015,2015-W47,Karnataka,Hepatitis A,9,0
2015,2015-W47,Karnataka,Malaria,650,0
2015,2015-W47,Kerala,Acute Diarrheal Disease,13,0
2015,2015-W47,Kerala,Dengue,10,0
2015,2015-W47,Kerala,Hepatitis,11,0
2015,2015-W47,Madhya Pradesh,Chikungunya,49,0
2015,2015-W47,Madhya Pradesh,Food Poisoning,57,0
2015,2015-W47,Madhya Pradesh,Measles,23,2
2015,2015-W47,Maharashtra,Food Poisoning,15,0
2015,2015-W47,Maharashtra,Malaria,45,2
2015,2015-W47,Mizoram,Food Poisoning,56,0
2015,2015-W47,Odisha,Acute Diarrheal Disease,13,0
2015,2015-W47,Odisha,Chickenpox,14,0
2015,2015-W47,Punjab,Diphtheria,10,0
2015,2015-W47,Rajasthan,Acute Diarrheal Disease,65,0
2015,2015-W47,Rajasthan,Chikungunya,32,0
2015,2015-W47,Tamil Nadu,Acute Diarrheal Disease,20,0
2015,2015-W47,Tamil Nadu,Food Poisoning,52,0
2015,2015-W47,Uttar Pradesh,Food Poisoning,31,0
2015,2015-W47,West Bengal,Acute Diarrheal Disease,52,0
2015,2015-W47,West Bengal,Food Poisoning,223,0
2015,2015-W48,Arunachal Pradesh,Dengue,95,0
2015,2015-W48,Bihar,Chickenpox,19,0
2015,2015-W48,Bihar,Dengue,29,0
2015,2015-W48,Bihar,Japanese Encephalitis,1,0
2015,2015-W48,Bihar,Measles,10,0
2015,2015-W48,Gujarat,Hepatitis E,24,0
2015,2015-W48,Himachal Pradesh,Acute Diarrheal Disease,151,0
2015,2015-W48,Himachal Pradesh,Measles,17,1
2015,2015-W48,Karnataka,Acute Diarrheal Disease,65,0
2015,2015-W48,Madhya Pradesh,Acute Diarrheal Disease,30,0
2015,2015-W48,Madhya Pradesh,Chickenpox,15,0
2015,2015-W48,Madhya Pradesh,Food Poisoning,10,2
2015,2015-W48,Madhya Pradesh,Malaria,220,0
2015,2015-W48,Madhya Pradesh,Measles,31,0
2015,2015-W48,Madhya Pradesh,Mumps,28,0
2015,2015-W48,Maharashtra,Acute Diarrheal Disease,65,0
2015,2015-W48,Maharashtra,Fever,13,0
2015,2015-W48,Maharashtra,Malaria,11,0
2015,2015-W48,Manipur,Food Poisoning,19,0
2015,2015-W48,Meghalaya,Malaria,61,0
2015,2015-W48,Odisha,Acute Diarrheal Disease,10,0
2015,2015-W48,Rajasthan,Acute Diarrheal Disease,39,0
2015,2015-W48,Rajasthan,Food Poisoning,18,0
2015,2015-W48,West Bengal,Food Poisoning,20,0
2015,2015-W49,Arunachal Pradesh,Dengue,102,0
2015,2015-W49,Assam,Chickenpox,12,0
2015,2015-W49,Assam,Malaria,329,5
2015,2015-W49,Bihar,Acute Diarrheal Disease,22,3
2015,2015-W49,Bihar,Measles,63,1
2015,2015-W49,Chhattisgarh,Malaria,97,0
2015,2015-W49,Dadra And Nagar Haveli,Measles,4,0
2015,2015-W49,Haryana,Diphtheria,6,1
2015,2015-W49,Jharkhand,Malaria,35,0
2015,2015-W49,Kerala,Food Poisoning,18,0
2015,2015-W49,Madhya Pradesh,Dengue,10,0
2015,2015-W49,Madhya Pradesh,Malaria,10,0
2015,2015-W49,Maharashtra,Chikungunya,12,0
2015,2015-W49,Maharashtra,Fever,140,3
2015,2015-W49,Maharashtra,Fever With Rash,5,0
2015,2015-W49,Maharashtra,Food Poisoning,14,0
2015,2015-W49,Maharashtra,Measles,11,0
2015,2015-W49,Meghalaya,Malaria,61,0
2015,2015-W49,Odisha,Acute Diarrheal Disease,36,0
2015,2015-W49,Odisha,Chickenpox,28,0
2015,2015-W49,Odisha,Measles,47,0
2015,2015-W49,Tamil Nadu,Dengue,14,0
2015,2015-W49,Uttar Pradesh,Chickenpox,28,1
2015,2015-W49,Uttar Pradesh,Measles,28,0
2015,2015-W49,Uttarakhand,Fever With Rash,32,0
2015,2015-W49,West Bengal,Cholera,31,0
2015,2015-W50,Andhra Pradesh,Acute Diarrheal Disease,14,0
2015,2015-W50,Assam,Leishmaniasis,4,0
2015,2015-W50,Bihar,Dengue,1680,0
2015,2015-W50,Bihar,Measles,50,0
2015,2015-W50,Chhattisgarh,Swine Flu (H1N1),239,53
2015,2015-W50,Delhi,Acute Flaccid Paralysis,1,0
2015,2015-W50,Gujarat,Food Poisoning,29,0
2015,2015-W50,Haryana,Hepatitis E,30,0
2015,2015-W50,Himachal Pradesh,Acute Diarrheal Disease,25,0
2015,2015-W50,Jharkhand,Dengue,91,0
2015,2015-W50,Jharkhand,Malaria,61,1
2015,2015-W50,Karnataka,Swine Flu (H1N1),3558,94
2015,2015-W50,Kerala,Food Poisoning,96,0
2015,2015-W50,Kerala,Hepatitis A,52,0
2015,2015-W50,Kerala,Mumps,18,0
2015,2015-W50,Madhya Pradesh,Chickenpox,20,0
2015,2015-W50,Maharashtra,Acute Diarrheal Disease,56,0
2015,2015-W50,Maharashtra,Chikungunya,50,0
2015,2015-W50,Maharashtra,Malaria,195,1
2015,2015-W50,Maharashtra,Swine Flu (H1N1),8578,900
2015,2015-W50,Odisha,Acute Diarrheal Disease,24,0
2015,2015-W50,Punjab,Chickenpox,8,0
2015,2015-W50,Punjab,Mumps,4,0
2015,2015-W50,Tamil Nadu,Acute Diarrheal Disease,11,0
2015,2015-W50,Tamil Nadu,Dengue,85,3
2015,2015-W50,West Bengal,Dengue,59,0
2015,2015-W51,Andhra Pradesh,Acute Diarrheal Disease,14,0
2015,2015-W51,Andhra Pradesh,Food Poisoning,39,0
2015,2015-W51,Arunachal Pradesh,Fever,64,0
2015,2015-W51,Assam,Acute Diarrheal Disease,31,0
2015,2015-W51,Assam,Scrub Typhus,3,1
2015,2015-W51,Bihar,Chickenpox,17,0
2015,2015-W51,Bihar,Measles,22,0
2015,2015-W51,Chandigarh,Dengue,919,0
2015,2015-W51,Delhi,Kala Azar,2,0
2015,2015-W51,Gujarat,Crimean-Congo Haemandrhagic Fever (Cchf),1,1
2015,2015-W51,Gujarat,Dengue,50,0
2015,2015-W51,Gujarat,Food Poisoning,22,0
2015,2015-W51,Haryana,Jaundice,30,0
2015,2015-W51,Himachal Pradesh,Acute Diarrheal Disease,25,0
2015,2015-W51,Jammu And Kashmir,Hepatitis A,8,0
2015,2015-W51,Jharkhand,Measles,27,0
2015,2015-W51,Karnataka,Dengue,33,0
2015,2015-W51,Karnataka,Food Poisoning,85,0
2015,2015-W51,Kerala,Acute Diarrheal Disease,86,0
2015,2015-W51,Kerala,Hepatitis A,31,0
2015,2015-W51,Kerala,Malaria,12,0
2015,2015-W51,Kerala,Mumps,25,0
2015,2015-W51,Lakshadweep,Dengue,15,0
2015,2015-W51,Madhya Pradesh,Fever With Rash,9,0
2015,2015-W51,Madhya Pradesh,Measles,5,0
2015,2015-W51,Maharashtra,Acute Diarrheal Disease,133,0
2015,2015-W51,Maharashtra,Chikungunya,30,0
2015,2015-W51,Mizoram,Food Poisoning,38,0
2015,2015-W51,Odisha,Acute Diarrheal Disease,29,0
2015,2015-W51,Odisha,Food Poisoning,45,0
2015,2015-W51,Odisha,Measles,47,0
2015,2015-W51,Rajasthan,Cholera,7,0
2015,2015-W51,Tamil Nadu,Acute Diarrheal Disease,14,0
2015,2015-W51,Tamil Nadu,Measles,7,0
2015,2015-W51,Telangana,Food Poisoning,66,0
2015,2015-W51,West Bengal,Food Poisoning,226,2
2015,2015-W52,Bihar,Chickenpox,34,0
2015,2015-W52,Bihar,Measles,52,0
2015,2015-W52,Gujarat,Food Poisoning,63,0
2015,2015-W52,Haryana,Measles,15,0
2015,2015-W52,Kerala,Acute Diarrheal Disease,12,0
2015,2015-W52,Kerala,Influenza A,11,0
2015,2015-W52,Madhya Pradesh,Measles,22,1
2015,2015-W52,Maharashtra,Dengue,10,0
2015,2015-W52,Maharashtra,Fever,35,1
2015,2015-W52,Maharashtra,Malaria,60,0
2015,2015-W52,Odisha,Chickenpox,12,0
2015,2015-W52,Odisha,Food Poisoning,11,0
2015,2015-W52,Punjab,Chickenpox,10,0
2015,2015-W52,Uttar Pradesh,Measles,54,0
2015,2015-W53,Arunachal Pradesh,Chickenpox,25,0
2015,2015-W53,Arunachal Pradesh,Measles,11,0
2015,2015-W53,Bihar,Malaria,48,2
2015,2015-W53,Bihar,Measles,31,0
2015,2015-W53,Goa,Kyasanur Fandest Disease,14,0
2015,2015-W53,Haryana,Hepatitis E,30,0
2015,2015-W53,Karnataka,Chikungunya,15,0
2015,2015-W53,Kerala,Fever,30,0
2015,2015-W53,Kerala,Hepatitis A,33,0
2015,2015-W53,Lakshadweep,Dengue,25,0
2015,2015-W53,Madhya Pradesh,Measles,12,0
2015,2015-W53,Maharashtra,Dysentery,102,0
2015,2015-W53,Maharashtra,Food Poisoning,8,0
2015,2015-W53,Maharashtra,Japanese Encephalitis,1,1
2015,2015-W53,Maharashtra,Malaria,3,1
2015,2015-W53,Tamil Nadu,Acute Diarrheal Disease,35,1
2015,2015-W53,Tamil Nadu,Food Poisoning,14,0
2015,2015-W53,Tamil Nadu,Measles,5,0
2015,2015-W53,Uttar Pradesh,Chickenpox,9,0
2015,2015-W53,Uttar Pradesh,Measles,25,0
2016,2016-W01,Andhra Pradesh,Acute Diarrheal Disease,20,0
2016,2016-W01,Andhra Pradesh,Food Poisoning,28,0
2016,2016-W01,Assam,Diphtheria,1,0
2016,2016-W01,Bihar,Malaria,6,0
2016,2016-W01,Bihar,Measles,8,0
2016,2016-W01,Chhattisgarh,Chickenpox,8,0
2016,2016-W01,Delhi,Acute Diarrheal Disease,13,0
2016,2016-W01,Delhi,Measles,9,0
2016,2016-W01,Gujarat,Diphtheria,2,1
2016,2016-W01,Gujarat,Hepatitis E,31,0
2016,2016-W01,Gujarat,Jaundice,6,0
2016,2016-W01,Jharkhand,Measles,56,0
2016,2016-W01,Karnataka,Acute Diarrheal Disease,12,0
2016,2016-W01,Karnataka,Chickenpox,12,0
2016,2016-W01,Karnataka,Cholera,4,0
2016,2016-W01,Kerala,Acute Diarrheal Disease,66,0
2016,2016-W01,Lakshadweep,Dengue,25,0
2016,2016-W01,Madhya Pradesh,Chickenpox,11,0
2016,2016-W01,Madhya Pradesh,Measles,13,0
2016,2016-W01,Punjab,Chickenpox,12,0
2016,2016-W01,Telangana,Food Poisoning,27,0
2016,2016-W01,Uttar Pradesh,Measles,45,0
2016,2016-W01,West Bengal,Acute Diarrheal Disease,19,0
2016,2016-W02,Bihar,Measles,17,0
2016,2016-W02,Gujarat,Acute Diarrheal Disease,18,0
2016,2016-W02,Gujarat,Food Poisoning,61,0
2016,2016-W02,Gujarat,Measles,11,0
2016,2016-W02,Himachal Pradesh,Dengue,151,2
2016,2016-W02,Jammu And Kashmir,Hepatitis A,13,0
2016,2016-W02,Karnataka,Acute Diarrheal Disease,40,0
2016,2016-W02,Kerala,Acute Diarrheal Disease,15,0
2016,2016-W02,Lakshadweep,Dengue,11,0
2016,2016-W02,Madhya Pradesh,Measles,5,0
2016,2016-W02,Maharashtra,Pyrexia Of Unknown Andigin (Puo),13,0
2016,2016-W02,Mizoram,Paederus Dermatitis From Rove Beetle,259,0
2016,2016-W02,Odisha,Chickenpox,44,0
2016,2016-W02,Odisha,Food Poisoning,242,0
2016,2016-W02,Punjab,Food Poisoning,9,0
2016,2016-W02,Tamil Nadu,Dengue,5,0
2016,2016-W02,Uttar Pradesh,Measles,43,0
2016,2016-W03,Assam,Cholera,2,0
2016,2016-W03,Assam,Diphtheria,1,0
2016,2016-W03,Assam,Enteric Fever,12,0
2016,2016-W03,Assam,Food Poisoning,900,0
2016,2016-W03,Assam,Measles,15,0
2016,2016-W03,Bihar,Chickenpox,112,0
2016,2016-W03,Bihar,Fever With Rash,7,0
2016,2016-W03,Bihar,Measles,19,1
2016,2016-W03,Chhattisgarh,Chickenpox,48,0
2016,2016-W03,Dadra And Nagar Haveli,Chickenpox,11,0
2016,2016-W03,Delhi,Measles,7,0
2016,2016-W03,Gujarat,Hepatitis E,30,0
2016,2016-W03,Gujarat,Jaundice,9,0
2016,2016-W03,Gujarat,Measles,13,0
2016,2016-W03,Jharkhand,Chickenpox,27,0
2016,2016-W03,Jharkhand,Food Poisoning,7,0
2016,2016-W03,Karnataka,Chickenpox,32,0
2016,2016-W03,Karnataka,Food Poisoning,55,0
2016,2016-W03,Karnataka,Mumps,11,0
2016,2016-W03,Kerala,Food Poisoning,20,0
2016,2016-W03,Lakshadweep,Dengue,11,0
2016,2016-W03,Madhya Pradesh,Food Poisoning,18,0
2016,2016-W03,Madhya Pradesh,Measles,58,0
2016,2016-W03,Maharashtra,Acute Diarrheal Disease,40,0
2016,2016-W03,Maharashtra,Chickenpox,38,0
2016,2016-W03,Maharashtra,Measles,4,0
2016,2016-W03,Meghalaya,Chickenpox,118,0
2016,2016-W03,Odisha,Acute Diarrheal Disease,11,0
2016,2016-W03,Odisha,Food Poisoning,20,0
2016,2016-W03,Odisha,Measles,11,0
2016,2016-W03,Punjab,Chickenpox,31,0
2016,2016-W03,Tamil Nadu,Dengue,28,1
2016,2016-W03,Tamil Nadu,Fever With Rash,6,0
2016,2016-W03,Uttar Pradesh,Chickenpox,91,0
2016,2016-W03,Uttar Pradesh,Measles,24,2
2016,2016-W03,West Bengal,Diphtheria,8,2
2016,2016-W03,West Bengal,Food Poisoning,34,0
2016,2016-W04,Andhra Pradesh,Acute Diarrheal Disease,52,0
2016,2016-W04,Andhra Pradesh,Food Poisoning,19,0
2016,2016-W04,Arunachal Pradesh,Measles,9,0
2016,2016-W04,Assam,Cholera,172,2
2016,2016-W04,Bihar,Chickenpox,2,0
2016,2016-W04,Bihar,Measles,64,0
2016,2016-W04,Dadra And Nagar Haveli,Mumps,46,0
2016,2016-W04,Gujarat,Acute Diarrheal Disease,11,0
2016,2016-W04,Gujarat,Crimean-Congo Haemandrhagic Fever (Cchf),1,0
2016,2016-W04,Gujarat,Food Poisoning,284,0
2016,2016-W04,Gujarat,Hepatitis E,55,0
2016,2016-W04,Jammu And Kashmir,Hepatitis A And E,353,0
2016,2016-W04,Jammu And Kashmir,Jaundice,9,0
2016,2016-W04,Karnataka,Acute Diarrheal Disease,19,0
2016,2016-W04,Karnataka,Food Poisoning,18,0
2016,2016-W04,Kerala,Dengue,13,0
2016,2016-W04,Kerala,Hepatitis A,17,0
2016,2016-W04,Maharashtra,Acute Diarrheal Disease,234,0
2016,2016-W04,Maharashtra,Chickenpox,5,0
2016,2016-W04,Maharashtra,Fever With Rash,38,0
2016,2016-W04,Manipur,Acute Diarrheal Disease,191,0
2016,2016-W04,Odisha,Anthrax,1,1
2016,2016-W04,Odisha,Measles,28,0
2016,2016-W04,Odisha,Poisoning,11,0
2016,2016-W04,Punjab,Hepatitis A And E,4,0
2016,2016-W04,Tamil Nadu,Dengue And Leptospirosis,32,1
2016,2016-W04,Tamil Nadu,Fever With Rash,5,0
2016,2016-W04,Tamil Nadu,Leishmaniasis,58,0
2016,2016-W04,Telangana,Food Poisoning,10,0
2016,2016-W04,Uttar Pradesh,Chickenpox,9,0
2016,2016-W04,Uttar Pradesh,Fever With Rash,27,1
2016,2016-W04,Uttar Pradesh,Measles,26,2
2016,2016-W04,West Bengal,Food Poisoning,290,0
2016,2016-W04,West Bengal,Rubella,19,0
2016,2016-W05,Bihar,Chickenpox,22,0
2016,2016-W05,Bihar,Diphtheria,2,0
2016,2016-W05,Bihar,Measles,160,0
2016,2016-W05,Chhattisgarh,Chickenpox,17,0
2016,2016-W05,Dadra And Nagar Haveli,Measles,24,0
2016,2016-W05,Gujarat,Hepatitis E,22,0
2016,2016-W05,Haryana,Chickenpox,9,0
2016,2016-W05,Himachal Pradesh,Hepatitis E,1292,2
2016,2016-W05,Jharkhand,Acute Diarrheal Disease,82,0
2016,2016-W05,Jharkhand,Fever With Rash,87,0
2016,2016-W05,Jharkhand,Food Poisoning,23,0
2016,2016-W05,Jharkhand,Measles,13,0
2016,2016-W05,Karnataka,Cholera,33,0
2016,2016-W05,Karnataka,Dengue,5,0
2016,2016-W05,Karnataka,Fever,28,0
2016,2016-W05,Karnataka,Food Poisoning,36,0
2016,2016-W05,Karnataka,Gastroenteritis,27,0
2016,2016-W05,Karnataka,Mumps,7,0
2016,2016-W05,Karnataka,Rubella,20,0
2016,2016-W05,Kerala,Malaria,5,0
2016,2016-W05,Kerala,Measles,15,0
2016,2016-W05,Kerala,Mumps,8,0
2016,2016-W05,Madhya Pradesh,Chickenpox,50,0
2016,2016-W05,Madhya Pradesh,Food Poisoning,130,0
2016,2016-W05,Madhya Pradesh,Measles,45,0
2016,2016-W05,Maharashtra,Acute Diarrheal Disease,41,0
2016,2016-W05,Maharashtra,Fever With Rash,1,1
2016,2016-W05,Maharashtra,Mumps,9,0
2016,2016-W05,Odisha,Acute Diarrheal Disease,69,0
2016,2016-W05,Odisha,Chickenpox,9,0
2016,2016-W05,Odisha,Food Poisoning,271,0
2016,2016-W05,Punjab,Hepatitis A,8,0
2016,2016-W05,Punjab,Hepatitis E,110,0
2016,2016-W05,Rajasthan,Rubella,5,0
2016,2016-W05,Tamil Nadu,Fever With Rash,7,0
2016,2016-W05,Tamil Nadu,Food Poisoning,55,0
2016,2016-W05,Telangana,Food Poisoning,61,0
2016,2016-W05,Uttar Pradesh,Chickenpox,24,0
2016,2016-W05,Uttar Pradesh,Fever With Rash,21,0
2016,2016-W05,Uttar Pradesh,Measles,158,0
2016,2016-W05,Uttarakhand,Fever,70,0
2016,2016-W05,West Bengal,Food Poisoning,1500,0
2016,2016-W06,Assam,Cholera,193,2
2016,2016-W06,Bihar,Chickenpox,24,0
2016,2016-W06,Bihar,Measles,48,0
2016,2016-W06,Chhattisgarh,Chickenpox,85,0
2016,2016-W06,Chhattisgarh,Food Poisoning,20,2
2016,2016-W06,Dadra And Nagar Haveli,Chickenpox,7,0
2016,2016-W06,Delhi,Measles,19,0
2016,2016-W06,Gujarat,Crimean-Congo Haemandrhagic Fever (Cchf),1,1
2016,2016-W06,Gujarat,Fever With Rash,25,0
2016,2016-W06,Gujarat,Food Poisoning,44,0
2016,2016-W06,Haryana,Measles,51,1
2016,2016-W06,Jharkhand,Food Poisoning,38,0
2016,2016-W06,Jharkhand,Measles,11,0
2016,2016-W06,Karnataka,Chikungunya,21,0
2016,2016-W06,Karnataka,Food Poisoning,20,0
2016,2016-W06,Karnataka,Gastroenteritis,33,0
2016,2016-W06,Karnataka,Hepatitis E,9,0
2016,2016-W06,Karnataka,Mumps,7,0
2016,2016-W06,Kerala,Dengue,25,1
2016,2016-W06,Kerala,Food Poisoning,127,0
2016,2016-W06,Madhya Pradesh,Chickenpox,24,0
2016,2016-W06,Madhya Pradesh,Food Poisoning,296,0
2016,2016-W06,Madhya Pradesh,Jatropha Seeds Poisoning,6,0
2016,2016-W06,Madhya Pradesh,Measles,14,0
2016,2016-W06,Maharashtra,Fever,19,0
2016,2016-W06,Maharashtra,Fever With Rash,9,0
2016,2016-W06,Maharashtra,Food Poisoning,52,0
2016,2016-W06,Mizoram,Food Poisoning,19,0
2016,2016-W06,Odisha,Anthrax,3,0
2016,2016-W06,Odisha,Chickenpox,31,0
2016,2016-W06,Odisha,Food Poisoning,94,0
2016,2016-W06,Odisha,Measles,10,0
2016,2016-W06,Punjab,Chickenpox,4,0
2016,2016-W06,Punjab,Mumps,5,0
2016,2016-W06,Rajasthan,Fever With Rash,8,0
2016,2016-W06,Rajasthan,Measles,27,0
2016,2016-W06,Tamil Nadu,Chickenpox,17,0
2016,2016-W06,Tamil Nadu,Dengue,13,1
2016,2016-W06,Tamil Nadu,Food Poisoning,55,0
2016,2016-W06,Uttar Pradesh,Chickenpox,20,0
2016,2016-W06,Uttar Pradesh,Measles,41,0
2016,2016-W06,West Bengal,Measles,21,0
2016,2016-W06,West Bengal,Rubella,19,0
2016,2016-W07,Andhra Pradesh,Acute Diarrheal Disease,11,0
2016,2016-W07,Assam,Acute Diarrheal Disease,57,2
2016,2016-W07,Assam,Acute Encephalitic Syndrome,1,1
2016,2016-W07,Assam,Japanese Encephalitis,1,1
2016,2016-W07,Bihar,Chickenpox,257,0
2016,2016-W07,Bihar,Fever With Rash,63,0
2016,2016-W07,Bihar,Food Poisoning,105,0
2016,2016-W07,Bihar,Measles,90,3
2016,2016-W07,Chhattisgarh,Chickenpox,129,0
2016,2016-W07,Dadra And Nagar Haveli,Chickenpox,10,0
2016,2016-W07,Delhi,Measles,16,0
2016,2016-W07,Gujarat,Crimean-Congo Haemandrhagic Fever (Cchf),1,1
2016,2016-W07,Gujarat,Food Poisoning,58,0
2016,2016-W07,Gujarat,Gastroenteritis,24,0
2016,2016-W07,Gujarat,Measles,68,0
2016,2016-W07,Haryana,Acute Diarrheal Disease,31,0
2016,2016-W07,Jharkhand,Food Poisoning,22,0
2016,2016-W07,Karnataka,Chickenpox,14,0
2016,2016-W07,Karnataka,Chikungunya,21,0
2016,2016-W07,Karnataka,Fever,53,0
2016,2016-W07,Karnataka,Food Poisoning,67,0
2016,2016-W07,Karnataka,Gastroenteritis,33,0
2016,2016-W07,Karnataka,Hepatitis E,9,0
2016,2016-W07,Karnataka,Mumps,33,0
2016,2016-W07,Karnataka,Rubella,15,0
2016,2016-W07,Kerala,Food Poisoning,157,0
2016,2016-W07,Madhya Pradesh,Acute Respiratandy Influenza,18,0
2016,2016-W07,Madhya Pradesh,Chickenpox,13,0
2016,2016-W07,Madhya Pradesh,Gastroenteritis,103,0
2016,2016-W07,Maharashtra,Dengue,29,1
2016,2016-W07,Maharashtra,Food Poisoning,60,0
2016,2016-W07,Maharashtra,Malaria,98,1
2016,2016-W07,Maharashtra,Measles,47,0
2016,2016-W07,Maharashtra,Rubella,47,0
2016,2016-W07,Odisha,Acute Diarrheal Disease,43,0
2016,2016-W07,Odisha,Chickenpox,12,0
2016,2016-W07,Odisha,Hepatitis A,8,0
2016,2016-W07,Odisha,Measles,13,0
2016,2016-W07,Punjab,Hepatitis A,9,0
2016,2016-W07,Rajasthan,Measles,27,0
2016,2016-W07,Rajasthan,Rubella,24,0
2016,2016-W07,Tamil Nadu,Chickenpox,23,0
2016,2016-W07,Tamil Nadu,Dengue,13,1
2016,2016-W07,Uttar Pradesh,Chickenpox,45,0
2016,2016-W07,Uttar Pradesh,Fever With Rash,29,0
2016,2016-W07,Uttar Pradesh,Food Poisoning,33,1
2016,2016-W07,Uttar Pradesh,Measles,59,0
2016,2016-W07,West Bengal,Acute Diarrheal Disease,39,0
2016,2016-W07,West Bengal,Chikungunya,27,0
2016,2016-W07,West Bengal,Food Poisoning,59,0
2016,2016-W07,West Bengal,Measles,33,0
2016,2016-W08,Arunachal Pradesh,Measles,33,0
2016,2016-W08,Bihar,Chickenpox,757,2
2016,2016-W08,Bihar,Fever With Rash,128,0
2016,2016-W08,Bihar,Measles,120,1
2016,2016-W08,Chhattisgarh,Chickenpox,103,0
2016,2016-W08,Chhattisgarh,Rubella,6,0
2016,2016-W08,Dadra And Nagar Haveli,Chickenpox,14,0
2016,2016-W08,Gujarat,Crimean-Congo Haemandrhagic Fever (Cchf),1,0
2016,2016-W08,Gujarat,Measles,15,0
2016,2016-W08,Haryana,Measles,20,0
2016,2016-W08,Jammu And Kashmir,Hepatitis E,59,0
2016,2016-W08,Jharkhand,Chickenpox,32,0
2016,2016-W08,Jharkhand,Measles,37,0
2016,2016-W08,Karnataka,Chickenpox,30,0
2016,2016-W08,Karnataka,Food Poisoning,21,0
2016,2016-W08,Karnataka,Gastroenteritis,13,0
2016,2016-W08,Karnataka,Mumps,21,0
2016,2016-W08,Madhya Pradesh,Measles,32,0
2016,2016-W08,Maharashtra,Food Poisoning,18,0
2016,2016-W08,Maharashtra,Jaundice,48,0
2016,2016-W08,Meghalaya,Chickenpox,7,0
2016,2016-W08,Odisha,Food Poisoning,43,0
2016,2016-W08,Punjab,Chickenpox,8,0
2016,2016-W08,Rajasthan,Food Poisoning,170,0
2016,2016-W08,Tamil Nadu,Acute Diarrheal Disease,18,0
2016,2016-W08,Tamil Nadu,Chickenpox,41,0
2016,2016-W08,Telangana,Chickenpox,13,0
2016,2016-W08,Telangana,Food Poisoning,26,0
2016,2016-W08,Uttar Pradesh,Chickenpox,30,0
2016,2016-W08,Uttar Pradesh,Hepatitis C,29,0
2016,2016-W08,Uttar Pradesh,Measles,69,0
2016,2016-W08,West Bengal,Chickenpox,41,0
2016,2016-W08,West Bengal,Dysentery,298,0
2016,2016-W09,Andhra Pradesh,Food Poisoning,46,0
2016,2016-W09,Assam,Acute Diarrheal Disease,9,1
2016,2016-W09,Assam,Measles,25,0
2016,2016-W09,Bihar,Chickenpox,38,0
2016,2016-W09,Bihar,Fever With Rash,10,0
2016,2016-W09,Bihar,Measles,50,0
2016,2016-W09,Chhattisgarh,Chickenpox,63,0
2016,2016-W09,Delhi,Measles,28,0
2016,2016-W09,Gujarat,Fever With Rash,9,0
2016,2016-W09,Gujarat,Measles,73,0
2016,2016-W09,Jharkhand,Food Poisoning,24,0
2016,2016-W09,Jharkhand,Measles,25,0
2016,2016-W09,Karnataka,Rubella,10,0
2016,2016-W09,Kerala,Food Poisoning,77,0
2016,2016-W09,Maharashtra,Acute Diarrheal Disease,19,0
2016,2016-W09,Maharashtra,Chickenpox,29,0
2016,2016-W09,Meghalaya,Chickenpox,7,0
2016,2016-W09,Odisha,Acute Diarrheal Disease,58,0
2016,2016-W09,Odisha,Chickenpox,52,0
2016,2016-W09,Odisha,Food Poisoning,73,0
2016,2016-W09,Odisha,Herpes Simplex Encephalitis,5,1
2016,2016-W09,Odisha,Jaundice,18,0
2016,2016-W09,Punjab,Hepatitis E,21,0
2016,2016-W09,Rajasthan,Measles,15,0
2016,2016-W09,Rajasthan,Rubella,19,0
2016,2016-W09,Tamil Nadu,Acute Diarrheal Disease,16,0
2016,2016-W09,Tamil Nadu,Chickenpox,12,0
2016,2016-W09,Tamil Nadu,Chikungunya,13,0
2016,2016-W09,Tamil Nadu,Dengue,19,0
2016,2016-W09,Tamil Nadu,Food Poisoning,46,0
2016,2016-W09,Tamil Nadu,Leishmaniasis,14,0
2016,2016-W09,Uttar Pradesh,Chickenpox,63,0
2016,2016-W09,Uttar Pradesh,Fever With Rash,20,0
2016,2016-W09,Uttar Pradesh,Gastroenteritis,39,0
2016,2016-W09,Uttar Pradesh,Measles,24,0
2016,2016-W09,Uttarakhand,Jaundice,55,0
2016,2016-W09,West Bengal,Acute Diarrheal Disease,299,0
2016,2016-W09,West Bengal,Food Poisoning,1356,1
2016,2016-W10,Andhra Pradesh,Acute Diarrheal Disease,10,0
2016,2016-W10,Assam,Brucellosis,46,0
2016,2016-W10,Assam,Chickenpox,10,0
2016,2016-W10,Assam,Food Poisoning,16,0
2016,2016-W10,Bihar,Chickenpox,178,0
2016,2016-W10,Bihar,Fever With Rash,24,0
2016,2016-W10,Bihar,Food Poisoning,17,0
2016,2016-W10,Chhattisgarh,Diarrhoea,21,0
2016,2016-W10,Goa,Kyasanur Fandest Disease,154,3
2016,2016-W10,Gujarat,Measles,20,0
2016,2016-W10,Haryana,Rubella,6,0
2016,2016-W10,Jharkhand,Chickenpox,100,0
2016,2016-W10,Karnataka,Cholera,40,0
2016,2016-W10,Karnataka,Food Poisoning,34,0
2016,2016-W10,Karnataka,Kyasanur Fandest Disease,23,0
2016,2016-W10,Karnataka,Mumps,4,0
2016,2016-W10,Kerala,Chickenpox,15,0
2016,2016-W10,Maharashtra,Acute Diarrheal Disease,43,0
2016,2016-W10,Maharashtra,Measles,23,0
2016,2016-W10,Odisha,Acute Diarrheal Disease,44,0
2016,2016-W10,Odisha,Anthrax,3,0
2016,2016-W10,Odisha,Food Poisoning,41,0
2016,2016-W10,Punjab,Chickenpox,7,0
2016,2016-W10,Rajasthan,Fever With Rash,61,0
2016,2016-W10,Rajasthan,Food Poisoning (Seed),13,0
2016,2016-W10,Rajasthan,Measles,31,0
2016,2016-W10,Tamil Nadu,Fever With Rash,13,0
2016,2016-W10,Tamil Nadu,Food Poisoning,28,0
2016,2016-W10,Tamil Nadu,Leishmaniasis,50,0
2016,2016-W10,Telangana,Food Poisoning,65,0
2016,2016-W10,Uttar Pradesh,Chickenpox,72,0
2016,2016-W10,Uttar Pradesh,Fever With Rash,6,0
2016,2016-W10,Uttar Pradesh,Measles,97,0
2016,2016-W10,West Bengal,Acute Diarrheal Disease,1691,1
2016,2016-W10,West Bengal,Chickenpox,60,0
2016,2016-W10,West Bengal,Dysentery,299,0
2016,2016-W10,West Bengal,Fever With Rash,111,0
2016,2016-W10,West Bengal,Food Poisoning,69,0
2016,2016-W11,Assam,Food Poisoning,16,0
2016,2016-W11,Bihar,Chickenpox,592,0
2016,2016-W11,Bihar,Fever With Rash,13,0
2016,2016-W11,Bihar,Measles,119,0
2016,2016-W11,Chhattisgarh,Chickenpox,52,0
2016,2016-W11,Chhattisgarh,Food Poisoning,48,0
2016,2016-W11,Daman And Diu,Rubella,10,0
2016,2016-W11,Delhi,Measles,10,0
2016,2016-W11,Gujarat,Measles,47,0
2016,2016-W11,Jharkhand,Acute Diarrheal Disease,40,1
2016,2016-W11,Jharkhand,Chickenpox,14,0
2016,2016-W11,Jharkhand,Measles,21,0
2016,2016-W11,Karnataka,Acute Diarrheal Disease,49,0
2016,2016-W11,Karnataka,Fever With Rash,16,0
2016,2016-W11,Karnataka,Food Poisoning,14,0
2016,2016-W11,Karnataka,Mumps,10,0
2016,2016-W11,Karnataka,Rubella,16,0
2016,2016-W11,Kerala,Rubella,78,0
2016,2016-W11,Maharashtra,Acute Diarrheal Disease,51,0
2016,2016-W11,Nagaland,Acute Diarrheal Disease,31,0
2016,2016-W11,Odisha,Food Poisoning,279,0
2016,2016-W11,Punjab,Fever With Rash,15,0
2016,2016-W11,Punjab,Measles,15,0
2016,2016-W11,Rajasthan,Chickenpox,59,0
2016,2016-W11,Sikkim,Measles,12,0
2016,2016-W11,Tamil Nadu,Food Poisoning,17,0
2016,2016-W11,Uttar Pradesh,Jaundice,9,0
2016,2016-W11,Uttar Pradesh,Measles,50,1
2016,2016-W11,West Bengal,Acute Diarrheal Disease,185,0
2016,2016-W11,West Bengal,Fever With Rash,196,0
2016,2016-W11,West Bengal,Food Poisoning,36,0
2016,2016-W11,West Bengal,Measles,34,0
2016,2016-W11,West Bengal,Rubella,14,0
2016,2016-W12,Andhra Pradesh,Fever,18,0
2016,2016-W12,Andhra Pradesh,Viral Fever,36,0
2016,2016-W12,Assam,Chickenpox,10,0
2016,2016-W12,Assam,Measles,30,0
2016,2016-W12,Bihar,Fever With Rash,24,0
2016,2016-W12,Chhattisgarh,Chickenpox,155,0
2016,2016-W12,Daman And Diu,Chickenpox,6,0
2016,2016-W12,Gujarat,Acute Diarrheal Disease,34,0
2016,2016-W12,Gujarat,Cholera,82,0
2016,2016-W12,Haryana,Acute Diarrheal Disease,25,0
2016,2016-W12,Haryana,Measles,6,0
2016,2016-W12,Haryana,Measles And Rubella,15,0
2016,2016-W12,Jharkhand,Acute Diarrheal Disease,40,0
2016,2016-W12,Jharkhand,Chickenpox,26,0
2016,2016-W12,Karnataka,Acute Diarrheal Disease,28,1
2016,2016-W12,Karnataka,Chickenpox,17,0
2016,2016-W12,Karnataka,Cholera,40,0
2016,2016-W12,Karnataka,Dengue,7,0
2016,2016-W12,Karnataka,Food Poisoning,198,0
2016,2016-W12,Karnataka,Gastroenteritis,25,0
2016,2016-W12,Karnataka,Measles And Rubella,15,0
2016,2016-W12,Karnataka,Mumps,25,0
2016,2016-W12,Karnataka,Rubella,10,0
2016,2016-W12,Madhya Pradesh,Food Poisoning,39,0
2016,2016-W12,Madhya Pradesh,Measles,28,0
2016,2016-W12,Maharashtra,Rubella,24,0
2016,2016-W12,Odisha,Chickenpox,16,0
2016,2016-W12,Odisha,Fever With Rash,12,0
2016,2016-W12,Odisha,Food Poisoning,17,0
2016,2016-W12,Odisha,Hepatitis A And E,57,0
2016,2016-W12,Punjab,Chickenpox,13,0
2016,2016-W12,Rajasthan,Measles,7,0
2016,2016-W12,Tamil Nadu,Acute Diarrheal Disease,25,0
2016,2016-W12,Tamil Nadu,Food Poisoning,118,0
2016,2016-W12,Uttar Pradesh,Chickenpox,30,0
2016,2016-W12,Uttar Pradesh,Measles,38,0
2016,2016-W12,West Bengal,Acute Diarrheal Disease,88,0
2016,2016-W12,West Bengal,Chickenpox,42,0
2016,2016-W12,West Bengal,Fever With Rash,17,0
2016,2016-W12,West Bengal,Food Poisoning,665,1
2016,2016-W12,West Bengal,Measles,50,0
2016,2016-W13,Assam,Leishmaniasis,5,0
2016,2016-W13,Bihar,Chickenpox,224,0
2016,2016-W13,Dadra And Nagar Haveli,Chickenpox,11,0
2016,2016-W13,Delhi,Acute Diarrheal Disease,47,0
2016,2016-W13,Gujarat,Acute Diarrheal Disease,16,0
2016,2016-W13,Gujarat,Chickenpox,11,0
2016,2016-W13,Gujarat,Crimean-Congo Haemandrhagic Fever (Cchf),1,1
2016,2016-W13,Gujarat,Measles,31,0
2016,2016-W13,Haryana,Measles,13,0
2016,2016-W13,Jharkhand,Chickenpox,6,0
2016,2016-W13,Jharkhand,Cutaneous Anthrax,20,1
2016,2016-W13,Karnataka,Food Poisoning,7,0
2016,2016-W13,Kerala,Dengue,28,0
2016,2016-W13,Kerala,Hepatitis A,20,0
2016,2016-W13,Kerala,Measles,32,1
2016,2016-W13,Kerala,Primary Amoebic Meningo-Encephalitis,1,1
2016,2016-W13,Madhya Pradesh,Dengue,142,0
2016,2016-W13,Madhya Pradesh,Measles,29,0
2016,2016-W13,Madhya Pradesh,Measles And Rubella,29,0
2016,2016-W13,Maharashtra,Acute Diarrheal Disease,74,0
2016,2016-W13,Maharashtra,Dengue,11,1
2016,2016-W13,Maharashtra,Malaria,13,0
2016,2016-W13,Maharashtra,Measles,26,0
2016,2016-W13,Odisha,Acute Diarrheal Disease,14,0
2016,2016-W13,Odisha,Food Poisoning,126,0
2016,2016-W13,Punjab,Acute Diarrheal Disease,42,0
2016,2016-W13,Rajasthan,Rubella,5,0
2016,2016-W13,Uttar Pradesh,Chickenpox,125,0
2016,2016-W13,Uttar Pradesh,Fever With Rash,16,0
2016,2016-W13,Uttar Pradesh,Measles,19,2
2016,2016-W13,West Bengal,Acute Diarrheal Disease,50,0
2016,2016-W13,West Bengal,Cholera,509,0
2016,2016-W13,West Bengal,Dysentery,88,0
2016,2016-W13,West Bengal,Malaria,24,0
2016,2016-W13,West Bengal,Measles,30,0
2016,2016-W14,Assam,Cholera,23,0
2016,2016-W14,Assam,Mushroom Poisoning,3,1
2016,2016-W14,Bihar,Chickenpox,345,0
2016,2016-W14,Bihar,Measles,25,0
2016,2016-W14,Chhattisgarh,Chickenpox,27,0
2016,2016-W14,Dadra And Nagar Haveli,Chickenpox,11,0
2016,2016-W14,Delhi,Rubella,22,0
2016,2016-W14,Gujarat,Acute Diarrheal Disease,47,0
2016,2016-W14,Gujarat,Chickenpox,28,0
2016,2016-W14,Gujarat,Cholera,45,1
2016,2016-W14,Gujarat,Food Poisoning,35,0
2016,2016-W14,Gujarat,Malaria,114,0
2016,2016-W14,Gujarat,Measles,70,0
2016,2016-W14,Himachal Pradesh,Hepatitis E,586,0
2016,2016-W14,Jammu And Kashmir,Acute Viral Conjunctivitis,47,0
2016,2016-W14,Jharkhand,Enteric Fever,40,0
2016,2016-W14,Jharkhand,Measles,13,0
2016,2016-W14,Karnataka,Acute Diarrheal Disease,73,0
2016,2016-W14,Karnataka,Chikungunya,139,0
2016,2016-W14,Karnataka,Hepatitis A,47,0
2016,2016-W14,Kerala,Chickenpox,64,0
2016,2016-W14,Kerala,Dengue,38,0
2016,2016-W14,Kerala,Hepatitis A,104,1
2016,2016-W14,Kerala,Mumps,63,0
2016,2016-W14,Madhya Pradesh,Chickenpox,26,0
2016,2016-W14,Madhya Pradesh,Food Poisoning,68,0
2016,2016-W14,Madhya Pradesh,Measles,67,0
2016,2016-W14,Maharashtra,Acute Diarrheal Disease,71,0
2016,2016-W14,Maharashtra,Chickenpox,10,0
2016,2016-W14,Maharashtra,Cholera,31,0
2016,2016-W14,Maharashtra,Food Poisoning,21,0
2016,2016-W14,Maharashtra,Gastroenteritis,26,1
2016,2016-W14,Odisha,Anthrax,5,0
2016,2016-W14,Odisha,Chickenpox,13,0
2016,2016-W14,Odisha,Fever With Rash,8,0
2016,2016-W14,Odisha,Hepatitis E,84,0
2016,2016-W14,Punjab,Chickenpox,25,0
2016,2016-W14,Punjab,Hepatitis E,123,0
2016,2016-W14,Punjab,Measles,7,0
2016,2016-W14,Punjab,Mumps,34,0
2016,2016-W14,Rajasthan,Acute Diarrheal Disease,23,0
2016,2016-W14,Rajasthan,Chikungunya And Dengue,105,0
2016,2016-W14,Rajasthan,Cholera,59,2
2016,2016-W14,Rajasthan,Dengue,40,0
2016,2016-W14,Rajasthan,Gastroenteritis,20,0
2016,2016-W14,Rajasthan,Rubella,9,0
2016,2016-W14,Tamil Nadu,Chickenpox,14,0
2016,2016-W14,Uttar Pradesh,Chickenpox,27,0
2016,2016-W14,Uttar Pradesh,Measles,6,0
2016,2016-W14,Uttarakhand,Measles,30,0
2016,2016-W14,West Bengal,Acute Diarrheal Disease,59,0
2016,2016-W14,West Bengal,Fever With Rash,28,0
2016,2016-W14,West Bengal,Food Poisoning,486,0
2016,2016-W14,West Bengal,Measles,118,0
2016,2016-W16,Andhra Pradesh,Food Poisoning,109,0
2016,2016-W16,Assam,Acute Diarrheal Disease,135,1
2016,2016-W16,Assam,Malaria,3,2
2016,2016-W16,Assam,Mushroom Poisoning,4,0
2016,2016-W16,Bihar,Acute Diarrheal Disease,38,0
2016,2016-W16,Bihar,Chickenpox,193,3
2016,2016-W16,Bihar,Food Poisoning,125,1
2016,2016-W16,Bihar,Measles,51,4
2016,2016-W16,Chhattisgarh,Chickenpox,21,0
2016,2016-W16,Chhattisgarh,Jaundice,12,0
2016,2016-W16,Gujarat,Food Poisoning,52,0
2016,2016-W16,Gujarat,Hepatitis E,348,0
2016,2016-W16,Gujarat,Jaundice,26,0
2016,2016-W16,Gujarat,Measles,25,0
2016,2016-W16,Jammu And Kashmir,Chickenpox,8,0
2016,2016-W16,Jammu And Kashmir,Measles,12,0
2016,2016-W16,Karnataka,Cholera,52,0
2016,2016-W16,Karnataka,Gastroenteritis,38,0
2016,2016-W16,Karnataka,Jaundice,30,0
2016,2016-W16,Karnataka,Mumps,11,0
2016,2016-W16,Madhya Pradesh,Measles,39,0
2016,2016-W16,Maharashtra,Chikungunya,7,0
2016,2016-W16,Maharashtra,Food Poisoning,144,0
2016,2016-W16,Odisha,Anthrax,7,0
2016,2016-W16,Odisha,Chickenpox,15,0
2016,2016-W16,Odisha,Staphylococcal Food Poisoning,19,0
2016,2016-W16,Punjab,Chickenpox,31,0
2016,2016-W16,Rajasthan,Acute Diarrheal Disease,22,0
2016,2016-W16,Rajasthan,Dengue,99,0
2016,2016-W16,Rajasthan,Food Poisoning,230,0
2016,2016-W16,Rajasthan,Gastroenteritis,19,0
2016,2016-W16,Tamil Nadu,Food Poisoning,69,0
2016,2016-W16,Uttar Pradesh,Acute Diarrheal Disease,67,0
2016,2016-W16,Uttar Pradesh,Chickenpox,90,0
2016,2016-W16,Uttar Pradesh,Food Poisoning,121,0
2016,2016-W16,Uttar Pradesh,Measles,17,0
2016,2016-W16,Uttarakhand,Hepatitis E,20,0
2016,2016-W16,West Bengal,Chickenpox,17,0
2016,2016-W16,West Bengal,Food Poisoning,40,0
2016,2016-W16,West Bengal,Measles,76,0
2016,2016-W16,West Bengal,Rubella,27,0
2016,2016-W17,Andhra Pradesh,Cutaneous Anthrax,16,0
2016,2016-W17,Andhra Pradesh,Food Poisoning,132,0
2016,2016-W17,Arunachal Pradesh,Chickenpox,24,0
2016,2016-W17,Arunachal Pradesh,Mumps,9,0
2016,2016-W17,Assam,Acute Diarrheal Disease,208,1
2016,2016-W17,Assam,Chickenpox,10,0
2016,2016-W17,Bihar,Chickenpox,201,0
2016,2016-W17,Dadra And Nagar Haveli,Chickenpox,13,0
2016,2016-W17,Delhi,Measles,16,0
2016,2016-W17,Gujarat,Cholera,21,0
2016,2016-W17,Gujarat,Food Poisoning,381,0
2016,2016-W17,Gujarat,Food Poisoning (Bamangadh),22,0
2016,2016-W17,Gujarat,Measles,10,0
2016,2016-W17,Haryana,Acute Diarrheal Disease,57,0
2016,2016-W17,Jammu And Kashmir,Chickenpox,18,0
2016,2016-W17,Jammu And Kashmir,Hepatitis E,16,0
2016,2016-W17,Jharkhand,Anthrax,3,0
2016,2016-W17,Karnataka,Chikungunya,16,0
2016,2016-W17,Karnataka,Cholera,40,0
2016,2016-W17,Karnataka,Dengue,15,0
2016,2016-W17,Madhya Pradesh,Chickenpox,11,0
2016,2016-W17,Madhya Pradesh,Fever With Rash,16,0
2016,2016-W17,Madhya Pradesh,Food Poisoning,147,0
2016,2016-W17,Madhya Pradesh,Measles,6,0
2016,2016-W17,Maharashtra,Acute Diarrheal Disease,138,0
2016,2016-W17,Maharashtra,Dengue,38,0
2016,2016-W17,Maharashtra,Food Poisoning,53,0
2016,2016-W17,Maharashtra,Hepatitis,56,0
2016,2016-W17,Manipur,Food Poisoning,23,1
2016,2016-W17,Manipur,Gastroenteritis,231,1
2016,2016-W17,Odisha,Acute Diarrheal Disease,19,0
2016,2016-W17,Odisha,Food Poisoning,39,0
2016,2016-W17,Odisha,Hepatitis A,6,0
2016,2016-W17,Odisha,Measles,14,0
2016,2016-W17,Punjab,Chickenpox,37,0
2016,2016-W17,Punjab,Leishmaniasis,1,0
2016,2016-W17,Punjab,Mumps,35,0
2016,2016-W17,Rajasthan,Acute Diarrheal Disease,60,0
2016,2016-W17,Rajasthan,Chickenpox,11,1
2016,2016-W17,Rajasthan,Dengue And Scrub Typhus,34,0
2016,2016-W17,Sikkim,Chickenpox,11,0
2016,2016-W17,Tamil Nadu,Food Poisoning,14,0
2016,2016-W17,Tamil Nadu,Measles,6,0
2016,2016-W17,Uttar Pradesh,Chickenpox,98,0
2016,2016-W17,Uttar Pradesh,Food Poisoning,47,0
2016,2016-W17,Uttar Pradesh,Measles,16,0
2016,2016-W17,Uttarakhand,Measles,14,0
2016,2016-W17,West Bengal,Acute Diarrheal Disease,35,0
2016,2016-W17,West Bengal,Rubella,116,0
2016,2016-W18,Assam,Japanese Encephalitis,2,2
2016,2016-W18,Assam,Malaria,3,2
2016,2016-W18,Bihar,Chickenpox,110,0
2016,2016-W18,Bihar,Food Poisoning,101,0
2016,2016-W18,Bihar,Measles,17,0
2016,2016-W18,Chhattisgarh,Acute Diarrheal Disease,44,2
2016,2016-W18,Chhattisgarh,Chickenpox,13,0
2016,2016-W18,Delhi,Measles,36,0
2016,2016-W18,Gujarat,Acute Diarrheal Disease,170,0
2016,2016-W18,Gujarat,Cholera,34,0
2016,2016-W18,Gujarat,Food Poisoning,418,0
2016,2016-W18,Gujarat,Measles,18,0
2016,2016-W18,Jammu And Kashmir,Chickenpox,100,0
2016,2016-W18,Jammu And Kashmir,"Hand, Foot And Mouth Disease (Hfmd)",152,0
2016,2016-W18,Jharkhand,Anthrax,10,0
2016,2016-W18,Jharkhand,Rubella,15,0
2016,2016-W18,Karnataka,Acute Diarrheal Disease,58,0
2016,2016-W18,Karnataka,Cholera,16,0
2016,2016-W18,Karnataka,Food Poisoning,208,2
2016,2016-W18,Karnataka,Measles,40,0
2016,2016-W18,Kerala,Hepatitis A,40,2
2016,2016-W18,Kerala,Typhoid,424,0
2016,2016-W18,Madhya Pradesh,Acute Diarrheal Disease,34,0
2016,2016-W18,Madhya Pradesh,Food Poisoning,76,0
2016,2016-W18,Madhya Pradesh,Measles,9,3
2016,2016-W18,Maharashtra,Acute Diarrheal Disease,50,0
2016,2016-W18,Maharashtra,Cholera,48,0
2016,2016-W18,Maharashtra,Dengue,20,1
2016,2016-W18,Maharashtra,Food Poisoning,32,0
2016,2016-W18,Nagaland,Chickenpox,21,0
2016,2016-W18,Nagaland,Measles,92,8
2016,2016-W18,Odisha,Acute Diarrheal Disease,134,0
2016,2016-W18,Odisha,Food Poisoning,78,0
2016,2016-W18,Punjab,Chickenpox,66,0
2016,2016-W18,Rajasthan,Acute Diarrheal Disease,114,0
2016,2016-W18,Rajasthan,Dengue,210,0
2016,2016-W18,Sikkim,Chickenpox,22,0
2016,2016-W18,Tamil Nadu,Acute Diarrheal Disease,90,2
2016,2016-W18,Tamil Nadu,Food Poisoning,130,0
2016,2016-W18,Uttar Pradesh,Chickenpox,214,2
2016,2016-W18,Uttar Pradesh,Cholera,346,6
2016,2016-W18,Uttar Pradesh,Food Poisoning,125,0
2016,2016-W18,Uttar Pradesh,Measles,34,0
2016,2016-W18,Uttar Pradesh,Mumps,18,0
2016,2016-W18,Uttarakhand,Chickenpox,10,0
2016,2016-W18,West Bengal,Acute Diarrheal Disease,204,0
2016,2016-W18,West Bengal,Chickenpox,83,0
2016,2016-W18,West Bengal,Food Poisoning,119,0
2016,2016-W19,Andhra Pradesh,Food Poisoning,24,0
2016,2016-W19,Assam,Acute Diarrheal Disease,70,4
2016,2016-W19,Assam,Food Poisoning,172,0
2016,2016-W19,Bihar,Chickenpox,163,0
2016,2016-W19,Bihar,Food Poisoning,78,0
2016,2016-W19,Chhattisgarh,Food Poisoning,86,0
2016,2016-W19,Delhi,Measles,8,0
2016,2016-W19,Delhi,Rubella,13,0
2016,2016-W19,Gujarat,Cholera,194,0
2016,2016-W19,Jammu And Kashmir,Acute Diarrheal Disease,62,0
2016,2016-W19,Jammu And Kashmir,Chickenpox,80,0
2016,2016-W19,Jammu And Kashmir,Pertussis,282,0
2016,2016-W19,Jharkhand,Anthrax,12,2
2016,2016-W19,Jharkhand,Cutaneous Anthrax,7,0
2016,2016-W19,Karnataka,Chikungunya,46,0
2016,2016-W19,Karnataka,Dengue,10,0
2016,2016-W19,Karnataka,Food Poisoning,60,0
2016,2016-W19,Karnataka,Hepatitis A And E,14,0
2016,2016-W19,Karnataka,Mumps,18,0
2016,2016-W19,Kerala,Dengue,30,0
2016,2016-W19,Madhya Pradesh,Acute Diarrheal Disease,234,0
2016,2016-W19,Maharashtra,Acute Diarrheal Disease,364,0
2016,2016-W19,Maharashtra,Dengue,164,2
2016,2016-W19,Maharashtra,Fever,64,0
2016,2016-W19,Maharashtra,Food Poisoning,8,8
2016,2016-W19,Odisha,Anthrax,24,0
2016,2016-W19,Odisha,Food Poisoning,172,0
2016,2016-W19,Punjab,Chickenpox,61,0
2016,2016-W19,Rajasthan,Acute Diarrheal Disease,64,0
2016,2016-W19,Telangana,Food Poisoning,180,0
2016,2016-W19,Uttar Pradesh,Acute Diarrheal Disease,34,0
2016,2016-W19,Uttar Pradesh,Chickenpox,56,2
2016,2016-W19,Uttar Pradesh,Food Poisoning,76,0
2016,2016-W19,Uttar Pradesh,Measles,44,0
2016,2016-W19,Uttarakhand,Measles,110,0
2016,2016-W19,West Bengal,Acute Diarrheal Disease,423,0
2016,2016-W19,West Bengal,Chickenpox,34,1
2016,2016-W19,West Bengal,Cholera,244,0
2016,2016-W19,West Bengal,Food Poisoning,360,0
2016,2016-W19,West Bengal,Rubella,54,0
2016,2016-W20,Andhra Pradesh,Food Poisoning,14,2
2016,2016-W20,Bihar,Chickenpox,69,0
2016,2016-W20,Bihar,Malaria,192,0
2016,2016-W20,Chhattisgarh,Acute Diarrheal Disease,512,2
2016,2016-W20,Dadra And Nagar Haveli,Mumps,4,0
2016,2016-W20,Gujarat,Acute Diarrheal Disease,204,0
2016,2016-W20,Gujarat,Food Poisoning,108,0
2016,2016-W20,Gujarat,Hepatitis A,72,0
2016,2016-W20,Jammu And Kashmir,Chickenpox,22,0
2016,2016-W20,Jammu And Kashmir,Enteric Fever,11,0
2016,2016-W20,Jammu And Kashmir,Measles,23,0
2016,2016-W20,Karnataka,Dengue,12,0
2016,2016-W20,Karnataka,Food Poisoning,13,0
2016,2016-W20,Kerala,Dengue,63,0
2016,2016-W20,Kerala,Food Poisoning,48,0
2016,2016-W20,Kerala,Hepatitis A,34,0
2016,2016-W20,Madhya Pradesh,Cholera,33,0
2016,2016-W20,Maharashtra,Acute Diarrheal Disease,72,0
2016,2016-W20,Maharashtra,Cholera,21,1
2016,2016-W20,Maharashtra,Dengue,8,2
2016,2016-W20,Odisha,Acute Diarrheal Disease,17,0
2016,2016-W20,Odisha,Fever,6,2
2016,2016-W20,Odisha,Food Poisoning,8,0
2016,2016-W20,Odisha,Hepatitis A,5,0
2016,2016-W20,Punjab,Acute Diarrheal Disease,14,0
2016,2016-W20,Punjab,Chickenpox,115,0
2016,2016-W20,Punjab,Rubella,12,0
2016,2016-W20,Rajasthan,Acute Diarrheal Disease,148,0
2016,2016-W20,Rajasthan,Hepatitis E,13,0
2016,2016-W20,Tamil Nadu,Food Poisoning,9,0
2016,2016-W20,Uttar Pradesh,Acute Diarrheal Disease,198,0
2016,2016-W20,Uttar Pradesh,Chickenpox,127,2
2016,2016-W20,Uttar Pradesh,Measles,10,0
2016,2016-W20,West Bengal,Acute Diarrheal Disease,193,0
2016,2016-W20,West Bengal,Cholera,345,0
2016,2016-W20,West Bengal,Measles,19,0
2016,2016-W21,Andhra Pradesh,Acute Diarrheal Disease,31,0
2016,2016-W21,Andhra Pradesh,Food Poisoning,65,0
2016,2016-W21,Assam,Dengue,27,0
2016,2016-W21,Assam,Food Poisoning,172,0
2016,2016-W21,Assam,Measles,88,0
2016,2016-W21,Bihar,Acute Diarrheal Disease,44,0
2016,2016-W21,Bihar,Acute Encephalitic Syndrome,5,1
2016,2016-W21,Bihar,Chickenpox,84,0
2016,2016-W21,Bihar,Malaria,542,0
2016,2016-W21,Bihar,Measles,9,0
2016,2016-W21,Chhattisgarh,Acute Diarrheal Disease,401,0
2016,2016-W21,Chhattisgarh,Diarrhoea,82,0
2016,2016-W21,Chhattisgarh,Hepatitis E,11,0
2016,2016-W21,Dadra And Nagar Haveli,Mumps,19,0
2016,2016-W21,Delhi,Measles,30,0
2016,2016-W21,Gujarat,Cholera,47,0
2016,2016-W21,Gujarat,Hepatitis,10,0
2016,2016-W21,Gujarat,Measles,12,0
2016,2016-W21,Gujarat,Viral Fever,50,0
2016,2016-W21,Himachal Pradesh,Gastroenteritis,17,0
2016,2016-W21,Himachal Pradesh,Measles,57,0
2016,2016-W21,Jammu And Kashmir,Chickenpox,35,0
2016,2016-W21,Jharkhand,Measles,12,0
2016,2016-W21,Kerala,Chickenpox,12,0
2016,2016-W21,Kerala,Dengue,13,0
2016,2016-W21,Kerala,Food Poisoning,48,0
2016,2016-W21,Kerala,Hepatitis A,38,2
2016,2016-W21,Madhya Pradesh,Cholera,3,0
2016,2016-W21,Maharashtra,Acute Diarrheal Disease,710,0
2016,2016-W21,Maharashtra,Cholera,83,1
2016,2016-W21,Odisha,Acute Diarrheal Disease,30,0
2016,2016-W21,Odisha,Hepatitis A,7,0
2016,2016-W21,Punjab,Acute Diarrheal Disease,43,0
2016,2016-W21,Punjab,Chickenpox,12,0
2016,2016-W21,Rajasthan,Acute Diarrheal Disease,115,0
2016,2016-W21,Rajasthan,Food Poisoning,35,0
2016,2016-W21,Tamil Nadu,Malaria,19,0
2016,2016-W21,Telangana,Food Poisoning,18,0
2016,2016-W21,Uttar Pradesh,Acute Diarrheal Disease,92,0
2016,2016-W21,Uttar Pradesh,Chickenpox,46,0
2016,2016-W21,Uttar Pradesh,Food Poisoning,16,0
2016,2016-W21,Uttar Pradesh,Measles,36,4
2016,2016-W21,Uttarakhand,Acute Diarrheal Disease,48,0
2016,2016-W21,West Bengal,Acute Diarrheal Disease,213,0
2016,2016-W21,West Bengal,Chickenpox,66,0
2016,2016-W21,West Bengal,Cholera,170,2
2016,2016-W21,West Bengal,Food Poisoning,39,0
2016,2016-W21,West Bengal,Rubella,92,0
2016,2016-W22,Andhra Pradesh,Acute Diarrheal Disease,22,0
2016,2016-W22,Assam,Acute Diarrheal Disease,72,0
2016,2016-W22,Assam,Cholera,235,1
2016,2016-W22,Assam,Hepatitis E,12,0
2016,2016-W22,Assam,Japanese Encephalitis,15,8
2016,2016-W22,Bihar,Acute Encephalitic Syndrome,3,1
2016,2016-W22,Bihar,Chickenpox,70,0
2016,2016-W22,Dadra And Nagar Haveli,Rubella,10,0
2016,2016-W22,Delhi,Measles,16,0
2016,2016-W22,Gujarat,Acute Diarrheal Disease,30,0
2016,2016-W22,Gujarat,Dengue,46,0
2016,2016-W22,Gujarat,Gastroenteritis,54,0
2016,2016-W22,Gujarat,Measles,6,0
2016,2016-W22,Haryana,Jaundice,18,0
2016,2016-W22,Jammu And Kashmir,Chickenpox,15,0
2016,2016-W22,Jammu And Kashmir,Fever With Rash,7,0
2016,2016-W22,Jammu And Kashmir,Food Poisoning,53,0
2016,2016-W22,Jharkhand,Cutaneous Anthrax,3,0
2016,2016-W22,Jharkhand,Rubella,19,0
2016,2016-W22,Karnataka,Chikungunya,19,0
2016,2016-W22,Karnataka,Cholera,172,0
2016,2016-W22,Karnataka,Food Poisoning,58,0
2016,2016-W22,Karnataka,Gastroenteritis,22,0
2016,2016-W22,Kerala,Dengue,80,0
2016,2016-W22,Kerala,Food Poisoning,22,0
2016,2016-W22,Madhya Pradesh,Acute Diarrheal Disease,117,2
2016,2016-W22,Maharashtra,Acute Diarrheal Disease,486,0
2016,2016-W22,Maharashtra,Chikungunya,18,0
2016,2016-W22,Maharashtra,Enteric Fever,40,0
2016,2016-W22,Meghalaya,Rubella,39,0
2016,2016-W22,Odisha,Acute Diarrheal Disease,76,0
2016,2016-W22,Odisha,Anthrax,15,0
2016,2016-W22,Odisha,Jaundice,22,0
2016,2016-W22,Punjab,Acute Diarrheal Disease,40,0
2016,2016-W22,Punjab,Chickenpox,98,0
2016,2016-W22,Punjab,Cholera,960,4
2016,2016-W22,Rajasthan,Acute Diarrheal Disease,28,0
2016,2016-W22,Rajasthan,Chickenpox,11,1
2016,2016-W22,Rajasthan,Food Poisoning,76,0
2016,2016-W22,Rajasthan,Gastroenteritis,58,0
2016,2016-W22,Tamil Nadu,Dengue And Scrub Typhus,184,0
2016,2016-W22,Uttar Pradesh,Acute Diarrheal Disease,153,0
2016,2016-W22,Uttar Pradesh,Chickenpox,29,0
2016,2016-W22,Uttar Pradesh,Measles,59,0
2016,2016-W22,West Bengal,Acute Diarrheal Disease,275,0
2016,2016-W22,West Bengal,Chickenpox,70,0
2016,2016-W22,West Bengal,Cholera,353,0
2016,2016-W22,West Bengal,Measles,22,0
2016,2016-W23,Andhra Pradesh,Acute Diarrheal Disease,68,0
2016,2016-W23,Andhra Pradesh,Food Poisoning,42,0
2016,2016-W23,Assam,Chickenpox,58,0
2016,2016-W23,Assam,Measles,6,0
2016,2016-W23,Assam,Mumps,14,0
2016,2016-W23,Bihar,Acute Diarrheal Disease,22,0
2016,2016-W23,Bihar,Chickenpox,122,0
2016,2016-W23,Chandigarh,Cholera,62,0
2016,2016-W23,Chhattisgarh,Acute Diarrheal Disease,40,0
2016,2016-W23,Chhattisgarh,Food Poisoning,13,0
2016,2016-W23,Gujarat,Acute Diarrheal Disease,84,0
2016,2016-W23,Haryana,Acute Diarrheal Disease,56,0
2016,2016-W23,Jammu And Kashmir,Hepatitis E,16,0
2016,2016-W23,Jharkhand,Cutaneous Anthrax,8,0
2016,2016-W23,Jharkhand,Food Poisoning,214,0
2016,2016-W23,Jharkhand,Measles,10,0
2016,2016-W23,Karnataka,Acute Diarrheal Disease,74,0
2016,2016-W23,Karnataka,Dengue,81,0
2016,2016-W23,Karnataka,Enteric Fever,38,0
2016,2016-W23,Karnataka,Food Poisoning,166,0
2016,2016-W23,Karnataka,Gastroenteritis,90,0
2016,2016-W23,Kerala,Dengue,12,0
2016,2016-W23,Madhya Pradesh,Acute Diarrheal Disease,33,0
2016,2016-W23,Madhya Pradesh,Fever With Rash,12,8
2016,2016-W23,Maharashtra,Acute Diarrheal Disease,478,0
2016,2016-W23,Maharashtra,Chikungunya,185,0
2016,2016-W23,Maharashtra,Cholera,106,2
2016,2016-W23,Maharashtra,Dengue,71,0
2016,2016-W23,Meghalaya,Acute Diarrheal Disease,30,0
2016,2016-W23,Odisha,Acute Diarrheal Disease,46,0
2016,2016-W23,Punjab,Acute Diarrheal Disease,14,2
2016,2016-W23,Punjab,Chickenpox,28,0
2016,2016-W23,Rajasthan,Acute Diarrheal Disease,224,0
2016,2016-W23,Rajasthan,Cholera,154,0
2016,2016-W23,Tamil Nadu,Acute Diarrheal Disease,30,0
2016,2016-W23,Tamil Nadu,Food Poisoning,24,0
2016,2016-W23,Tamil Nadu,Malaria (P.Falciparum),56,0
2016,2016-W23,Telangana,Acute Diarrheal Disease,28,0
2016,2016-W23,Uttar Pradesh,Chickenpox,36,0
2016,2016-W23,Uttar Pradesh,Food Poisoning,16,2
2016,2016-W23,Uttar Pradesh,Measles,62,0
2016,2016-W23,Uttarakhand,Acute Diarrheal Disease,92,0
2016,2016-W23,Uttarakhand,Hepatitis A,26,0
2016,2016-W23,West Bengal,Acute Diarrheal Disease,186,0
2016,2016-W23,West Bengal,Cholera,30,0
2016,2016-W23,West Bengal,Food Poisoning,330,0
2016,2016-W24,Andhra Pradesh,Acute Diarrheal Disease,14,0
2016,2016-W24,Andhra Pradesh,Food Poisoning,19,0
2016,2016-W24,Assam,Acute Diarrheal Disease,26,0
2016,2016-W24,Assam,Acute Encephalitis Syndrome (Japanese Encephalitis),64,14
2016,2016-W24,Assam,Japanese Encephalitis,1,1
2016,2016-W24,Chandigarh,Cholera,80,0
2016,2016-W24,Chhattisgarh,Acute Diarrheal Disease,261,0
2016,2016-W24,Chhattisgarh,Food Poisoning,36,0
2016,2016-W24,Gujarat,Cholera,41,1
2016,2016-W24,Jammu And Kashmir,Chickenpox,14,0
2016,2016-W24,Jharkhand,Food Poisoning,10,0
2016,2016-W24,Jharkhand,Rubella,7,0
2016,2016-W24,Karnataka,Acute Diarrheal Disease,31,0
2016,2016-W24,Karnataka,Chikungunya,19,0
2016,2016-W24,Karnataka,Fever,49,0
2016,2016-W24,Karnataka,Food Poisoning,26,0
2016,2016-W24,Kerala,Dengue,253,1
2016,2016-W24,Kerala,Food Poisoning,30,0
2016,2016-W24,Kerala,Hepatitis A,86,0
2016,2016-W24,Madhya Pradesh,Acute Diarrheal Disease,422,5
2016,2016-W24,Madhya Pradesh,Dengue,9,0
2016,2016-W24,Maharashtra,Acute Diarrheal Disease,154,2
2016,2016-W24,Maharashtra,Dengue,32,0
2016,2016-W24,Maharashtra,Gastroenteritis,72,2
2016,2016-W24,Maharashtra,Hepatitis E,40,0
2016,2016-W24,Odisha,Acute Diarrheal Disease,32,4
2016,2016-W24,Odisha,Anthrax,12,0
2016,2016-W24,Odisha,Food Poisoning,54,0
2016,2016-W24,Odisha,Hepatitis E,44,0
2016,2016-W24,Uttar Pradesh,Acute Diarrheal Disease,24,0
2016,2016-W24,Uttar Pradesh,Chickenpox,24,0
2016,2016-W24,Uttar Pradesh,Measles,10,0
2016,2016-W24,Uttarakhand,Acute Diarrheal Disease,226,0
2016,2016-W24,Uttarakhand,Hepatitis A And E,8,0
2016,2016-W24,West Bengal,Acute Diarrheal Disease,77,0
2016,2016-W24,West Bengal,Acute Encephalitis Syndrome (Japanese Encephalitis),67,9
2016,2016-W24,West Bengal,Dengue,1196,0
2016,2016-W24,West Bengal,Food Poisoning,111,0
2016,2016-W24,West Bengal,Measles,26,0
2016,2016-W25,Andhra Pradesh,Acute Diarrheal Disease,106,0
2016,2016-W25,Andhra Pradesh,Food Poisoning,26,0
2016,2016-W25,Assam,Acute Diarrheal Disease,30,2
2016,2016-W25,Assam,Acute Encephalitis Syndrome (Japanese Encephalitis),167,28
2016,2016-W25,Assam,Chickenpox,44,0
2016,2016-W25,Assam,Cholera,11,0
2016,2016-W25,Assam,Japanese Encephalitis,7,0
2016,2016-W25,Bihar,Fever With Rash,8,0
2016,2016-W25,Chandigarh,Cholera,102,0
2016,2016-W25,Chhattisgarh,Acute Diarrheal Disease,101,0
2016,2016-W25,Chhattisgarh,Gastroenteritis,32,0
2016,2016-W25,Gujarat,Chandipura Vesiculovirus (Chpv),1,0
2016,2016-W25,Gujarat,Gastroenteritis,89,0
2016,2016-W25,Jharkhand,Acute Diarrheal Disease,11,0
2016,2016-W25,Jharkhand,Chickenpox,19,0
2016,2016-W25,Jharkhand,Malaria,34,0
2016,2016-W25,Karnataka,Acute Diarrheal Disease,13,0
2016,2016-W25,Karnataka,Chikungunya,20,0
2016,2016-W25,Karnataka,Cholera,26,0
2016,2016-W25,Karnataka,Dengue,61,1
2016,2016-W25,Karnataka,Japanese Encephalitis,4,4
2016,2016-W25,Karnataka,Typhoid,4,0
2016,2016-W25,Karnataka,Viral Fever,53,0
2016,2016-W25,Kerala,Dengue,16,0
2016,2016-W25,Kerala,Food Poisoning,158,0
2016,2016-W25,Kerala,Hepatitis A,86,0
2016,2016-W25,Madhya Pradesh,Acute Diarrheal Disease,87,0
2016,2016-W25,Maharashtra,Acute Diarrheal Disease,878,0
2016,2016-W25,Maharashtra,Food Poisoning,10,0
2016,2016-W25,Maharashtra,Gastroenteritis,65,1
2016,2016-W25,Maharashtra,Hepatitis E,13,0
2016,2016-W25,Maharashtra,Malaria,28,1
2016,2016-W25,Maharashtra,Measles,6,0
2016,2016-W25,Odisha,Acute Diarrheal Disease,62,0
2016,2016-W25,Odisha,Anthrax,10,0
2016,2016-W25,Odisha,Chickenpox,18,0
2016,2016-W25,Odisha,Food Poisoning,47,1
2016,2016-W25,Odisha,Hepatitis E,7,0
2016,2016-W25,Rajasthan,Hepatitis A And E,48,0
2016,2016-W25,Tamil Nadu,Food Poisoning,49,0
2016,2016-W25,Telangana,Food Poisoning,60,0
2016,2016-W25,Uttar Pradesh,Acute Diarrheal Disease,28,1
2016,2016-W25,Uttar Pradesh,Chickenpox,41,0
2016,2016-W25,Uttar Pradesh,Food Poisoning,268,0
2016,2016-W25,West Bengal,Anthrax,8,0
2016,2016-W25,West Bengal,Cholera,56,0
2016,2016-W25,West Bengal,Food Poisoning,63,0
2016,2016-W26,Andhra Pradesh,Acute Diarrheal Disease,150,2
2016,2016-W26,Andhra Pradesh,Food Poisoning,26,0
2016,2016-W26,Assam,Fever With Rash,15,0
2016,2016-W26,Bihar,Acute Diarrheal Disease,26,0
2016,2016-W26,Bihar,Food Poisoning,91,0
2016,2016-W26,Chhattisgarh,Acute Diarrheal Disease,353,0
2016,2016-W26,Gujarat,Acute Diarrheal Disease,24,0
2016,2016-W26,Gujarat,Cholera,98,0
2016,2016-W26,Gujarat,Food Poisoning,59,0
2016,2016-W26,Haryana,Acute Diarrheal Disease,24,0
2016,2016-W26,Jammu And Kashmir,Chickenpox,7,0
2016,2016-W26,Jharkhand,Acute Diarrheal Disease,68,0
2016,2016-W26,Jharkhand,Cutaneous Anthrax,9,0
2016,2016-W26,Karnataka,Acute Diarrheal Disease,43,0
2016,2016-W26,Karnataka,Chickenpox,9,0
2016,2016-W26,Karnataka,Chikungunya,31,0
2016,2016-W26,Karnataka,Food Poisoning,102,0
2016,2016-W26,Karnataka,Gastroenteritis,33,0
2016,2016-W26,Karnataka,Malaria,24,0
2016,2016-W26,Kerala,Brucellosis,6,0
2016,2016-W26,Kerala,Chickenpox,12,0
2016,2016-W26,Kerala,Diphtheria,3,2
2016,2016-W26,Madhya Pradesh,Acute Diarrheal Disease,248,1
2016,2016-W26,Madhya Pradesh,Cholera,81,1
2016,2016-W26,Madhya Pradesh,Food Poisoning,2200,0
2016,2016-W26,Maharashtra,Dengue,7,1
2016,2016-W26,Maharashtra,Gastroenteritis,65,1
2016,2016-W26,Manipur,Japanese Encephalitis,2,0
2016,2016-W26,Odisha,Chickenpox,46,0
2016,2016-W26,Punjab,Chickenpox,15,0
2016,2016-W26,Rajasthan,Cholera,14,0
2016,2016-W26,Rajasthan,Food Poisoning,208,0
2016,2016-W26,Tamil Nadu,Fever,252,0
2016,2016-W26,Tamil Nadu,Food Poisoning,18,0
2016,2016-W26,Telangana,Food Poisoning,57,0
2016,2016-W26,Uttar Pradesh,Chickenpox,20,0
2016,2016-W26,West Bengal,Cholera,330,0
2016,2016-W26,West Bengal,Malaria,33,0
2016,2016-W26,West Bengal,Measles,13,0
2016,2016-W27,Andhra Pradesh,Acute Diarrheal Disease,26,0
2016,2016-W27,Arunachal Pradesh,Enteric Fever,54,0
2016,2016-W27,Assam,Diphtheria,4,1
2016,2016-W27,Assam,Japanese Encephalitis,2,0
2016,2016-W27,Bihar,Chickenpox,22,0
2016,2016-W27,Bihar,Malaria,24,0
2016,2016-W27,Chhattisgarh,Acute Diarrheal Disease,42,0
2016,2016-W27,Chhattisgarh,Food Poisoning,22,0
2016,2016-W27,Gujarat,Measles,10,0
2016,2016-W27,Jammu And Kashmir,Hepatitis E,8,0
2016,2016-W27,Karnataka,Acute Diarrheal Disease,234,0
2016,2016-W27,Karnataka,Chikungunya,142,0
2016,2016-W27,Karnataka,Fever,8,1
2016,2016-W27,Karnataka,Food Poisoning,104,0
2016,2016-W27,Karnataka,Gastroenteritis,9,1
2016,2016-W27,Karnataka,Hepatitis A,20,0
2016,2016-W27,Karnataka,Malaria,50,0
2016,2016-W27,Karnataka,Mumps,24,0
2016,2016-W27,Kerala,Dengue,28,0
2016,2016-W27,Kerala,Hepatitis A,86,0
2016,2016-W27,Madhya Pradesh,Acute Diarrheal Disease,346,0
2016,2016-W27,Maharashtra,Acute Diarrheal Disease,90,0
2016,2016-W27,Maharashtra,Cholera,18,2
2016,2016-W27,Maharashtra,Fever,38,2
2016,2016-W27,Maharashtra,Gastroenteritis,60,0
2016,2016-W27,Meghalaya,Fever With Rash,40,0
2016,2016-W27,Meghalaya,Japanese Encephalitis,6,0
2016,2016-W27,Odisha,Cholera,108,8
2016,2016-W27,Punjab,Acute Diarrheal Disease,140,0
2016,2016-W27,Punjab,Cholera,78,0
2016,2016-W27,Rajasthan,Food Poisoning,134,0
2016,2016-W27,Tamil Nadu,Hepatitis A And E,82,2
2016,2016-W27,Tamil Nadu,Hepatitis A And Leptospirosis,48,0
2016,2016-W27,Telangana,Acute Diarrheal Disease,240,2
2016,2016-W27,Uttar Pradesh,Acute Diarrheal Disease,40,0
2016,2016-W27,Uttar Pradesh,Chickenpox,11,0
2016,2016-W27,West Bengal,Acute Diarrheal Disease,254,0
2016,2016-W27,West Bengal,Measles,64,0
2016,2016-W28,Andhra Pradesh,Acute Diarrheal Disease,118,2
2016,2016-W28,Andhra Pradesh,Food Poisoning,28,0
2016,2016-W28,Assam,Food Poisoning,222,0
2016,2016-W28,Assam,Measles,41,0
2016,2016-W28,Bihar,Acute Diarrheal Disease,42,0
2016,2016-W28,Bihar,Diarrhoea,30,0
2016,2016-W28,Chhattisgarh,Acute Diarrheal Disease,216,8
2016,2016-W28,Gujarat,Acute Diarrheal Disease,35,0
2016,2016-W28,Gujarat,Cholera,42,0
2016,2016-W28,Gujarat,Gastroenteritis,24,0
2016,2016-W28,Gujarat,Measles,5,0
2016,2016-W28,Jammu And Kashmir,Acute Diarrheal Disease,54,0
2016,2016-W28,Jharkhand,Acute Diarrheal Disease,100,0
2016,2016-W28,Jharkhand,Fever,132,0
2016,2016-W28,Karnataka,Acute Diarrheal Disease,35,0
2016,2016-W28,Karnataka,Chikungunya,11,0
2016,2016-W28,Karnataka,Cholera,106,0
2016,2016-W28,Karnataka,Food Poisoning,73,0
2016,2016-W28,Kerala,Cholera,144,10
2016,2016-W28,Kerala,Dengue,26,0
2016,2016-W28,Kerala,Diphtheria,3,1
2016,2016-W28,Madhya Pradesh,Acute Diarrheal Disease,271,0
2016,2016-W28,Madhya Pradesh,Cholera,16,0
2016,2016-W28,Maharashtra,Acute Diarrheal Disease,230,0
2016,2016-W28,Maharashtra,Acute Encephalitic Syndrome,6,2
2016,2016-W28,Maharashtra,Cholera,1716,4
2016,2016-W28,Maharashtra,Gastroenteritis,104,0
2016,2016-W28,Manipur,Japanese Encephalitis,10,0
2016,2016-W28,Odisha,Acute Diarrheal Disease,173,0
2016,2016-W28,Odisha,Anthrax,36,0
2016,2016-W28,Odisha,Cholera,10,2
2016,2016-W28,Rajasthan,Acute Diarrheal Disease,14,0
2016,2016-W28,Rajasthan,Cholera,90,0
2016,2016-W28,Tamil Nadu,Acute Diarrheal Disease,77,0
2016,2016-W28,Tamil Nadu,Fever,42,1
2016,2016-W28,Telangana,Acute Diarrheal Disease,82,0
2016,2016-W28,Uttar Pradesh,Acute Diarrheal Disease,111,2
2016,2016-W28,Uttar Pradesh,Food Poisoning,6,1
2016,2016-W28,West Bengal,Acute Diarrheal Disease,390,0
2016,2016-W28,West Bengal,Anthrax,14,0
2016,2016-W28,West Bengal,Dengue,914,0
2016,2016-W28,West Bengal,Food Poisoning,162,0
2016,2016-W29,Andhra Pradesh,Acute Diarrheal Disease,84,0
2016,2016-W29,Andhra Pradesh,Dengue,22,0
2016,2016-W29,Assam,Chickenpox,14,0
2016,2016-W29,Chhattisgarh,Acute Diarrheal Disease,378,0
2016,2016-W29,Chhattisgarh,Dengue,6,0
2016,2016-W29,Chhattisgarh,Food Poisoning,19,0
2016,2016-W29,Dadra And Nagar Haveli,Cholera,2,0
2016,2016-W29,Gujarat,Acute Diarrheal Disease,39,0
2016,2016-W29,Gujarat,Cholera,47,0
2016,2016-W29,Jammu And Kashmir,Acute Diarrheal Disease,97,0
2016,2016-W29,Jharkhand,Acute Diarrheal Disease,24,0
2016,2016-W29,Jharkhand,Measles,27,0
2016,2016-W29,Karnataka,Fever,65,2
2016,2016-W29,Kerala,Dengue,100,0
2016,2016-W29,Kerala,Food Poisoning,23,0
2016,2016-W29,Kerala,Kala Azar,2,0
2016,2016-W29,Madhya Pradesh,Acute Diarrheal Disease,341,1
2016,2016-W29,Madhya Pradesh,Cholera,758,1
2016,2016-W29,Maharashtra,Acute Diarrheal Disease,162,0
2016,2016-W29,Maharashtra,Fever,11,1
2016,2016-W29,Odisha,Measles,9,0
2016,2016-W29,Punjab,Acute Diarrheal Disease,67,0
2016,2016-W29,Punjab,Cholera,326,0
2016,2016-W29,Punjab,Hepatitis E,18,0
2016,2016-W29,Rajasthan,Acute Diarrheal Disease,59,0
2016,2016-W29,Rajasthan,Gastroenteritis,37,1
2016,2016-W29,Rajasthan,Hepatitis E,17,0
2016,2016-W29,Tamil Nadu,Acute Diarrheal Disease,17,0
2016,2016-W29,Tamil Nadu,Typhoid,23,0
2016,2016-W29,Telangana,Acute Diarrheal Disease,126,0
2016,2016-W29,Telangana,Food Poisoning,40,0
2016,2016-W29,Uttar Pradesh,Acute Diarrheal Disease,22,2
2016,2016-W29,Uttar Pradesh,Fever,52,0
2016,2016-W29,Uttar Pradesh,Food Poisoning,22,0
2016,2016-W29,Uttarakhand,Dengue,41,0
2016,2016-W29,West Bengal,Acute Diarrheal Disease,93,0
2016,2016-W29,West Bengal,Dengue,1665,2
2016,2016-W30,Andhra Pradesh,Food Poisoning,15,2
2016,2016-W30,Assam,Food Poisoning,66,0
2016,2016-W30,Bihar,Acute Diarrheal Disease,133,2
2016,2016-W30,Bihar,Malaria,392,0
2016,2016-W30,Chhattisgarh,Acute Diarrheal Disease,703,3
2016,2016-W30,Chhattisgarh,Food Poisoning,69,0
2016,2016-W30,Gujarat,Acute Diarrheal Disease,397,0
2016,2016-W30,Gujarat,Food Poisoning,21,0
2016,2016-W30,Jammu And Kashmir,Acute Diarrheal Disease,49,0
2016,2016-W30,Jharkhand,Acute Diarrheal Disease,13,0
2016,2016-W30,Karnataka,Chickenpox,36,0
2016,2016-W30,Karnataka,Cholera,18,0
2016,2016-W30,Karnataka,Dengue,12,0
2016,2016-W30,Karnataka,Mumps,21,0
2016,2016-W30,Kerala,Acute Diarrheal Disease,150,0
2016,2016-W30,Kerala,Dengue,100,0
2016,2016-W30,Kerala,Food Poisoning,71,0
2016,2016-W30,Madhya Pradesh,Acute Diarrheal Disease,102,3
2016,2016-W30,Madhya Pradesh,Cholera,30,1
2016,2016-W30,Madhya Pradesh,Fever,25,0
2016,2016-W30,Madhya Pradesh,Food Poisoning,4,1
2016,2016-W30,Madhya Pradesh,Malaria,15,0
2016,2016-W30,Madhya Pradesh,Malaria (P.Falciparum),5,0
2016,2016-W30,Madhya Pradesh,Mumps,12,0
2016,2016-W30,Madhya Pradesh,Viral Fever,99,0
2016,2016-W30,Maharashtra,Dengue,42,0
2016,2016-W30,Maharashtra,Gastroenteritis,34,0
2016,2016-W30,Maharashtra,Japanese Encephalitis,12,0
2016,2016-W30,Maharashtra,Malaria (P.Falciparum),18,2
2016,2016-W30,Maharashtra,Malaria (P.Vivax),18,0
2016,2016-W30,Manipur,Japanese Encephalitis,54,4
2016,2016-W30,Odisha,Acute Diarrheal Disease,158,0
2016,2016-W30,Odisha,Chickenpox,11,0
2016,2016-W30,Odisha,Cholera,12,0
2016,2016-W30,Odisha,Fever With Rash,15,0
2016,2016-W30,Odisha,Gastroenteritis,19,0
2016,2016-W30,Odisha,Hepatitis A,39,0
2016,2016-W30,Punjab,Acute Diarrheal Disease,67,0
2016,2016-W30,Rajasthan,Acute Diarrheal Disease,141,2
2016,2016-W30,Rajasthan,Cholera,49,0
2016,2016-W30,Rajasthan,Gastroenteritis,37,0
2016,2016-W30,Rajasthan,Hepatitis A And E,160,0
2016,2016-W30,Tamil Nadu,Food Poisoning,92,0
2016,2016-W30,Telangana,Cholera,202,1
2016,2016-W30,Telangana,Food Poisoning,106,0
2016,2016-W30,Uttar Pradesh,Acute Diarrheal Disease,70,7
2016,2016-W30,Uttar Pradesh,Food Poisoning,11,3
2016,2016-W30,Uttar Pradesh,Influenza Like Illness,33,0
2016,2016-W30,West Bengal,Acute Diarrheal Disease,275,0
2016,2016-W30,West Bengal,Cholera,92,0
2016,2016-W30,West Bengal,Dengue,3883,2
2016,2016-W30,West Bengal,Food Poisoning,31,0
2016,2016-W30,West Bengal,Measles,64,0
2016,2016-W31,Andhra Pradesh,Acute Diarrheal Disease,50,0
2016,2016-W31,Assam,Dengue,180,0
2016,2016-W31,Assam,Japanese Encephalitis,3,1
2016,2016-W31,Bihar,Acute Diarrheal Disease,250,4
2016,2016-W31,Chhattisgarh,Acute Diarrheal Disease,204,9
2016,2016-W31,Chhattisgarh,Gastroenteritis,119,0
2016,2016-W31,Delhi,Cholera,52,0
2016,2016-W31,Gujarat,Measles,14,0
2016,2016-W31,Himachal Pradesh,Acute Diarrheal Disease,42,2
2016,2016-W31,Jammu And Kashmir,Gastroenteritis,40,0
2016,2016-W31,Jammu And Kashmir,Hepatitis E,15,0
2016,2016-W31,Karnataka,Cholera,82,0
2016,2016-W31,Karnataka,H3N2,128,0
2016,2016-W31,Karnataka,Influenza B,76,0
2016,2016-W31,Kerala,Mumps,38,0
2016,2016-W31,Madhya Pradesh,Acute Diarrheal Disease,468,2
2016,2016-W31,Madhya Pradesh,Cholera,98,12
2016,2016-W31,Madhya Pradesh,Measles,24,0
2016,2016-W31,Maharashtra,Acute Diarrheal Disease,450,7
2016,2016-W31,Maharashtra,Chikungunya,15,0
2016,2016-W31,Maharashtra,Dengue,12,1
2016,2016-W31,Maharashtra,Fever,42,0
2016,2016-W31,Manipur,Japanese Encephalitis,66,6
2016,2016-W31,Odisha,Acute Diarrheal Disease,42,2
2016,2016-W31,Odisha,Hepatitis A,9,0
2016,2016-W31,Punjab,Acute Diarrheal Disease,108,4
2016,2016-W31,Punjab,Food Poisoning,364,4
2016,2016-W31,Rajasthan,Acute Diarrheal Disease,18,4
2016,2016-W31,Rajasthan,Cholera,220,0
2016,2016-W31,Tamil Nadu,Dengue,32,0
2016,2016-W31,Telangana,Food Poisoning,64,0
2016,2016-W31,Uttar Pradesh,Acute Diarrheal Disease,63,4
2016,2016-W31,Uttar Pradesh,Fever,65,1
2016,2016-W31,Uttar Pradesh,Food Poisoning,27,5
2016,2016-W31,Uttarakhand,Fever,96,0
2016,2016-W31,West Bengal,Dengue,2938,0
2016,2016-W32,Andhra Pradesh,Acute Diarrheal Disease,64,0
2016,2016-W32,Assam,Dengue,28,0
2016,2016-W32,Assam,Measles,15,1
2016,2016-W32,Assam,Shigellosis,32,4
2016,2016-W32,Bihar,Acute Diarrheal Disease,122,0
2016,2016-W32,Chhattisgarh,Acute Diarrheal Disease,13,5
2016,2016-W32,Chhattisgarh,Cholera,56,0
2016,2016-W32,Chhattisgarh,Dengue,82,0
2016,2016-W32,Chhattisgarh,Fever With Rash,25,0
2016,2016-W32,Gujarat,Cholera,258,2
2016,2016-W32,Jammu And Kashmir,Hepatitis E,15,0
2016,2016-W32,Karnataka,Acute Diarrheal Disease,74,0
2016,2016-W32,Karnataka,Food Poisoning,172,0
2016,2016-W32,Karnataka,Measles,48,0
2016,2016-W32,Kerala,Food Poisoning,132,0
2016,2016-W32,Madhya Pradesh,Acute Diarrheal Disease,644,0
2016,2016-W32,Madhya Pradesh,Cholera,368,2
2016,2016-W32,Maharashtra,Cholera,192,0
2016,2016-W32,Maharashtra,Malaria,21,1
2016,2016-W32,Odisha,Acute Diarrheal Disease,30,0
2016,2016-W32,Odisha,Anthrax,6,0
2016,2016-W32,Odisha,Gastroenteritis,22,0
2016,2016-W32,Punjab,Acute Diarrheal Disease,68,2
2016,2016-W32,Punjab,Gastroenteritis,56,0
2016,2016-W32,Rajasthan,Acute Diarrheal Disease,254,2
2016,2016-W32,Rajasthan,Gastroenteritis,6,2
2016,2016-W32,Tamil Nadu,Acute Diarrheal Disease,59,0
2016,2016-W32,Tamil Nadu,Food Poisoning,108,0
2016,2016-W32,Telangana,Acute Diarrheal Disease,54,0
2016,2016-W32,Uttar Pradesh,Acute Diarrheal Disease,396,4
2016,2016-W32,Uttar Pradesh,Diphtheria,22,4
2016,2016-W32,Uttar Pradesh,Food Poisoning,126,0
2016,2016-W32,Uttar Pradesh,Malaria,78,0
2016,2016-W33,Andhra Pradesh,Acute Diarrheal Disease,14,0
2016,2016-W33,Arunachal Pradesh,Chickenpox,36,0
2016,2016-W33,Arunachal Pradesh,Measles,74,0
2016,2016-W33,Arunachal Pradesh,Measles And Rubella,8,0
2016,2016-W33,Arunachal Pradesh,Scrub Typhus,4,0
2016,2016-W33,Arunachal Pradesh,Typhoid,39,0
2016,2016-W33,Assam,Food Poisoning,29,0
2016,2016-W33,Bihar,Acute Diarrheal Disease,13,0
2016,2016-W33,Chhattisgarh,Acute Diarrheal Disease,364,2
2016,2016-W33,Gujarat,Chandipura Vesiculovirus (Chpv),2,0
2016,2016-W33,Gujarat,Cholera,104,0
2016,2016-W33,Himachal Pradesh,Acute Diarrheal Disease,49,0
2016,2016-W33,Jammu And Kashmir,Acute Diarrheal Disease,112,0
2016,2016-W33,Jammu And Kashmir,Gastroenteritis,780,0
2016,2016-W33,Jharkhand,Acute Diarrheal Disease,51,1
2016,2016-W33,Jharkhand,Dengue,7,1
2016,2016-W33,Jharkhand,Measles,24,0
2016,2016-W33,Kerala,Diphtheria,36,0
2016,2016-W33,Kerala,Food Poisoning,27,0
2016,2016-W33,Madhya Pradesh,Cholera,1614,1
2016,2016-W33,Maharashtra,Dengue,77,2
2016,2016-W33,Manipur,Japanese Encephalitis,82,6
2016,2016-W33,Meghalaya,Measles,161,3
2016,2016-W33,Odisha,Acute Diarrheal Disease,54,0
2016,2016-W33,Odisha,Food Poisoning,62,0
2016,2016-W33,Punjab,Acute Diarrheal Disease,15,0
2016,2016-W33,Punjab,Cholera,330,0
2016,2016-W33,Punjab,Gastroenteritis,15,1
2016,2016-W33,Punjab,Hepatitis E,5,0
2016,2016-W33,Rajasthan,Acute Diarrheal Disease,277,0
2016,2016-W33,Tamil Nadu,Fever,21,0
2016,2016-W33,Tamil Nadu,Food Poisoning,64,0
2016,2016-W33,Uttar Pradesh,Acute Diarrheal Disease,41,4
2016,2016-W33,Uttar Pradesh,Dengue,68,0
2016,2016-W33,Uttarakhand,Fever,102,2
2016,2016-W33,West Bengal,Acute Diarrheal Disease,253,0
2016,2016-W33,West Bengal,Dengue,1987,2
2016,2016-W34,Andhra Pradesh,Shigellosis,21,0
2016,2016-W34,Arunachal Pradesh,Dengue,5,0
2016,2016-W34,Assam,Diphtheria,4,1
2016,2016-W34,Assam,Food Poisoning,22,0
2016,2016-W34,Assam,Hepatitis,15,0
2016,2016-W34,Bihar,Acute Diarrheal Disease,66,0
2016,2016-W34,Bihar,Food Poisoning,18,2
2016,2016-W34,Bihar,Malaria,8,0
2016,2016-W34,Chhattisgarh,Acute Diarrheal Disease,55,2
2016,2016-W34,Chhattisgarh,Shigellosis,23,0
2016,2016-W34,Himachal Pradesh,Acute Diarrheal Disease,50,0
2016,2016-W34,Jammu And Kashmir,Acute Diarrheal Disease,62,1
2016,2016-W34,Jharkhand,Acute Diarrheal Disease,51,0
2016,2016-W34,Jharkhand,Chickenpox,16,0
2016,2016-W34,Karnataka,Acute Diarrheal Disease,66,0
2016,2016-W34,Karnataka,Chikungunya,101,0
2016,2016-W34,Karnataka,Fever,11,0
2016,2016-W34,Karnataka,Hepatitis A,19,0
2016,2016-W34,Madhya Pradesh,Acute Diarrheal Disease,52,0
2016,2016-W34,Maharashtra,Gastroenteritis,41,0
2016,2016-W34,Puducherry,Food Poisoning,11,0
2016,2016-W34,Punjab,Diphtheria,1,0
2016,2016-W34,Rajasthan,Mumps,110,0
2016,2016-W34,Rajasthan,Shigellosis,15,0
2016,2016-W34,Tamil Nadu,Dengue,38,0
2016,2016-W34,Tamil Nadu,Fever,17,0
2016,2016-W34,Telangana,Fever,98,0
2016,2016-W34,Telangana,Food Poisoning,49,0
2016,2016-W34,Telangana,Malaria,18,0
2016,2016-W34,Uttar Pradesh,Acute Diarrheal Disease,47,1
2016,2016-W34,Uttar Pradesh,Chickenpox,8,0
2016,2016-W34,Uttar Pradesh,Fever,29,0
2016,2016-W34,Uttar Pradesh,Food Poisoning,80,0
2016,2016-W34,Uttar Pradesh,Viral Fever,120,0
2016,2016-W34,West Bengal,Acute Diarrheal Disease,137,0
2016,2016-W34,West Bengal,Food Poisoning,16,0
2016,2016-W35,Arunachal Pradesh,Chickenpox,16,0
2016,2016-W35,Arunachal Pradesh,Measles,74,0
2016,2016-W35,Assam,Shigellosis,16,0
2016,2016-W35,Bihar,Acute Diarrheal Disease,222,2
2016,2016-W35,Chandigarh,Dengue,34,0
2016,2016-W35,Chhattisgarh,Acute Diarrheal Disease,71,2
2016,2016-W35,Haryana,Acute Diarrheal Disease,232,0
2016,2016-W35,Karnataka,Acute Diarrheal Disease,42,0
2016,2016-W35,Karnataka,Chikungunya,17,0
2016,2016-W35,Karnataka,Dengue,64,0
2016,2016-W35,Karnataka,Diphtheria,14,0
2016,2016-W35,Karnataka,Food Poisoning,34,0
2016,2016-W35,Kerala,Cholera,204,0
2016,2016-W35,Madhya Pradesh,Acute Diarrheal Disease,44,6
2016,2016-W35,Madhya Pradesh,Dengue,20,0
2016,2016-W35,Madhya Pradesh,Fever,55,0
2016,2016-W35,Maharashtra,Acute Diarrheal Disease,10,1
2016,2016-W35,Maharashtra,Chikungunya,404,0
2016,2016-W35,Maharashtra,Fever,20,2
2016,2016-W35,Maharashtra,Gastroenteritis,96,2
2016,2016-W35,Maharashtra,Viral Fever,52,0
2016,2016-W35,Manipur,Japanese Encephalitis,90,8
2016,2016-W35,Meghalaya,Fever With Rash,108,3
2016,2016-W35,Mizoram,Dengue,96,0
2016,2016-W35,Odisha,Acute Diarrheal Disease,253,8
2016,2016-W35,Odisha,Chickenpox,20,0
2016,2016-W35,Odisha,Hepatitis A,24,0
2016,2016-W35,Punjab,Cholera,68,0
2016,2016-W35,Rajasthan,Chikungunya And Dengue,115,0
2016,2016-W35,Rajasthan,Cholera,168,14
2016,2016-W35,Rajasthan,Scrub Typhus And Chikungunya,220,0
2016,2016-W35,Tamil Nadu,Fever,67,0
2016,2016-W35,Tamil Nadu,Food Poisoning,38,0
2016,2016-W35,Telangana,Fever,19,0
2016,2016-W35,Uttar Pradesh,Acute Diarrheal Disease,174,3
2016,2016-W35,Uttar Pradesh,Acute Encephalitic Syndrome,27,2
2016,2016-W35,West Bengal,Dengue,5838,2
2016,2016-W36,Andhra Pradesh,Acute Diarrheal Disease,74,0
2016,2016-W36,Assam,Acute Diarrheal Disease,106,0
2016,2016-W36,Assam,Food Poisoning,242,2
2016,2016-W36,Bihar,Acute Diarrheal Disease,233,5
2016,2016-W36,Bihar,Fever With Rash,110,0
2016,2016-W36,Bihar,Food Poisoning,48,4
2016,2016-W36,Bihar,Gastroenteritis,60,0
2016,2016-W36,Chhattisgarh,Acute Diarrheal Disease,17,0
2016,2016-W36,Chhattisgarh,Cholera,390,0
2016,2016-W36,Chhattisgarh,Malaria,734,0
2016,2016-W36,Gujarat,Crimean-Congo Haemandrhagic Fever (Cchf),2,0
2016,2016-W36,Gujarat,Food Poisoning,32,0
2016,2016-W36,Gujarat,Measles,29,0
2016,2016-W36,Gujarat,Scrub Typhus,4,4
2016,2016-W36,Himachal Pradesh,Food Poisoning,294,0
2016,2016-W36,Jammu And Kashmir,Acute Diarrheal Disease,62,1
2016,2016-W36,Jammu And Kashmir,Chickenpox,63,0
2016,2016-W36,Karnataka,Chikungunya And Dengue,23,0
2016,2016-W36,Karnataka,Cholera,102,0
2016,2016-W36,Karnataka,Dengue,46,0
2016,2016-W36,Karnataka,Diphtheria,10,2
2016,2016-W36,Madhya Pradesh,Acute Diarrheal Disease,71,0
2016,2016-W36,Madhya Pradesh,Dengue,308,0
2016,2016-W36,Madhya Pradesh,Viral Fever,66,0
2016,2016-W36,Maharashtra,Chikungunya,23,1
2016,2016-W36,Maharashtra,Dengue,74,0
2016,2016-W36,Maharashtra,Fever,28,1
2016,2016-W36,Odisha,Hepatitis A,12,0
2016,2016-W36,Punjab,Chickenpox,82,0
2016,2016-W36,Punjab,Hepatitis E,24,0
2016,2016-W36,Rajasthan,Chikungunya,244,0
2016,2016-W36,Tamil Nadu,Acute Diarrheal Disease,30,0
2016,2016-W36,Tamil Nadu,Dengue,112,0
2016,2016-W36,Tamil Nadu,Fever,134,0
2016,2016-W36,Tamil Nadu,Food Poisoning,110,0
2016,2016-W36,Telangana,Acute Diarrheal Disease,32,2
2016,2016-W36,Uttar Pradesh,Acute Diarrheal Disease,720,14
2016,2016-W36,Uttar Pradesh,Food Poisoning,42,0
2016,2016-W36,West Bengal,Acute Diarrheal Disease,506,0
2016,2016-W36,West Bengal,Dengue,424,0
2016,2016-W36,West Bengal,Jaundice,25,0
2016,2016-W37,Assam,Food Poisoning,96,0
2016,2016-W37,Bihar,Acute Diarrheal Disease,23,2
2016,2016-W37,Gujarat,Crimean-Congo Haemandrhagic Fever (Cchf),2,2
2016,2016-W37,Gujarat,Food Poisoning,50,0
2016,2016-W37,Gujarat,Measles,16,0
2016,2016-W37,Haryana,Acute Diarrheal Disease,108,2
2016,2016-W37,Jharkhand,Acute Diarrheal Disease,98,0
2016,2016-W37,Jharkhand,Dengue,19,1
2016,2016-W37,Karnataka,Chickenpox,20,2
2016,2016-W37,Karnataka,Chikungunya,24,0
2016,2016-W37,Karnataka,Chikungunya And Dengue,46,0
2016,2016-W37,Karnataka,Fever,87,0
2016,2016-W37,Karnataka,Food Poisoning,62,0
2016,2016-W37,Karnataka,Mumps,16,0
2016,2016-W37,Madhya Pradesh,Fever,84,0
2016,2016-W37,Madhya Pradesh,Food Poisoning,22,0
2016,2016-W37,Madhya Pradesh,Malaria,22,0
2016,2016-W37,Maharashtra,Acute Diarrheal Disease,21,1
2016,2016-W37,Maharashtra,Gastroenteritis,12,2
2016,2016-W37,Odisha,Acute Diarrheal Disease,137,2
2016,2016-W37,Odisha,Food Poisoning,83,0
2016,2016-W37,Odisha,Hepatitis A,22,0
2016,2016-W37,Punjab,Mumps,13,0
2016,2016-W37,Rajasthan,Dengue,16,2
2016,2016-W37,Rajasthan,Food Poisoning,9,0
2016,2016-W37,Tamil Nadu,Acute Diarrheal Disease,32,0
2016,2016-W37,Tamil Nadu,Fever,67,0
2016,2016-W37,Telangana,Acute Diarrheal Disease,14,2
2016,2016-W37,Telangana,Dengue,112,0
2016,2016-W37,Uttar Pradesh,Dengue,36,0
2016,2016-W37,Uttar Pradesh,Malaria,48,0
2016,2016-W37,West Bengal,Acute Diarrheal Disease,58,1
2016,2016-W37,West Bengal,Dengue,5575,0
2016,2016-W38,Andhra Pradesh,Dengue,50,0
2016,2016-W38,Assam,Acute Diarrheal Disease,52,0
2016,2016-W38,Bihar,Acute Diarrheal Disease,65,1
2016,2016-W38,Chhattisgarh,Acute Diarrheal Disease,612,0
2016,2016-W38,Chhattisgarh,Gastroenteritis,43,0
2016,2016-W38,Gujarat,Acute Diarrheal Disease,101,0
2016,2016-W38,Jharkhand,Malaria (P.Falciparum),70,0
2016,2016-W38,Karnataka,Chikungunya And Dengue,21,0
2016,2016-W38,Karnataka,Diphtheria,4,0
2016,2016-W38,Karnataka,Fever,49,0
2016,2016-W38,Karnataka,Food Poisoning,193,0
2016,2016-W38,Karnataka,Leishmaniasis,12,6
2016,2016-W38,Karnataka,Mumps,13,0
2016,2016-W38,Kerala,Dengue,32,0
2016,2016-W38,Kerala,Hepatitis A,40,0
2016,2016-W38,Madhya Pradesh,Dengue,25,0
2016,2016-W38,Madhya Pradesh,Fever,21,0
2016,2016-W38,Madhya Pradesh,Viral Fever,193,0
2016,2016-W38,Maharashtra,Chikungunya,5,1
2016,2016-W38,Maharashtra,Dengue,120,2
2016,2016-W38,Maharashtra,Diarrhoea,44,0
2016,2016-W38,Maharashtra,Fever,7,1
2016,2016-W38,Odisha,Acute Diarrheal Disease,120,0
2016,2016-W38,Odisha,Chickenpox,48,0
2016,2016-W38,Odisha,Hepatitis A,7,0
2016,2016-W38,Odisha,Jaundice,15,0
2016,2016-W38,Rajasthan,Malaria (P.Falciparum),9,0
2016,2016-W38,Tamil Nadu,Fever,50,0
2016,2016-W38,Tamil Nadu,Food Poisoning,10,0
2016,2016-W38,Telangana,Acute Diarrheal Disease,20,0
2016,2016-W38,Telangana,Cholera,294,1
2016,2016-W38,Telangana,Dengue,32,0
2016,2016-W38,Telangana,Salmonellosis,42,2
2016,2016-W38,Uttar Pradesh,Dengue,72,0
2016,2016-W38,Uttar Pradesh,Food Poisoning,22,0
2016,2016-W38,West Bengal,Dengue,127,0
2016,2016-W38,West Bengal,Fever,387,0
2016,2016-W38,West Bengal,Food Poisoning,36,0
2016,2016-W39,Arunachal Pradesh,Enteric Fever,82,0
2016,2016-W39,Arunachal Pradesh,Measles,12,0
2016,2016-W39,Assam,Dengue,226,0
2016,2016-W39,Bihar,Acute Diarrheal Disease,182,1
2016,2016-W39,Bihar,Chikungunya And Dengue,168,0
2016,2016-W39,Bihar,Dengue,29,0
2016,2016-W39,Chhattisgarh,Acute Diarrheal Disease,189,3
2016,2016-W39,Gujarat,Measles,25,0
2016,2016-W39,Haryana,Acute Diarrheal Disease,588,4
2016,2016-W39,Jammu And Kashmir,Chickenpox,16,0
2016,2016-W39,Jammu And Kashmir,Hepatitis E,18,0
2016,2016-W39,Karnataka,Chickenpox,9,0
2016,2016-W39,Karnataka,Chikungunya,14,0
2016,2016-W39,Karnataka,Cholera,21,0
2016,2016-W39,Karnataka,Enteric Fever,30,0
2016,2016-W39,Karnataka,Fever,124,0
2016,2016-W39,Karnataka,Food Poisoning,296,0
2016,2016-W39,Karnataka,Leishmaniasis,3,0
2016,2016-W39,Madhya Pradesh,Acute Diarrheal Disease,12,0
2016,2016-W39,Madhya Pradesh,Gastroenteritis,12,0
2016,2016-W39,Madhya Pradesh,Malaria,77,0
2016,2016-W39,Madhya Pradesh,Measles,6,0
2016,2016-W39,Maharashtra,Dengue,18,0
2016,2016-W39,Maharashtra,Viral Fever,6,1
2016,2016-W39,Manipur,Dengue,4,0
2016,2016-W39,Odisha,Acute Diarrheal Disease,15,0
2016,2016-W39,Odisha,Food Poisoning,22,0
2016,2016-W39,Odisha,Gastroenteritis,15,0
2016,2016-W39,Odisha,Hepatitis A,15,0
2016,2016-W39,Rajasthan,Dengue,9,0
2016,2016-W39,Rajasthan,Gastroenteritis,39,0
2016,2016-W39,Tamil Nadu,Dengue,99,0
2016,2016-W39,Telangana,Acute Diarrheal Disease,144,2
2016,2016-W39,Telangana,Food Poisoning,90,0
2016,2016-W39,Uttar Pradesh,Acute Diarrheal Disease,64,3
2016,2016-W39,Uttar Pradesh,Chikungunya,11,0
2016,2016-W39,Uttar Pradesh,Diphtheria,2,2
2016,2016-W39,Uttar Pradesh,Fever,20,1
2016,2016-W39,Uttar Pradesh,Malaria,15,1
2016,2016-W39,Uttar Pradesh,Mumps,12,0
2016,2016-W39,West Bengal,Dengue,562,2
2016,2016-W39,West Bengal,Food Poisoning,500,0
2016,2016-W40,Bihar,Acute Diarrheal Disease,182,2
2016,2016-W40,Chhattisgarh,Gastroenteritis,384,0
2016,2016-W40,Dadra And Nagar Haveli,Mumps,100,0
2016,2016-W40,Gujarat,Acute Diarrheal Disease,76,0
2016,2016-W40,Gujarat,Food Poisoning,114,0
2016,2016-W40,Gujarat,Hepatitis E,330,0
2016,2016-W40,Himachal Pradesh,Acute Diarrheal Disease,78,0
2016,2016-W40,Jammu And Kashmir,Chickenpox,122,0
2016,2016-W40,Jammu And Kashmir,Food Poisoning,92,0
2016,2016-W40,Karnataka,Acute Diarrheal Disease,104,0
2016,2016-W40,Madhya Pradesh,Acute Diarrheal Disease,58,0
2016,2016-W40,Maharashtra,Acute Diarrheal Disease,160,0
2016,2016-W40,Odisha,Acute Diarrheal Disease,186,6
2016,2016-W40,Rajasthan,Dengue,260,0
2016,2016-W40,Rajasthan,Measles,62,0
2016,2016-W40,Tamil Nadu,Hepatitis A,24,0
2016,2016-W40,Telangana,Acute Diarrheal Disease,70,0
2016,2016-W40,Telangana,Dengue,26,0
2016,2016-W40,Uttar Pradesh,Acute Diarrheal Disease,112,0
2016,2016-W41,Andhra Pradesh,Acute Diarrheal Disease,12,0
2016,2016-W41,Andhra Pradesh,Food Poisoning,26,0
2016,2016-W41,Bihar,Acute Diarrheal Disease,179,5
2016,2016-W41,Gujarat,Crimean-Congo Haemandrhagic Fever (Cchf),1,0
2016,2016-W41,Gujarat,Diphtheria,2,2
2016,2016-W41,Gujarat,Food Poisoning,202,0
2016,2016-W41,Jammu And Kashmir,Chickenpox,24,0
2016,2016-W41,Karnataka,Acute Diarrheal Disease,13,0
2016,2016-W41,Karnataka,Measles,9,0
2016,2016-W41,Kerala,Hepatitis A,18,0
2016,2016-W41,Madhya Pradesh,Acute Diarrheal Disease,68,2
2016,2016-W41,Madhya Pradesh,Dengue,82,0
2016,2016-W41,Maharashtra,Acute Diarrheal Disease,24,1
2016,2016-W41,Maharashtra,Chikungunya,32,0
2016,2016-W41,Maharashtra,Dengue,65,0
2016,2016-W41,Maharashtra,Gastroenteritis,124,0
2016,2016-W41,Manipur,Dengue,31,0
2016,2016-W41,Odisha,Acute Diarrheal Disease,261,4
2016,2016-W41,Rajasthan,Diphtheria,5,1
2016,2016-W41,Tamil Nadu,Fever,20,0
2016,2016-W41,Tamil Nadu,Food Poisoning,24,0
2016,2016-W41,Telangana,Dengue,26,0
2016,2016-W41,West Bengal,Acute Diarrheal Disease,242,0
2016,2016-W42,Assam,Food Poisoning,33,0
2016,2016-W42,Assam,Malaria,14,2
2016,2016-W42,Bihar,Acute Diarrheal Disease,118,2
2016,2016-W42,Chhattisgarh,Acute Diarrheal Disease,45,1
2016,2016-W42,Gujarat,Acute Diarrheal Disease,28,0
2016,2016-W42,Gujarat,Chikungunya,42,0
2016,2016-W42,Gujarat,Crimean-Congo Haemandrhagic Fever (Cchf),4,2
2016,2016-W42,Gujarat,Measles,83,0
2016,2016-W42,Jammu And Kashmir,Chickenpox,25,0
2016,2016-W42,Jammu And Kashmir,Hepatitis A,8,0
2016,2016-W42,Jharkhand,Dengue,33,0
2016,2016-W42,Karnataka,Food Poisoning,4,1
2016,2016-W42,Karnataka,Leishmaniasis,5,3
2016,2016-W42,Kerala,Acute Diarrheal Disease,33,0
2016,2016-W42,Kerala,Mumps,8,0
2016,2016-W42,Kerala,Typhoid,5,2
2016,2016-W42,Madhya Pradesh,Cholera,25,1
2016,2016-W42,Madhya Pradesh,Malaria,34,0
2016,2016-W42,Maharashtra,Acute Diarrheal Disease,47,0
2016,2016-W42,Maharashtra,Measles,24,0
2016,2016-W42,Odisha,Acute Diarrheal Disease,31,0
2016,2016-W42,Tamil Nadu,Acute Diarrheal Disease,35,0
2016,2016-W42,Tamil Nadu,Mumps,21,0
2016,2016-W42,Uttar Pradesh,Acute Diarrheal Disease,142,0
2016,2016-W42,Uttar Pradesh,Malaria,282,0
2016,2016-W42,Uttar Pradesh,Malaria And Dengue,29,0
2016,2016-W42,West Bengal,Dengue,149,0
2016,2016-W42,West Bengal,Food Poisoning,99,0
2016,2016-W43,Andhra Pradesh,Viral Fever,21,0
2016,2016-W43,Bihar,Acute Diarrheal Disease,62,3
2016,2016-W43,Delhi,Acute Diarrheal Disease,25,0
2016,2016-W43,Gujarat,Acute Diarrheal Disease,51,0
2016,2016-W43,Gujarat,Chikungunya,27,0
2016,2016-W43,Jammu And Kashmir,Hepatitis A,7,0
2016,2016-W43,Jharkhand,Dengue,82,0
2016,2016-W43,Karnataka,Acute Diarrheal Disease,17,0
2016,2016-W43,Karnataka,Dengue,25,0
2016,2016-W43,Karnataka,Mumps,19,0
2016,2016-W43,Kerala,Food Poisoning,38,0
2016,2016-W43,Kerala,Hepatitis A,46,0
2016,2016-W43,Madhya Pradesh,Acute Diarrheal Disease,14,0
2016,2016-W43,Maharashtra,Fever,13,2
2016,2016-W43,Maharashtra,Japanese Encephalitis,19,0
2016,2016-W43,Maharashtra,Measles,6,0
2016,2016-W43,Rajasthan,Chikungunya,15,0
2016,2016-W43,Rajasthan,Hepatitis E,15,0
2016,2016-W43,Rajasthan,Measles,10,0
2016,2016-W43,Tamil Nadu,Leishmaniasis,42,0
2016,2016-W43,Tamil Nadu,Measles,5,0
2016,2016-W43,Telangana,Acute Diarrheal Disease,43,0
2016,2016-W43,West Bengal,Dengue,252,0
2016,2016-W43,West Bengal,Food Poisoning,529,3
2016,2016-W44,Assam,Chikungunya,33,0
2016,2016-W44,Assam,Typhoid Fever,11,0
2016,2016-W44,Bihar,Acute Diarrheal Disease,67,0
2016,2016-W44,Bihar,Food Poisoning,64,0
2016,2016-W44,Chhattisgarh,Chickenpox,80,0
2016,2016-W44,Goa,Kyasanur Fandest Disease,2,0
2016,2016-W44,Gujarat,Chikungunya,24,0
2016,2016-W44,Gujarat,Hepatitis E,76,0
2016,2016-W44,Karnataka,Rubella,104,0
2016,2016-W44,Kerala,Measles,58,0
2016,2016-W44,Odisha,Acute Diarrheal Disease,132,0
2016,2016-W44,Odisha,Cholera,44,0
2016,2016-W44,Odisha,Gastroenteritis,22,0
2016,2016-W44,Punjab,Diphtheria,4,2
2016,2016-W44,Rajasthan,Measles,18,0
2016,2016-W44,Rajasthan,Scrub Typhus,3,1
2016,2016-W44,Telangana,Dengue,14,2
2016,2016-W44,Telangana,Fever,11,2
2016,2016-W44,West Bengal,Dengue,429,0
2016,2016-W44,West Bengal,Gastroenteritis,140,0
2016,2016-W45,Assam,Dengue,46,0
2016,2016-W45,Assam,Hepatitis A,15,0
2016,2016-W45,Gujarat,Mumps,6,0
2016,2016-W45,Jharkhand,Malaria,64,0
2016,2016-W45,Karnataka,Chikungunya,20,0
2016,2016-W45,Karnataka,Chikungunya And Dengue,100,0
2016,2016-W45,Karnataka,Enteric Fever,28,0
2016,2016-W45,Karnataka,Gastroenteritis,66,0
2016,2016-W45,Kerala,Mumps,46,0
2016,2016-W45,Lakshadweep,Dengue,10,0
2016,2016-W45,Madhya Pradesh,Acute Diarrheal Disease,17,0
2016,2016-W45,Madhya Pradesh,Chikungunya,100,0
2016,2016-W45,Madhya Pradesh,Dengue,22,0
2016,2016-W45,Madhya Pradesh,Measles,114,0
2016,2016-W45,Maharashtra,Food Poisoning,6,3
2016,2016-W45,Maharashtra,Measles,14,0
2016,2016-W45,Nagaland,Dengue,268,0
2016,2016-W45,Odisha,Food Poisoning,124,0
2016,2016-W45,Uttar Pradesh,Acute Diarrheal Disease,612,0
2016,2016-W46,Arunachal Pradesh,Measles,12,0
2016,2016-W46,Chhattisgarh,Acute Diarrheal Disease,153,0
2016,2016-W46,Gujarat,Hepatitis E,42,0
2016,2016-W46,Gujarat,Jaundice,16,0
2016,2016-W46,Jammu And Kashmir,Acute Diarrheal Disease,116,0
2016,2016-W46,Jharkhand,Chickenpox,9,0
2016,2016-W46,Karnataka,Food Poisoning,21,0
2016,2016-W46,Karnataka,Hepatitis A,30,0
2016,2016-W46,Kerala,Chickenpox,28,0
2016,2016-W46,Kerala,Shigellosis,17,0
2016,2016-W46,Maharashtra,Acute Diarrheal Disease,102,0
2016,2016-W46,Maharashtra,Chikungunya And Dengue,8,0
2016,2016-W46,Manipur,Dengue,42,1
2016,2016-W46,Mizoram,Dengue,149,0
2016,2016-W46,Mizoram,Food Poisoning,16,0
2016,2016-W46,Odisha,Acute Diarrheal Disease,84,0
2016,2016-W46,Punjab,Mumps,6,0
2016,2016-W46,Telangana,Cholera,59,0
2016,2016-W46,Telangana,Food Poisoning,208,0
2016,2016-W47,Arunachal Pradesh,Chickenpox,6,0
2016,2016-W47,Arunachal Pradesh,Fever With Rash,17,0
2016,2016-W47,Arunachal Pradesh,Rubella,46,0
2016,2016-W47,Chhattisgarh,Food Poisoning,40,0
2016,2016-W47,Gujarat,Food Poisoning,79,0
2016,2016-W47,Gujarat,Measles,7,0
2016,2016-W47,Jharkhand,Falciparum Malaria,2012,3
2016,2016-W47,Kerala,Dengue,14,0
2016,2016-W47,Kerala,Hepatitis A,28,0
2016,2016-W47,Maharashtra,Acute Diarrheal Disease,111,1
2016,2016-W47,Maharashtra,Dengue,83,2
2016,2016-W47,Maharashtra,Food Poisoning,26,0
2016,2016-W47,Maharashtra,Hepatitis E,66,0
2016,2016-W47,Odisha,Acute Diarrheal Disease,33,0
2016,2016-W47,Odisha,Chickenpox,53,0
2016,2016-W47,Odisha,Food Poisoning,295,0
2016,2016-W47,Odisha,Measles,26,0
2016,2016-W47,Puducherry,Dengue,4,1
2016,2016-W47,Tamil Nadu,Acute Diarrheal Disease,60,0
2016,2016-W47,Tamil Nadu,Dengue,24,0
2016,2016-W47,Tamil Nadu,Food Poisoning,10,0
2016,2016-W47,Tamil Nadu,Hepatitis A,11,0
2016,2016-W47,Telangana,Cholera,86,0
2016,2016-W47,Uttar Pradesh,Measles,17,0
2016,2016-W47,West Bengal,Dengue,263,0
2016,2016-W48,Chhattisgarh,Acute Diarrheal Disease,15,0
2016,2016-W48,Dadra And Nagar Haveli,Acute Diarrheal Disease,53,0
2016,2016-W48,Gujarat,Hepatitis E,42,0
2016,2016-W48,Jammu And Kashmir,Food Poisoning,50,0
2016,2016-W48,Jharkhand,Food Poisoning,60,0
2016,2016-W48,Karnataka,Chikungunya,14,0
2016,2016-W48,Karnataka,Fever,34,0
2016,2016-W48,Kerala,Chickenpox,28,0
2016,2016-W48,Maharashtra,Dengue,25,0
2016,2016-W48,Maharashtra,Fever,115,1
2016,2016-W48,Maharashtra,Food Poisoning,88,0
2016,2016-W48,Odisha,Acute Diarrheal Disease,57,0
2016,2016-W48,Odisha,Anthrax,4,0
2016,2016-W48,Odisha,Food Poisoning,40,0
2016,2016-W48,Punjab,Diphtheria,1,1
2016,2016-W48,Telangana,Acute Diarrheal Disease,84,1
2016,2016-W49,Andhra Pradesh,Food Poisoning,25,8
2016,2016-W49,Assam,Chickenpox,34,0
2016,2016-W49,Assam,Food Poisoning,5,2
2016,2016-W49,Dadra And Nagar Haveli,Chickenpox,118,0
2016,2016-W49,Goa,Kyasanur Fandest Disease,2,0
2016,2016-W49,Jharkhand,Chickenpox,27,0
2016,2016-W49,Jharkhand,Measles,51,0
2016,2016-W49,Karnataka,Dengue,32,0
2016,2016-W49,Karnataka,Mumps,32,0
2016,2016-W49,Madhya Pradesh,Chickenpox,22,0
2016,2016-W49,Madhya Pradesh,Japanese Encephalitis,1,0
2016,2016-W49,Maharashtra,Food Poisoning,503,0
2016,2016-W49,Odisha,Acute Diarrheal Disease,44,0
2016,2016-W49,Odisha,Chickenpox,50,0
2016,2016-W49,Odisha,Food Poisoning,70,0
2016,2016-W49,Odisha,Jaundice,14,0
2016,2016-W49,Odisha,Measles,26,0
2016,2016-W49,Punjab,Chickenpox,22,0
2016,2016-W49,Tamil Nadu,Chickenpox,8,0
2016,2016-W49,Tamil Nadu,Food Poisoning,106,0
2016,2016-W49,Telangana,Food Poisoning,80,0
2016,2016-W49,West Bengal,Acute Diarrheal Disease,40,0
2016,2016-W50,Andhra Pradesh,Acute Diarrheal Disease,38,0
2016,2016-W50,Assam,Food Poisoning,77,0
2016,2016-W50,Bihar,Measles,10,0
2016,2016-W50,Gujarat,Acute Diarrheal Disease,152,0
2016,2016-W50,Gujarat,Crimean-Congo Haemandrhagic Fever (Cchf),2,0
2016,2016-W50,Gujarat,Hepatitis E,150,0
2016,2016-W50,Jharkhand,Malaria,1412,0
2016,2016-W50,Jharkhand,Measles,31,0
2016,2016-W50,Karnataka,Acute Diarrheal Disease,13,0
2016,2016-W50,Karnataka,Chickenpox,36,0
2016,2016-W50,Kerala,Acute Diarrheal Disease,34,0
2016,2016-W50,Kerala,Dengue,32,0
2016,2016-W50,Kerala,Hepatitis A,127,0
2016,2016-W50,Kerala,Leishmaniasis,40,0
2016,2016-W50,Kerala,Mumps,42,0
2016,2016-W50,Madhya Pradesh,Measles,11,0
2016,2016-W50,Maharashtra,Acute Diarrheal Disease,50,0
2016,2016-W50,Maharashtra,Chickenpox,6,0
2016,2016-W50,Maharashtra,Chikungunya,29,0
2016,2016-W50,Mizoram,Food Poisoning,21,0
2016,2016-W50,Odisha,Acute Diarrheal Disease,52,2
2016,2016-W50,Odisha,Shigellosis,11,0
2016,2016-W50,Punjab,Chickenpox,16,0
2016,2016-W50,Rajasthan,Measles,39,0
2016,2016-W50,Tamil Nadu,Chickenpox,76,0
2016,2016-W50,Tamil Nadu,Fever,40,0
2016,2016-W51,Arunachal Pradesh,Food Poisoning,15,0
2016,2016-W51,Arunachal Pradesh,Measles,63,0
2016,2016-W51,Assam,Food Poisoning,43,0
2016,2016-W51,Bihar,Chickenpox,23,0
2016,2016-W51,Chhattisgarh,Chickenpox,15,0
2016,2016-W51,Goa,Kyasanur Fandest Disease,10,0
2016,2016-W51,Gujarat,Food Poisoning,13,0
2016,2016-W51,Jammu And Kashmir,Hepatitis A,24,0
2016,2016-W51,Jharkhand,Fever With Rash,13,0
2016,2016-W51,Jharkhand,Malaria,3134,0
2016,2016-W51,Karnataka,Chickenpox,10,0
2016,2016-W51,Karnataka,Chickenpox And Measles,11,0
2016,2016-W51,Karnataka,Measles,16,0
2016,2016-W51,Karnataka,Mumps,30,0
2016,2016-W51,Kerala,Food Poisoning,118,0
2016,2016-W51,Kerala,Hepatitis A,30,0
2016,2016-W51,Madhya Pradesh,Measles,15,0
2016,2016-W51,Meghalaya,Measles,141,0
2016,2016-W51,Mizoram,Dengue,38,0
2016,2016-W51,Mizoram,Scrub Typhus,82,0
2016,2016-W51,Odisha,Acute Diarrheal Disease,11,0
2016,2016-W51,Odisha,Chickenpox,12,0
2016,2016-W51,Odisha,Gastroenteritis,33,0
2016,2016-W51,Punjab,Chickenpox,16,0
2016,2016-W51,Punjab,Diphtheria,7,1
2016,2016-W51,Tamil Nadu,Chickenpox,16,0
2016,2016-W51,Tamil Nadu,Food Poisoning,11,0
2016,2016-W51,Tamil Nadu,Measles,12,0
2016,2016-W51,West Bengal,Food Poisoning,32,0
2016,2016-W52,Andhra Pradesh,Food Poisoning,863,0
2016,2016-W52,Arunachal Pradesh,Measles,9,0
2016,2016-W52,Assam,Measles,7,0
2016,2016-W52,Bihar,Measles,42,0
2016,2016-W52,Chhattisgarh,Chickenpox,37,0
2016,2016-W52,Dadra And Nagar Haveli,Chickenpox,61,0
2016,2016-W52,Gujarat,Crimean-Congo Haemandrhagic Fever (Cchf),1,1
2016,2016-W52,Gujarat,Measles,11,0
2016,2016-W52,Jammu And Kashmir,Gastroenteritis,32,0
2016,2016-W52,Karnataka,Chickenpox,23,0
2016,2016-W52,Karnataka,Food Poisoning,98,0
2016,2016-W52,Kerala,Dengue,24,0
2016,2016-W52,Kerala,Food Poisoning,248,2
2016,2016-W52,Kerala,Hepatitis A,456,3
2016,2016-W52,Maharashtra,Chikungunya,15,0
2016,2016-W52,Maharashtra,Fever,24,0
2016,2016-W52,Maharashtra,Rubella,15,0
2016,2016-W52,Tamil Nadu,Dengue,19,0
2016,2016-W52,Telangana,Food Poisoning,42,0
2016,2016-W52,Tripura,Acute Diarrheal Disease,236,1
2016,2016-W52,West Bengal,Chickenpox,20,0
2017,2017-W01,Andhra Pradesh,Acute Diarrheal Disease,30,0
2017,2017-W01,Andhra Pradesh,Fever With Rash,44,0
2017,2017-W01,Andhra Pradesh,Food Poisoning,26,0
2017,2017-W01,Arunachal Pradesh,Measles,12,0
2017,2017-W01,Chhattisgarh,Acute Diarrheal Disease,60,0
2017,2017-W01,Goa,Kyasanur Fandest Disease,25,0
2017,2017-W01,Gujarat,Hepatitis E,66,0
2017,2017-W01,Gujarat,Measles,30,0
2017,2017-W01,Karnataka,Chickenpox,24,0
2017,2017-W01,Karnataka,Measles,122,0
2017,2017-W01,Kerala,Chickenpox,27,0
2017,2017-W01,Kerala,Food Poisoning,244,0
2017,2017-W01,Madhya Pradesh,Food Poisoning,24,0
2017,2017-W01,Madhya Pradesh,Measles,14,0
2017,2017-W01,Maharashtra,Chickenpox And Measles,24,0
2017,2017-W01,Maharashtra,Malaria (P.Falciparum),4,2
2017,2017-W01,Maharashtra,Measles,10,0
2017,2017-W01,Odisha,Chickenpox,22,0
2017,2017-W01,Odisha,Food Poisoning,60,0
2017,2017-W01,Tamil Nadu,Acute Diarrheal Disease,64,0
2017,2017-W01,Tamil Nadu,Dengue,108,0
2017,2017-W01,Tamil Nadu,Food Poisoning,50,0
2017,2017-W01,Uttar Pradesh,Measles,28,0
2017,2017-W02,Assam,Food Poisoning,52,4
2017,2017-W02,Bihar,Jaundice,32,0
2017,2017-W02,Chhattisgarh,Chickenpox,124,0
2017,2017-W02,Gujarat,Hepatitis E,24,0
2017,2017-W02,Gujarat,Measles,162,0
2017,2017-W02,Haryana,Hepatitis A And E,68,0
2017,2017-W02,Karnataka,Chikungunya,46,0
2017,2017-W02,Karnataka,Food Poisoning,24,0
2017,2017-W02,Karnataka,Measles,16,0
2017,2017-W02,Kerala,Food Poisoning,70,0
2017,2017-W02,Kerala,Measles,10,0
2017,2017-W02,Kerala,Shigellosis,124,1
2017,2017-W02,Madhya Pradesh,Fever With Rash,60,0
2017,2017-W02,Maharashtra,Chikungunya,35,0
2017,2017-W02,Maharashtra,Falciparum Malaria,6,2
2017,2017-W02,Maharashtra,Food Poisoning,112,0
2017,2017-W02,Odisha,Acute Diarrheal Disease,26,0
2017,2017-W02,Tamil Nadu,Dengue,414,2
2017,2017-W02,Tamil Nadu,Food Poisoning,90,0
2017,2017-W02,Telangana,Acute Diarrheal Disease,80,0
2017,2017-W03,Andhra Pradesh,Chickenpox,21,0
2017,2017-W03,Andhra Pradesh,Food Poisoning,45,0
2017,2017-W03,Assam,Food Poisoning,34,0
2017,2017-W03,Bihar,Chickenpox,18,0
2017,2017-W03,Bihar,Hepatitis E,39,0
2017,2017-W03,Bihar,Measles,24,0
2017,2017-W03,Chandigarh,Acute Diarrheal Disease,246,0
2017,2017-W03,Gujarat,Measles,42,0
2017,2017-W03,Haryana,Hepatitis A And E,166,0
2017,2017-W03,Jammu And Kashmir,Food Poisoning,6,1
2017,2017-W03,Jharkhand,Measles,13,0
2017,2017-W03,Karnataka,Chickenpox,150,0
2017,2017-W03,Karnataka,Dengue,130,0
2017,2017-W03,Karnataka,Fever,46,0
2017,2017-W03,Karnataka,Food Poisoning,35,0
2017,2017-W03,Karnataka,Measles,6,0
2017,2017-W03,Kerala,Food Poisoning,33,0
2017,2017-W03,Maharashtra,Food Poisoning,250,0
2017,2017-W03,Maharashtra,Malaria (P.Falciparum),1,1
2017,2017-W03,Maharashtra,Measles,10,0
2017,2017-W03,Odisha,Fever With Rash,11,0
2017,2017-W03,Punjab,Cholera,103,0
2017,2017-W03,Tamil Nadu,"Typhoid, Dengue And Scrub Typhus",33,0
2017,2017-W03,Tripura,Acute Diarrheal Disease,19,0
2017,2017-W03,Uttarakhand,Measles,21,0
2017,2017-W04,Arunachal Pradesh,Measles,22,0
2017,2017-W04,Bihar,Chickenpox,54,2
2017,2017-W04,Bihar,Measles,49,0
2017,2017-W04,Bihar,Measles And Rubella,20,0
2017,2017-W04,Chhattisgarh,Chickenpox,24,0
2017,2017-W04,Haryana,Hepatitis A,15,0
2017,2017-W04,Jharkhand,Food Poisoning,25,0
2017,2017-W04,Jharkhand,Measles,21,0
2017,2017-W04,Karnataka,Chickenpox,12,0
2017,2017-W04,Karnataka,Fever With Rash,280,0
2017,2017-W04,Kerala,Measles,9,0
2017,2017-W04,Kerala,Typhoid,109,0
2017,2017-W04,Madhya Pradesh,Food Poisoning,42,0
2017,2017-W04,Maharashtra,Measles,8,0
2017,2017-W04,Odisha,Chickenpox,26,0
2017,2017-W04,Odisha,Fever With Rash,18,0
2017,2017-W04,Telangana,Acute Diarrheal Disease,34,0
2017,2017-W04,Uttar Pradesh,Food Poisoning,13,0
2017,2017-W04,Uttar Pradesh,Measles,29,1
2017,2017-W04,Uttarakhand,Food Poisoning,25,0
2017,2017-W04,West Bengal,Food Poisoning,91,0
2017,2017-W05,Bihar,Food Poisoning,126,0
2017,2017-W05,Gujarat,Chikungunya,88,0
2017,2017-W05,Gujarat,Crimean-Congo Haemandrhagic Fever (Cchf),1,1
2017,2017-W05,Gujarat,Gastroenteritis,69,0
2017,2017-W05,Gujarat,Measles,54,0
2017,2017-W05,Jammu And Kashmir,Chickenpox,7,0
2017,2017-W05,Jharkhand,Chickenpox,24,0
2017,2017-W05,Jharkhand,Rubella,21,0
2017,2017-W05,Karnataka,Chickenpox,60,0
2017,2017-W05,Karnataka,Chikungunya,117,0
2017,2017-W05,Karnataka,Fever With Rash,8,0
2017,2017-W05,Karnataka,Food Poisoning,16,0
2017,2017-W05,Karnataka,Mumps,13,0
2017,2017-W05,Kerala,Acute Diarrheal Disease,22,0
2017,2017-W05,Kerala,Food Poisoning,276,0
2017,2017-W05,Kerala,Jaundice,22,0
2017,2017-W05,Madhya Pradesh,Chickenpox,103,0
2017,2017-W05,Madhya Pradesh,Measles,8,0
2017,2017-W05,Odisha,Acute Diarrheal Disease,42,0
2017,2017-W05,Odisha,Measles,40,0
2017,2017-W05,Tamil Nadu,Chickenpox,16,0
2017,2017-W05,Tamil Nadu,Food Poisoning,128,0
2017,2017-W05,Uttar Pradesh,Food Poisoning,52,0
2017,2017-W05,West Bengal,Food Poisoning,628,0
2017,2017-W06,Andhra Pradesh,Food Poisoning,50,0
2017,2017-W06,Arunachal Pradesh,Measles,19,0
2017,2017-W06,Assam,Measles,12,0
2017,2017-W06,Gujarat,Hepatitis E,88,0
2017,2017-W06,Himachal Pradesh,Acute Diarrheal Disease,162,0
2017,2017-W06,Jammu And Kashmir,Gastroenteritis,34,0
2017,2017-W06,Jammu And Kashmir,Hepatitis A,24,0
2017,2017-W06,Jharkhand,Chickenpox,70,0
2017,2017-W06,Jharkhand,Measles,44,0
2017,2017-W06,Karnataka,Chickenpox,58,0
2017,2017-W06,Karnataka,Dengue,158,0
2017,2017-W06,Karnataka,Food Poisoning,56,0
2017,2017-W06,Madhya Pradesh,Chickenpox,52,0
2017,2017-W06,Maharashtra,Chickenpox,26,0
2017,2017-W06,Maharashtra,Kyasanur Fandest Disease,20,1
2017,2017-W06,Maharashtra,Measles And Rubella,38,0
2017,2017-W06,Maharashtra,Rubella,12,0
2017,2017-W06,Odisha,Acute Diarrheal Disease,2,2
2017,2017-W06,Odisha,Chickenpox,60,0
2017,2017-W06,Rajasthan,Hepatitis E,52,0
2017,2017-W06,Rajasthan,Measles,25,0
2017,2017-W06,Tamil Nadu,Acute Diarrheal Disease,32,0
2017,2017-W06,Tamil Nadu,Chickenpox,12,0
2017,2017-W06,Tamil Nadu,Fever,92,0
2017,2017-W06,Tamil Nadu,Fever With Cough,66,0
2017,2017-W06,Tamil Nadu,Typhoid Fever,24,0
2017,2017-W06,Telangana,Food Poisoning,56,0
2017,2017-W06,Tripura,Food Poisoning,56,0
2017,2017-W06,Uttar Pradesh,Fever With Rash,14,1
2017,2017-W06,Uttar Pradesh,Food Poisoning,430,0
2017,2017-W07,Assam,Acute Diarrheal Disease,12,0
2017,2017-W07,Assam,Chickenpox,7,0
2017,2017-W07,Bihar,Acute Diarrheal Disease,52,0
2017,2017-W07,Bihar,Chickenpox,22,0
2017,2017-W07,Bihar,Fever With Rash,103,0
2017,2017-W07,Bihar,Food Poisoning,21,0
2017,2017-W07,Bihar,Hepatitis E,126,0
2017,2017-W07,Gujarat,Chickenpox,70,0
2017,2017-W07,Gujarat,Food Poisoning,31,0
2017,2017-W07,Gujarat,Hepatitis E,21,0
2017,2017-W07,Gujarat,Measles,33,0
2017,2017-W07,Jammu And Kashmir,Hepatitis A,30,0
2017,2017-W07,Jharkhand,Anthrax,10,0
2017,2017-W07,Jharkhand,Chickenpox,49,0
2017,2017-W07,Jharkhand,Fever With Rash,20,0
2017,2017-W07,Karnataka,Chickenpox,74,0
2017,2017-W07,Karnataka,Chikungunya,45,0
2017,2017-W07,Karnataka,Measles,22,0
2017,2017-W07,Karnataka,Mumps,11,0
2017,2017-W07,Kerala,Enteric Fever,109,0
2017,2017-W07,Maharashtra,Chickenpox,174,0
2017,2017-W07,Maharashtra,Food Poisoning,170,0
2017,2017-W07,Maharashtra,Measles,46,0
2017,2017-W07,Meghalaya,Measles,76,0
2017,2017-W07,Odisha,Acute Diarrheal Disease,24,0
2017,2017-W07,Odisha,Shigellosis,17,0
2017,2017-W07,Punjab,Mumps,32,0
2017,2017-W07,Rajasthan,Measles,46,0
2017,2017-W07,Tamil Nadu,Acute Diarrheal Disease,55,0
2017,2017-W07,Tamil Nadu,Food Poisoning,50,0
2017,2017-W07,Telangana,Food Poisoning,11,0
2017,2017-W07,Uttar Pradesh,Acute Diarrheal Disease,15,1
2017,2017-W07,Uttar Pradesh,Measles,10,0
2017,2017-W07,West Bengal,Chickenpox,41,0
2017,2017-W07,West Bengal,Food Poisoning,91,0
2017,2017-W07,West Bengal,Measles,62,0
2017,2017-W08,Bihar,Chickenpox,20,0
2017,2017-W08,Bihar,Food Poisoning,42,0
2017,2017-W08,Bihar,Measles,8,0
2017,2017-W08,Dadra And Nagar Haveli,Chickenpox,19,0
2017,2017-W08,Daman And Diu,Chickenpox,46,0
2017,2017-W08,Gujarat,Acute Diarrheal Disease,38,0
2017,2017-W08,Gujarat,Chickenpox,79,0
2017,2017-W08,Gujarat,Measles,26,0
2017,2017-W08,Jammu And Kashmir,Hepatitis E,21,0
2017,2017-W08,Jharkhand,Acute Diarrheal Disease,40,0
2017,2017-W08,Jharkhand,Chickenpox,34,0
2017,2017-W08,Karnataka,Chickenpox,23,0
2017,2017-W08,Karnataka,Mumps,15,0
2017,2017-W08,Kerala,Food Poisoning,66,0
2017,2017-W08,Kerala,Jaundice,20,0
2017,2017-W08,Madhya Pradesh,Chickenpox,42,0
2017,2017-W08,Maharashtra,Chickenpox,78,0
2017,2017-W08,Maharashtra,Measles,54,0
2017,2017-W08,Odisha,Acute Diarrheal Disease,10,1
2017,2017-W08,Odisha,Food Poisoning,17,0
2017,2017-W08,Odisha,Measles,5,0
2017,2017-W08,Rajasthan,Food Poisoning,107,0
2017,2017-W08,Tamil Nadu,Chickenpox,33,0
2017,2017-W08,Tamil Nadu,Dengue,13,0
2017,2017-W08,Tamil Nadu,Fever,21,0
2017,2017-W08,Tamil Nadu,Leishmaniasis,25,0
2017,2017-W08,Uttar Pradesh,Chickenpox,38,0
2017,2017-W08,Uttar Pradesh,Food Poisoning,78,0
2017,2017-W08,Uttar Pradesh,Measles,33,0
2017,2017-W09,Arunachal Pradesh,Fever With Rash,17,0
2017,2017-W09,Assam,Acute Diarrheal Disease,42,0
2017,2017-W09,Assam,Chickenpox,37,0
2017,2017-W09,Assam,Food Poisoning,39,0
2017,2017-W09,Bihar,Chickenpox,184,1
2017,2017-W09,Bihar,Measles,8,0
2017,2017-W09,Chhattisgarh,Chickenpox,144,0
2017,2017-W09,Chhattisgarh,Fever With Rash,13,0
2017,2017-W09,Gujarat,Acute Diarrheal Disease,23,0
2017,2017-W09,Gujarat,Food Poisoning,260,0
2017,2017-W09,Gujarat,Gastroenteritis,59,1
2017,2017-W09,Gujarat,Measles,127,0
2017,2017-W09,Jharkhand,Chickenpox,24,0
2017,2017-W09,Karnataka,Fever With Rash,28,0
2017,2017-W09,Karnataka,Food Poisoning,82,0
2017,2017-W09,Madhya Pradesh,Measles,9,0
2017,2017-W09,Maharashtra,Chickenpox,29,0
2017,2017-W09,Maharashtra,Fever With Rash,22,0
2017,2017-W09,Maharashtra,Food Poisoning,56,0
2017,2017-W09,Maharashtra,Hepatitis E,14,0
2017,2017-W09,Maharashtra,Measles,49,0
2017,2017-W09,Meghalaya,Measles,26,2
2017,2017-W09,Odisha,Anthrax,4,0
2017,2017-W09,Odisha,Fever With Rash,8,0
2017,2017-W09,Odisha,Food Poisoning,28,0
2017,2017-W09,Punjab,Cholera,270,0
2017,2017-W09,Rajasthan,Food Poisoning,537,0
2017,2017-W09,Rajasthan,Measles,40,0
2017,2017-W09,Tamil Nadu,Acute Diarrheal Disease,82,8
2017,2017-W09,Tamil Nadu,Enteric Fever,54,0
2017,2017-W09,Tripura,Gastroenteritis,12,2
2017,2017-W09,Uttar Pradesh,Chickenpox,62,0
2017,2017-W09,Uttar Pradesh,Measles,34,0
2017,2017-W09,West Bengal,Chickenpox,79,0
2017,2017-W09,West Bengal,Food Poisoning,226,0
2017,2017-W09,West Bengal,Measles,171,0
2017,2017-W10,Andhra Pradesh,Food Poisoning,122,0
2017,2017-W10,Bihar,Chickenpox,120,0
2017,2017-W10,Bihar,Fever With Rash,50,0
2017,2017-W10,Chandigarh,Acute Diarrheal Disease,64,0
2017,2017-W10,Chhattisgarh,Acute Diarrheal Disease,110,0
2017,2017-W10,Chhattisgarh,Fever With Rash,40,0
2017,2017-W10,Gujarat,Hepatitis E,156,0
2017,2017-W10,Gujarat,Measles,14,0
2017,2017-W10,Jharkhand,Measles,5,0
2017,2017-W10,Karnataka,Acute Diarrheal Disease,46,0
2017,2017-W10,Karnataka,Chickenpox,25,0
2017,2017-W10,Karnataka,Food Poisoning,78,0
2017,2017-W10,Kerala,Measles,10,0
2017,2017-W10,Madhya Pradesh,Food Poisoning,79,0
2017,2017-W10,Madhya Pradesh,Measles,37,0
2017,2017-W10,Maharashtra,Chickenpox,14,0
2017,2017-W10,Maharashtra,Measles,14,0
2017,2017-W10,Maharashtra,Rubella,12,0
2017,2017-W10,Odisha,Acute Diarrheal Disease,14,0
2017,2017-W10,Odisha,Chickenpox,26,0
2017,2017-W10,Odisha,Measles,24,0
2017,2017-W10,Odisha,Rubella,10,0
2017,2017-W10,Punjab,Acute Diarrheal Disease,24,0
2017,2017-W10,Rajasthan,Food Poisoning,47,0
2017,2017-W10,Tamil Nadu,Dengue,14,1
2017,2017-W10,Tripura,Chickenpox,30,0
2017,2017-W10,West Bengal,Acute Diarrheal Disease,96,0
2017,2017-W11,Andhra Pradesh,Chikungunya,32,0
2017,2017-W11,Assam,Chickenpox,10,0
2017,2017-W11,Assam,Food Poisoning,28,0
2017,2017-W11,Bihar,Chickenpox,104,0
2017,2017-W11,Bihar,Food Poisoning,36,0
2017,2017-W11,Gujarat,Food Poisoning,56,0
2017,2017-W11,Gujarat,Measles,80,0
2017,2017-W11,Haryana,Measles,18,0
2017,2017-W11,Jharkhand,Fever With Rash,15,0
2017,2017-W11,Karnataka,Chickenpox,36,0
2017,2017-W11,Karnataka,Food Poisoning,50,0
2017,2017-W11,Maharashtra,Chickenpox,10,0
2017,2017-W11,Maharashtra,Fever With Rash,28,0
2017,2017-W11,Maharashtra,Measles,25,1
2017,2017-W11,Odisha,Anthrax,16,0
2017,2017-W11,Punjab,Food Poisoning,32,1
2017,2017-W11,Rajasthan,Salmonella Gastroenteritis,84,0
2017,2017-W11,Tamil Nadu,Dengue,49,1
2017,2017-W11,Uttar Pradesh,Chickenpox,46,0
2017,2017-W11,West Bengal,Food Poisoning,58,0
2017,2017-W12,Andhra Pradesh,Dengue,126,0
2017,2017-W12,Bihar,Chickenpox,276,0
2017,2017-W12,Bihar,Kala Azar,14,0
2017,2017-W12,Bihar,Measles,37,0
2017,2017-W12,Gujarat,Chikungunya,18,0
2017,2017-W12,Jammu And Kashmir,Gastroenteritis,25,0
2017,2017-W12,Jharkhand,Cutaneous Anthrax,4,1
2017,2017-W12,Jharkhand,Measles,26,0
2017,2017-W12,Karnataka,Chickenpox,44,0
2017,2017-W12,Karnataka,Fever With Rash,12,0
2017,2017-W12,Karnataka,Food Poisoning,60,0
2017,2017-W12,Kerala,Food Poisoning,16,0
2017,2017-W12,Madhya Pradesh,Acute Diarrheal Disease,135,0
2017,2017-W12,Madhya Pradesh,Chickenpox,17,0
2017,2017-W12,Madhya Pradesh,Food Poisoning,10,0
2017,2017-W12,Madhya Pradesh,Measles,42,0
2017,2017-W12,Maharashtra,Chickenpox,15,0
2017,2017-W12,Maharashtra,Food Poisoning,19,0
2017,2017-W12,Maharashtra,Gastroenteritis,28,0
2017,2017-W12,Maharashtra,Hepatitis E,15,0
2017,2017-W12,Maharashtra,Measles,114,0
2017,2017-W12,Odisha,Anthrax,16,0
2017,2017-W12,Odisha,Chickenpox,16,0
2017,2017-W12,Punjab,Hepatitis E,40,0
2017,2017-W12,Punjab,Measles,11,0
2017,2017-W12,Rajasthan,Acute Diarrheal Disease,100,0
2017,2017-W12,Tamil Nadu,Dengue,69,0
2017,2017-W12,Telangana,Food Poisoning,500,0
2017,2017-W12,Uttar Pradesh,Chickenpox,42,0
2017,2017-W12,Uttar Pradesh,Food Poisoning,10,0
2017,2017-W12,Uttar Pradesh,Measles,23,1
2017,2017-W12,West Bengal,Acute Diarrheal Disease,123,0
2017,2017-W12,West Bengal,Chickenpox,116,0
2017,2017-W12,West Bengal,Rubella,102,0
2017,2017-W13,Assam,Acute Diarrheal Disease,8,1
2017,2017-W13,Assam,Chickenpox,24,0
2017,2017-W13,Assam,Shigellosis,30,0
2017,2017-W13,Bihar,Chickenpox,145,0
2017,2017-W13,Bihar,Fever With Rash,26,0
2017,2017-W13,Chhattisgarh,Food Poisoning,231,0
2017,2017-W13,Gujarat,Chickenpox,90,0
2017,2017-W13,Gujarat,Chikungunya,22,0
2017,2017-W13,Gujarat,Measles,60,0
2017,2017-W13,Jharkhand,Measles,14,0
2017,2017-W13,Karnataka,Chickenpox,36,0
2017,2017-W13,Kerala,Acute Diarrheal Disease,35,0
2017,2017-W13,Kerala,Food Poisoning,418,0
2017,2017-W13,Kerala,Hepatitis A,23,0
2017,2017-W13,Madhya Pradesh,Chickenpox,61,0
2017,2017-W13,Madhya Pradesh,Food Poisoning,54,0
2017,2017-W13,Maharashtra,Food Poisoning,20,0
2017,2017-W13,Maharashtra,Leishmaniasis,26,0
2017,2017-W13,Odisha,Anthrax,7,0
2017,2017-W13,Odisha,Chickenpox,18,0
2017,2017-W13,Punjab,Acute Diarrheal Disease,114,0
2017,2017-W13,Punjab,Measles,7,0
2017,2017-W13,Rajasthan,Enteric Fever,133,0
2017,2017-W13,Tamil Nadu,Acute Diarrheal Disease,28,0
2017,2017-W13,Tamil Nadu,Dengue,42,0
2017,2017-W13,Tamil Nadu,Fever,32,0
2017,2017-W13,Tamil Nadu,Food Poisoning,104,0
2017,2017-W13,Uttar Pradesh,Chickenpox,15,0
2017,2017-W13,Uttar Pradesh,Measles,63,0
2017,2017-W13,West Bengal,Chickenpox,26,0
2017,2017-W13,West Bengal,Food Poisoning,699,0
2017,2017-W13,West Bengal,Rubella,106,0
2017,2017-W14,Andhra Pradesh,Acute Diarrheal Disease,96,0
2017,2017-W14,Andhra Pradesh,Food Poisoning,62,0
2017,2017-W14,Assam,Chickenpox,60,0
2017,2017-W14,Assam,Food Poisoning,126,0
2017,2017-W14,Bihar,Acute Diarrheal Disease,42,0
2017,2017-W14,Bihar,Chickenpox,456,0
2017,2017-W14,Bihar,Measles,12,0
2017,2017-W14,Gujarat,Chickenpox,90,0
2017,2017-W14,Gujarat,Dengue,132,0
2017,2017-W14,Karnataka,Chickenpox,17,0
2017,2017-W14,Karnataka,Dengue,130,0
2017,2017-W14,Karnataka,Food Poisoning,42,0
2017,2017-W14,Kerala,Dengue,26,0
2017,2017-W14,Kerala,Food Poisoning,29,0
2017,2017-W14,Kerala,Shigellosis,22,0
2017,2017-W14,Madhya Pradesh,Chickenpox,29,0
2017,2017-W14,Madhya Pradesh,Measles,32,0
2017,2017-W14,Odisha,Acute Diarrheal Disease,26,0
2017,2017-W14,Odisha,Food Poisoning,52,0
2017,2017-W14,Odisha,Hepatitis E,226,0
2017,2017-W14,Odisha,Measles,20,0
2017,2017-W14,Punjab,Chickenpox,18,0
2017,2017-W14,Punjab,Measles,11,0
2017,2017-W14,Tamil Nadu,Acute Diarrheal Disease,58,0
2017,2017-W14,Telangana,Jaundice,16,0
2017,2017-W14,Uttar Pradesh,Acute Diarrheal Disease,16,0
2017,2017-W14,Uttar Pradesh,Chickenpox,124,0
2017,2017-W14,Uttar Pradesh,Hepatitis E,268,0
2017,2017-W14,Uttarakhand,Hepatitis E,46,0
2017,2017-W14,West Bengal,Food Poisoning,56,0
2017,2017-W15,Assam,Acute Diarrheal Disease,24,0
2017,2017-W15,Assam,Brucellosis,42,0
2017,2017-W15,Assam,Dengue,33,0
2017,2017-W15,Bihar,Chickenpox,92,0
2017,2017-W15,Gujarat,Chikungunya,60,0
2017,2017-W15,Gujarat,Measles,66,0
2017,2017-W15,Jharkhand,Chickenpox,46,0
2017,2017-W15,Jharkhand,Food Poisoning,388,0
2017,2017-W15,Karnataka,Chickenpox,9,0
2017,2017-W15,Karnataka,Chikungunya,25,0
2017,2017-W15,Karnataka,Food Poisoning,172,0
2017,2017-W15,Kerala,Dengue,192,4
2017,2017-W15,Kerala,Hepatitis,21,0
2017,2017-W15,Madhya Pradesh,Fever,204,0
2017,2017-W15,Maharashtra,Food Poisoning,81,0
2017,2017-W15,Maharashtra,Measles,9,0
2017,2017-W15,Odisha,Chickenpox,68,0
2017,2017-W15,Puducherry,Chickenpox,14,0
2017,2017-W15,Punjab,Acute Diarrheal Disease,50,0
2017,2017-W15,Punjab,Mumps,8,0
2017,2017-W15,Rajasthan,Chickenpox,24,0
2017,2017-W15,Rajasthan,Fever With Rash,140,0
2017,2017-W15,Rajasthan,Measles,18,0
2017,2017-W15,Tamil Nadu,Acute Diarrheal Disease,32,0
2017,2017-W15,Tamil Nadu,Chickenpox,10,0
2017,2017-W15,Tamil Nadu,Food Poisoning,58,0
2017,2017-W15,Uttar Pradesh,Chickenpox,437,0
2017,2017-W15,Uttar Pradesh,Food Poisoning,39,0
2017,2017-W15,Uttar Pradesh,Measles,22,0
2017,2017-W16,Andhra Pradesh,Food Poisoning,33,0
2017,2017-W16,Assam,Chickenpox,8,0
2017,2017-W16,Assam,Food Poisoning,48,0
2017,2017-W16,Bihar,Chickenpox,144,0
2017,2017-W16,Bihar,Fever With Rash,23,0
2017,2017-W16,Bihar,Food Poisoning,174,0
2017,2017-W16,Gujarat,Hepatitis A,8,0
2017,2017-W16,Haryana,Measles,6,0
2017,2017-W16,Himachal Pradesh,Food Poisoning,74,0
2017,2017-W16,Jharkhand,Chickenpox,32,0
2017,2017-W16,Karnataka,Acute Diarrheal Disease,14,0
2017,2017-W16,Karnataka,Dengue,20,0
2017,2017-W16,Karnataka,Fever,22,0
2017,2017-W16,Karnataka,Food Poisoning,11,0
2017,2017-W16,Kerala,Dengue,294,0
2017,2017-W16,Kerala,Food Poisoning,51,0
2017,2017-W16,Kerala,Hepatitis A,235,1
2017,2017-W16,Madhya Pradesh,Measles,9,0
2017,2017-W16,Maharashtra,Chickenpox,62,0
2017,2017-W16,Maharashtra,Dengue,36,0
2017,2017-W16,Maharashtra,Fever With Rash,17,0
2017,2017-W16,Maharashtra,Food Poisoning,22,0
2017,2017-W16,Maharashtra,Measles,11,0
2017,2017-W16,Maharashtra,Measles And Rubella,18,0
2017,2017-W16,Odisha,Acute Diarrheal Disease,27,0
2017,2017-W16,Odisha,Anthrax,2,0
2017,2017-W16,Odisha,Food Poisoning,21,0
2017,2017-W16,Punjab,Chickenpox,22,0
2017,2017-W16,Rajasthan,Enteric Fever,92,0
2017,2017-W16,Rajasthan,Fever With Rash,10,0
2017,2017-W16,Rajasthan,Food Poisoning,193,0
2017,2017-W16,Tamil Nadu,Food Poisoning,26,0
2017,2017-W16,Tripura,Acute Diarrheal Disease,131,0
2017,2017-W16,Uttar Pradesh,Chickenpox,70,0
2017,2017-W16,Uttar Pradesh,Measles,98,5
2017,2017-W16,Uttarakhand,Chickenpox,20,0
2017,2017-W17,Arunachal Pradesh,Measles,5,0
2017,2017-W17,Assam,Chickenpox,15,0
2017,2017-W17,Assam,Food Poisoning,31,0
2017,2017-W17,Bihar,Chickenpox,212,0
2017,2017-W17,Bihar,Measles,30,0
2017,2017-W17,Chhattisgarh,Acute Diarrheal Disease,15,0
2017,2017-W17,Chhattisgarh,Chickenpox,61,0
2017,2017-W17,Chhattisgarh,Food Poisoning,37,0
2017,2017-W17,Haryana,Chickenpox,26,0
2017,2017-W17,Haryana,Hepatitis E,17,0
2017,2017-W17,Jammu And Kashmir,Gastroenteritis,70,0
2017,2017-W17,Jharkhand,Chickenpox,11,0
2017,2017-W17,Karnataka,Acute Diarrheal Disease,53,0
2017,2017-W17,Karnataka,Dengue,26,0
2017,2017-W17,Karnataka,Fever,24,0
2017,2017-W17,Kerala,Dengue,60,0
2017,2017-W17,Madhya Pradesh,Acute Diarrheal Disease,20,0
2017,2017-W17,Madhya Pradesh,Measles,23,1
2017,2017-W17,Maharashtra,Measles,5,0
2017,2017-W17,Meghalaya,Measles,135,0
2017,2017-W17,Nagaland,Chickenpox,11,0
2017,2017-W17,Odisha,Food Poisoning,51,0
2017,2017-W17,Rajasthan,Acute Diarrheal Disease,29,0
2017,2017-W17,Rajasthan,Fever With Rash,28,0
2017,2017-W17,Tamil Nadu,Chickenpox,10,0
2017,2017-W17,Tamil Nadu,Leishmaniasis,20,0
2017,2017-W17,Telangana,Food Poisoning,45,0
2017,2017-W17,Uttar Pradesh,Chickenpox,72,0
2017,2017-W17,Uttar Pradesh,Food Poisoning,46,0
2017,2017-W17,Uttar Pradesh,Measles,88,2
2017,2017-W18,Andhra Pradesh,Food Poisoning,66,0
2017,2017-W18,Assam,Bacillary Dysentery,29,0
2017,2017-W18,Assam,Food Poisoning,62,0
2017,2017-W18,Assam,Japanese Encephalitis,19,5
2017,2017-W18,Assam,Mushroom Poisoning,16,0
2017,2017-W18,Bihar,Chickenpox,46,0
2017,2017-W18,Chhattisgarh,Chickenpox,12,0
2017,2017-W18,Gujarat,Chickenpox,47,0
2017,2017-W18,Gujarat,Food Poisoning,122,0
2017,2017-W18,Gujarat,Hepatitis A,34,0
2017,2017-W18,Gujarat,Jaundice,72,0
2017,2017-W18,Gujarat,Rubella,16,0
2017,2017-W18,Jammu And Kashmir,Chickenpox,62,0
2017,2017-W18,Jharkhand,Measles,34,0
2017,2017-W18,Karnataka,Chickenpox,42,0
2017,2017-W18,Karnataka,Chikungunya And Dengue,15,0
2017,2017-W18,Karnataka,Dengue,26,0
2017,2017-W18,Kerala,Food Poisoning,60,0
2017,2017-W18,Kerala,Pertussis,5,0
2017,2017-W18,Madhya Pradesh,Acute Diarrheal Disease,174,0
2017,2017-W18,Maharashtra,Acute Diarrheal Disease,142,0
2017,2017-W18,Maharashtra,Hepatitis E,30,0
2017,2017-W18,Odisha,Food Poisoning,206,2
2017,2017-W18,Odisha,Hepatitis A,16,0
2017,2017-W18,Punjab,Chickenpox,48,0
2017,2017-W18,Rajasthan,Measles,20,0
2017,2017-W18,Tamil Nadu,Acute Diarrheal Disease,64,0
2017,2017-W18,Tamil Nadu,Fever,70,0
2017,2017-W18,Tamil Nadu,Food Poisoning,42,0
2017,2017-W18,Tamil Nadu,Leishmaniasis,22,0
2017,2017-W18,Uttar Pradesh,Acute Diarrheal Disease,15,0
2017,2017-W18,Uttar Pradesh,Chickenpox,48,2
2017,2017-W18,Uttar Pradesh,Food Poisoning,32,0
2017,2017-W18,Uttar Pradesh,Measles,39,2
2017,2017-W18,Uttarakhand,Chickenpox,23,0
2017,2017-W19,Andhra Pradesh,Acute Diarrheal Disease,28,0
2017,2017-W19,Andhra Pradesh,Food Poisoning,332,0
2017,2017-W19,Assam,Food Poisoning,234,0
2017,2017-W19,Bihar,Acute Diarrheal Disease,46,0
2017,2017-W19,Bihar,Chickenpox,36,0
2017,2017-W19,Bihar,Food Poisoning,88,0
2017,2017-W19,Bihar,Measles,23,0
2017,2017-W19,Gujarat,Food Poisoning,678,0
2017,2017-W19,Haryana,Measles,6,0
2017,2017-W19,Jharkhand,Chickenpox,6,0
2017,2017-W19,Karnataka,Acute Diarrheal Disease,56,0
2017,2017-W19,Karnataka,Chikungunya,70,0
2017,2017-W19,Karnataka,Food Poisoning,62,0
2017,2017-W19,Kerala,Dengue,110,0
2017,2017-W19,Kerala,Hepatitis A,17,0
2017,2017-W19,Madhya Pradesh,Acute Diarrheal Disease,113,0
2017,2017-W19,Madhya Pradesh,Fever,66,0
2017,2017-W19,Odisha,Food Poisoning,44,0
2017,2017-W19,Punjab,Acute Diarrheal Disease,22,0
2017,2017-W19,Punjab,Hepatitis A,10,0
2017,2017-W19,Rajasthan,Acute Diarrheal Disease,776,0
2017,2017-W19,Rajasthan,Brucellosis,8,0
2017,2017-W19,Rajasthan,Food Poisoning,54,0
2017,2017-W19,Rajasthan,Measles,10,0
2017,2017-W19,Uttar Pradesh,Acute Diarrheal Disease,380,10
2017,2017-W19,Uttar Pradesh,Chickenpox,42,0
2017,2017-W19,Uttar Pradesh,Measles,31,0
2017,2017-W19,Uttarakhand,Hepatitis E,80,0
2017,2017-W20,Andhra Pradesh,Dengue,28,0
2017,2017-W20,Assam,Acute Diarrheal Disease,12,0
2017,2017-W20,Assam,Food Poisoning,148,0
2017,2017-W20,Assam,Japanese Encephalitis,88,4
2017,2017-W20,Assam,Measles,13,0
2017,2017-W20,Assam,Shigellosis,10,0
2017,2017-W20,Bihar,Chickenpox,9,0
2017,2017-W20,Bihar,Food Poisoning,53,0
2017,2017-W20,Chhattisgarh,Acute Diarrheal Disease,30,0
2017,2017-W20,Haryana,Measles,15,0
2017,2017-W20,Himachal Pradesh,Measles,58,0
2017,2017-W20,Jammu And Kashmir,Chickenpox,18,0
2017,2017-W20,Jharkhand,Chickenpox,22,0
2017,2017-W20,Jharkhand,Measles,10,0
2017,2017-W20,Karnataka,Acute Diarrheal Disease,20,0
2017,2017-W20,Kerala,Dengue,302,2
2017,2017-W20,Kerala,Diphtheria,20,0
2017,2017-W20,Kerala,Food Poisoning,39,0
2017,2017-W20,Madhya Pradesh,Acute Diarrheal Disease,85,0
2017,2017-W20,Madhya Pradesh,Measles,8,0
2017,2017-W20,Maharashtra,Acute Diarrheal Disease,275,0
2017,2017-W20,Manipur,Acute Diarrheal Disease,40,0
2017,2017-W20,Odisha,Food Poisoning,24,0
2017,2017-W20,Odisha,Hepatitis A,7,0
2017,2017-W20,Puducherry,Food Poisoning,14,0
2017,2017-W20,Punjab,Hepatitis E,10,0
2017,2017-W20,Rajasthan,Acute Diarrheal Disease,30,0
2017,2017-W20,Rajasthan,Measles,29,0
2017,2017-W20,Tamil Nadu,Acute Diarrheal Disease,20,1
2017,2017-W20,Tamil Nadu,Food Poisoning,12,0
2017,2017-W20,Telangana,Acute Diarrheal Disease,36,0
2017,2017-W20,Uttar Pradesh,Food Poisoning,12,0
2017,2017-W20,Uttar Pradesh,Measles,12,0
2017,2017-W20,Uttarakhand,Food Poisoning,57,0
2017,2017-W21,Andhra Pradesh,Acute Diarrheal Disease,62,0
2017,2017-W21,Andhra Pradesh,Viral Fever,28,0
2017,2017-W21,Assam,Acute Diarrheal Disease,48,0
2017,2017-W21,Assam,Chickenpox,23,0
2017,2017-W21,Assam,Food Poisoning,11,0
2017,2017-W21,Assam,Hepatitis,8,1
2017,2017-W21,Assam,Rubella,26,0
2017,2017-W21,Chhattisgarh,Acute Diarrheal Disease,45,0
2017,2017-W21,Chhattisgarh,Chickenpox,10,0
2017,2017-W21,Gujarat,Acute Diarrheal Disease,147,0
2017,2017-W21,Gujarat,Food Poisoning,8,0
2017,2017-W21,Gujarat,Hepatitis E,127,0
2017,2017-W21,Himachal Pradesh,Acute Diarrheal Disease,21,1
2017,2017-W21,Himachal Pradesh,Rubella,17,0
2017,2017-W21,Jharkhand,Anthrax,12,2
2017,2017-W21,Jharkhand,Measles,25,0
2017,2017-W21,Karnataka,Dengue,137,0
2017,2017-W21,Karnataka,Fever,48,0
2017,2017-W21,Kerala,Dengue,108,0
2017,2017-W21,Kerala,Diphtheria,5,0
2017,2017-W21,Madhya Pradesh,Acute Diarrheal Disease,36,0
2017,2017-W21,Maharashtra,Acute Diarrheal Disease,92,0
2017,2017-W21,Maharashtra,Measles,6,0
2017,2017-W21,Odisha,Acute Diarrheal Disease,19,0
2017,2017-W21,Punjab,Chickenpox,39,0
2017,2017-W21,Tamil Nadu,Acute Diarrheal Disease,18,0
2017,2017-W21,Tamil Nadu,Dengue,23,0
2017,2017-W21,Tamil Nadu,Food Poisoning,27,0
2017,2017-W21,Tripura,Malaria,39,0
2017,2017-W21,Uttar Pradesh,Acute Diarrheal Disease,60,3
2017,2017-W21,Uttar Pradesh,Chickenpox,34,0
2017,2017-W21,Uttar Pradesh,Measles,16,0
2017,2017-W21,Uttarakhand,Food Poisoning,48,0
2017,2017-W22,Andhra Pradesh,Acute Diarrheal Disease,43,0
2017,2017-W22,Arunachal Pradesh,Gastroenteritis,56,0
2017,2017-W22,Assam,Acute Encephalitis Syndrome (Japanese Encephalitis),42,6
2017,2017-W22,Assam,Food Poisoning,20,0
2017,2017-W22,Assam,Measles,13,0
2017,2017-W22,Bihar,Chickenpox,21,0
2017,2017-W22,Chhattisgarh,Acute Diarrheal Disease,34,2
2017,2017-W22,Chhattisgarh,Chickenpox,13,0
2017,2017-W22,Gujarat,Chikungunya,26,0
2017,2017-W22,Gujarat,Cholera,101,0
2017,2017-W22,Gujarat,Crimean-Congo Haemandrhagic Fever (Cchf),1,1
2017,2017-W22,Gujarat,Dengue,12,0
2017,2017-W22,Gujarat,Food Poisoning,90,0
2017,2017-W22,Himachal Pradesh,Acute Diarrheal Disease,13,1
2017,2017-W22,Jammu And Kashmir,Measles,10,0
2017,2017-W22,Jharkhand,Measles,40,0
2017,2017-W22,Karnataka,Chickenpox,20,0
2017,2017-W22,Karnataka,Chikungunya,39,0
2017,2017-W22,Karnataka,Dengue,28,0
2017,2017-W22,Karnataka,Food Poisoning,32,0
2017,2017-W22,Karnataka,Hepatitis,11,0
2017,2017-W22,Karnataka,Malaria,8,0
2017,2017-W22,Karnataka,Typhoid Fever,28,0
2017,2017-W22,Kerala,Dengue,38,0
2017,2017-W22,Madhya Pradesh,Acute Diarrheal Disease,32,0
2017,2017-W22,Maharashtra,Acute Diarrheal Disease,110,0
2017,2017-W22,Maharashtra,Food Poisoning,91,0
2017,2017-W22,Maharashtra,Japanese Encephalitis,6,2
2017,2017-W22,Manipur,Scrub Typhus,22,0
2017,2017-W22,Odisha,Acute Diarrheal Disease,10,2
2017,2017-W22,Odisha,Anthrax,18,1
2017,2017-W22,Rajasthan,Measles,16,0
2017,2017-W22,Tamil Nadu,Dengue,18,0
2017,2017-W22,Tamil Nadu,Dengue And Leptospirosis,62,0
2017,2017-W22,Tamil Nadu,Food Poisoning,22,0
2017,2017-W22,Uttar Pradesh,Acute Diarrheal Disease,50,2
2017,2017-W22,Uttar Pradesh,Chickenpox,78,2
2017,2017-W22,Uttar Pradesh,Food Poisoning,240,0
2017,2017-W22,Uttar Pradesh,Measles,68,0
2017,2017-W23,Assam,Acute Diarrheal Disease,44,0
2017,2017-W23,Assam,Japanese Encephalitis,34,2
2017,2017-W23,Bihar,Acute Diarrheal Disease,38,0
2017,2017-W23,Bihar,Food Poisoning,32,0
2017,2017-W23,Bihar,Gastroenteritis,66,0
2017,2017-W23,Gujarat,Acute Diarrheal Disease,50,0
2017,2017-W23,Gujarat,Chickenpox,67,0
2017,2017-W23,Gujarat,Hepatitis,472,0
2017,2017-W23,Gujarat,Measles,32,0
2017,2017-W23,Jammu And Kashmir,Hepatitis E,16,0
2017,2017-W23,Karnataka,Chikungunya,31,0
2017,2017-W23,Karnataka,Fever,278,0
2017,2017-W23,Madhya Pradesh,Acute Diarrheal Disease,24,0
2017,2017-W23,Maharashtra,Acute Diarrheal Disease,362,0
2017,2017-W23,Maharashtra,Malaria,186,0
2017,2017-W23,Manipur,Fever,8,8
2017,2017-W23,Nagaland,Typhoid Fever,52,0
2017,2017-W23,Odisha,Anthrax,6,0
2017,2017-W23,Punjab,Chickenpox,10,0
2017,2017-W23,Rajasthan,Measles And Rubella,20,2
2017,2017-W23,Tamil Nadu,Acute Diarrheal Disease,25,0
2017,2017-W23,Uttar Pradesh,Food Poisoning,412,0
2017,2017-W23,Uttar Pradesh,Malaria,6,0
2017,2017-W23,Uttar Pradesh,Measles,31,0
2017,2017-W24,Andhra Pradesh,Acute Diarrheal Disease,16,0
2017,2017-W24,Arunachal Pradesh,Typhoid,10,0
2017,2017-W24,Bihar,Food Poisoning,28,2
2017,2017-W24,Chhattisgarh,Acute Diarrheal Disease,659,0
2017,2017-W24,Gujarat,Acute Diarrheal Disease,102,0
2017,2017-W24,Gujarat,Cholera,71,0
2017,2017-W24,Gujarat,Food Poisoning,49,0
2017,2017-W24,Gujarat,Hepatitis E,472,0
2017,2017-W24,Himachal Pradesh,Acute Diarrheal Disease,140,0
2017,2017-W24,Jammu And Kashmir,Chickenpox,43,0
2017,2017-W24,Jammu And Kashmir,Jaundice,15,0
2017,2017-W24,Jharkhand,Cutaneous Anthrax,10,0
2017,2017-W24,Karnataka,Chikungunya,13,0
2017,2017-W24,Karnataka,Dengue,23,0
2017,2017-W24,Karnataka,Fever,122,0
2017,2017-W24,Karnataka,Food Poisoning,53,0
2017,2017-W24,Maharashtra,Chikungunya,64,0
2017,2017-W24,Meghalaya,Food Poisoning (Eiec And Shigella),335,9
2017,2017-W24,Odisha,Shigellosis,20,0
2017,2017-W24,Rajasthan,Food Poisoning,127,0
2017,2017-W24,Tamil Nadu,Dengue,51,0
2017,2017-W24,Tamil Nadu,Fever,25,0
2017,2017-W24,Tamil Nadu,Food Poisoning,92,0
2017,2017-W24,Uttar Pradesh,Acute Diarrheal Disease,11,0
2017,2017-W24,Uttar Pradesh,Measles,63,1
2017,2017-W25,Assam,Chickenpox,15,0
2017,2017-W25,Assam,Scrub Typhus,2,0
2017,2017-W25,Chandigarh,Cholera,3,0
2017,2017-W25,Chhattisgarh,Acute Diarrheal Disease,89,0
2017,2017-W25,Gujarat,Cholera,189,0
2017,2017-W25,Gujarat,Food Poisoning,304,0
2017,2017-W25,Gujarat,Zika Virus,6,0
2017,2017-W25,Jammu And Kashmir,Chickenpox,17,0
2017,2017-W25,Jammu And Kashmir,Food Poisoning,14,0
2017,2017-W25,Jammu And Kashmir,Gastroenteritis,1784,0
2017,2017-W25,Jammu And Kashmir,Hepatitis A,6,0
2017,2017-W25,Karnataka,Acute Diarrheal Disease,28,0
2017,2017-W25,Karnataka,Chikungunya,146,0
2017,2017-W25,Karnataka,Dengue,75,0
2017,2017-W25,Karnataka,Fever,15,0
2017,2017-W25,Karnataka,Food Poisoning,19,0
2017,2017-W25,Karnataka,Gastroenteritis,108,0
2017,2017-W25,Kerala,Chickenpox,26,0
2017,2017-W25,Madhya Pradesh,Acute Diarrheal Disease,458,0
2017,2017-W25,Maharashtra,Acute Diarrheal Disease,736,0
2017,2017-W25,Maharashtra,Chikungunya,52,0
2017,2017-W25,Maharashtra,Food Poisoning,10,2
2017,2017-W25,Nagaland,Measles,80,3
2017,2017-W25,Odisha,Anthrax,23,2
2017,2017-W25,Punjab,Acute Diarrheal Disease,61,0
2017,2017-W25,Punjab,Chickenpox,36,0
2017,2017-W25,Punjab,Cholera,500,1
2017,2017-W25,Rajasthan,Acute Diarrheal Disease,24,0
2017,2017-W25,Rajasthan,Food Poisoning,42,0
2017,2017-W25,Tamil Nadu,Acute Diarrheal Disease,14,0
2017,2017-W25,Tamil Nadu,Dengue,44,0
2017,2017-W25,Tamil Nadu,Fever,17,0
2017,2017-W25,Tamil Nadu,Hepatitis A,13,0
2017,2017-W25,Telangana,Food Poisoning,30,0
2017,2017-W25,Uttar Pradesh,Pertussis,12,0
2017,2017-W25,Uttarakhand,Hepatitis E,15,0
2017,2017-W26,Andhra Pradesh,Cutaneous Anthrax,5,0
2017,2017-W26,Arunachal Pradesh,Measles,30,0
2017,2017-W26,Assam,Food Poisoning,63,0
2017,2017-W26,Chhattisgarh,Acute Diarrheal Disease,242,1
2017,2017-W26,Chhattisgarh,Malaria,13,0
2017,2017-W26,Gujarat,Cholera,114,0
2017,2017-W26,Jammu And Kashmir,Food Poisoning,10,0
2017,2017-W26,Jharkhand,Dengue,16,0
2017,2017-W26,Jharkhand,Measles,16,0
2017,2017-W26,Karnataka,Chikungunya And Dengue,30,0
2017,2017-W26,Karnataka,Dengue,55,0
2017,2017-W26,Karnataka,Fever,73,0
2017,2017-W26,Kerala,Dengue,376,3
2017,2017-W26,Madhya Pradesh,Acute Diarrheal Disease,409,0
2017,2017-W26,Maharashtra,Acute Diarrheal Disease,141,0
2017,2017-W26,Nagaland,Malaria,5,0
2017,2017-W26,Nagaland,Measles And Rubella,243,0
2017,2017-W26,Sikkim,Food Poisoning,14,0
2017,2017-W26,Tamil Nadu,Scrub Typhus And Dengue And Leptospirosis,57,0
2017,2017-W26,Telangana,Acute Diarrheal Disease,428,0
2017,2017-W26,Uttar Pradesh,Acute Diarrheal Disease,32,3
2017,2017-W27,Assam,Bacillary Dysentery,32,0
2017,2017-W27,Assam,Measles,15,0
2017,2017-W27,Bihar,Acute Diarrheal Disease,12,1
2017,2017-W27,Bihar,Food Poisoning,190,0
2017,2017-W27,Gujarat,Cholera,19,0
2017,2017-W27,Himachal Pradesh,Acute Diarrheal Disease,64,0
2017,2017-W27,Jammu And Kashmir,Enteric Fever,15,0
2017,2017-W27,Jammu And Kashmir,Food Poisoning,22,0
2017,2017-W27,Karnataka,Acute Diarrheal Disease,40,0
2017,2017-W27,Karnataka,Chikungunya,38,0
2017,2017-W27,Karnataka,Dengue,96,0
2017,2017-W27,Karnataka,Fever,111,0
2017,2017-W27,Karnataka,Food Poisoning,40,0
2017,2017-W27,Kerala,Food Poisoning,82,0
2017,2017-W27,Maharashtra,Acute Diarrheal Disease,83,0
2017,2017-W27,Maharashtra,Chikungunya,106,0
2017,2017-W27,Maharashtra,Hepatitis E,10,0
2017,2017-W27,Punjab,Cholera,42,0
2017,2017-W27,Rajasthan,Food Poisoning,84,0
2017,2017-W27,Tamil Nadu,Acute Diarrheal Disease,33,0
2017,2017-W27,Tamil Nadu,Fever,78,0
2017,2017-W27,Tamil Nadu,Food Poisoning,42,0
2017,2017-W27,Telangana,Acute Diarrheal Disease,58,0
2017,2017-W27,Telangana,Food Poisoning,48,0
2017,2017-W28,Andhra Pradesh,Food Poisoning,9,0
2017,2017-W28,Andhra Pradesh,Malaria,14,0
2017,2017-W28,Arunachal Pradesh,Enteric Fever,38,0
2017,2017-W28,Assam,Acute Encephalitis Syndrome (Japanese Encephalitis),81,8
2017,2017-W28,Assam,Japanese Encephalitis,9,1
2017,2017-W28,Bihar,Food Poisoning,68,0
2017,2017-W28,Chhattisgarh,Food Poisoning,30,0
2017,2017-W28,Gujarat,Acute Diarrheal Disease,104,0
2017,2017-W28,Gujarat,Chandipura Vesiculovirus (Chpv),2,2
2017,2017-W28,Gujarat,Measles,5,0
2017,2017-W28,Haryana,Acute Diarrheal Disease,10,0
2017,2017-W28,Himachal Pradesh,Acute Diarrheal Disease,210,0
2017,2017-W28,Himachal Pradesh,Hepatitis A,25,0
2017,2017-W28,Jammu And Kashmir,Acute Diarrheal Disease,75,0
2017,2017-W28,Karnataka,Chikungunya,13,0
2017,2017-W28,Karnataka,Diphtheria,13,1
2017,2017-W28,Karnataka,Food Poisoning,154,0
2017,2017-W28,Madhya Pradesh,Dengue,49,0
2017,2017-W28,Maharashtra,Cholera,83,0
2017,2017-W28,Maharashtra,Food Poisoning,14,2
2017,2017-W28,Maharashtra,Gastroenteritis,21,0
2017,2017-W28,Maharashtra,Hepatitis A,32,0
2017,2017-W28,Manipur,Dengue,50,0
2017,2017-W28,Odisha,Anthrax,8,0
2017,2017-W28,Punjab,Cholera,590,2
2017,2017-W28,Rajasthan,Acute Diarrheal Disease,107,0
2017,2017-W28,Tamil Nadu,Acute Diarrheal Disease,26,0
2017,2017-W28,Tamil Nadu,Dengue,75,0
2017,2017-W28,Tamil Nadu,Fever,51,0
2017,2017-W28,Tamil Nadu,Zika Virus,2,0
2017,2017-W28,Telangana,Gastroenteritis,141,0
2017,2017-W28,Uttar Pradesh,Measles,24,1
2017,2017-W28,West Bengal,Acute Diarrheal Disease,457,0
2017,2017-W28,West Bengal,Food Poisoning,18,0
2017,2017-W29,Andhra Pradesh,Viral Fever,22,0
2017,2017-W29,Arunachal Pradesh,Measles,54,0
2017,2017-W29,Assam,Malaria,20,0
2017,2017-W29,Chhattisgarh,Acute Diarrheal Disease,134,0
2017,2017-W29,Chhattisgarh,Food Poisoning,20,0
2017,2017-W29,Chhattisgarh,Malaria,146,2
2017,2017-W29,Gujarat,Food Poisoning,42,0
2017,2017-W29,Gujarat,Japanese Encephalitis,1,1
2017,2017-W29,Jammu And Kashmir,Chickenpox,23,0
2017,2017-W29,Jammu And Kashmir,Mumps,10,0
2017,2017-W29,Karnataka,Chikungunya,15,0
2017,2017-W29,Karnataka,Dengue,66,0
2017,2017-W29,Karnataka,Food Poisoning,130,0
2017,2017-W29,Kerala,Hepatitis A,13,1
2017,2017-W29,Madhya Pradesh,Viral Fever,36,0
2017,2017-W29,Maharashtra,Acute Diarrheal Disease,34,2
2017,2017-W29,Maharashtra,Cholera,6,0
2017,2017-W29,Maharashtra,Dengue,373,2
2017,2017-W29,Maharashtra,Food Poisoning,38,0
2017,2017-W29,Maharashtra,Malaria,67,3
2017,2017-W29,Maharashtra,Viral Fever,42,0
2017,2017-W29,Punjab,Acute Diarrheal Disease,12,0
2017,2017-W29,Tamil Nadu,Dengue,37,1
2017,2017-W29,Tamil Nadu,Food Poisoning,141,0
2017,2017-W29,Tamil Nadu,Mumps,29,0
2017,2017-W29,Uttar Pradesh,Food Poisoning,3,2
2017,2017-W29,West Bengal,Malaria,533,0
2017,2017-W30,Assam,Chickenpox,18,0
2017,2017-W30,Assam,Dengue,82,0
2017,2017-W30,Assam,Japanese Encephalitis,6,2
2017,2017-W30,Bihar,Acute Diarrheal Disease,19,0
2017,2017-W30,Chhattisgarh,Acute Diarrheal Disease,131,0
2017,2017-W30,Chhattisgarh,Measles,9,0
2017,2017-W30,Dadra And Nagar Haveli,Mumps,8,0
2017,2017-W30,Gujarat,Acute Diarrheal Disease,13,0
2017,2017-W30,Gujarat,Cholera,47,0
2017,2017-W30,Haryana,Cholera,40,0
2017,2017-W30,Jammu And Kashmir,Acute Diarrheal Disease,338,0
2017,2017-W30,Jammu And Kashmir,Chickenpox,15,0
2017,2017-W30,Jammu And Kashmir,Mumps,36,0
2017,2017-W30,Jharkhand,Acute Diarrheal Disease,9,0
2017,2017-W30,Karnataka,Chikungunya,34,0
2017,2017-W30,Karnataka,Food Poisoning,221,0
2017,2017-W30,Kerala,Cholera,4,1
2017,2017-W30,Kerala,Food Poisoning,62,0
2017,2017-W30,Madhya Pradesh,Acute Diarrheal Disease,195,2
2017,2017-W30,Maharashtra,Acute Diarrheal Disease,41,0
2017,2017-W30,Maharashtra,Fever,24,2
2017,2017-W30,Maharashtra,Malaria,127,1
2017,2017-W30,Manipur,Dengue,58,2
2017,2017-W30,Manipur,Japanese Encephalitis,292,14
2017,2017-W30,Mizoram,Food Poisoning,107,0
2017,2017-W30,Punjab,Cholera,106,0
2017,2017-W30,Punjab,Hepatitis E,71,0
2017,2017-W30,Tamil Nadu,Acute Diarrheal Disease,54,0
2017,2017-W30,Tamil Nadu,Chickenpox,12,0
2017,2017-W30,Tamil Nadu,Fever,37,0
2017,2017-W30,Tamil Nadu,Food Poisoning,75,0
2017,2017-W30,Telangana,Dengue,26,0
2017,2017-W30,Telangana,Food Poisoning,48,0
2017,2017-W30,Uttar Pradesh,Acute Diarrheal Disease,11,0
2017,2017-W30,Uttar Pradesh,Viral Fever,10,0
2017,2017-W30,Uttarakhand,Acute Diarrheal Disease,13,0
2017,2017-W31,Andhra Pradesh,Acute Diarrheal Disease,102,0
2017,2017-W31,Arunachal Pradesh,Japanese Encephalitis,5,0
2017,2017-W31,Arunachal Pradesh,Measles,24,0
2017,2017-W31,Assam,Food Poisoning,38,0
2017,2017-W31,Assam,Measles,20,0
2017,2017-W31,Chhattisgarh,Acute Diarrheal Disease,243,2
2017,2017-W31,Chhattisgarh,Food Poisoning,139,0
2017,2017-W31,Gujarat,Acute Diarrheal Disease,66,0
2017,2017-W31,Jammu And Kashmir,Acute Diarrheal Disease,772,0
2017,2017-W31,Jammu And Kashmir,Chickenpox,22,0
2017,2017-W31,Jammu And Kashmir,Food Poisoning,82,0
2017,2017-W31,Karnataka,Acute Diarrheal Disease,144,0
2017,2017-W31,Karnataka,Chickenpox,26,0
2017,2017-W31,Karnataka,Chikungunya,142,0
2017,2017-W31,Karnataka,Dengue,46,0
2017,2017-W31,Kerala,Cholera,12,0
2017,2017-W31,Kerala,Hepatitis A,40,0
2017,2017-W31,Madhya Pradesh,Acute Diarrheal Disease,168,0
2017,2017-W31,Madhya Pradesh,Cholera,68,0
2017,2017-W31,Madhya Pradesh,Dengue,64,0
2017,2017-W31,Meghalaya,Measles And Rubella,152,0
2017,2017-W31,Mizoram,Measles,54,0
2017,2017-W31,Puducherry,Dengue,32,0
2017,2017-W31,Rajasthan,Acute Diarrheal Disease,68,2
2017,2017-W31,Tamil Nadu,Dengue,98,0
2017,2017-W31,Tamil Nadu,Fever,32,0
2017,2017-W31,Telangana,Acute Diarrheal Disease,78,0
2017,2017-W31,Telangana,Dengue,270,0
2017,2017-W31,West Bengal,Acute Diarrheal Disease,341,0
2017,2017-W31,West Bengal,Dengue,340,0
2017,2017-W31,West Bengal,Hepatitis,134,0
2017,2017-W32,Arunachal Pradesh,Measles,12,0
2017,2017-W32,Assam,Food Poisoning,49,0
2017,2017-W32,Assam,Scrub Typhus,12,0
2017,2017-W32,Bihar,Acute Diarrheal Disease,64,0
2017,2017-W32,Chhattisgarh,Acute Diarrheal Disease,115,0
2017,2017-W32,Chhattisgarh,Gastroenteritis,175,0
2017,2017-W32,Chhattisgarh,Malaria,1422,9
2017,2017-W32,Jammu And Kashmir,Acute Diarrheal Disease,88,0
2017,2017-W32,Jammu And Kashmir,Food Poisoning,16,0
2017,2017-W32,Jammu And Kashmir,Hepatitis A,16,0
2017,2017-W32,Jharkhand,Acute Diarrheal Disease,252,0
2017,2017-W32,Jharkhand,Anthrax,9,3
2017,2017-W32,Maharashtra,Falciparum Malaria,8,2
2017,2017-W32,Maharashtra,Vivax Malaria,32,0
2017,2017-W32,Punjab,Cholera,459,1
2017,2017-W32,Punjab,Hepatitis E,16,0
2017,2017-W32,Rajasthan,Acute Diarrheal Disease,16,8
2017,2017-W32,Tamil Nadu,Chikungunya,29,0
2017,2017-W32,Tamil Nadu,Food Poisoning,20,0
2017,2017-W32,Uttar Pradesh,Acute Diarrheal Disease,124,3
2017,2017-W32,West Bengal,Acute Diarrheal Disease,59,0
2017,2017-W32,West Bengal,Dengue,774,0
2017,2017-W32,West Bengal,Food Poisoning,320,0
2017,2017-W33,Arunachal Pradesh,Acute Diarrheal Disease,224,2
2017,2017-W33,Bihar,Acute Diarrheal Disease,20,0
2017,2017-W33,Chandigarh,Dengue,66,0
2017,2017-W33,Chhattisgarh,Cholera,39,0
2017,2017-W33,Gujarat,Food Poisoning,110,0
2017,2017-W33,Jammu And Kashmir,Acute Diarrheal Disease,104,0
2017,2017-W33,Karnataka,Chikungunya,68,0
2017,2017-W33,Karnataka,Dengue,56,0
2017,2017-W33,Karnataka,Diphtheria,4,0
2017,2017-W33,Kerala,Chickenpox,13,0
2017,2017-W33,Kerala,Dengue,617,4
2017,2017-W33,Madhya Pradesh,Chikungunya,65,0
2017,2017-W33,Madhya Pradesh,Dengue,18,0
2017,2017-W33,Madhya Pradesh,Food Poisoning,17,0
2017,2017-W33,Maharashtra,Chikungunya,38,0
2017,2017-W33,Maharashtra,Dengue,26,0
2017,2017-W33,Meghalaya,Chikungunya,33,0
2017,2017-W33,Meghalaya,Dengue,126,0
2017,2017-W33,Meghalaya,Japanese Encephalitis,5,1
2017,2017-W33,Odisha,Food Poisoning,20,0
2017,2017-W33,Punjab,Chickenpox,8,4
2017,2017-W33,Punjab,Fever,67,0
2017,2017-W33,Punjab,Hepatitis A,20,0
2017,2017-W33,Rajasthan,Acute Diarrheal Disease,49,0
2017,2017-W33,Tamil Nadu,Acute Diarrheal Disease,46,0
2017,2017-W33,Tamil Nadu,Chikungunya,72,0
2017,2017-W33,Tamil Nadu,Dengue,20,0
2017,2017-W33,Telangana,Dengue,42,0
2017,2017-W33,Uttar Pradesh,Malaria,160,3
2017,2017-W33,West Bengal,Dengue,2102,0
2017,2017-W33,West Bengal,Food Poisoning,20,0
2017,2017-W34,Assam,Food Poisoning,58,0
2017,2017-W34,Bihar,Acute Diarrheal Disease,66,5
2017,2017-W34,Bihar,Diphtheria,2,1
2017,2017-W34,Bihar,Falciparum Malaria,10,0
2017,2017-W34,Bihar,Herpes Simplex Encephalitis,1,1
2017,2017-W34,Jammu And Kashmir,Acute Diarrheal Disease,24,0
2017,2017-W34,Jammu And Kashmir,Mumps,48,0
2017,2017-W34,Karnataka,Chikungunya,59,0
2017,2017-W34,Karnataka,Cholera,78,0
2017,2017-W34,Karnataka,Dengue,140,0
2017,2017-W34,Madhya Pradesh,Food Poisoning,115,0
2017,2017-W34,Maharashtra,Gastroenteritis,27,0
2017,2017-W34,Maharashtra,Japanese Encephalitis,2,0
2017,2017-W34,Maharashtra,Scrub Typhus,2,1
2017,2017-W34,Uttar Pradesh,Acute Diarrheal Disease,39,2
2017,2017-W34,Uttar Pradesh,Diphtheria,12,4
2017,2017-W34,Uttarakhand,Typhoid,70,0
2017,2017-W34,West Bengal,Dengue,1790,0
2017,2017-W35,Assam,Acute Diarrheal Disease,576,0
2017,2017-W35,Assam,Cholera,24,0
2017,2017-W35,Bihar,Acute Diarrheal Disease,31,1
2017,2017-W35,Chandigarh,Dengue,154,0
2017,2017-W35,Chhattisgarh,Acute Diarrheal Disease,26,5
2017,2017-W35,Chhattisgarh,Fever With Rash,16,0
2017,2017-W35,Jammu And Kashmir,Acute Diarrheal Disease,36,0
2017,2017-W35,Jammu And Kashmir,Hepatitis A,9,0
2017,2017-W35,Jammu And Kashmir,Mumps,23,0
2017,2017-W35,Jharkhand,Measles,58,0
2017,2017-W35,Karnataka,Acute Diarrheal Disease,17,0
2017,2017-W35,Karnataka,Chikungunya And Dengue,15,0
2017,2017-W35,Karnataka,Gastroenteritis,175,0
2017,2017-W35,Madhya Pradesh,Chikungunya,86,0
2017,2017-W35,Madhya Pradesh,Food Poisoning,13,0
2017,2017-W35,Madhya Pradesh,Measles,16,0
2017,2017-W35,Maharashtra,Vivax Malaria,11,0
2017,2017-W35,Manipur,Dengue,328,0
2017,2017-W35,Manipur,Japanese Encephalitis,342,0
2017,2017-W35,Nagaland,Food Poisoning,270,0
2017,2017-W35,Odisha,Chickenpox,26,0
2017,2017-W35,Odisha,Hepatitis A,4,0
2017,2017-W35,Rajasthan,Scrub Typhus,17,0
2017,2017-W35,Telangana,Acute Diarrheal Disease,54,0
2017,2017-W35,Uttar Pradesh,Acute Diarrheal Disease,10,0
2017,2017-W35,Uttar Pradesh,Food Poisoning,24,0
2017,2017-W35,Uttar Pradesh,Measles,64,0
2017,2017-W35,West Bengal,Acute Diarrheal Disease,194,0
2017,2017-W35,West Bengal,Dengue,383,0
2017,2017-W36,Andhra Pradesh,Acute Diarrheal Disease,48,0
2017,2017-W36,Andhra Pradesh,Anthrax,6,0
2017,2017-W36,Assam,Acute Diarrheal Disease,8,0
2017,2017-W36,Assam,Food Poisoning,96,0
2017,2017-W36,Assam,Scrub Typhus,2,0
2017,2017-W36,Assam,Shigellosis,57,0
2017,2017-W36,Bihar,Acute Diarrheal Disease,75,6
2017,2017-W36,Bihar,Food Poisoning,96,0
2017,2017-W36,Himachal Pradesh,Dengue,10,0
2017,2017-W36,Jammu And Kashmir,Acute Diarrheal Disease,62,0
2017,2017-W36,Jammu And Kashmir,Chickenpox,28,0
2017,2017-W36,Karnataka,Chikungunya And Dengue,32,0
2017,2017-W36,Karnataka,Dengue,95,0
2017,2017-W36,Maharashtra,Acute Diarrheal Disease,120,2
2017,2017-W36,Maharashtra,Dengue,11,0
2017,2017-W36,Maharashtra,Gastroenteritis,28,0
2017,2017-W36,Maharashtra,Vivax Malaria,6,0
2017,2017-W36,Odisha,Chickenpox,12,0
2017,2017-W36,Odisha,Food Poisoning,14,4
2017,2017-W36,Odisha,Shigellosis,56,0
2017,2017-W36,Punjab,Hepatitis E,126,0
2017,2017-W36,Punjab,Mumps,30,0
2017,2017-W36,Sikkim,Scrub Typhus,29,2
2017,2017-W36,Tamil Nadu,Food Poisoning,22,0
2017,2017-W36,Telangana,Dengue,32,0
2017,2017-W36,Uttar Pradesh,Acute Diarrheal Disease,94,2
2017,2017-W36,Uttar Pradesh,Diphtheria,2,1
2017,2017-W36,Uttar Pradesh,Measles,150,0
2017,2017-W36,Uttarakhand,Acute Diarrheal Disease,14,0
2017,2017-W36,West Bengal,Dengue,1716,0
2017,2017-W36,West Bengal,Food Poisoning,157,0
2017,2017-W37,Assam,Acute Diarrheal Disease,76,0
2017,2017-W37,Bihar,Acute Diarrheal Disease,128,6
2017,2017-W37,Bihar,Measles,10,0
2017,2017-W37,Goa,Dengue,358,0
2017,2017-W37,Gujarat,Acute Diarrheal Disease,18,0
2017,2017-W37,Jammu And Kashmir,Gastroenteritis,60,0
2017,2017-W37,Jammu And Kashmir,Mumps,85,0
2017,2017-W37,Jharkhand,Rubella,12,0
2017,2017-W37,Karnataka,Chikungunya,43,0
2017,2017-W37,Karnataka,Chikungunya And Dengue,129,0
2017,2017-W37,Karnataka,Dengue,60,0
2017,2017-W37,Kerala,Food Poisoning,35,0
2017,2017-W37,Kerala,Shigellosis,12,0
2017,2017-W37,Madhya Pradesh,Chikungunya,27,0
2017,2017-W37,Madhya Pradesh,Dengue,18,0
2017,2017-W37,Madhya Pradesh,Malaria,13,0
2017,2017-W37,Maharashtra,Acute Diarrheal Disease,98,0
2017,2017-W37,Maharashtra,Dengue,18,0
2017,2017-W37,Odisha,Anthrax,3,0
2017,2017-W37,Odisha,Food Poisoning,145,0
2017,2017-W37,Uttar Pradesh,Acute Diarrheal Disease,30,2
2017,2017-W37,Uttar Pradesh,Measles,34,0
2017,2017-W38,Assam,Dengue,8,2
2017,2017-W38,Assam,Food Poisoning,22,0
2017,2017-W38,Bihar,Acute Diarrheal Disease,15,0
2017,2017-W38,Bihar,Diarrhoea,73,2
2017,2017-W38,Bihar,Food Poisoning,19,0
2017,2017-W38,Bihar,Measles,5,0
2017,2017-W38,Chhattisgarh,Acute Diarrheal Disease,77,0
2017,2017-W38,Gujarat,Acute Diarrheal Disease,34,0
2017,2017-W38,Gujarat,Crimean-Congo Haemandrhagic Fever (Cchf),2,1
2017,2017-W38,Jammu And Kashmir,Chickenpox,7,0
2017,2017-W38,Jammu And Kashmir,Hepatitis A,10,0
2017,2017-W38,Jammu And Kashmir,Mumps,50,0
2017,2017-W38,Jharkhand,Food Poisoning,11,0
2017,2017-W38,Jharkhand,Measles,20,0
2017,2017-W38,Karnataka,Chickenpox,11,0
2017,2017-W38,Karnataka,Gastroenteritis,4,2
2017,2017-W38,Karnataka,Typhoid,14,0
2017,2017-W38,Kerala,Hepatitis,13,0
2017,2017-W38,Maharashtra,Chikungunya,28,0
2017,2017-W38,Maharashtra,Dengue,5,0
2017,2017-W38,Maharashtra,Fever,30,2
2017,2017-W38,Maharashtra,Measles,17,0
2017,2017-W38,Maharashtra,Vivax Malaria,5,0
2017,2017-W38,Odisha,Anthrax,3,0
2017,2017-W38,Punjab,Hepatitis E,28,0
2017,2017-W38,Tamil Nadu,Dengue,36,0
2017,2017-W38,Tamil Nadu,Leptospirosis And Typhoid,75,0
2017,2017-W38,Tamil Nadu,Typhoid,52,0
2017,2017-W38,Uttar Pradesh,Measles,198,0
2017,2017-W38,West Bengal,Acute Diarrheal Disease,248,0
2017,2017-W38,West Bengal,Chikungunya And Dengue,986,0
2017,2017-W38,West Bengal,Dengue,3380,0
2017,2017-W39,Andhra Pradesh,Fever With Arthralgia,19,0
2017,2017-W39,Gujarat,Acute Diarrheal Disease,32,0
2017,2017-W39,Kerala,Food Poisoning,17,0
2017,2017-W39,Maharashtra,Acute Diarrheal Disease,140,0
2017,2017-W39,Maharashtra,Chikungunya,138,0
2017,2017-W39,Maharashtra,Chikungunya And Dengue,25,0
2017,2017-W39,Maharashtra,Dengue,118,4
2017,2017-W39,Odisha,Gastroenteritis,21,0
2017,2017-W39,Puducherry,Dengue,55,0
2017,2017-W39,Rajasthan,Diphtheria,1,0
2017,2017-W39,Tamil Nadu,Dengue And Leptospirosis,77,0
2017,2017-W39,Tamil Nadu,Fever,62,0
2017,2017-W39,West Bengal,Dengue,284,0
2017,2017-W40,Assam,Acute Diarrheal Disease,22,0
2017,2017-W40,Bihar,Food Poisoning,288,0
2017,2017-W40,Delhi,Dengue,22,0
2017,2017-W40,Jammu And Kashmir,Mumps,18,0
2017,2017-W40,Jharkhand,Acute Diarrheal Disease,44,0
2017,2017-W40,Kerala,Acute Diarrheal Disease,172,0
2017,2017-W40,Kerala,Shigellosis,20,1
2017,2017-W40,Kerala,Typhoid,9,0
2017,2017-W40,Madhya Pradesh,Chikungunya,190,0
2017,2017-W40,Madhya Pradesh,Fever,150,0
2017,2017-W40,Maharashtra,Acute Diarrheal Disease,38,0
2017,2017-W40,Maharashtra,Dengue,1116,8
2017,2017-W40,Odisha,Anthrax,2,0
2017,2017-W40,Punjab,Dengue,588,0
2017,2017-W40,Rajasthan,Food Poisoning,62,0
2017,2017-W40,Tamil Nadu,Dengue,94,0
2017,2017-W40,Tamil Nadu,Fever With Rash,28,0
2017,2017-W40,Uttar Pradesh,Acute Diarrheal Disease,11,0
2017,2017-W41,Andhra Pradesh,Acute Diarrheal Disease,67,0
2017,2017-W41,Andhra Pradesh,Anthrax,3,0
2017,2017-W41,Assam,Fever And Headache,60,0
2017,2017-W41,Assam,Jaundice,34,0
2017,2017-W41,Bihar,Acute Diarrheal Disease,68,2
2017,2017-W41,Bihar,Dengue,42,0
2017,2017-W41,Dadra And Nagar Haveli,Hepatitis E,44,0
2017,2017-W41,Goa,Shigellosis,17,0
2017,2017-W41,Gujarat,Food Poisoning,80,0
2017,2017-W41,Himachal Pradesh,Jaundice,138,0
2017,2017-W41,Jammu And Kashmir,Mumps,30,0
2017,2017-W41,Karnataka,Acute Diarrheal Disease,206,0
2017,2017-W41,Karnataka,Chikungunya,36,0
2017,2017-W41,Karnataka,Chikungunya And Dengue,62,0
2017,2017-W41,Kerala,Gastroenteritis,86,0
2017,2017-W41,Kerala,Hepatitis A,49,0
2017,2017-W41,Madhya Pradesh,Acute Diarrheal Disease,24,2
2017,2017-W41,Madhya Pradesh,Malaria,6,0
2017,2017-W41,Maharashtra,Acute Encephalitis Syndrome (Japanese Encephalitis),24,0
2017,2017-W41,Maharashtra,Dengue,15,1
2017,2017-W41,Maharashtra,Falciparum Malaria,1,1
2017,2017-W41,Maharashtra,Fever,23,0
2017,2017-W41,Maharashtra,Japanese Encephalitis,1,0
2017,2017-W41,Maharashtra,Measles,15,0
2017,2017-W41,Meghalaya,Shigellosis,33,0
2017,2017-W41,Mizoram,Food Poisoning,104,0
2017,2017-W41,Nagaland,Scrub Typhus,14,0
2017,2017-W41,Punjab,Dengue,654,0
2017,2017-W41,Rajasthan,Mumps,80,0
2017,2017-W41,Uttar Pradesh,Acute Diarrheal Disease,85,0
2017,2017-W41,Uttar Pradesh,Diphtheria,2,0
2017,2017-W41,Uttarakhand,Dengue,18,0
2017,2017-W41,West Bengal,Dengue,284,0
2017,2017-W42,Assam,Acute Diarrheal Disease,68,0
2017,2017-W42,Assam,Dengue,14,0
2017,2017-W42,Assam,Filariasis,2,0
2017,2017-W42,Assam,Melioidosis,2,0
2017,2017-W42,Bihar,Measles,12,1
2017,2017-W42,Chhattisgarh,Acute Diarrheal Disease,15,0
2017,2017-W42,Goa,Shigellosis,45,0
2017,2017-W42,Himachal Pradesh,Jaundice,162,0
2017,2017-W42,Jharkhand,Measles,7,0
2017,2017-W42,Karnataka,Acute Diarrheal Disease,41,0
2017,2017-W42,Karnataka,Fever,30,0
2017,2017-W42,Kerala,Falciparum Malaria,2,0
2017,2017-W42,Kerala,Hepatitis A,73,0
2017,2017-W42,Kerala,Vivax Malaria,10,0
2017,2017-W42,Madhya Pradesh,Chikungunya,41,0
2017,2017-W42,Madhya Pradesh,Cholera,18,1
2017,2017-W42,Maharashtra,Acute Encephalitis Syndrome (Japanese Encephalitis),18,0
2017,2017-W42,Maharashtra,Chikungunya,16,0
2017,2017-W42,Maharashtra,Dengue,14,2
2017,2017-W42,Maharashtra,Fever,40,2
2017,2017-W42,Maharashtra,Food Poisoning,5,2
2017,2017-W42,Nagaland,Dengue,2,0
2017,2017-W42,Nagaland,Malaria,3,0
2017,2017-W42,Punjab,Dengue,568,0
2017,2017-W42,West Bengal,Chikungunya And Dengue,1470,0
2017,2017-W42,West Bengal,Dengue,917,0
2017,2017-W43,Assam,Acute Diarrheal Disease,17,2
2017,2017-W43,Assam,Dengue,27,0
2017,2017-W43,Assam,Dysentery,8,0
2017,2017-W43,Bihar,Acute Diarrheal Disease,34,1
2017,2017-W43,Chhattisgarh,Food Poisoning,5,2
2017,2017-W43,Goa,Shigellosis,45,0
2017,2017-W43,Gujarat,Japanese Encephalitis,1,0
2017,2017-W43,Jammu And Kashmir,Chickenpox,27,0
2017,2017-W43,Jharkhand,Acute Diarrheal Disease,14,0
2017,2017-W43,Karnataka,Acute Diarrheal Disease,25,0
2017,2017-W43,Karnataka,Chikungunya And Dengue,29,0
2017,2017-W43,Karnataka,Cholera,19,0
2017,2017-W43,Karnataka,Gastroenteritis,18,0
2017,2017-W43,Kerala,Acute Diarrheal Disease,12,0
2017,2017-W43,Kerala,Hepatitis A,6,0
2017,2017-W43,Kerala,Hepatitis E,25,0
2017,2017-W43,Madhya Pradesh,Chikungunya,342,0
2017,2017-W43,Madhya Pradesh,Falciparum Malaria,120,0
2017,2017-W43,Madhya Pradesh,Gastroenteritis,10,1
2017,2017-W43,Maharashtra,Acute Encephalitis Syndrome (Japanese Encephalitis),10,0
2017,2017-W43,Maharashtra,Dengue,50,2
2017,2017-W43,Maharashtra,Gastroenteritis,55,0
2017,2017-W43,Meghalaya,Shigellosis,33,1
2017,2017-W43,Odisha,Hepatitis A,4,0
2017,2017-W43,Odisha,Measles,24,0
2017,2017-W43,Punjab,Chickenpox,8,0
2017,2017-W43,Uttar Pradesh,Measles,22,0
2017,2017-W43,Uttar Pradesh,Pertussis,14,0
2017,2017-W43,West Bengal,Dengue,286,0
2017,2017-W44,Andhra Pradesh,Food Poisoning,30,0
2017,2017-W44,Assam,Dengue,10,0
2017,2017-W44,Bihar,Acute Diarrheal Disease,33,0
2017,2017-W44,Gujarat,Acute Diarrheal Disease,112,0
2017,2017-W44,Gujarat,Chikungunya,19,0
2017,2017-W44,Jharkhand,Acute Diarrheal Disease,44,0
2017,2017-W44,Jharkhand,Dengue,79,2
2017,2017-W44,Karnataka,Chikungunya,10,0
2017,2017-W44,Kerala,Food Poisoning,129,0
2017,2017-W44,Kerala,Measles,14,0
2017,2017-W44,Kerala,Typhoid,12,0
2017,2017-W44,Madhya Pradesh,Food Poisoning,57,0
2017,2017-W44,Maharashtra,Acute Encephalitis Syndrome (Japanese Encephalitis),36,2
2017,2017-W44,Maharashtra,Dengue,47,1
2017,2017-W44,Maharashtra,Fever,108,3
2017,2017-W44,Maharashtra,Gastroenteritis,64,0
2017,2017-W44,Mizoram,Gastroenteritis,18,0
2017,2017-W44,Odisha,Anthrax,2,0
2017,2017-W44,Odisha,Measles,20,0
2017,2017-W44,Punjab,Chickenpox,18,0
2017,2017-W44,Rajasthan,Acute Diarrheal Disease,191,0
2017,2017-W44,Uttar Pradesh,Measles,33,0
2017,2017-W44,West Bengal,Dengue,1583,0
2017,2017-W45,Bihar,Food Poisoning,152,0
2017,2017-W45,Gujarat,Crimean-Congo Haemandrhagic Fever (Cchf),2,0
2017,2017-W45,Gujarat,Measles,72,0
2017,2017-W45,Himachal Pradesh,Dengue,45,0
2017,2017-W45,Himachal Pradesh,Diarrhoea,56,0
2017,2017-W45,Jammu And Kashmir,Hepatitis A,87,0
2017,2017-W45,Karnataka,Fever,50,0
2017,2017-W45,Karnataka,Food Poisoning,44,0
2017,2017-W45,Karnataka,Leishmaniasis,10,0
2017,2017-W45,Kerala,Food Poisoning,60,0
2017,2017-W45,Madhya Pradesh,Fever,70,0
2017,2017-W45,Maharashtra,Acute Diarrheal Disease,54,0
2017,2017-W45,Maharashtra,Dengue,99,6
2017,2017-W45,Maharashtra,Dengue And Leptospirosis,14,2
2017,2017-W45,Maharashtra,Fever,18,4
2017,2017-W45,Maharashtra,Food Poisoning,206,0
2017,2017-W45,Odisha,Food Poisoning,14,0
2017,2017-W45,Tamil Nadu,Acute Diarrheal Disease,52,0
2017,2017-W45,Tripura,Scrub Typhus,19,0
2017,2017-W46,Arunachal Pradesh,Gastroenteritis,39,0
2017,2017-W46,Assam,Food Poisoning,50,0
2017,2017-W46,Bihar,Malaria,20,2
2017,2017-W46,Gujarat,Measles,13,0
2017,2017-W46,Gujarat,Typhoid,28,0
2017,2017-W46,Jharkhand,Acute Diarrheal Disease,140,6
2017,2017-W46,Jharkhand,Dengue,40,0
2017,2017-W46,Jharkhand,Falciparum Malaria,18,1
2017,2017-W46,Kerala,Measles,26,0
2017,2017-W46,Madhya Pradesh,Acute Diarrheal Disease,35,0
2017,2017-W46,Madhya Pradesh,Chikungunya,47,0
2017,2017-W46,Madhya Pradesh,Fever,46,0
2017,2017-W46,Maharashtra,Chikungunya,61,0
2017,2017-W46,Maharashtra,Cholera,5825,0
2017,2017-W46,Maharashtra,Dengue,20,2
2017,2017-W46,Maharashtra,Food Poisoning,114,2
2017,2017-W46,Odisha,Chickenpox,7,0
2017,2017-W46,Sikkim,Dengue,120,0
2017,2017-W46,Tamil Nadu,Chickenpox,16,0
2017,2017-W46,Tamil Nadu,Chikungunya,4,0
2017,2017-W46,Uttar Pradesh,Chickenpox,6,0
2017,2017-W46,West Bengal,Acute Diarrheal Disease,101,1
2017,2017-W46,West Bengal,Food Poisoning,89,0
2017,2017-W47,Andhra Pradesh,Chickenpox And Mumps,18,0
2017,2017-W47,Assam,Acute Diarrheal Disease,2,1
2017,2017-W47,Bihar,Measles,31,0
2017,2017-W47,Delhi,Measles,80,0
2017,2017-W47,Gujarat,Food Poisoning,32,0
2017,2017-W47,Himachal Pradesh,Acute Diarrheal Disease,302,0
2017,2017-W47,Jharkhand,Chikungunya,18,0
2017,2017-W47,Karnataka,Acute Diarrheal Disease,25,0
2017,2017-W47,Karnataka,Food Poisoning,20,0
2017,2017-W47,Karnataka,Malaria,81,0
2017,2017-W47,Kerala,Food Poisoning,40,0
2017,2017-W47,Madhya Pradesh,Chickenpox,8,0
2017,2017-W47,Madhya Pradesh,Food Poisoning,61,0
2017,2017-W47,Madhya Pradesh,Measles,5,0
2017,2017-W47,Maharashtra,Acute Diarrheal Disease,251,0
2017,2017-W47,Maharashtra,Chikungunya,87,0
2017,2017-W47,Maharashtra,Chikungunya And Dengue,98,2
2017,2017-W47,Maharashtra,Dengue,64,5
2017,2017-W47,Maharashtra,Fever,16,2
2017,2017-W47,Odisha,Acute Diarrheal Disease,12,0
2017,2017-W47,Rajasthan,Japanese Encephalitis,28,2
2017,2017-W47,Telangana,Food Poisoning,23,0
2017,2017-W47,Uttar Pradesh,Food Poisoning,206,0
2017,2017-W47,Uttar Pradesh,Measles,20,0
2017,2017-W48,Bihar,Acute Diarrheal Disease,150,2
2017,2017-W48,Bihar,Chickenpox,24,0
2017,2017-W48,Bihar,Dengue,18,0
2017,2017-W48,Jharkhand,Acute Diarrheal Disease,10,0
2017,2017-W48,Jharkhand,Measles,6,0
2017,2017-W48,Kerala,Hepatitis A,21,0
2017,2017-W48,Maharashtra,Dengue,6,0
2017,2017-W48,Maharashtra,Measles,37,0
2017,2017-W48,Tripura,Food Poisoning,9,2
2017,2017-W48,Uttar Pradesh,Measles,32,0
2017,2017-W49,Chhattisgarh,Japanese Encephalitis,9,4
2017,2017-W49,Gujarat,Acute Diarrheal Disease,220,0
2017,2017-W49,Gujarat,Food Poisoning,116,0
2017,2017-W49,Gujarat,Hepatitis A,40,0
2017,2017-W49,Jharkhand,Chickenpox,18,0
2017,2017-W49,Jharkhand,Japanese Encephalitis,2,1
2017,2017-W49,Kerala,Acute Diarrheal Disease,24,0
2017,2017-W49,Kerala,Food Poisoning,16,2
2017,2017-W49,Kerala,Influenza B,112,0
2017,2017-W49,Kerala,Typhoid,26,0
2017,2017-W49,Maharashtra,Dengue,20,0
2017,2017-W49,Maharashtra,Measles,34,0
2017,2017-W49,Punjab,Chickenpox,52,0
2017,2017-W49,Punjab,Mumps,20,0
2017,2017-W49,Tamil Nadu,Chikungunya,50,0
2017,2017-W49,Tamil Nadu,Food Poisoning,58,0
2017,2017-W50,Assam,Malaria,186,0
2017,2017-W50,Bihar,Measles,18,0
2017,2017-W50,Chhattisgarh,Japanese Encephalitis,17,4
2017,2017-W50,Gujarat,Cholera,2,0
2017,2017-W50,Gujarat,Food Poisoning,308,0
2017,2017-W50,Jharkhand,Food Poisoning,28,0
2017,2017-W50,Jharkhand,Malaria,56,0
2017,2017-W50,Maharashtra,Chikungunya,63,0
2017,2017-W50,Telangana,Acute Diarrheal Disease,44,0
2017,2017-W51,Bihar,Chickenpox,42,0
2017,2017-W51,Chhattisgarh,Chickenpox,41,0
2017,2017-W51,Himachal Pradesh,Acute Diarrheal Disease,114,0
2017,2017-W51,Jharkhand,Measles,101,0
2017,2017-W51,Maharashtra,Acute Diarrheal Disease,53,0
2017,2017-W51,Maharashtra,Chikungunya,35,0
2017,2017-W51,Maharashtra,Dengue,6,0
2017,2017-W51,Maharashtra,Food Poisoning,32,0
2017,2017-W51,Odisha,Food Poisoning,15,0
2017,2017-W51,Rajasthan,Dengue,60,0
2017,2017-W51,Uttar Pradesh,Measles,16,0
2017,2017-W51,West Bengal,Food Poisoning,63,0
2017,2017-W52,Andhra Pradesh,Anthrax,7,0
2017,2017-W52,Assam,Acute Diarrheal Disease,58,1
2017,2017-W52,Assam,Measles,22,0
2017,2017-W52,Bihar,Chickenpox,14,0
2017,2017-W52,Bihar,Measles,63,6
2017,2017-W52,Gujarat,Cholera,65,0
2017,2017-W52,Haryana,Measles,22,0
2017,2017-W52,Karnataka,Cholera,19,2
2017,2017-W52,Maharashtra,Chikungunya,13,0
2017,2017-W52,Maharashtra,Japanese Encephalitis,7,0
2017,2017-W52,Maharashtra,Measles,6,0
2017,2017-W52,Odisha,Chickenpox,27,0
2017,2017-W52,Telangana,Chikungunya,39,0
2017,2017-W52,Uttar Pradesh,Measles,36,0
2018,2018-W01,Andhra Pradesh,Acute Diarrheal Disease,58,0
2018,2018-W01,Assam,Chickenpox,16,0
2018,2018-W01,Assam,Fever,47,0
2018,2018-W01,Assam,Food Poisoning,124,0
2018,2018-W01,Bihar,Chickenpox,20,0
2018,2018-W01,Bihar,Measles,43,0
2018,2018-W01,Chhattisgarh,Measles,10,0
2018,2018-W01,Jharkhand,Measles,30,0
2018,2018-W01,Karnataka,Chickenpox,32,0
2018,2018-W01,Karnataka,Chikungunya,110,0
2018,2018-W01,Kerala,Acute Diarrheal Disease,42,0
2018,2018-W01,Maharashtra,Chikungunya,9,0
2018,2018-W01,Maharashtra,Dengue,80,0
2018,2018-W01,Maharashtra,Hepatitis A,177,0
2018,2018-W01,Maharashtra,Malaria,26,2
2018,2018-W01,Maharashtra,Measles,10,0
2018,2018-W01,Mizoram,Scrub Typhus,81,1
2018,2018-W01,Uttar Pradesh,Chickenpox,11,0
2018,2018-W01,Uttar Pradesh,Measles,56,0
2018,2018-W01,West Bengal,Acute Diarrheal Disease,78,0
2018,2018-W02,Chandigarh,Acute Diarrheal Disease,62,0
2018,2018-W02,Chandigarh,Hepatitis E,34,0
2018,2018-W02,Jharkhand,Chickenpox,28,0
2018,2018-W02,Jharkhand,Diphtheria,2,0
2018,2018-W02,Jharkhand,Measles,46,0
2018,2018-W02,Karnataka,Chickenpox,44,0
2018,2018-W02,Karnataka,Chikungunya,170,0
2018,2018-W02,Karnataka,Influenza B,84,0
2018,2018-W02,Kerala,Measles,12,0
2018,2018-W02,Maharashtra,Acute Diarrheal Disease,41,0
2018,2018-W02,Maharashtra,Chikungunya,34,0
2018,2018-W02,Mizoram,Food Poisoning,254,0
2018,2018-W02,Odisha,Chickenpox,15,0
2018,2018-W02,Rajasthan,Food Poisoning,182,0
2018,2018-W02,Tamil Nadu,Chickenpox,56,0
2018,2018-W02,Telangana,Food Poisoning,36,0
2018,2018-W02,Uttar Pradesh,Chickenpox,28,0
2018,2018-W02,Uttar Pradesh,Measles,25,0
2018,2018-W03,Andhra Pradesh,Food Poisoning,131,0
2018,2018-W03,Assam,Measles,5,0
2018,2018-W03,Bihar,Chickenpox,108,0
2018,2018-W03,Bihar,Measles,22,0
2018,2018-W03,Delhi,Measles,8,0
2018,2018-W03,Gujarat,Acute Diarrheal Disease,196,0
2018,2018-W03,Gujarat,Measles,6,0
2018,2018-W03,Jharkhand,Food Poisoning,36,0
2018,2018-W03,Jharkhand,Measles,42,0
2018,2018-W03,Karnataka,Acute Diarrheal Disease,33,0
2018,2018-W03,Karnataka,Chickenpox,61,0
2018,2018-W03,Karnataka,Chikungunya,12,0
2018,2018-W03,Maharashtra,Acute Diarrheal Disease,73,0
2018,2018-W03,Maharashtra,Food Poisoning,27,0
2018,2018-W03,Mizoram,Scrub Typhus,390,0
2018,2018-W03,Odisha,Chickenpox,16,0
2018,2018-W03,Puducherry,Scrub Typhus,90,0
2018,2018-W03,Punjab,Acute Diarrheal Disease,37,0
2018,2018-W03,Punjab,Mumps,18,0
2018,2018-W03,Rajasthan,Measles,20,2
2018,2018-W03,Telangana,Food Poisoning,50,0
2018,2018-W03,Uttar Pradesh,Measles,38,0
2018,2018-W03,West Bengal,Food Poisoning,63,0
2018,2018-W04,Bihar,Chickenpox,26,0
2018,2018-W04,Bihar,Measles,24,0
2018,2018-W04,Gujarat,Acute Diarrheal Disease,25,0
2018,2018-W04,Gujarat,Fever,56,0
2018,2018-W04,Jammu And Kashmir,Hepatitis B,54,4
2018,2018-W04,Jharkhand,Chickenpox,11,0
2018,2018-W04,Karnataka,Acute Diarrheal Disease,23,0
2018,2018-W04,Karnataka,Chikungunya,15,0
2018,2018-W04,Karnataka,Mumps,24,0
2018,2018-W04,Kerala,Acute Diarrheal Disease,112,0
2018,2018-W04,Kerala,Food Poisoning,29,0
2018,2018-W04,Madhya Pradesh,Measles,8,0
2018,2018-W04,Maharashtra,Dengue,11,0
2018,2018-W04,Maharashtra,Measles,26,0
2018,2018-W04,Odisha,Food Poisoning,638,0
2018,2018-W04,Puducherry,Scrub Typhus,37,0
2018,2018-W04,Rajasthan,Food Poisoning,29,0
2018,2018-W04,Tamil Nadu,Chickenpox,51,0
2018,2018-W04,Tamil Nadu,Dengue,12,0
2018,2018-W04,Tamil Nadu,Food Poisoning,28,0
2018,2018-W04,Uttar Pradesh,Measles,46,0
2018,2018-W05,Andhra Pradesh,Acute Diarrheal Disease,24,5
2018,2018-W05,Arunachal Pradesh,Mumps,22,0
2018,2018-W05,Bihar,Chickenpox,30,0
2018,2018-W05,Bihar,Measles,38,0
2018,2018-W05,Chhattisgarh,Food Poisoning,15,3
2018,2018-W05,Chhattisgarh,Gastroenteritis,61,0
2018,2018-W05,Delhi,Measles,12,0
2018,2018-W05,Gujarat,Food Poisoning,22,0
2018,2018-W05,Gujarat,Measles,19,0
2018,2018-W05,Jharkhand,Chickenpox,44,0
2018,2018-W05,Karnataka,Chickenpox,27,0
2018,2018-W05,Karnataka,Influenza B,72,0
2018,2018-W05,Kerala,Food Poisoning,40,0
2018,2018-W05,Kerala,Influenza B,71,0
2018,2018-W05,Madhya Pradesh,Chickenpox,120,0
2018,2018-W05,Madhya Pradesh,Measles,45,0
2018,2018-W05,Madhya Pradesh,Neonatal Tetanus,4,4
2018,2018-W05,Maharashtra,Chickenpox,21,0
2018,2018-W05,Maharashtra,Food Poisoning,94,0
2018,2018-W05,Odisha,Chickenpox,34,0
2018,2018-W05,Puducherry,Chickenpox,9,0
2018,2018-W05,Rajasthan,Measles,20,1
2018,2018-W05,Tamil Nadu,Acute Diarrheal Disease,46,0
2018,2018-W05,Tamil Nadu,Chickenpox,82,0
2018,2018-W05,Tamil Nadu,Chikungunya,15,0
2018,2018-W05,Tamil Nadu,Fever,11,0
2018,2018-W05,Tamil Nadu,Food Poisoning,30,0
2018,2018-W05,Telangana,Viral Fever,26,1
2018,2018-W05,Uttar Pradesh,Measles,17,0
2018,2018-W06,Andhra Pradesh,Acute Diarrheal Disease,18,0
2018,2018-W06,Andhra Pradesh,Cutaneous Anthrax,2,0
2018,2018-W06,Arunachal Pradesh,Acute Diarrheal Disease,34,0
2018,2018-W06,Assam,Acute Flaccid Paralysis,1,0
2018,2018-W06,Bihar,Measles,38,0
2018,2018-W06,Chhattisgarh,Chickenpox,13,0
2018,2018-W06,Chhattisgarh,Food Poisoning,300,0
2018,2018-W06,Delhi,Measles,40,0
2018,2018-W06,Goa,Acute Diarrheal Disease,92,0
2018,2018-W06,Gujarat,Acute Diarrheal Disease,406,0
2018,2018-W06,Gujarat,Measles,22,0
2018,2018-W06,Haryana,Measles,18,0
2018,2018-W06,Jharkhand,Measles,24,0
2018,2018-W06,Karnataka,Acute Diarrheal Disease,52,0
2018,2018-W06,Karnataka,Acute Respiratandy Illness,62,0
2018,2018-W06,Karnataka,Cholera,108,6
2018,2018-W06,Karnataka,Fever,24,0
2018,2018-W06,Karnataka,Food Poisoning,540,0
2018,2018-W06,Kerala,Chickenpox,29,0
2018,2018-W06,Kerala,Dengue,10,1
2018,2018-W06,Kerala,Food Poisoning,52,0
2018,2018-W06,Kerala,Hepatitis,30,0
2018,2018-W06,Maharashtra,Chikungunya,20,0
2018,2018-W06,Maharashtra,Kyasanur Fandest Disease,5,0
2018,2018-W06,Manipur,Japanese Encephalitis,2,0
2018,2018-W06,Meghalaya,Food Poisoning,38,0
2018,2018-W06,Odisha,Acute Diarrheal Disease,40,0
2018,2018-W06,Puducherry,Chickenpox,36,0
2018,2018-W06,Puducherry,Scrub Typhus,6,0
2018,2018-W06,Rajasthan,Measles,10,0
2018,2018-W06,Tamil Nadu,Chickenpox,220,0
2018,2018-W06,Tamil Nadu,Fever,192,0
2018,2018-W06,Tamil Nadu,Leishmaniasis,158,0
2018,2018-W06,Telangana,Acute Diarrheal Disease,344,0
2018,2018-W06,Uttar Pradesh,Measles,34,0
2018,2018-W06,Uttar Pradesh,Viral Fever,158,0
2018,2018-W06,West Bengal,Food Poisoning,868,0
2018,2018-W07,Andhra Pradesh,Acute Diarrheal Disease,84,0
2018,2018-W07,Arunachal Pradesh,Measles,20,0
2018,2018-W07,Bihar,Chickenpox,54,0
2018,2018-W07,Bihar,Measles,24,0
2018,2018-W07,Jharkhand,Measles,15,0
2018,2018-W07,Karnataka,Acute Diarrheal Disease,39,0
2018,2018-W07,Karnataka,Mumps,62,0
2018,2018-W07,Kerala,Chickenpox,13,0
2018,2018-W07,Kerala,Food Poisoning,48,0
2018,2018-W07,Madhya Pradesh,Food Poisoning,538,0
2018,2018-W07,Maharashtra,Japanese Encephalitis,7,0
2018,2018-W07,Maharashtra,Measles,32,0
2018,2018-W07,Odisha,Acute Diarrheal Disease,102,0
2018,2018-W07,Odisha,Food Poisoning,70,0
2018,2018-W07,Puducherry,Scrub Typhus,12,0
2018,2018-W07,Punjab,Measles,18,0
2018,2018-W07,Tamil Nadu,Acute Diarrheal Disease,96,0
2018,2018-W07,Tamil Nadu,Chickenpox,142,0
2018,2018-W07,Tamil Nadu,Typhoid,17,0
2018,2018-W07,Telangana,Acute Diarrheal Disease,19,0
2018,2018-W07,Uttar Pradesh,Measles,18,0
2018,2018-W07,Uttarakhand,Measles,32,0
2018,2018-W08,Andhra Pradesh,Acute Diarrheal Disease,27,0
2018,2018-W08,Assam,Food Poisoning,231,0
2018,2018-W08,Bihar,Chickenpox,22,0
2018,2018-W08,Bihar,Measles,13,0
2018,2018-W08,Dadra And Nagar Haveli,Chickenpox,26,0
2018,2018-W08,Himachal Pradesh,Acute Diarrheal Disease,25,0
2018,2018-W08,Jharkhand,Chickenpox,13,0
2018,2018-W08,Jharkhand,Food Poisoning,38,0
2018,2018-W08,Karnataka,Chickenpox,69,0
2018,2018-W08,Karnataka,Influenza B,54,0
2018,2018-W08,Kerala,Chickenpox,53,0
2018,2018-W08,Kerala,Cholera,6,0
2018,2018-W08,Kerala,Hepatitis A,14,0
2018,2018-W08,Kerala,Mumps,42,0
2018,2018-W08,Madhya Pradesh,Food Poisoning,351,0
2018,2018-W08,Maharashtra,Food Poisoning,143,0
2018,2018-W08,Maharashtra,Measles,5,0
2018,2018-W08,Odisha,Food Poisoning,62,0
2018,2018-W08,Puducherry,Acute Diarrheal Disease,18,0
2018,2018-W08,Puducherry,Chickenpox,9,0
2018,2018-W08,Punjab,Measles,5,0
2018,2018-W08,Tamil Nadu,Chickenpox,155,0
2018,2018-W08,Tamil Nadu,Chikungunya,23,0
2018,2018-W08,Tamil Nadu,Dengue,32,0
2018,2018-W08,Tamil Nadu,Hepatitis A,32,0
2018,2018-W08,Telangana,Food Poisoning,105,0
2018,2018-W08,Tripura,Acute Diarrheal Disease,96,0
2018,2018-W08,Uttar Pradesh,Measles,7,0
2018,2018-W09,Andhra Pradesh,Acute Diarrheal Disease,336,0
2018,2018-W09,Andhra Pradesh,Food Poisoning,168,0
2018,2018-W09,Bihar,Chickenpox,24,0
2018,2018-W09,Chhattisgarh,Chickenpox,26,0
2018,2018-W09,Gujarat,Enteric Fever,22,0
2018,2018-W09,Gujarat,Measles,11,0
2018,2018-W09,Gujarat,Measles And Rubella,26,0
2018,2018-W09,Haryana,Measles,26,0
2018,2018-W09,Karnataka,Chickenpox,14,0
2018,2018-W09,Karnataka,Food Poisoning,140,0
2018,2018-W09,Kerala,Chickenpox,36,0
2018,2018-W09,Kerala,Hepatitis,13,0
2018,2018-W09,Kerala,Measles,14,0
2018,2018-W09,Madhya Pradesh,Measles,81,0
2018,2018-W09,Maharashtra,Chickenpox,27,0
2018,2018-W09,Manipur,Measles,90,2
2018,2018-W09,Odisha,Food Poisoning,24,0
2018,2018-W09,Odisha,Measles,20,0
2018,2018-W09,Tamil Nadu,Chickenpox,116,0
2018,2018-W09,Tamil Nadu,Chikungunya,75,0
2018,2018-W09,Uttar Pradesh,Measles,14,0
2018,2018-W10,Andhra Pradesh,Acute Diarrheal Disease,3974,8
2018,2018-W10,Andhra Pradesh,Food Poisoning,120,0
2018,2018-W10,Assam,Japanese Encephalitis,42,6
2018,2018-W10,Bihar,Chickenpox,29,0
2018,2018-W10,Bihar,Measles,12,0
2018,2018-W10,Gujarat,Acute Diarrheal Disease,254,0
2018,2018-W10,Gujarat,Measles,16,0
2018,2018-W10,Jammu And Kashmir,Food Poisoning,12,2
2018,2018-W10,Jharkhand,Measles,60,0
2018,2018-W10,Jharkhand,Viral Fever,132,0
2018,2018-W10,Karnataka,Acute Diarrheal Disease,46,0
2018,2018-W10,Karnataka,Chickenpox,20,0
2018,2018-W10,Karnataka,Enteric Fever,46,0
2018,2018-W10,Karnataka,Influenza B,32,0
2018,2018-W10,Kerala,Chickenpox,36,0
2018,2018-W10,Kerala,Chikungunya,30,0
2018,2018-W10,Maharashtra,Dengue,4,1
2018,2018-W10,Maharashtra,Measles,11,0
2018,2018-W10,Nagaland,Measles,6,4
2018,2018-W10,Odisha,Acute Diarrheal Disease,22,0
2018,2018-W10,Punjab,Measles,14,0
2018,2018-W10,Punjab,Mumps,36,0
2018,2018-W10,Tamil Nadu,Chikungunya,144,0
2018,2018-W10,Tamil Nadu,Food Poisoning,34,0
2018,2018-W10,Tamil Nadu,Mumps,32,0
2018,2018-W10,Uttar Pradesh,Food Poisoning,154,0
2018,2018-W10,Uttar Pradesh,Measles,289,2
2018,2018-W11,Andhra Pradesh,Food Poisoning,112,2
2018,2018-W11,Assam,Cholera,38,0
2018,2018-W11,Assam,Measles,10,0
2018,2018-W11,Bihar,Chickenpox,14,0
2018,2018-W11,Bihar,Measles,52,0
2018,2018-W11,Gujarat,Measles,62,0
2018,2018-W11,Haryana,Measles,10,0
2018,2018-W11,Jammu And Kashmir,Diphtheria,8,2
2018,2018-W11,Jammu And Kashmir,Measles,3,1
2018,2018-W11,Jharkhand,Chickenpox,10,0
2018,2018-W11,Jharkhand,Food Poisoning,32,0
2018,2018-W11,Karnataka,Acute Diarrheal Disease,46,0
2018,2018-W11,Karnataka,Chickenpox,52,0
2018,2018-W11,Karnataka,Fever,62,0
2018,2018-W11,Kerala,Food Poisoning,49,0
2018,2018-W11,Maharashtra,Measles,27,0
2018,2018-W11,Meghalaya,Rubella,72,0
2018,2018-W11,Punjab,Chickenpox,21,0
2018,2018-W11,Punjab,Mumps,36,0
2018,2018-W11,Rajasthan,Food Poisoning,8,2
2018,2018-W11,Uttar Pradesh,Chickenpox,24,0
2018,2018-W11,Uttar Pradesh,Measles,135,0
2018,2018-W12,Bihar,Chickenpox,98,0
2018,2018-W12,Bihar,Food Poisoning,42,0
2018,2018-W12,Bihar,Measles,6,0
2018,2018-W12,Chhattisgarh,Acute Diarrheal Disease,72,0
2018,2018-W12,Jammu And Kashmir,Measles,5,0
2018,2018-W12,Jharkhand,Measles,14,0
2018,2018-W12,Karnataka,Acute Diarrheal Disease,149,0
2018,2018-W12,Karnataka,Chikungunya,80,0
2018,2018-W12,Kerala,Acute Diarrheal Disease,53,0
2018,2018-W12,Maharashtra,Kyasanur Fandest Disease,10,4
2018,2018-W12,Maharashtra,Measles,11,0
2018,2018-W12,Manipur,Measles,66,2
2018,2018-W12,Meghalaya,Gastroenteritis,47,0
2018,2018-W12,Mizoram,Dysentery,18,0
2018,2018-W12,Odisha,Chickenpox,24,0
2018,2018-W12,Odisha,Food Poisoning,33,0
2018,2018-W12,Puducherry,Chickenpox,74,0
2018,2018-W12,Punjab,Food Poisoning,43,0
2018,2018-W12,Tamil Nadu,Chickenpox,31,0
2018,2018-W12,Tamil Nadu,Chikungunya,10,0
2018,2018-W12,Tamil Nadu,Enteric Fever,31,0
2018,2018-W12,Telangana,Acute Diarrheal Disease,158,0
2018,2018-W12,Uttar Pradesh,Chickenpox,6,0
2018,2018-W12,Uttar Pradesh,Measles,40,0
2018,2018-W12,West Bengal,Acute Diarrheal Disease,6,0
2018,2018-W13,Andhra Pradesh,Acute Diarrheal Disease,71,0
2018,2018-W13,Andhra Pradesh,Chickenpox,16,0
2018,2018-W13,Andhra Pradesh,Cutaneous Anthrax,4,0
2018,2018-W13,Andhra Pradesh,Food Poisoning,355,0
2018,2018-W13,Arunachal Pradesh,Acute Diarrheal Disease,30,0
2018,2018-W13,Arunachal Pradesh,Food Poisoning,17,0
2018,2018-W13,Assam,Chickenpox,7,0
2018,2018-W13,Assam,Food Poisoning,37,1
2018,2018-W13,Bihar,Chickenpox,28,0
2018,2018-W13,Chhattisgarh,Food Poisoning,12,0
2018,2018-W13,Chhattisgarh,Hepatitis E,179,0
2018,2018-W13,Gujarat,Food Poisoning,92,0
2018,2018-W13,Himachal Pradesh,Acute Diarrheal Disease,25,0
2018,2018-W13,Jammu And Kashmir,Gastroenteritis,37,0
2018,2018-W13,Jharkhand,Measles,25,0
2018,2018-W13,Karnataka,Chickenpox,32,0
2018,2018-W13,Kerala,Acute Diarrheal Disease,60,0
2018,2018-W13,Maharashtra,Japanese Encephalitis,4,0
2018,2018-W13,Maharashtra,Measles,273,0
2018,2018-W13,Manipur,Seasonal Influenza,75,0
2018,2018-W13,Rajasthan,Measles,23,0
2018,2018-W13,Tamil Nadu,Chickenpox,17,0
2018,2018-W13,Tamil Nadu,Chikungunya,36,0
2018,2018-W13,Telangana,Fever,150,0
2018,2018-W13,Telangana,Food Poisoning,60,0
2018,2018-W13,Uttar Pradesh,Food Poisoning,46,0
2018,2018-W13,Uttar Pradesh,Measles,113,0
2018,2018-W14,Andhra Pradesh,Acute Diarrheal Disease,56,0
2018,2018-W14,Andhra Pradesh,Food Poisoning,324,0
2018,2018-W14,Assam,Food Poisoning,28,0
2018,2018-W14,Bihar,Chickenpox,444,1
2018,2018-W14,Bihar,Food Poisoning,120,0
2018,2018-W14,Bihar,Measles,46,0
2018,2018-W14,Goa,Acute Diarrheal Disease,44,0
2018,2018-W14,Gujarat,Acute Diarrheal Disease,118,2
2018,2018-W14,Haryana,Measles,10,0
2018,2018-W14,Jharkhand,Chickenpox,124,0
2018,2018-W14,Karnataka,Acute Diarrheal Disease,13,0
2018,2018-W14,Karnataka,Food Poisoning,68,0
2018,2018-W14,Kerala,Food Poisoning,24,0
2018,2018-W14,Kerala,Hepatitis,78,0
2018,2018-W14,Kerala,Hepatitis A,120,0
2018,2018-W14,Madhya Pradesh,Measles,48,0
2018,2018-W14,Maharashtra,Dengue,17,0
2018,2018-W14,Maharashtra,Measles,8,0
2018,2018-W14,Manipur,Chickenpox,40,0
2018,2018-W14,Rajasthan,Acute Diarrheal Disease,182,0
2018,2018-W14,Tamil Nadu,Acute Diarrheal Disease,136,0
2018,2018-W14,Tamil Nadu,Chickenpox,46,0
2018,2018-W14,Tamil Nadu,Chikungunya,40,0
2018,2018-W14,Tamil Nadu,Food Poisoning,62,0
2018,2018-W14,Telangana,Food Poisoning,28,2
2018,2018-W14,Uttar Pradesh,Measles,104,0
2018,2018-W15,Andhra Pradesh,Acute Diarrheal Disease,19,0
2018,2018-W15,Andhra Pradesh,Cutaneous Anthrax,8,0
2018,2018-W15,Assam,Acute Diarrheal Disease,82,0
2018,2018-W15,Assam,Measles,58,0
2018,2018-W15,Assam,Scabies,30,0
2018,2018-W15,Bihar,Chickenpox,70,0
2018,2018-W15,Bihar,Chickenpox And Measles,14,0
2018,2018-W15,Chhattisgarh,Chickenpox,48,0
2018,2018-W15,Haryana,Measles,24,0
2018,2018-W15,Himachal Pradesh,Acute Diarrheal Disease,46,0
2018,2018-W15,Jammu And Kashmir,Mumps,42,0
2018,2018-W15,Jharkhand,Chickenpox,54,0
2018,2018-W15,Jharkhand,Measles,55,0
2018,2018-W15,Karnataka,Food Poisoning,50,0
2018,2018-W15,Kerala,Food Poisoning,172,0
2018,2018-W15,Madhya Pradesh,Food Poisoning,78,0
2018,2018-W15,Madhya Pradesh,Measles,18,0
2018,2018-W15,Madhya Pradesh,Pertussis,10,0
2018,2018-W15,Maharashtra,Cholera,8,0
2018,2018-W15,Maharashtra,Fever,42,0
2018,2018-W15,Maharashtra,Hepatitis,40,0
2018,2018-W15,Maharashtra,Measles,34,0
2018,2018-W15,Mizoram,Food Poisoning,40,0
2018,2018-W15,Odisha,Gastroenteritis,22,0
2018,2018-W15,Odisha,Hepatitis,11,0
2018,2018-W15,Punjab,Chickenpox,14,0
2018,2018-W15,Rajasthan,Measles,36,0
2018,2018-W15,Uttar Pradesh,Chickenpox,52,0
2018,2018-W15,Uttar Pradesh,Measles,85,0
2018,2018-W16,Bihar,Chickenpox,347,0
2018,2018-W16,Bihar,Measles,199,0
2018,2018-W16,Delhi,Measles,5,0
2018,2018-W16,Gujarat,Measles,14,0
2018,2018-W16,Jharkhand,Chickenpox,40,0
2018,2018-W16,Jharkhand,Measles,29,0
2018,2018-W16,Karnataka,Acute Diarrheal Disease,184,0
2018,2018-W16,Karnataka,Chickenpox,76,0
2018,2018-W16,Karnataka,Chikungunya,26,0
2018,2018-W16,Karnataka,Food Poisoning,17,0
2018,2018-W16,Karnataka,Shigellosis,170,0
2018,2018-W16,Kerala,Hepatitis A,13,0
2018,2018-W16,Punjab,Measles,8,0
2018,2018-W16,Rajasthan,Food Poisoning,454,0
2018,2018-W16,Rajasthan,Measles,14,0
2018,2018-W16,Tamil Nadu,Acute Diarrheal Disease,13,0
2018,2018-W16,Tamil Nadu,Chickenpox,75,0
2018,2018-W16,Tamil Nadu,Chikungunya,110,0
2018,2018-W16,Tamil Nadu,Food Poisoning,27,0
2018,2018-W16,Tamil Nadu,Hepatitis A,13,0
2018,2018-W16,Telangana,Chikungunya,56,0
2018,2018-W16,Uttar Pradesh,Food Poisoning,415,0
2018,2018-W16,Uttar Pradesh,Measles,265,2
2018,2018-W16,Uttarakhand,Hepatitis,80,0
2018,2018-W16,West Bengal,Acute Diarrheal Disease,41,0
2018,2018-W16,West Bengal,Food Poisoning,30,0
2018,2018-W17,Andhra Pradesh,Cutaneous Anthrax,19,0
2018,2018-W17,Assam,Acute Diarrheal Disease,28,0
2018,2018-W17,Assam,Measles,7,0
2018,2018-W17,Bihar,Chickenpox,22,0
2018,2018-W17,Bihar,Measles,60,0
2018,2018-W17,Chhattisgarh,Acute Diarrheal Disease,81,0
2018,2018-W17,Delhi,Cholera,5,0
2018,2018-W17,Delhi,Measles,22,0
2018,2018-W17,Gujarat,Acute Diarrheal Disease,45,0
2018,2018-W17,Gujarat,Food Poisoning,92,0
2018,2018-W17,Gujarat,Measles,25,0
2018,2018-W17,Haryana,Measles,24,0
2018,2018-W17,Himachal Pradesh,Acute Diarrheal Disease,27,0
2018,2018-W17,Jharkhand,Food Poisoning,44,0
2018,2018-W17,Karnataka,Chikungunya,71,0
2018,2018-W17,Karnataka,Food Poisoning,50,0
2018,2018-W17,Kerala,Acute Diarrheal Disease,25,1
2018,2018-W17,Kerala,Dengue,74,0
2018,2018-W17,Kerala,Hepatitis A,18,0
2018,2018-W17,Madhya Pradesh,Acute Diarrheal Disease,46,0
2018,2018-W17,Madhya Pradesh,Acute Encephalitic Syndrome,10,3
2018,2018-W17,Madhya Pradesh,Dengue,24,0
2018,2018-W17,Maharashtra,Acute Diarrheal Disease,47,0
2018,2018-W17,Maharashtra,Cholera,13,0
2018,2018-W17,Maharashtra,Dengue,36,2
2018,2018-W17,Maharashtra,Measles,18,0
2018,2018-W17,Manipur,Acute Diarrheal Disease,14,0
2018,2018-W17,Nagaland,Food Poisoning,38,0
2018,2018-W17,Punjab,Acute Diarrheal Disease,460,0
2018,2018-W17,Punjab,Chickenpox,27,0
2018,2018-W17,Rajasthan,Acute Diarrheal Disease,52,0
2018,2018-W17,Rajasthan,Gastroenteritis,251,0
2018,2018-W17,Tamil Nadu,Acute Diarrheal Disease,6,0
2018,2018-W17,Tamil Nadu,Chickenpox,9,0
2018,2018-W17,Tamil Nadu,Chikungunya,45,0
2018,2018-W17,Uttar Pradesh,Chickenpox,26,0
2018,2018-W17,Uttar Pradesh,Food Poisoning,52,0
2018,2018-W17,Uttar Pradesh,Measles,78,4
2018,2018-W17,Uttarakhand,Acute Diarrheal Disease,9,0
2018,2018-W17,West Bengal,Acute Diarrheal Disease,103,0
2018,2018-W17,West Bengal,Fever,40,0
2018,2018-W18,Andhra Pradesh,Cutaneous Anthrax,28,0
2018,2018-W18,Assam,Acute Diarrheal Disease,46,0
2018,2018-W18,Assam,Chickenpox,23,0
2018,2018-W18,Assam,Measles,6,2
2018,2018-W18,Assam,Mushroom Poisoning,22,0
2018,2018-W18,Bihar,Chickenpox,20,0
2018,2018-W18,Bihar,Malaria,10,6
2018,2018-W18,Bihar,Measles,25,0
2018,2018-W18,Chhattisgarh,Acute Diarrheal Disease,74,0
2018,2018-W18,Gujarat,Chikungunya,96,0
2018,2018-W18,Gujarat,Gastroenteritis,16,0
2018,2018-W18,Gujarat,Measles,96,0
2018,2018-W18,Jammu And Kashmir,Chickenpox,14,0
2018,2018-W18,Jammu And Kashmir,Food Poisoning,108,0
2018,2018-W18,Jharkhand,Chickenpox,44,0
2018,2018-W18,Karnataka,Acute Diarrheal Disease,44,0
2018,2018-W18,Karnataka,Cholera,4,0
2018,2018-W18,Madhya Pradesh,Measles,18,0
2018,2018-W18,Maharashtra,Acute Diarrheal Disease,12,0
2018,2018-W18,Maharashtra,Dengue,16,0
2018,2018-W18,Maharashtra,Gastroenteritis,56,2
2018,2018-W18,Odisha,Acute Diarrheal Disease,40,0
2018,2018-W18,Odisha,Food Poisoning,32,0
2018,2018-W18,Tamil Nadu,Acute Diarrheal Disease,152,0
2018,2018-W18,Tamil Nadu,Food Poisoning,302,0
2018,2018-W18,Uttar Pradesh,Chickenpox,20,0
2018,2018-W18,Uttar Pradesh,Measles,32,0
2018,2018-W18,West Bengal,Food Poisoning,130,0
2018,2018-W19,Assam,Chickenpox,35,0
2018,2018-W19,Bihar,Measles,94,0
2018,2018-W19,Gujarat,Measles,12,0
2018,2018-W19,Haryana,Measles,20,0
2018,2018-W19,Himachal Pradesh,Acute Diarrheal Disease,794,0
2018,2018-W19,Jharkhand,Acute Diarrheal Disease,258,0
2018,2018-W19,Jharkhand,Chickenpox,34,0
2018,2018-W19,Jharkhand,Food Poisoning,180,0
2018,2018-W19,Jharkhand,Measles,9,0
2018,2018-W19,Karnataka,Food Poisoning,310,0
2018,2018-W19,Kerala,Dengue,177,4
2018,2018-W19,Madhya Pradesh,Measles,28,0
2018,2018-W19,Maharashtra,Acute Diarrheal Disease,80,0
2018,2018-W19,Punjab,Measles,24,0
2018,2018-W19,Punjab,Mumps,46,0
2018,2018-W19,Rajasthan,Gastroenteritis,72,0
2018,2018-W19,Tamil Nadu,Chikungunya,52,0
2018,2018-W19,Uttar Pradesh,Measles,146,2
2018,2018-W19,Uttarakhand,Diphtheria,28,0
2018,2018-W20,Assam,Acute Diarrheal Disease,8,0
2018,2018-W20,Assam,Chickenpox,17,0
2018,2018-W20,Assam,Japanese Encephalitis,34,4
2018,2018-W20,Assam,Typhoid,18,0
2018,2018-W20,Bihar,Chickenpox,24,0
2018,2018-W20,Bihar,Food Poisoning,170,0
2018,2018-W20,Bihar,Measles,87,4
2018,2018-W20,Chhattisgarh,Hepatitis E,66,0
2018,2018-W20,Jammu And Kashmir,Chickenpox,17,0
2018,2018-W20,Jammu And Kashmir,Gastroenteritis,22,0
2018,2018-W20,Jammu And Kashmir,Measles,9,0
2018,2018-W20,Jharkhand,Chickenpox,30,0
2018,2018-W20,Jharkhand,Food Poisoning,26,0
2018,2018-W20,Jharkhand,Measles,53,0
2018,2018-W20,Karnataka,Acute Diarrheal Disease,39,0
2018,2018-W20,Kerala,Nipah Viral Encephalitis,18,14
2018,2018-W20,Madhya Pradesh,Measles,39,0
2018,2018-W20,Maharashtra,Acute Diarrheal Disease,176,0
2018,2018-W20,Maharashtra,Chikungunya,66,0
2018,2018-W20,Maharashtra,Dengue,22,0
2018,2018-W20,Maharashtra,Food Poisoning,20,0
2018,2018-W20,Manipur,Animal Bite - Dog Bite,14,1
2018,2018-W20,Odisha,Food Poisoning,81,0
2018,2018-W20,Rajasthan,Acute Diarrheal Disease,61,0
2018,2018-W20,Uttar Pradesh,Chickenpox,10,0
2018,2018-W20,Uttar Pradesh,Food Poisoning,15,0
2018,2018-W20,Uttar Pradesh,Measles,214,0
2018,2018-W20,Uttarakhand,Typhoid,15,0
2018,2018-W20,West Bengal,Anthrax,12,0
2018,2018-W21,Andhra Pradesh,Dengue,35,0
2018,2018-W21,Assam,Chickenpox,34,0
2018,2018-W21,Bihar,Chickenpox,110,0
2018,2018-W21,Bihar,Measles,178,2
2018,2018-W21,Chhattisgarh,Acute Diarrheal Disease,54,0
2018,2018-W21,Delhi,Cholera,12,0
2018,2018-W21,Gujarat,Acute Diarrheal Disease,83,0
2018,2018-W21,Gujarat,Measles,5,0
2018,2018-W21,Haryana,Acute Diarrheal Disease,61,0
2018,2018-W21,Himachal Pradesh,Acute Diarrheal Disease,996,0
2018,2018-W21,Jammu And Kashmir,Acute Diarrheal Disease,273,0
2018,2018-W21,Jharkhand,Measles,16,0
2018,2018-W21,Kerala,Dengue,110,0
2018,2018-W21,Kerala,Hepatitis E,55,0
2018,2018-W21,Kerala,Nipah Viral Disease,34,28
2018,2018-W21,Madhya Pradesh,Chikungunya,36,0
2018,2018-W21,Maharashtra,Acute Diarrheal Disease,147,2
2018,2018-W21,Nagaland,Measles,9,0
2018,2018-W21,Rajasthan,Measles,24,0
2018,2018-W21,Telangana,Food Poisoning,14,0
2018,2018-W21,Uttar Pradesh,Food Poisoning,22,0
2018,2018-W21,Uttar Pradesh,Measles,121,7
2018,2018-W22,Assam,Acute Diarrheal Disease,50,0
2018,2018-W22,Assam,Malaria,47,0
2018,2018-W22,Bihar,Chickenpox,38,1
2018,2018-W22,Bihar,Measles,51,1
2018,2018-W22,Chandigarh,Cholera,5,0
2018,2018-W22,Chhattisgarh,Acute Diarrheal Disease,103,0
2018,2018-W22,Chhattisgarh,Jaundice,9,0
2018,2018-W22,Dadra And Nagar Haveli,Typhoid,46,0
2018,2018-W22,Gujarat,Acute Diarrheal Disease,66,0
2018,2018-W22,Haryana,Acute Diarrheal Disease,52,0
2018,2018-W22,Haryana,Measles,10,0
2018,2018-W22,Himachal Pradesh,Japanese Encephalitis,7,0
2018,2018-W22,Jammu And Kashmir,Chickenpox,11,0
2018,2018-W22,Jammu And Kashmir,Food Poisoning,25,0
2018,2018-W22,Jammu And Kashmir,Hepatitis E,10,0
2018,2018-W22,Jammu And Kashmir,Mumps,16,0
2018,2018-W22,Jharkhand,Measles,29,0
2018,2018-W22,Karnataka,Acute Diarrheal Disease,71,0
2018,2018-W22,Kerala,Hepatitis A,11,0
2018,2018-W22,Kerala,Nipah Viral Disease,38,34
2018,2018-W22,Madhya Pradesh,Food Poisoning,17,0
2018,2018-W22,Madhya Pradesh,Japanese Encephalitis,1,1
2018,2018-W22,Maharashtra,Acute Diarrheal Disease,34,0
2018,2018-W22,Maharashtra,Chikungunya,9,0
2018,2018-W22,Maharashtra,Food Poisoning,126,0
2018,2018-W22,Maharashtra,Measles,30,0
2018,2018-W22,Odisha,Food Poisoning,16,0
2018,2018-W22,Odisha,Hepatitis,18,0
2018,2018-W22,Punjab,Chickenpox,13,0
2018,2018-W22,Punjab,Measles,6,0
2018,2018-W22,Rajasthan,Food Poisoning,12,0
2018,2018-W22,Tamil Nadu,Chikungunya,62,0
2018,2018-W22,Uttar Pradesh,Food Poisoning,49,0
2018,2018-W22,Uttar Pradesh,Measles,77,1
2018,2018-W22,West Bengal,Acute Diarrheal Disease,86,0
2018,2018-W23,Andhra Pradesh,Acute Diarrheal Disease,70,0
2018,2018-W23,Andhra Pradesh,Diarrhoea,60,2
2018,2018-W23,Assam,Acute Diarrheal Disease,32,2
2018,2018-W23,Assam,Acute Encephalitic Syndrome,3,1
2018,2018-W23,Assam,Japanese Encephalitis,12,1
2018,2018-W23,Bihar,Measles,92,0
2018,2018-W23,Goa,Dengue,86,0
2018,2018-W23,Haryana,Acute Diarrheal Disease,430,2
2018,2018-W23,Jammu And Kashmir,Measles,10,0
2018,2018-W23,Jharkhand,Food Poisoning,28,0
2018,2018-W23,Karnataka,Chikungunya,206,0
2018,2018-W23,Kerala,Acute Diarrheal Disease,37,0
2018,2018-W23,Kerala,Hepatitis A,95,0
2018,2018-W23,Kerala,Nipah Viral Disease,38,34
2018,2018-W23,Kerala,Visceral Leishmaniasis,2,0
2018,2018-W23,Madhya Pradesh,Measles,44,0
2018,2018-W23,Maharashtra,Acute Diarrheal Disease,70,0
2018,2018-W23,Maharashtra,Chikungunya,18,0
2018,2018-W23,Manipur,Scrub Typhus,8,0
2018,2018-W23,Odisha,Food Poisoning,90,0
2018,2018-W23,Punjab,Cholera,1,0
2018,2018-W23,Rajasthan,Acute Diarrheal Disease,14,0
2018,2018-W23,Tamil Nadu,Chikungunya,96,0
2018,2018-W23,Tamil Nadu,Dengue,34,0
2018,2018-W23,Uttar Pradesh,Acute Diarrheal Disease,17,0
2018,2018-W23,Uttar Pradesh,Chickenpox,23,0
2018,2018-W23,Uttar Pradesh,Food Poisoning,27,0
2018,2018-W23,Uttar Pradesh,Measles,81,1
2018,2018-W23,West Bengal,Acute Diarrheal Disease,358,0
2018,2018-W23,West Bengal,Cholera,138,0
2018,2018-W24,Andhra Pradesh,Acute Diarrheal Disease,53,0
2018,2018-W24,Assam,Acute Diarrheal Disease,121,0
2018,2018-W24,Assam,Fever,34,0
2018,2018-W24,Assam,Malaria,18,0
2018,2018-W24,Assam,Measles,38,0
2018,2018-W24,Assam,Shigellosis,290,0
2018,2018-W24,Bihar,Acute Diarrheal Disease,20,0
2018,2018-W24,Bihar,Chickenpox,89,0
2018,2018-W24,Bihar,Measles,62,0
2018,2018-W24,Chandigarh,Acute Diarrheal Disease,141,0
2018,2018-W24,Chhattisgarh,Acute Diarrheal Disease,60,0
2018,2018-W24,Goa,Dengue,86,0
2018,2018-W24,Haryana,Acute Diarrheal Disease,304,2
2018,2018-W24,Himachal Pradesh,Acute Diarrheal Disease,996,0
2018,2018-W24,Jharkhand,Acute Diarrheal Disease,250,0
2018,2018-W24,Jharkhand,Chickenpox,18,0
2018,2018-W24,Karnataka,Acute Diarrheal Disease,130,0
2018,2018-W24,Karnataka,Chikungunya,104,0
2018,2018-W24,Karnataka,Food Poisoning,108,0
2018,2018-W24,Karnataka,Shigellosis,54,0
2018,2018-W24,Kerala,Dengue,76,2
2018,2018-W24,Kerala,Food Poisoning,58,0
2018,2018-W24,Madhya Pradesh,Acute Diarrheal Disease,48,0
2018,2018-W24,Madhya Pradesh,Measles,9,0
2018,2018-W24,Maharashtra,Acute Diarrheal Disease,76,0
2018,2018-W24,Maharashtra,Dengue,14,0
2018,2018-W24,Maharashtra,Japanese Encephalitis,3,2
2018,2018-W24,Maharashtra,Measles,6,0
2018,2018-W24,Rajasthan,Food Poisoning,39,0
2018,2018-W24,Tamil Nadu,Acute Diarrheal Disease,88,0
2018,2018-W24,Tamil Nadu,Chikungunya,12,0
2018,2018-W24,Tamil Nadu,Typhoid,60,0
2018,2018-W24,Uttar Pradesh,Measles,98,0
2018,2018-W25,Andhra Pradesh,Food Poisoning,81,0
2018,2018-W25,Assam,Dengue,7,0
2018,2018-W25,Assam,Malaria,14,0
2018,2018-W25,Assam,Measles,5,0
2018,2018-W25,Bihar,Chickenpox,62,0
2018,2018-W25,Bihar,Food Poisoning,33,0
2018,2018-W25,Bihar,Kala Azar,11,0
2018,2018-W25,Bihar,Measles,86,0
2018,2018-W25,Chhattisgarh,Acute Diarrheal Disease,48,0
2018,2018-W25,Gujarat,Acute Diarrheal Disease,12,0
2018,2018-W25,Haryana,Acute Diarrheal Disease,99,0
2018,2018-W25,Himachal Pradesh,Dengue,23,0
2018,2018-W25,Jammu And Kashmir,Acute Diarrheal Disease,44,0
2018,2018-W25,Jammu And Kashmir,Food Poisoning,14,0
2018,2018-W25,Jammu And Kashmir,Hepatitis A,49,0
2018,2018-W25,Jammu And Kashmir,Jaundice,60,0
2018,2018-W25,Jammu And Kashmir,Mumps,14,0
2018,2018-W25,Jharkhand,Acute Diarrheal Disease,13,0
2018,2018-W25,Jharkhand,Food Poisoning,27,0
2018,2018-W25,Karnataka,Chikungunya,69,0
2018,2018-W25,Karnataka,Food Poisoning,84,0
2018,2018-W25,Karnataka,Malaria,57,0
2018,2018-W25,Madhya Pradesh,Acute Diarrheal Disease,54,2
2018,2018-W25,Maharashtra,Acute Diarrheal Disease,107,0
2018,2018-W25,Maharashtra,Dengue,17,3
2018,2018-W25,Maharashtra,Food Poisoning,88,5
2018,2018-W25,Odisha,Acute Diarrheal Disease,40,0
2018,2018-W25,Punjab,Acute Diarrheal Disease,75,1
2018,2018-W25,Rajasthan,Food Poisoning,10,0
2018,2018-W25,Tamil Nadu,Chikungunya,28,0
2018,2018-W25,Tamil Nadu,Food Poisoning,17,0
2018,2018-W25,Uttar Pradesh,Measles,142,10
2018,2018-W26,Assam,Chickenpox,54,0
2018,2018-W26,Assam,Dysentery,20,0
2018,2018-W26,Assam,Mushroom Poisoning,9,0
2018,2018-W26,Bihar,Acute Encephalitic Syndrome,14,0
2018,2018-W26,Gujarat,Hepatitis,40,0
2018,2018-W26,Jammu And Kashmir,Chickenpox,18,0
2018,2018-W26,Jammu And Kashmir,Mumps,6,0
2018,2018-W26,Jharkhand,Acute Diarrheal Disease,45,0
2018,2018-W26,Jharkhand,Chickenpox,26,0
2018,2018-W26,Jharkhand,Measles,15,0
2018,2018-W26,Karnataka,Dengue,21,0
2018,2018-W26,Karnataka,Food Poisoning,62,0
2018,2018-W26,Karnataka,Salmonellosis,26,0
2018,2018-W26,Kerala,Chickenpox,59,0
2018,2018-W26,Kerala,Hepatitis A,37,0
2018,2018-W26,Madhya Pradesh,Acute Diarrheal Disease,79,0
2018,2018-W26,Madhya Pradesh,Cholera,19,1
2018,2018-W26,Madhya Pradesh,Japanese Encephalitis,1,1
2018,2018-W26,Madhya Pradesh,Measles,15,0
2018,2018-W26,Madhya Pradesh,Pertussis,5,0
2018,2018-W26,Maharashtra,Acute Diarrheal Disease,45,0
2018,2018-W26,Maharashtra,Cholera,27,0
2018,2018-W26,Maharashtra,Dengue,42,0
2018,2018-W26,Odisha,Hepatitis,38,0
2018,2018-W26,Punjab,Hepatitis E,9,0
2018,2018-W26,Telangana,Food Poisoning,102,0
2018,2018-W26,Tripura,Measles,10,0
2018,2018-W27,Assam,Japanese Encephalitis,8,6
2018,2018-W27,Bihar,Measles,12,0
2018,2018-W27,Bihar,Neonatal Tetanus,1,0
2018,2018-W27,Chhattisgarh,Gastroenteritis,98,0
2018,2018-W27,Gujarat,Acute Diarrheal Disease,149,0
2018,2018-W27,Gujarat,Cholera,214,2
2018,2018-W27,Gujarat,Hepatitis,32,0
2018,2018-W27,Jammu And Kashmir,Chickenpox,38,0
2018,2018-W27,Jharkhand,Chickenpox,10,0
2018,2018-W27,Jharkhand,Food Poisoning,28,0
2018,2018-W27,Karnataka,Chikungunya,100,0
2018,2018-W27,Karnataka,Filariasis,10,0
2018,2018-W27,Kerala,Food Poisoning,78,0
2018,2018-W27,Kerala,Hepatitis A,31,0
2018,2018-W27,Madhya Pradesh,Acute Diarrheal Disease,57,0
2018,2018-W27,Madhya Pradesh,Viral Fever,12,4
2018,2018-W27,Maharashtra,Acute Diarrheal Disease,150,0
2018,2018-W27,Maharashtra,Chikungunya,211,0
2018,2018-W27,Maharashtra,Cholera,3,0
2018,2018-W27,Maharashtra,Dengue,131,1
2018,2018-W27,Mizoram,Scrub Typhus,224,2
2018,2018-W27,Punjab,Acute Diarrheal Disease,36,0
2018,2018-W27,Rajasthan,Acute Diarrheal Disease,56,0
2018,2018-W27,Tamil Nadu,Chikungunya,108,0
2018,2018-W27,Tamil Nadu,Food Poisoning,62,0
2018,2018-W27,Tamil Nadu,Leishmaniasis,28,0
2018,2018-W27,Telangana,Acute Diarrheal Disease,34,4
2018,2018-W28,Assam,Fever,28,0
2018,2018-W28,Assam,Japanese Encephalitis,4,4
2018,2018-W28,Bihar,Acute Encephalitic Syndrome,10,4
2018,2018-W28,Chhattisgarh,Dvd,30,0
2018,2018-W28,Dadra And Nagar Haveli,Acute Diarrheal Disease,23,0
2018,2018-W28,Dadra And Nagar Haveli,Cholera,3,0
2018,2018-W28,Gujarat,Acute Diarrheal Disease,31,0
2018,2018-W28,Gujarat,Cholera,77,0
2018,2018-W28,Himachal Pradesh,Acute Diarrheal Disease,296,0
2018,2018-W28,Himachal Pradesh,Dengue,682,0
2018,2018-W28,Jammu And Kashmir,Chickenpox,19,0
2018,2018-W28,Jammu And Kashmir,Measles,33,0
2018,2018-W28,Jharkhand,Measles,10,0
2018,2018-W28,Karnataka,Chikungunya,30,0
2018,2018-W28,Karnataka,Diphtheria,10,0
2018,2018-W28,Karnataka,Food Poisoning,12,0
2018,2018-W28,Karnataka,Melioidosis,2,0
2018,2018-W28,Karnataka,Mumps,64,0
2018,2018-W28,Madhya Pradesh,Food Poisoning,140,0
2018,2018-W28,Madhya Pradesh,Measles,28,0
2018,2018-W28,Maharashtra,Acute Diarrheal Disease,222,0
2018,2018-W28,Maharashtra,Acute Encephalitic Syndrome,1,1
2018,2018-W28,Maharashtra,Food Poisoning,22,0
2018,2018-W28,Maharashtra,Gastroenteritis,372,0
2018,2018-W28,Maharashtra,"Hand, Foot And Mouth Disease (Hfmd)",14,0
2018,2018-W28,Odisha,Acute Diarrheal Disease,9,1
2018,2018-W28,Punjab,Acute Diarrheal Disease,174,0
2018,2018-W28,Rajasthan,Acute Diarrheal Disease,260,0
2018,2018-W28,Rajasthan,Food Poisoning,15,0
2018,2018-W28,Tamil Nadu,Acute Diarrheal Disease,44,0
2018,2018-W28,Tamil Nadu,Hepatitis A,22,0
2018,2018-W28,Tamil Nadu,Leishmaniasis,59,0
2018,2018-W28,Telangana,Dengue,28,0
2018,2018-W29,Assam,Acute Encephalitic Syndrome,1,1
2018,2018-W29,Assam,Japanese Encephalitis,9,6
2018,2018-W29,Assam,Jaundice,13,0
2018,2018-W29,Assam,Malaria,2,2
2018,2018-W29,Bihar,Japanese Encephalitis,2,2
2018,2018-W29,Goa,Dengue,49,0
2018,2018-W29,Gujarat,Acute Diarrheal Disease,116,2
2018,2018-W29,Gujarat,Acute Viral Encephalitis (Chandipura),4,4
2018,2018-W29,Gujarat,Cholera,1,0
2018,2018-W29,Gujarat,Measles,12,0
2018,2018-W29,Haryana,Diarrhoea,20,0
2018,2018-W29,Haryana,Measles,23,0
2018,2018-W29,Himachal Pradesh,Acute Diarrheal Disease,114,0
2018,2018-W29,Himachal Pradesh,Acute Encephalitic Syndrome,4,0
2018,2018-W29,Himachal Pradesh,Dengue,47,0
2018,2018-W29,Jharkhand,Acute Diarrheal Disease,12,0
2018,2018-W29,Kerala,Chickenpox,26,0
2018,2018-W29,Madhya Pradesh,Acute Diarrheal Disease,453,1
2018,2018-W29,Madhya Pradesh,Food Poisoning,150,2
2018,2018-W29,Maharashtra,Acute Diarrheal Disease,30,0
2018,2018-W29,Maharashtra,Chikungunya,56,0
2018,2018-W29,Maharashtra,Dengue,173,0
2018,2018-W29,Maharashtra,Hepatitis,14,0
2018,2018-W29,Maharashtra,Japanese Encephalitis,181,0
2018,2018-W29,Maharashtra,Malaria,15,1
2018,2018-W29,Nagaland,Dengue,16,0
2018,2018-W29,Odisha,Food Poisoning,158,0
2018,2018-W29,Odisha,Japanese Encephalitis,11,1
2018,2018-W29,Odisha,Viral Hepatitis,18,0
2018,2018-W29,Puducherry,Chickenpox,20,0
2018,2018-W29,Punjab,Cholera,421,5
2018,2018-W29,Rajasthan,Food Poisoning,61,0
2018,2018-W29,Tamil Nadu,Acute Diarrheal Disease,56,0
2018,2018-W29,Tamil Nadu,Chickenpox,33,0
2018,2018-W29,Tamil Nadu,Chikungunya,65,0
2018,2018-W29,Tamil Nadu,Chikungunya And Leptospirosis,64,0
2018,2018-W29,Telangana,Food Poisoning,51,0
2018,2018-W29,Uttar Pradesh,Food Poisoning,48,0
2018,2018-W30,Andhra Pradesh,Food Poisoning,21,0
2018,2018-W30,Assam,Acute Encephalitic Syndrome,1,1
2018,2018-W30,Assam,Japanese Encephalitis,28,6
2018,2018-W30,Goa,Dengue,48,2
2018,2018-W30,Goa,Melioidosis,2,2
2018,2018-W30,Gujarat,Acute Diarrheal Disease,26,0
2018,2018-W30,Gujarat,Chandipura Vesiculovirus (Chpv),2,0
2018,2018-W30,Gujarat,Viral Fever,50,0
2018,2018-W30,Haryana,Acute Diarrheal Disease,42,0
2018,2018-W30,Jharkhand,Measles,17,0
2018,2018-W30,Karnataka,Melioidosis,2,0
2018,2018-W30,Kerala,Dengue,37,0
2018,2018-W30,Madhya Pradesh,Acute Diarrheal Disease,10,0
2018,2018-W30,Maharashtra,Acute Diarrheal Disease,195,1
2018,2018-W30,Maharashtra,Leishmaniasis,4,1
2018,2018-W30,Manipur,Japanese Encephalitis,4,2
2018,2018-W30,Mizoram,Scrub Typhus,79,0
2018,2018-W30,Punjab,Acute Diarrheal Disease,10,0
2018,2018-W30,Tamil Nadu,Acute Diarrheal Disease,280,0
2018,2018-W30,Tamil Nadu,Chickenpox,6,0
2018,2018-W30,Tamil Nadu,Dengue,73,0
2018,2018-W30,Telangana,Chikungunya,71,0
2018,2018-W30,Telangana,Viral Fever,25,1
2018,2018-W30,West Bengal,Dengue,241,0
2018,2018-W31,Delhi,Cholera,24,0
2018,2018-W31,Gujarat,Chandipura Vesiculovirus (Chpv),3,0
2018,2018-W31,Gujarat,Food Poisoning,128,0
2018,2018-W31,Himachal Pradesh,Dengue,678,0
2018,2018-W31,Jharkhand,Measles,40,0
2018,2018-W31,Kerala,Chickenpox,24,0
2018,2018-W31,Kerala,Food Poisoning,21,0
2018,2018-W31,Kerala,Indigenous Malaria,12,0
2018,2018-W31,Madhya Pradesh,Acute Diarrheal Disease,98,6
2018,2018-W31,Madhya Pradesh,Food Poisoning,8,2
2018,2018-W31,Maharashtra,Chikungunya,146,0
2018,2018-W31,Maharashtra,Cholera,390,6
2018,2018-W31,Maharashtra,Dengue,340,4
2018,2018-W31,Maharashtra,Food Poisoning,54,0
2018,2018-W31,Manipur,Japanese Encephalitis,6,4
2018,2018-W31,Odisha,Gastroenteritis,34,0
2018,2018-W31,Tamil Nadu,Acute Diarrheal Disease,15,0
2018,2018-W31,Tamil Nadu,Chickenpox,32,0
2018,2018-W31,Tamil Nadu,Chikungunya,240,0
2018,2018-W31,West Bengal,Acute Diarrheal Disease,114,0
2018,2018-W31,West Bengal,Dengue,720,0
2018,2018-W31,West Bengal,"Hand, Foot And Mouth Disease (Hfmd)",70,0
2018,2018-W32,Goa,Malaria,10,0
2018,2018-W32,Gujarat,Cholera,4,0
2018,2018-W32,Himachal Pradesh,Dengue,832,0
2018,2018-W32,Jharkhand,Acute Diarrheal Disease,300,0
2018,2018-W32,Jharkhand,Hepatitis E,25,0
2018,2018-W32,Karnataka,Chikungunya,80,0
2018,2018-W32,Kerala,Hepatitis A,26,0
2018,2018-W32,Madhya Pradesh,Acute Diarrheal Disease,456,6
2018,2018-W32,Madhya Pradesh,Measles,12,0
2018,2018-W32,Manipur,Japanese Encephalitis,4,4
2018,2018-W32,Odisha,Acute Diarrheal Disease,18,0
2018,2018-W32,Rajasthan,Measles,18,0
2018,2018-W32,Telangana,Chikungunya,34,0
2018,2018-W32,Tripura,Food Poisoning,38,0
2018,2018-W32,West Bengal,Dengue,782,0
2018,2018-W33,Arunachal Pradesh,Japanese Encephalitis,1,0
2018,2018-W33,Himachal Pradesh,Dengue,0,0
2018,2018-W33,Jharkhand,Food Poisoning,10,0
2018,2018-W33,Karnataka,Chickenpox,56,0
2018,2018-W33,Karnataka,Chikungunya,30,0
2018,2018-W33,Kerala,Hepatitis,108,0
2018,2018-W33,Kerala,Hepatitis A,26,0
2018,2018-W33,Manipur,Japanese Encephalitis,4,0
2018,2018-W33,Odisha,Hepatitis,8,0
2018,2018-W33,Punjab,Acute Diarrheal Disease,71,0
2018,2018-W33,Punjab,Hepatitis E,30,0
2018,2018-W33,Rajasthan,Acute Diarrheal Disease,10,1
2018,2018-W33,Tamil Nadu,Chikungunya,44,0
2018,2018-W33,Tamil Nadu,Food Poisoning,588,0
2018,2018-W33,Tamil Nadu,Hepatitis A,11,0
2018,2018-W33,Telangana,Dengue,6,0
2018,2018-W33,West Bengal,Dengue,2058,0
2018,2018-W34,Bihar,Acute Diarrheal Disease,16,0
2018,2018-W34,Himachal Pradesh,Dengue,1360,0
2018,2018-W34,Madhya Pradesh,Acute Diarrheal Disease,40,0
2018,2018-W34,Madhya Pradesh,Cholera,166,0
2018,2018-W34,Madhya Pradesh,Dengue,17,0
2018,2018-W34,Manipur,Japanese Encephalitis,2,0
2018,2018-W34,Sikkim,Dengue,84,0
2018,2018-W34,Telangana,Acute Diarrheal Disease,12,1
2018,2018-W34,Uttarakhand,Acute Diarrheal Disease,50,0
2018,2018-W34,Uttarakhand,Hepatitis A,5,0
2018,2018-W34,Uttarakhand,Hepatitis C,46,0
2018,2018-W34,West Bengal,Acute Diarrheal Disease,253,0
2018,2018-W34,West Bengal,Dengue,4950,0
2018,2018-W35,Arunachal Pradesh,Japanese Encephalitis,1,0
2018,2018-W35,Assam,Food Poisoning,26,0
2018,2018-W35,Assam,Leishmaniasis,3,0
2018,2018-W35,Bihar,Acute Diarrheal Disease,7,0
2018,2018-W35,Gujarat,Acute Diarrheal Disease,54,0
2018,2018-W35,Jharkhand,Acute Diarrheal Disease,139,0
2018,2018-W35,Jharkhand,Food Poisoning,200,0
2018,2018-W35,Karnataka,Chikungunya,19,0
2018,2018-W35,Karnataka,Food Poisoning,42,0
2018,2018-W35,Karnataka,Hepatitis A,14,0
2018,2018-W35,Karnataka,Malaria,16,0
2018,2018-W35,Kerala,Hepatitis A,20,0
2018,2018-W35,Kerala,Leishmaniasis,590,8
2018,2018-W35,Madhya Pradesh,Acute Diarrheal Disease,72,4
2018,2018-W35,Madhya Pradesh,Cholera,12,0
2018,2018-W35,Madhya Pradesh,Food Poisoning,70,1
2018,2018-W35,Maharashtra,Acute Diarrheal Disease,62,2
2018,2018-W35,Maharashtra,Chikungunya,14,0
2018,2018-W35,Maharashtra,Dengue,17,1
2018,2018-W35,Maharashtra,Gastroenteritis,17,0
2018,2018-W35,Manipur,Japanese Encephalitis,6,4
2018,2018-W35,Punjab,Acute Diarrheal Disease,52,0
2018,2018-W35,Punjab,Cholera,53,1
2018,2018-W35,Rajasthan,Acute Diarrheal Disease,124,0
2018,2018-W35,Tamil Nadu,Acute Diarrheal Disease,22,0
2018,2018-W35,Tamil Nadu,Food Poisoning,66,2
2018,2018-W35,West Bengal,Acute Diarrheal Disease,253,0
2018,2018-W35,West Bengal,Dengue,465,0
2018,2018-W36,Arunachal Pradesh,Japanese Encephalitis,10,0
2018,2018-W36,Arunachal Pradesh,Mumps,68,0
2018,2018-W36,Bihar,Acute Diarrheal Disease,170,0
2018,2018-W36,Goa,Hepatitis A,26,0
2018,2018-W36,Gujarat,Crimean-Congo Haemandrhagic Fever (Cchf),2,2
2018,2018-W36,Jharkhand,Acute Diarrheal Disease,42,0
2018,2018-W36,Karnataka,Food Poisoning,300,0
2018,2018-W36,Kerala,Food Poisoning,104,0
2018,2018-W36,Madhya Pradesh,Acute Diarrheal Disease,32,2
2018,2018-W36,Maharashtra,Cholera,64,4
2018,2018-W36,Punjab,Mumps,26,0
2018,2018-W36,Uttarakhand,Dengue,42,2
2018,2018-W36,West Bengal,Dengue,6292,0
2018,2018-W37,Chandigarh,Dengue,36,0
2018,2018-W37,Haryana,Acute Diarrheal Disease,40,0
2018,2018-W37,Jharkhand,Chickenpox,38,0
2018,2018-W37,Jharkhand,Food Poisoning,24,0
2018,2018-W37,Karnataka,Fever,42,0
2018,2018-W37,Karnataka,Food Poisoning,19,0
2018,2018-W37,Madhya Pradesh,Acute Diarrheal Disease,70,4
2018,2018-W37,Odisha,Acute Diarrheal Disease,12,0
2018,2018-W37,Rajasthan,Acute Diarrheal Disease,54,0
2018,2018-W37,Sikkim,Acute Diarrheal Disease,20,0
2018,2018-W37,Tamil Nadu,Acute Diarrheal Disease,25,0
2018,2018-W37,Tamil Nadu,Chikungunya,140,0
2018,2018-W37,Tamil Nadu,Chikungunya And Leptospirosis,114,0
2018,2018-W37,Tamil Nadu,Fever,120,0
2018,2018-W37,Tamil Nadu,Food Poisoning,35,0
2018,2018-W37,West Bengal,Dengue,1425,0
2018,2018-W38,Andhra Pradesh,Acute Diarrheal Disease,35,0
2018,2018-W38,Andhra Pradesh,Food Poisoning,56,0
2018,2018-W38,Assam,Food Poisoning,89,0
2018,2018-W38,Bihar,Measles,10,0
2018,2018-W38,Chhattisgarh,Acute Diarrheal Disease,242,0
2018,2018-W38,Delhi,Dengue,48,0
2018,2018-W38,Gujarat,Acute Diarrheal Disease,48,0
2018,2018-W38,Gujarat,Food Poisoning,41,0
2018,2018-W38,Haryana,Diphtheria,88,23
2018,2018-W38,Jammu And Kashmir,Acute Diarrheal Disease,66,0
2018,2018-W38,Jammu And Kashmir,Hepatitis A,11,0
2018,2018-W38,Jammu And Kashmir,Mumps,22,0
2018,2018-W38,Karnataka,Acute Diarrheal Disease,18,0
2018,2018-W38,Karnataka,Diphtheria,6,0
2018,2018-W38,Karnataka,Food Poisoning,107,0
2018,2018-W38,Karnataka,Mumps,10,0
2018,2018-W38,Manipur,Japanese Encephalitis,18,0
2018,2018-W38,Odisha,Measles,15,0
2018,2018-W38,Punjab,Acute Diarrheal Disease,19,0
2018,2018-W38,Rajasthan,Zika Virus,1,0
2018,2018-W38,Tamil Nadu,Acute Diarrheal Disease,21,0
2018,2018-W38,Tamil Nadu,Chikungunya,22,0
2018,2018-W38,Telangana,Acute Diarrheal Disease,18,0
2018,2018-W38,Uttarakhand,Chickenpox,25,0
2018,2018-W39,Assam,Acute Diarrheal Disease,83,1
2018,2018-W39,Assam,Dengue,36,0
2018,2018-W39,Assam,Food Poisoning,218,0
2018,2018-W39,Assam,Japanese Encephalitis,80,2
2018,2018-W39,Assam,Measles,70,0
2018,2018-W39,Bihar,Acute Diarrheal Disease,55,0
2018,2018-W39,Bihar,Dengue,10,0
2018,2018-W39,Bihar,Food Poisoning,157,0
2018,2018-W39,Bihar,Measles,127,2
2018,2018-W39,Haryana,Acute Diarrheal Disease,11,0
2018,2018-W39,Jammu And Kashmir,Acute Diarrheal Disease,543,0
2018,2018-W39,Jammu And Kashmir,Food Poisoning,30,0
2018,2018-W39,Jharkhand,Acute Diarrheal Disease,36,2
2018,2018-W39,Jharkhand,Measles,5,0
2018,2018-W39,Karnataka,Acute Diarrheal Disease,38,0
2018,2018-W39,Karnataka,Chikungunya And Dengue,34,0
2018,2018-W39,Kerala,Brucellosis,3,0
2018,2018-W39,Madhya Pradesh,Food Poisoning,22,0
2018,2018-W39,Maharashtra,Chikungunya And Dengue,72,0
2018,2018-W39,Meghalaya,Food Poisoning,22,0
2018,2018-W39,Nagaland,Measles,41,0
2018,2018-W39,Puducherry,Chikungunya,27,0
2018,2018-W39,Punjab,Mumps,16,0
2018,2018-W39,Rajasthan,Food Poisoning,22,0
2018,2018-W39,Rajasthan,Zika Virus,8,0
2018,2018-W40,Assam,Acute Diarrheal Disease,11,0
2018,2018-W40,Assam,Chickenpox,6,0
2018,2018-W40,Assam,Food Poisoning,19,0
2018,2018-W40,Bihar,Acute Diarrheal Disease,20,0
2018,2018-W40,Bihar,Measles,16,0
2018,2018-W40,Chhattisgarh,Food Poisoning,164,1
2018,2018-W40,Chhattisgarh,Japanese Encephalitis,2,2
2018,2018-W40,Kerala,Chickenpox,28,0
2018,2018-W40,Kerala,Hepatitis A,19,0
2018,2018-W40,Madhya Pradesh,Acute Diarrheal Disease,25,1
2018,2018-W40,Maharashtra,Chikungunya,49,0
2018,2018-W40,Maharashtra,Dengue,285,6
2018,2018-W40,Maharashtra,Food Poisoning,154,0
2018,2018-W40,Punjab,Cholera,44,0
2018,2018-W40,Tamil Nadu,Acute Diarrheal Disease,90,0
2018,2018-W40,Uttar Pradesh,Acute Diarrheal Disease,35,5
2018,2018-W40,West Bengal,Dengue,2294,0
2018,2018-W41,Arunachal Pradesh,Hepatitis A,36,0
2018,2018-W41,Assam,Food Poisoning,86,1
2018,2018-W41,Bihar,Acute Diarrheal Disease,4,1
2018,2018-W41,Bihar,Measles,7,0
2018,2018-W41,Chhattisgarh,Acute Diarrheal Disease,41,0
2018,2018-W41,Chhattisgarh,Food Poisoning,70,0
2018,2018-W41,Haryana,Acute Diarrheal Disease,22,0
2018,2018-W41,Jammu And Kashmir,Chickenpox,36,0
2018,2018-W41,Jammu And Kashmir,Measles,5,0
2018,2018-W41,Jharkhand,Japanese Encephalitis,18,0
2018,2018-W41,Karnataka,Chikungunya,40,0
2018,2018-W41,Karnataka,Dengue,48,0
2018,2018-W41,Karnataka,Hepatitis A,52,0
2018,2018-W41,Kerala,Hepatitis A,10,0
2018,2018-W41,Madhya Pradesh,Malaria,15,0
2018,2018-W41,Maharashtra,Measles,26,0
2018,2018-W41,Nagaland,Dengue,1,0
2018,2018-W41,Rajasthan,Dengue,18,0
2018,2018-W41,Uttar Pradesh,Acute Diarrheal Disease,189,0
2018,2018-W41,West Bengal,Dengue,3136,0
2018,2018-W42,Assam,Food Poisoning,34,0
2018,2018-W42,Assam,Typhoid,14,0
2018,2018-W42,Chhattisgarh,Japanese Encephalitis,4,1
2018,2018-W42,Goa,Acute Diarrheal Disease,35,0
2018,2018-W42,Gujarat,Food Poisoning,121,0
2018,2018-W42,Karnataka,Chikungunya,13,0
2018,2018-W42,Karnataka,Food Poisoning,21,0
2018,2018-W42,Kerala,Food Poisoning,82,0
2018,2018-W42,Kerala,Hepatitis A,50,0
2018,2018-W42,Maharashtra,Acute Diarrheal Disease,17,0
2018,2018-W42,Maharashtra,Cholera,43,1
2018,2018-W42,Maharashtra,Fever,26,2
2018,2018-W42,Maharashtra,Hepatitis A,32,0
2018,2018-W42,Mizoram,Food Poisoning,29,0
2018,2018-W42,Punjab,Acute Diarrheal Disease,40,0
2018,2018-W42,Uttarakhand,Japanese Encephalitis,15,0
2018,2018-W43,Assam,Food Poisoning,24,0
2018,2018-W43,Bihar,Acute Diarrheal Disease,13,1
2018,2018-W43,Bihar,Fever With Rash,24,2
2018,2018-W43,Bihar,Kala Azar,13,0
2018,2018-W43,Bihar,Malaria,10,1
2018,2018-W43,Bihar,Measles,16,2
2018,2018-W43,Haryana,Mumps,23,0
2018,2018-W43,Himachal Pradesh,Acute Diarrheal Disease,17,0
2018,2018-W43,Jharkhand,Dengue,38,0
2018,2018-W43,Kerala,Dengue,100,0
2018,2018-W43,Kerala,H1N1,59,0
2018,2018-W43,Kerala,H3N2,24,0
2018,2018-W43,Kerala,Hepatitis A,20,0
2018,2018-W43,Kerala,Visceral Leishmaniasis,2,0
2018,2018-W43,Madhya Pradesh,Food Poisoning,8,0
2018,2018-W43,Madhya Pradesh,Vomiting And Diarrhoea,18,0
2018,2018-W43,Madhya Pradesh,Zika Virus,260,4
2018,2018-W43,Maharashtra,Acute Diarrheal Disease,45,0
2018,2018-W43,Maharashtra,Food Poisoning,33,0
2018,2018-W43,Manipur,Fever,17,0
2018,2018-W43,Rajasthan,Dengue,380,10
2018,2018-W43,Tripura,Fever,40,2
2018,2018-W43,Uttar Pradesh,Dengue,206,6
2018,2018-W43,Uttar Pradesh,Food Poisoning,28,0
2018,2018-W44,Andaman And Nicobar Islands,"Uneasiness, Vomiting And Diarrhoea",25,0
2018,2018-W44,Assam,Acute Diarrheal Disease,114,0
2018,2018-W44,Assam,Fever,62,0
2018,2018-W44,Assam,Malaria,7,0
2018,2018-W44,Chhattisgarh,Dengue,101,0
2018,2018-W44,Jammu And Kashmir,Chickenpox,7,0
2018,2018-W44,Jammu And Kashmir,Hepatitis A,166,0
2018,2018-W44,Jharkhand,Acute Diarrheal Disease,24,0
2018,2018-W44,Jharkhand,Chickenpox,13,0
2018,2018-W44,Karnataka,Acute Diarrheal Disease,64,0
2018,2018-W44,Karnataka,Diphtheria,1,0
2018,2018-W44,Karnataka,Typhoid,74,0
2018,2018-W44,Kerala,Acute Diarrheal Disease,48,0
2018,2018-W44,Kerala,Food Poisoning,86,0
2018,2018-W44,Kerala,Mumps,18,0
2018,2018-W44,Madhya Pradesh,Dengue,10,1
2018,2018-W44,Madhya Pradesh,Fever With Joint Pain,38,0
2018,2018-W44,Madhya Pradesh,Malaria,40,0
2018,2018-W44,Madhya Pradesh,Measles,11,0
2018,2018-W44,Madhya Pradesh,Zika Virus,260,4
2018,2018-W44,Maharashtra,Acute Diarrheal Disease,115,0
2018,2018-W44,Maharashtra,Dengue,34,0
2018,2018-W44,Maharashtra,Fever,34,0
2018,2018-W44,Maharashtra,Malaria,114,1
2018,2018-W44,Maharashtra,Rubella,26,0
2018,2018-W44,Puducherry,Seasonal Influenza,194,7
2018,2018-W44,Punjab,Acute Diarrheal Disease,79,2
2018,2018-W44,Punjab,Cholera,99,1
2018,2018-W44,Punjab,Measles,10,0
2018,2018-W44,Rajasthan,Dengue,252,8
2018,2018-W44,Rajasthan,Food Poisoning,36,0
2018,2018-W44,Rajasthan,Zika Virus,159,0
2018,2018-W44,Tamil Nadu,Fever With Body Pains,40,0
2018,2018-W44,Telangana,Acute Diarrheal Disease,81,0
2018,2018-W44,Telangana,Food Poisoning,140,0
2018,2018-W44,Tripura,Dengue And Japanese Encephalitis,56,0
2018,2018-W44,Uttar Pradesh,Acute Diarrheal Disease,140,6
2018,2018-W44,Uttar Pradesh,Measles,40,0
2018,2018-W44,West Bengal,Cholera,204,0
2018,2018-W45,Andhra Pradesh,Acute Diarrheal Disease,72,0
2018,2018-W45,Bihar,Measles,18,2
2018,2018-W45,Karnataka,Malaria,42,0
2018,2018-W45,Odisha,Acute Diarrheal Disease,42,0
2018,2018-W45,Odisha,Food Poisoning,124,0
2018,2018-W45,West Bengal,Cholera,234,0
2018,2018-W45,West Bengal,Dengue,958,0
2018,2018-W46,Gujarat,Food Poisoning,24,0
2018,2018-W46,Gujarat,Measles,12,0
2018,2018-W46,Karnataka,Acute Diarrheal Disease,10,0
2018,2018-W46,Karnataka,Chikungunya,33,0
2018,2018-W46,Karnataka,Dengue,12,0
2018,2018-W46,Karnataka,Mumps,8,0
2018,2018-W46,Kerala,Acute Diarrheal Disease,12,0
2018,2018-W46,Kerala,Crimean-Congo Haemandrhagic Fever (Cchf),2,0
2018,2018-W46,Kerala,Hepatitis A,8,0
2018,2018-W46,Madhya Pradesh,Malaria,182,0
2018,2018-W46,Maharashtra,Acute Diarrheal Disease,154,0
2018,2018-W46,Maharashtra,Dengue,172,5
2018,2018-W46,Maharashtra,Food Poisoning,206,1
2018,2018-W46,Maharashtra,Measles,12,0
2018,2018-W46,Odisha,Chickenpox,18,0
2018,2018-W46,Odisha,Food Poisoning,18,0
2018,2018-W46,Odisha,Hepatitis A,10,0
2018,2018-W46,Rajasthan,Acute Diarrheal Disease,214,0
2018,2018-W46,Rajasthan,Food Poisoning,1022,0
2018,2018-W46,Telangana,Acute Diarrheal Disease,27,0
2018,2018-W46,Telangana,Dengue,1182,4
2018,2018-W46,Uttar Pradesh,Measles,14,0
2018,2018-W47,Chhattisgarh,Food Poisoning,37,0
2018,2018-W47,Karnataka,Food Poisoning,21,0
2018,2018-W47,Karnataka,H3N2,23,0
2018,2018-W47,Kerala,Chickenpox,15,0
2018,2018-W47,Kerala,Food Poisoning,69,0
2018,2018-W47,Kerala,Kala Azar,2,1
2018,2018-W47,Maharashtra,Acute Diarrheal Disease,142,0
2018,2018-W47,Maharashtra,Chikungunya,30,0
2018,2018-W47,Maharashtra,Dengue,28,6
2018,2018-W47,Maharashtra,Scrub Typhus,126,12
2018,2018-W47,Maharashtra,Typhoid,79,0
2018,2018-W47,Odisha,Hepatitis,7,0
2018,2018-W47,Punjab,Mumps,6,0
2018,2018-W47,Tamil Nadu,Typhoid,28,0
2018,2018-W47,Tripura,Acute Diarrheal Disease,15,1
2018,2018-W47,Uttar Pradesh,Measles,7,0
2018,2018-W48,Assam,Chickenpox,20,0
2018,2018-W48,Assam,Food Poisoning,81,0
2018,2018-W48,Bihar,Chickenpox,18,0
2018,2018-W48,Bihar,Dengue,94,0
2018,2018-W48,Gujarat,Food Poisoning,72,0
2018,2018-W48,Jharkhand,Dengue,32,0
2018,2018-W48,Jharkhand,Measles,14,0
2018,2018-W48,Karnataka,Chickenpox,14,0
2018,2018-W48,Kerala,Chickenpox,56,0
2018,2018-W48,Madhya Pradesh,Acute Diarrheal Disease,46,2
2018,2018-W48,Madhya Pradesh,Chikungunya,45,0
2018,2018-W48,Maharashtra,Dengue,130,0
2018,2018-W48,Maharashtra,Hepatitis A,32,0
2018,2018-W48,Puducherry,Dengue,49,0
2018,2018-W48,Rajasthan,Food Poisoning,134,0
2018,2018-W48,Tamil Nadu,Food Poisoning,104,0
2018,2018-W48,Tripura,Diphtheria,6,3
2018,2018-W48,Uttar Pradesh,Chickenpox,11,0
2018,2018-W48,Uttarakhand,Food Poisoning,720,8
2018,2018-W48,Uttarakhand,Trichinellosis,24,0
2018,2018-W49,Andhra Pradesh,Acute Diarrheal Disease,78,0
2018,2018-W49,Assam,Acute Diarrheal Disease,14,0
2018,2018-W49,Bihar,Acute Diarrheal Disease,33,0
2018,2018-W49,Bihar,Chickenpox,9,0
2018,2018-W49,Bihar,Dengue,32,0
2018,2018-W49,Bihar,Diphtheria,2,1
2018,2018-W49,Bihar,Measles,79,0
2018,2018-W49,Dadra And Nagar Haveli,Chickenpox,24,0
2018,2018-W49,Gujarat,Hepatitis,114,0
2018,2018-W49,Jharkhand,Food Poisoning,136,0
2018,2018-W49,Karnataka,Chikungunya,74,0
2018,2018-W49,Karnataka,Fever,24,0
2018,2018-W49,Madhya Pradesh,Measles,14,0
2018,2018-W49,Maharashtra,Viral Fever,13,1
2018,2018-W49,Meghalaya,Japanese Encephalitis,84,12
2018,2018-W49,Odisha,Food Poisoning,48,0
2018,2018-W49,Tamil Nadu,Food Poisoning,58,0
2018,2018-W49,Uttar Pradesh,Acute Diarrheal Disease,69,0
2018,2018-W49,Uttar Pradesh,Food Poisoning,83,2
2018,2018-W49,Uttar Pradesh,Malaria,73808,0
2018,2018-W49,Uttar Pradesh,Mumps,18,0
2018,2018-W49,Uttarakhand,Chickenpox,16,0
2018,2018-W50,Arunachal Pradesh,Chickenpox,68,0
2018,2018-W50,Bihar,Acute Diarrheal Disease,130,0
2018,2018-W50,Bihar,Measles,46,0
2018,2018-W50,Chhattisgarh,Dengue,5,0
2018,2018-W50,Gujarat,Food Poisoning,292,0
2018,2018-W50,Gujarat,Measles,10,2
2018,2018-W50,Jharkhand,Dengue,10,0
2018,2018-W50,Karnataka,Food Poisoning,92,0
2018,2018-W50,Kerala,Chickenpox,35,0
2018,2018-W50,Madhya Pradesh,Chickenpox,18,0
2018,2018-W50,Maharashtra,Acute Diarrheal Disease,91,0
2018,2018-W50,Maharashtra,Chikungunya,7,0
2018,2018-W50,Maharashtra,Dengue,80,0
2018,2018-W50,Maharashtra,Measles,5,0
2018,2018-W50,Puducherry,Chikungunya,32,0
2018,2018-W50,Tamil Nadu,Chikungunya,44,0
2018,2018-W50,Uttar Pradesh,Measles,8,1
2018,2018-W50,Uttarakhand,Acute Diarrheal Disease,9,0
2018,2018-W51,Karnataka,Mumps,21,0
2018,2018-W51,Kerala,Food Poisoning,75,0
2018,2018-W51,Kerala,Hepatitis,15,0
2018,2018-W51,Tamil Nadu,Chickenpox,12,0
2018,2018-W51,Tamil Nadu,Fever,38,0
2018,2018-W51,Tamil Nadu,Mumps,14,0
2018,2018-W51,Tripura,Acute Diarrheal Disease,102,0
2018,2018-W51,Uttarakhand,Measles,12,0
2018,2018-W52,Arunachal Pradesh,Mumps,20,0
2018,2018-W52,Gujarat,Crimean-Congo Haemandrhagic Fever (Cchf),1,0
2018,2018-W52,Karnataka,Acute Diarrheal Disease,17,0
2018,2018-W52,Karnataka,Food Poisoning,120,0
2018,2018-W52,Punjab,Acute Diarrheal Disease,12,0
2018,2018-W52,Punjab,Food Poisoning,150,0
2018,2018-W52,Tamil Nadu,Malaria,31,0
2019,2019-W01,Assam,Food Poisoning,11,0
2019,2019-W01,Bihar,Chickenpox,6,0
2019,2019-W01,Bihar,Dengue,134,0
2019,2019-W01,Bihar,Measles,85,0
2019,2019-W01,Chhattisgarh,Dengue,10,0
2019,2019-W01,Chhattisgarh,Hepatitis E,22,0
2019,2019-W01,Dadra And Nagar Haveli,Chickenpox,19,0
2019,2019-W01,Dadra And Nagar Haveli,Cholera,12,0
2019,2019-W01,Gujarat,Acute Diarrheal Disease,24,0
2019,2019-W01,Gujarat,Hepatitis A,98,0
2019,2019-W01,Jharkhand,Chickenpox,72,0
2019,2019-W01,Jharkhand,Fever With Rash,36,0
2019,2019-W01,Karnataka,Acute Diarrheal Disease,51,0
2019,2019-W01,Karnataka,Chickenpox,46,0
2019,2019-W01,Karnataka,Chikungunya,32,0
2019,2019-W01,Karnataka,Kyasanur Fandest Disease,17,6
2019,2019-W01,Karnataka,Shigellosis,170,0
2019,2019-W01,Kerala,Acute Diarrheal Disease,119,0
2019,2019-W01,Kerala,Food Poisoning,119,0
2019,2019-W01,Madhya Pradesh,Food Poisoning,24,0
2019,2019-W01,Maharashtra,Acute Diarrheal Disease,11,0
2019,2019-W01,Odisha,Food Poisoning,12,2
2019,2019-W01,Odisha,Mumps,18,0
2019,2019-W01,Tamil Nadu,Chikungunya And Dengue,22,0
2019,2019-W01,Tamil Nadu,Dengue,74,0
2019,2019-W01,Tamil Nadu,Fever,58,0
2019,2019-W01,Tamil Nadu,Food Poisoning,170,0
2019,2019-W01,Tamil Nadu,Leishmaniasis,26,0
2019,2019-W01,Tamil Nadu,Typhoid,166,0
2019,2019-W01,Telangana,Food Poisoning,136,0
2019,2019-W01,Uttar Pradesh,Measles,89,1
2019,2019-W02,Arunachal Pradesh,Chickenpox,18,0
2019,2019-W02,Assam,Dengue,24,0
2019,2019-W02,Bihar,Chickenpox,72,0
2019,2019-W02,Bihar,Measles,274,4
2019,2019-W02,Gujarat,Acute Diarrheal Disease,150,0
2019,2019-W02,Gujarat,Hepatitis A,10,0
2019,2019-W02,Jharkhand,Chickenpox,72,0
2019,2019-W02,Kerala,Chickenpox,10,2
2019,2019-W02,Kerala,Food Poisoning,170,0
2019,2019-W02,Kerala,Hepatitis A,60,0
2019,2019-W02,Maharashtra,Dengue,27,1
2019,2019-W02,Maharashtra,Malaria,6,2
2019,2019-W02,Manipur,Food Poisoning,106,0
2019,2019-W02,Odisha,Salmonellosis,48,0
2019,2019-W02,Punjab,Chickenpox,12,0
2019,2019-W02,Tamil Nadu,Chikungunya,166,0
2019,2019-W02,Telangana,Food Poisoning,136,0
2019,2019-W02,West Bengal,Food Poisoning,148,0
2019,2019-W03,Bihar,Chickenpox,12,0
2019,2019-W03,Bihar,Measles,66,2
2019,2019-W03,Chhattisgarh,Acute Diarrheal Disease,25,0
2019,2019-W03,Dadra And Nagar Haveli,Chickenpox,23,0
2019,2019-W03,Gujarat,Food Poisoning,237,0
2019,2019-W03,Gujarat,Hepatitis,10,0
2019,2019-W03,Haryana,Acute Diarrheal Disease,15,0
2019,2019-W03,Karnataka,Chickenpox,15,0
2019,2019-W03,Karnataka,Food Poisoning,55,0
2019,2019-W03,Karnataka,Measles,13,0
2019,2019-W03,Kerala,Chickenpox,10,2
2019,2019-W03,Kerala,Hepatitis A,14,0
2019,2019-W03,Maharashtra,Food Poisoning,58,0
2019,2019-W03,Mizoram,Scrub Typhus,191,0
2019,2019-W03,Odisha,Chickenpox,20,0
2019,2019-W03,Puducherry,Acute Diarrheal Disease,34,0
2019,2019-W03,Tamil Nadu,Chickenpox,12,0
2019,2019-W03,Tamil Nadu,Leishmaniasis,24,0
2019,2019-W04,Bihar,Chickenpox,38,2
2019,2019-W04,Dadra And Nagar Haveli,Chickenpox,15,0
2019,2019-W04,Gujarat,Chickenpox,28,0
2019,2019-W04,Gujarat,Food Poisoning,78,0
2019,2019-W04,Gujarat,Jaundice,16,0
2019,2019-W04,Haryana,Acute Diarrheal Disease,45,0
2019,2019-W04,Karnataka,Acute Diarrheal Disease,28,0
2019,2019-W04,Karnataka,Chickenpox,101,0
2019,2019-W04,Karnataka,Food Poisoning,13,2
2019,2019-W04,Kerala,Chickenpox,130,0
2019,2019-W04,Kerala,Kyasanur Fandest Disease,2,0
2019,2019-W04,Madhya Pradesh,Chickenpox,11,0
2019,2019-W04,Madhya Pradesh,Hepatitis A,15,0
2019,2019-W04,Maharashtra,Dengue,9,1
2019,2019-W04,Meghalaya,Acute Diarrheal Disease,108,0
2019,2019-W04,Odisha,Acute Diarrheal Disease,11,0
2019,2019-W04,Odisha,Food Poisoning,52,0
2019,2019-W04,Punjab,Mumps,8,0
2019,2019-W04,Tamil Nadu,Food Poisoning,77,0
2019,2019-W04,Uttar Pradesh,Hepatitis,88,0
2019,2019-W04,West Bengal,Acute Diarrheal Disease,51,0
2019,2019-W05,Assam,Chickenpox,14,0
2019,2019-W05,Bihar,Chickenpox,144,2
2019,2019-W05,Bihar,Measles,51,0
2019,2019-W05,Chhattisgarh,Food Poisoning,22,0
2019,2019-W05,Dadra And Nagar Haveli,Chickenpox,7,0
2019,2019-W05,Gujarat,Food Poisoning,26,0
2019,2019-W05,Gujarat,Measles,8,0
2019,2019-W05,Karnataka,Chickenpox,142,0
2019,2019-W05,Karnataka,Chikungunya,137,0
2019,2019-W05,Karnataka,Mumps,99,0
2019,2019-W05,Karnataka,Typhoid,12,0
2019,2019-W05,Meghalaya,Acute Diarrhoeal Disease (Rota Virus),28,0
2019,2019-W05,Odisha,Acute Diarrheal Disease,21,0
2019,2019-W05,Odisha,Chickenpox,12,0
2019,2019-W05,Puducherry,Chickenpox,10,0
2019,2019-W05,Rajasthan,Acute Diarrheal Disease,200,0
2019,2019-W05,Tamil Nadu,Food Poisoning,48,0
2019,2019-W05,Tamil Nadu,Typhoid,84,0
2019,2019-W06,Andhra Pradesh,Acute Diarrheal Disease,46,0
2019,2019-W06,Andhra Pradesh,Food Poisoning,224,0
2019,2019-W06,Bihar,Chickenpox,46,0
2019,2019-W06,Bihar,Measles,245,7
2019,2019-W06,Chhattisgarh,Food Poisoning,26,0
2019,2019-W06,Karnataka,Acute Diarrheal Disease,54,0
2019,2019-W06,Karnataka,Chickenpox,223,0
2019,2019-W06,Karnataka,Mumps,96,0
2019,2019-W06,Kerala,Food Poisoning,277,0
2019,2019-W06,Madhya Pradesh,Chickenpox,46,0
2019,2019-W06,Odisha,Acute Diarrheal Disease,28,0
2019,2019-W06,Odisha,Food Poisoning,150,0
2019,2019-W06,Punjab,Mumps,60,0
2019,2019-W06,Tamil Nadu,Chickenpox,172,0
2019,2019-W06,Tamil Nadu,Chikungunya,92,0
2019,2019-W06,Tamil Nadu,Food Poisoning,38,0
2019,2019-W06,Tamil Nadu,Leishmaniasis,40,0
2019,2019-W06,Telangana,Food Poisoning,80,0
2019,2019-W07,Andhra Pradesh,Food Poisoning,30,0
2019,2019-W07,Bihar,Measles,56,0
2019,2019-W07,Goa,Acute Diarrhoeal Disease (Rota Virus),38,0
2019,2019-W07,Gujarat,Measles,5,0
2019,2019-W07,Jammu And Kashmir,Hepatitis A,23,0
2019,2019-W07,Jharkhand,Chickenpox,46,0
2019,2019-W07,Karnataka,Chickenpox,204,0
2019,2019-W07,Karnataka,Dengue,16,0
2019,2019-W07,Karnataka,Food Poisoning,17,0
2019,2019-W07,Kerala,Acute Diarrheal Disease,6,0
2019,2019-W07,Kerala,Chickenpox,14,0
2019,2019-W07,Kerala,Food Poisoning,57,0
2019,2019-W07,Kerala,Hepatitis A,43,0
2019,2019-W07,Meghalaya,Acute Diarrheal Disease,28,0
2019,2019-W07,Meghalaya,Acute Diarrhoeal Disease (Rota Virus),108,0
2019,2019-W07,Odisha,Hepatitis,20,0
2019,2019-W07,Punjab,Acute Diarrheal Disease,16,0
2019,2019-W07,Tamil Nadu,Acute Diarrheal Disease,41,0
2019,2019-W07,Tamil Nadu,Chickenpox,21,0
2019,2019-W07,Tamil Nadu,Food Poisoning,15,0
2019,2019-W07,Tamil Nadu,Mumps,8,0
2019,2019-W08,Assam,Food Poisoning,44,0
2019,2019-W08,Assam,Measles,14,0
2019,2019-W08,Bihar,Chickenpox,15,0
2019,2019-W08,Gujarat,Crimean-Congo Haemandrhagic Fever (Cchf),2,2
2019,2019-W08,Gujarat,Measles,8,0
2019,2019-W08,Karnataka,Acute Diarrheal Disease,50,0
2019,2019-W08,Karnataka,Food Poisoning,91,0
2019,2019-W08,Madhya Pradesh,Food Poisoning,67,0
2019,2019-W08,Odisha,Food Poisoning,23,0
2019,2019-W08,Punjab,Mumps,13,0
2019,2019-W08,Tamil Nadu,Acute Diarrheal Disease,34,0
2019,2019-W08,Tamil Nadu,Chickenpox,23,0
2019,2019-W08,Tamil Nadu,Chikungunya,49,0
2019,2019-W08,Tamil Nadu,Food Poisoning,147,0
2019,2019-W08,Telangana,Food Poisoning,155,0
2019,2019-W09,Andhra Pradesh,Acute Diarrheal Disease,266,0
2019,2019-W09,Assam,Food Poisoning,228,0
2019,2019-W09,Gujarat,Measles,2,1
2019,2019-W09,Karnataka,Chickenpox,5,0
2019,2019-W09,Karnataka,Food Poisoning,99,0
2019,2019-W09,Kerala,Chickenpox,85,0
2019,2019-W09,Kerala,Hepatitis,45,0
2019,2019-W09,Maharashtra,Dengue,14,2
2019,2019-W09,Odisha,Food Poisoning,78,1
2019,2019-W09,Odisha,Hepatitis A,17,0
2019,2019-W09,Punjab,Mumps,8,0
2019,2019-W09,Tamil Nadu,Fever,67,0
2019,2019-W09,Tamil Nadu,Food Poisoning,41,0
2019,2019-W09,Telangana,Dengue,59,0
2019,2019-W09,West Bengal,Food Poisoning,306,0
2019,2019-W10,Arunachal Pradesh,Food Poisoning,12,6
2019,2019-W10,Assam,Acute Diarrheal Disease,18,0
2019,2019-W10,Bihar,Measles,18,0
2019,2019-W10,Chhattisgarh,Food Poisoning,116,0
2019,2019-W10,Dadra And Nagar Haveli,Chickenpox,18,0
2019,2019-W10,Himachal Pradesh,Acute Diarrheal Disease,702,0
2019,2019-W10,Jharkhand,Food Poisoning,18,0
2019,2019-W10,Karnataka,Food Poisoning,132,0
2019,2019-W10,Kerala,Measles,18,0
2019,2019-W10,Kerala,West Nile Fever,1,0
2019,2019-W10,Madhya Pradesh,Food Poisoning,144,0
2019,2019-W10,Tamil Nadu,Chikungunya,100,0
2019,2019-W10,Telangana,Food Poisoning,32,0
2019,2019-W11,Arunachal Pradesh,Chickenpox,10,0
2019,2019-W11,Assam,Acute Diarrheal Disease,70,0
2019,2019-W11,Assam,Diphtheria,1,0
2019,2019-W11,Assam,Food Poisoning,42,0
2019,2019-W11,Bihar,Chickenpox,14,0
2019,2019-W11,Bihar,Measles,32,0
2019,2019-W11,Chhattisgarh,Acute Diarrheal Disease,13,0
2019,2019-W11,Chhattisgarh,Chickenpox,69,2
2019,2019-W11,Chhattisgarh,Food Poisoning,38,0
2019,2019-W11,Gujarat,Chickenpox,26,0
2019,2019-W11,Jharkhand,Food Poisoning,12,0
2019,2019-W11,Karnataka,Chickenpox,21,0
2019,2019-W11,Karnataka,Chikungunya,133,0
2019,2019-W11,Karnataka,Food Poisoning,121,0
2019,2019-W11,Karnataka,Mumps,11,0
2019,2019-W11,Kerala,Hepatitis A,18,0
2019,2019-W11,Kerala,Leishmaniasis,5,1
2019,2019-W11,Kerala,Measles,12,0
2019,2019-W11,Kerala,West Nile Fever,1,1
2019,2019-W11,Odisha,Acute Diarrheal Disease,20,0
2019,2019-W11,Odisha,Food Poisoning,55,0
2019,2019-W11,Odisha,Food Poisoning (Caster Fruit),27,0
2019,2019-W11,Punjab,Cholera,98,0
2019,2019-W11,Punjab,Hepatitis A,56,0
2019,2019-W11,Punjab,Mumps,50,0
2019,2019-W11,Rajasthan,Food Poisoning,26,0
2019,2019-W11,Rajasthan,Measles,8,0
2019,2019-W11,Tamil Nadu,Acute Diarrheal Disease,858,0
2019,2019-W11,Tamil Nadu,Mixed Fever,10,0
2019,2019-W11,Telangana,Food Poisoning,61,0
2019,2019-W11,Uttar Pradesh,Food Poisoning,12,0
2019,2019-W12,Assam,Acute Encephalitis Syndrome (Japanese Encephalitis),5,0
2019,2019-W12,Assam,Chickenpox,14,0
2019,2019-W12,Assam,Measles,4,0
2019,2019-W12,Assam,Mushroom Poisoning,4,2
2019,2019-W12,Gujarat,Crimean-Congo Haemandrhagic Fever (Cchf),2,2
2019,2019-W12,Gujarat,Food Poisoning,140,0
2019,2019-W12,Gujarat,Measles,4,0
2019,2019-W12,Jammu And Kashmir,Hepatitis E,16,0
2019,2019-W12,Kerala,Hepatitis A,80,1
2019,2019-W12,Kerala,Typhoid,38,0
2019,2019-W12,Odisha,Food Poisoning,21,1
2019,2019-W12,Puducherry,Chickenpox,14,0
2019,2019-W12,Tamil Nadu,Chikungunya,71,0
2019,2019-W12,Telangana,Food Poisoning,36,0
2019,2019-W13,Arunachal Pradesh,Chickenpox,5,0
2019,2019-W13,Assam,Filariasis,1,0
2019,2019-W13,Bihar,Chickenpox,40,0
2019,2019-W13,Dadra And Nagar Haveli,Mumps,8,0
2019,2019-W13,Gujarat,Crimean-Congo Haemandrhagic Fever (Cchf),1,0
2019,2019-W13,Gujarat,Food Poisoning,94,0
2019,2019-W13,Gujarat,Hepatitis E,16,0
2019,2019-W13,Jammu And Kashmir,Food Poisoning,27,0
2019,2019-W13,Jharkhand,Chickenpox,33,0
2019,2019-W13,Jharkhand,Chikungunya,23,0
2019,2019-W13,Jharkhand,Measles,11,0
2019,2019-W13,Karnataka,Food Poisoning,38,0
2019,2019-W13,Madhya Pradesh,Food Poisoning,8,1
2019,2019-W13,Maharashtra,Acute Diarrheal Disease,45,0
2019,2019-W13,Rajasthan,Brucellosis,1,0
2019,2019-W13,Tamil Nadu,Chikungunya,39,0
2019,2019-W13,Tamil Nadu,Dengue,35,0
2019,2019-W13,Telangana,Food Poisoning,92,3
2019,2019-W13,Uttarakhand,Acute Diarrheal Disease,28,0
2019,2019-W13,West Bengal,Measles,79,0
2019,2019-W14,Bihar,Chickenpox,44,0
2019,2019-W14,Bihar,Measles,18,0
2019,2019-W14,Chhattisgarh,Acute Diarrheal Disease,30,0
2019,2019-W14,Chhattisgarh,Chickenpox,48,0
2019,2019-W14,Jammu And Kashmir,Enteric Fever,38,0
2019,2019-W14,Jammu And Kashmir,Influenza B,128,0
2019,2019-W14,Jharkhand,Chickenpox,30,0
2019,2019-W14,Jharkhand,Food Poisoning,170,0
2019,2019-W14,Karnataka,Acute Diarrheal Disease,61,0
2019,2019-W14,Karnataka,Chikungunya,40,0
2019,2019-W14,Karnataka,Dengue,18,0
2019,2019-W14,Karnataka,Enteric Fever,52,0
2019,2019-W14,Karnataka,Measles,66,0
2019,2019-W14,Karnataka,Mumps,72,0
2019,2019-W14,Kerala,Hepatitis A,32,0
2019,2019-W14,Kerala,West Nile Fever,2,0
2019,2019-W14,Madhya Pradesh,Food Poisoning,144,0
2019,2019-W14,Manipur,Food Poisoning,16,0
2019,2019-W14,Odisha,Food Poisoning,130,0
2019,2019-W14,Puducherry,Chikungunya,14,0
2019,2019-W14,Rajasthan,Food Poisoning,57,0
2019,2019-W14,Telangana,Chikungunya,46,0
2019,2019-W14,Uttar Pradesh,Chickenpox,22,0
2019,2019-W14,West Bengal,Acute Diarrheal Disease,166,0
2019,2019-W14,West Bengal,Food Poisoning,155,0
2019,2019-W15,Arunachal Pradesh,Shigellosis,49,0
2019,2019-W15,Assam,Jaundice,38,0
2019,2019-W15,Assam,Malaria,30,0
2019,2019-W15,Assam,Measles,8,0
2019,2019-W15,Bihar,Chickenpox,14,0
2019,2019-W15,Bihar,Mumps,86,0
2019,2019-W15,Gujarat,Acute Diarrheal Disease,140,0
2019,2019-W15,Jharkhand,Measles,10,0
2019,2019-W15,Karnataka,Food Poisoning,66,0
2019,2019-W15,Karnataka,Hepatitis E,10,0
2019,2019-W15,Kerala,Food Poisoning,30,0
2019,2019-W15,Kerala,Malaria,3,0
2019,2019-W15,Maharashtra,Food Poisoning,141,0
2019,2019-W15,Nagaland,Scrub Typhus,8,0
2019,2019-W15,Odisha,Hepatitis,9,0
2019,2019-W15,Odisha,Hepatitis A,10,0
2019,2019-W15,Odisha,Hepatitis A And E,7,0
2019,2019-W15,Punjab,Mumps,100,0
2019,2019-W15,Rajasthan,Food Poisoning,123,0
2019,2019-W15,Tamil Nadu,Acute Diarrheal Disease,11,0
2019,2019-W15,Tamil Nadu,Fever,40,0
2019,2019-W15,Tamil Nadu,Food Poisoning,24,0
2019,2019-W15,Tamil Nadu,Typhoid,50,0
2019,2019-W15,Uttar Pradesh,Chickenpox,18,0
2019,2019-W15,West Bengal,Acute Diarrheal Disease,166,0
2019,2019-W15,West Bengal,Food Poisoning,155,0
2019,2019-W16,Andhra Pradesh,Acute Diarrheal Disease,42,0
2019,2019-W16,Arunachal Pradesh,Food Poisoning,14,0
2019,2019-W16,Arunachal Pradesh,Shigellosis,78,0
2019,2019-W16,Chhattisgarh,Acute Diarrheal Disease,104,0
2019,2019-W16,Goa,Dengue,5,0
2019,2019-W16,Gujarat,Food Poisoning,46,2
2019,2019-W16,Gujarat,Measles,16,0
2019,2019-W16,Jharkhand,Chickenpox,36,0
2019,2019-W16,Karnataka,Chikungunya,13,0
2019,2019-W16,Kerala,Chickenpox,40,0
2019,2019-W16,Kerala,West Nile Fever,2,0
2019,2019-W16,Madhya Pradesh,Acute Diarrheal Disease,12,1
2019,2019-W16,Odisha,Acute Diarrheal Disease,16,0
2019,2019-W16,Odisha,Food Poisoning,162,0
2019,2019-W16,Odisha,Hepatitis,7,0
2019,2019-W16,Punjab,Acute Diarrheal Disease,18,0
2019,2019-W16,Punjab,Food Poisoning,6,1
2019,2019-W16,Punjab,Mumps,3,1
2019,2019-W16,Telangana,Food Poisoning,58,0
2019,2019-W16,Uttar Pradesh,Chickenpox,14,1
2019,2019-W16,West Bengal,Acute Diarrheal Disease,332,0
2019,2019-W17,Arunachal Pradesh,Chickenpox,6,0
2019,2019-W17,Assam,Acute Diarrheal Disease,131,0
2019,2019-W17,Assam,Food Poisoning,20,2
2019,2019-W17,Assam,Japanese Encephalitis,1,1
2019,2019-W17,Bihar,Chickenpox,9,0
2019,2019-W17,Bihar,Food Poisoning,22,0
2019,2019-W17,Chhattisgarh,Food Poisoning,26,0
2019,2019-W17,Gujarat,Food Poisoning,310,0
2019,2019-W17,Haryana,Acute Diarrheal Disease,28,0
2019,2019-W17,Himachal Pradesh,Acute Diarrheal Disease,74,0
2019,2019-W17,Himachal Pradesh,Jaundice,12,0
2019,2019-W17,Jammu And Kashmir,Mumps,30,0
2019,2019-W17,Karnataka,Dengue,7,0
2019,2019-W17,Karnataka,Food Poisoning,22,0
2019,2019-W17,Karnataka,Shigellosis,140,0
2019,2019-W17,Kerala,Hepatitis,21,0
2019,2019-W17,Kerala,Hepatitis A,16,0
2019,2019-W17,Madhya Pradesh,Chickenpox,5,0
2019,2019-W17,Madhya Pradesh,Food Poisoning,82,1
2019,2019-W17,Odisha,Food Poisoning,8,0
2019,2019-W17,Punjab,Measles,8,0
2019,2019-W17,Punjab,Mumps,7,0
2019,2019-W17,Rajasthan,Food Poisoning,520,4
2019,2019-W17,Rajasthan,Hepatitis E,52,0
2019,2019-W17,Tamil Nadu,Food Poisoning,144,0
2019,2019-W17,Tamil Nadu,Kyasanur Fandest Disease,1,0
2019,2019-W17,Uttar Pradesh,Chickenpox,36,0
2019,2019-W17,Uttar Pradesh,Food Poisoning,20,0
2019,2019-W18,Assam,Malaria,18,0
2019,2019-W18,Bihar,Chickenpox,132,0
2019,2019-W18,Bihar,Food Poisoning,56,0
2019,2019-W18,Chhattisgarh,Food Poisoning,32,0
2019,2019-W18,Himachal Pradesh,Jaundice,36,0
2019,2019-W18,Karnataka,Fever,47,0
2019,2019-W18,Karnataka,Food Poisoning,96,0
2019,2019-W18,Kerala,Food Poisoning,300,2
2019,2019-W18,Kerala,Hepatitis A,20,0
2019,2019-W18,Kerala,Scrub Typhus,24,1
2019,2019-W18,Madhya Pradesh,Food Poisoning,188,0
2019,2019-W18,Madhya Pradesh,Pertussis,2,0
2019,2019-W18,Maharashtra,Food Poisoning,154,0
2019,2019-W18,Maharashtra,Kyasanur Fandest Disease,1,1
2019,2019-W18,Punjab,Chickenpox,28,0
2019,2019-W18,Punjab,Pertussis,1,0
2019,2019-W18,Tamil Nadu,Acute Diarrheal Disease,44,0
2019,2019-W18,Tripura,Food Poisoning,14,2
2019,2019-W18,Uttar Pradesh,Chickenpox,14,0
2019,2019-W18,West Bengal,Acute Diarrheal Disease,72,0
2019,2019-W18,West Bengal,Food Poisoning,350,0
2019,2019-W19,Andhra Pradesh,Measles,3,1
2019,2019-W19,Arunachal Pradesh,Enteric Fever,15,0
2019,2019-W19,Assam,Acute Diarrheal Disease,18,0
2019,2019-W19,Assam,Food Poisoning,44,0
2019,2019-W19,Bihar,Chickenpox,40,0
2019,2019-W19,Delhi,Typhoid,43,0
2019,2019-W19,Gujarat,Food Poisoning,352,0
2019,2019-W19,Jharkhand,Chickenpox,16,0
2019,2019-W19,Karnataka,Food Poisoning,134,0
2019,2019-W19,Kerala,Cholera,30,0
2019,2019-W19,Kerala,West Nile Fever,2,0
2019,2019-W19,Madhya Pradesh,Food Poisoning,386,0
2019,2019-W19,Maharashtra,Food Poisoning,172,0
2019,2019-W19,Meghalaya,Chickenpox,9,0
2019,2019-W19,Meghalaya,Food Poisoning,6,4
2019,2019-W19,Odisha,Acute Diarrheal Disease,88,0
2019,2019-W19,Punjab,Chickenpox,32,0
2019,2019-W19,Punjab,Jaundice,18,0
2019,2019-W19,Tamil Nadu,Acute Diarrheal Disease,38,0
2019,2019-W19,Tamil Nadu,Food Poisoning,36,0
2019,2019-W19,Telangana,Food Poisoning,54,6
2019,2019-W19,Uttar Pradesh,Food Poisoning,10,2
2019,2019-W19,West Bengal,Food Poisoning,794,0
2019,2019-W20,Andhra Pradesh,Acute Diarrheal Disease,39,2
2019,2019-W20,Andhra Pradesh,Food Poisoning,9,0
2019,2019-W20,Assam,Mushroom Poisoning,32,0
2019,2019-W20,Bihar,Chickenpox,46,0
2019,2019-W20,Goa,Dengue,34,0
2019,2019-W20,Himachal Pradesh,Hepatitis A,184,0
2019,2019-W20,Karnataka,Acute Diarrheal Disease,49,0
2019,2019-W20,Karnataka,Chikungunya,31,0
2019,2019-W20,Karnataka,Food Poisoning,73,0
2019,2019-W20,Karnataka,Hepatitis E,36,0
2019,2019-W20,Kerala,Dengue,20,0
2019,2019-W20,Kerala,Food Poisoning,99,0
2019,2019-W20,Kerala,Hepatitis A,48,0
2019,2019-W20,Kerala,Leishmaniasis,3,0
2019,2019-W20,Kerala,West Nile Fever,1,0
2019,2019-W20,Madhya Pradesh,Acute Diarrheal Disease,49,0
2019,2019-W20,Maharashtra,Hepatitis A,24,0
2019,2019-W20,Meghalaya,Food Poisoning,8,0
2019,2019-W20,Odisha,Food Poisoning,24,0
2019,2019-W20,Rajasthan,Brucellosis,2,0
2019,2019-W20,Rajasthan,Measles,5,0
2019,2019-W20,Telangana,Food Poisoning,21,0
2019,2019-W20,Uttar Pradesh,Chickenpox,11,0
2019,2019-W20,Uttar Pradesh,Food Poisoning,56,0
2019,2019-W20,West Bengal,Cholera,216,4
2019,2019-W20,West Bengal,Food Poisoning,61,0
2019,2019-W21,Assam,Malaria,12,0
2019,2019-W21,Chhattisgarh,Acute Diarrheal Disease,34,0
2019,2019-W21,Chhattisgarh,Food Poisoning,28,0
2019,2019-W21,Gujarat,Acute Diarrheal Disease,55,0
2019,2019-W21,Gujarat,Chikungunya,5,0
2019,2019-W21,Gujarat,Crimean-Congo Haemandrhagic Fever (Cchf),1,1
2019,2019-W21,Haryana,Jaundice,19,0
2019,2019-W21,Jammu And Kashmir,Chickenpox,5,0
2019,2019-W21,Jharkhand,Chickenpox,43,0
2019,2019-W21,Karnataka,Acute Diarrheal Disease,96,0
2019,2019-W21,Karnataka,Dengue,90,0
2019,2019-W21,Karnataka,Food Poisoning,72,1
2019,2019-W21,Kerala,Dengue,46,0
2019,2019-W21,Kerala,Diphtheria,1,0
2019,2019-W21,Kerala,Hepatitis A,26,0
2019,2019-W21,Kerala,Kala Azar,1,0
2019,2019-W21,Meghalaya,Chickenpox,36,0
2019,2019-W21,Odisha,Chickenpox,16,0
2019,2019-W21,Odisha,Food Poisoning,77,0
2019,2019-W21,Punjab,Chickenpox,5,0
2019,2019-W21,Punjab,Mumps,21,0
2019,2019-W21,Uttar Pradesh,Chickenpox,44,0
2019,2019-W21,West Bengal,Food Poisoning,44,0
2019,2019-W22,Andhra Pradesh,Food Poisoning,9,0
2019,2019-W22,Assam,Acute Diarrheal Disease,30,0
2019,2019-W22,Bihar,Chickenpox,12,2
2019,2019-W22,Gujarat,Food Poisoning,144,0
2019,2019-W22,Jammu And Kashmir,Acute Diarrheal Disease,615,0
2019,2019-W22,Jammu And Kashmir,Hepatitis E,30,0
2019,2019-W22,Jharkhand,Measles,6,0
2019,2019-W22,Karnataka,Dengue,7,2
2019,2019-W22,Karnataka,Mumps,12,0
2019,2019-W22,Kerala,Food Poisoning,43,0
2019,2019-W22,Kerala,Nipah Viral Disease,1,0
2019,2019-W22,Kerala,West Nile Fever,2,0
2019,2019-W22,Madhya Pradesh,Measles,12,0
2019,2019-W22,Maharashtra,Acute Diarrheal Disease,106,0
2019,2019-W22,Maharashtra,Chickenpox,11,0
2019,2019-W22,Nagaland,Meningitis,2,0
2019,2019-W22,Tamil Nadu,Chikungunya,79,0
2019,2019-W22,Uttar Pradesh,Chickenpox,11,0
2019,2019-W22,Uttar Pradesh,Food Poisoning,4,4
2019,2019-W23,Andaman And Nicobar Islands,Acute Diarrheal Disease,8,0
2019,2019-W23,Arunachal Pradesh,Acute Diarrheal Disease,54,0
2019,2019-W23,Arunachal Pradesh,Scrub Typhus,6,0
2019,2019-W23,Assam,Acute Diarrheal Disease,13,0
2019,2019-W23,Assam,Chickenpox,6,0
2019,2019-W23,Assam,Japanese Encephalitis,1,1
2019,2019-W23,Assam,Scrub Typhus,4,0
2019,2019-W23,Bihar,Acute Encephalitic Syndrome,729,153
2019,2019-W23,Bihar,Measles,80,4
2019,2019-W23,Chhattisgarh,Acute Diarrheal Disease,112,0
2019,2019-W23,Jammu And Kashmir,Chickenpox,40,0
2019,2019-W23,Jammu And Kashmir,Jaundice,38,0
2019,2019-W23,Jharkhand,Acute Diarrheal Disease,164,0
2019,2019-W23,Karnataka,Acute Diarrheal Disease,183,0
2019,2019-W23,Karnataka,Chikungunya,32,0
2019,2019-W23,Karnataka,Dengue,80,0
2019,2019-W23,Karnataka,Fever,20,0
2019,2019-W23,Karnataka,Food Poisoning,37,0
2019,2019-W23,Kerala,Dengue,51,0
2019,2019-W23,Kerala,Food Poisoning,86,0
2019,2019-W23,Maharashtra,Acute Diarrheal Disease,48,0
2019,2019-W23,Maharashtra,Dengue,32,0
2019,2019-W23,Odisha,Anthrax,18,0
2019,2019-W23,Odisha,Jaundice,32,0
2019,2019-W23,Punjab,Hepatitis A,16,0
2019,2019-W23,Punjab,Hepatitis E,36,0
2019,2019-W23,Punjab,Mumps,16,0
2019,2019-W23,Tamil Nadu,Dengue,126,0
2019,2019-W23,Tamil Nadu,Hepatitis A,6,0
2019,2019-W23,Tamil Nadu,Leishmaniasis,40,0
2019,2019-W23,Telangana,Food Poisoning,64,0
2019,2019-W23,Uttar Pradesh,Chickenpox,7,0
2019,2019-W23,Uttar Pradesh,Food Poisoning,74,0
2019,2019-W23,West Bengal,Acute Diarrheal Disease,54,0
2019,2019-W24,Andhra Pradesh,Dengue,28,0
2019,2019-W24,Assam,Acute Diarrheal Disease,16,0
2019,2019-W24,Assam,Acute Encephalitic Syndrome,6,6
2019,2019-W24,Assam,Chickenpox,112,0
2019,2019-W24,Assam,Diphtheria,1,0
2019,2019-W24,Assam,Fever,138,0
2019,2019-W24,Assam,Food Poisoning,150,0
2019,2019-W24,Assam,Hepatitis B,6,0
2019,2019-W24,Assam,Japanese Encephalitis,4,0
2019,2019-W24,Bihar,Acute Encephalitic Syndrome,842,168
2019,2019-W24,Chhattisgarh,Acute Diarrheal Disease,67,0
2019,2019-W24,Chhattisgarh,Chickenpox,38,0
2019,2019-W24,Delhi,Cholera,8,0
2019,2019-W24,Gujarat,Acute Diarrheal Disease,13,0
2019,2019-W24,Gujarat,Cholera,6,0
2019,2019-W24,Haryana,Measles,14,0
2019,2019-W24,Jammu And Kashmir,"Hand, Foot And Mouth Disease (Hfmd)",80,0
2019,2019-W24,Jharkhand,Japanese Encephalitis,1,1
2019,2019-W24,Karnataka,Acute Diarrheal Disease,80,0
2019,2019-W24,Karnataka,Chikungunya,80,0
2019,2019-W24,Karnataka,Food Poisoning,70,0
2019,2019-W24,Karnataka,Shigellosis,92,0
2019,2019-W24,Kerala,Dengue,20,0
2019,2019-W24,Kerala,Malaria,6,0
2019,2019-W24,Kerala,West Nile Fever,1,0
2019,2019-W24,Madhya Pradesh,Acute Diarrheal Disease,188,0
2019,2019-W24,Madhya Pradesh,Food Poisoning,60,0
2019,2019-W24,Maharashtra,Acute Diarrheal Disease,284,0
2019,2019-W24,Maharashtra,Chikungunya,10,0
2019,2019-W24,Maharashtra,Dengue,12,0
2019,2019-W24,Maharashtra,Hepatitis,16,0
2019,2019-W24,Maharashtra,Malaria,14,0
2019,2019-W24,Maharashtra,Shigellosis,64,0
2019,2019-W24,Meghalaya,Fever,5,0
2019,2019-W24,Odisha,Acute Diarrheal Disease,16,2
2019,2019-W24,Punjab,Cholera,282,4
2019,2019-W24,Tamil Nadu,Acute Diarrheal Disease,16,0
2019,2019-W24,Tamil Nadu,Dengue,52,0
2019,2019-W24,Tamil Nadu,Leishmaniasis,30,0
2019,2019-W24,Uttar Pradesh,Acute Diarrheal Disease,140,0
2019,2019-W24,Uttar Pradesh,Chickenpox,156,0
2019,2019-W24,Uttar Pradesh,Food Poisoning,220,0
2019,2019-W24,West Bengal,Acute Diarrheal Disease,50,0
2019,2019-W25,Andhra Pradesh,Acute Diarrheal Disease,35,0
2019,2019-W25,Arunachal Pradesh,Fever,29,0
2019,2019-W25,Assam,Acute Diarrheal Disease,70,0
2019,2019-W25,Assam,Acute Encephalitic Syndrome,1350,177
2019,2019-W25,Assam,Enteric Fever,12,0
2019,2019-W25,Assam,Food Poisoning,17,3
2019,2019-W25,Bihar,Chickenpox,15,0
2019,2019-W25,Chhattisgarh,Hepatitis E,8,0
2019,2019-W25,Gujarat,Acute Diarrheal Disease,34,0
2019,2019-W25,Haryana,Measles,7,0
2019,2019-W25,Jammu And Kashmir,Acute Diarrheal Disease,117,0
2019,2019-W25,Jammu And Kashmir,Chickenpox,19,0
2019,2019-W25,Jammu And Kashmir,Hepatitis E,11,0
2019,2019-W25,Jharkhand,Dengue,8,0
2019,2019-W25,Karnataka,Chikungunya,32,0
2019,2019-W25,Karnataka,Dengue,53,0
2019,2019-W25,Karnataka,Fever,22,0
2019,2019-W25,Karnataka,Hepatitis E,20,0
2019,2019-W25,Kerala,Dengue,36,0
2019,2019-W25,Kerala,Food Poisoning,45,0
2019,2019-W25,Kerala,Hepatitis A,8,0
2019,2019-W25,Madhya Pradesh,Acute Diarrheal Disease,191,0
2019,2019-W25,Maharashtra,Acute Diarrheal Disease,58,0
2019,2019-W25,Maharashtra,Dengue,13,0
2019,2019-W25,Meghalaya,Japanese Encephalitis,26,2
2019,2019-W25,Nagaland,Chickenpox,5,0
2019,2019-W25,Odisha,Jaundice,22,0
2019,2019-W25,Rajasthan,Hepatitis,6,0
2019,2019-W25,Tamil Nadu,Leishmaniasis,30,0
2019,2019-W25,Tripura,Malaria,190,0
2019,2019-W25,Uttar Pradesh,Chickenpox,12,0
2019,2019-W25,Uttar Pradesh,Malaria,2102,0
2019,2019-W25,Uttar Pradesh,Measles,26,2
2019,2019-W25,West Bengal,Acute Diarrheal Disease,40,0
2019,2019-W26,Arunachal Pradesh,Dengue,30,0
2019,2019-W26,Assam,Acute Encephalitic Syndrome,1481,207
2019,2019-W26,Assam,Meningitis,1,1
2019,2019-W26,Bihar,Measles,9,0
2019,2019-W26,Chhattisgarh,Acute Diarrheal Disease,78,0
2019,2019-W26,Chhattisgarh,Food Poisoning,48,0
2019,2019-W26,Chhattisgarh,Japanese Encephalitis,6,1
2019,2019-W26,Himachal Pradesh,Hepatitis,13,0
2019,2019-W26,Jammu And Kashmir,Chickenpox,12,0
2019,2019-W26,Jharkhand,Food Poisoning,103,0
2019,2019-W26,Jharkhand,Japanese Encephalitis,50,0
2019,2019-W26,Jharkhand,Malaria,93,1
2019,2019-W26,Jharkhand,Measles,23,0
2019,2019-W26,Karnataka,Chikungunya,46,0
2019,2019-W26,Karnataka,Dengue,60,0
2019,2019-W26,Karnataka,Fever,26,0
2019,2019-W26,Kerala,Dengue,60,0
2019,2019-W26,Kerala,Hepatitis A,41,0
2019,2019-W26,Kerala,Malaria,5,0
2019,2019-W26,Madhya Pradesh,Acute Diarrheal Disease,17,0
2019,2019-W26,Madhya Pradesh,Hepatitis E,32,0
2019,2019-W26,Maharashtra,Acute Diarrheal Disease,37,0
2019,2019-W26,Maharashtra,Dengue,15,0
2019,2019-W26,Maharashtra,Food Poisoning,13,0
2019,2019-W26,Maharashtra,Hepatitis A And E,207,0
2019,2019-W26,Manipur,Japanese Encephalitis,3,0
2019,2019-W26,Odisha,Acute Diarrheal Disease,19,0
2019,2019-W26,Odisha,Anthrax,7,0
2019,2019-W26,Odisha,Chickenpox,16,0
2019,2019-W26,Odisha,Food Poisoning,12,0
2019,2019-W26,Punjab,Acute Diarrheal Disease,12,0
2019,2019-W26,Punjab,Chickenpox,8,0
2019,2019-W26,Punjab,Jaundice,9,0
2019,2019-W26,Rajasthan,Hepatitis A,18,0
2019,2019-W26,Tamil Nadu,Chikungunya,39,0
2019,2019-W26,Uttar Pradesh,Chickenpox,83,0
2019,2019-W26,West Bengal,Food Poisoning,135,0
2019,2019-W27,Andhra Pradesh,Acute Diarrheal Disease,578,0
2019,2019-W27,Andhra Pradesh,Anthrax,2,0
2019,2019-W27,Andhra Pradesh,Dengue,12,0
2019,2019-W27,Arunachal Pradesh,Chickenpox,12,0
2019,2019-W27,Arunachal Pradesh,Enteric Fever,84,0
2019,2019-W27,Arunachal Pradesh,Scrub Typhus,18,0
2019,2019-W27,Assam,Acute Encephalitic Syndrome,1824,257
2019,2019-W27,Assam,Food Poisoning,10,0
2019,2019-W27,Bihar,Acute Diarrheal Disease,10,0
2019,2019-W27,Bihar,Chickenpox,21,0
2019,2019-W27,Chhattisgarh,Acute Diarrheal Disease,10,0
2019,2019-W27,Chhattisgarh,Food Poisoning,6,0
2019,2019-W27,Chhattisgarh,Hepatitis,6,0
2019,2019-W27,Himachal Pradesh,Acute Diarrheal Disease,196,0
2019,2019-W27,Jammu And Kashmir,Enteric Fever,26,0
2019,2019-W27,Jharkhand,Chickenpox,8,0
2019,2019-W27,Jharkhand,Food Poisoning,62,2
2019,2019-W27,Karnataka,Chikungunya,45,0
2019,2019-W27,Karnataka,Dengue,26,0
2019,2019-W27,Karnataka,Mumps,10,0
2019,2019-W27,Kerala,Acute Diarrheal Disease,188,0
2019,2019-W27,Madhya Pradesh,Chickenpox,4,0
2019,2019-W27,Madhya Pradesh,Food Poisoning,12,0
2019,2019-W27,Maharashtra,Fever,4,1
2019,2019-W27,Maharashtra,Food Poisoning,148,0
2019,2019-W27,Meghalaya,Food Poisoning,46,0
2019,2019-W27,Odisha,Acute Diarrheal Disease,13,0
2019,2019-W27,Puducherry,Hepatitis A,6,0
2019,2019-W27,Punjab,Acute Diarrheal Disease,26,0
2019,2019-W27,Rajasthan,Enteric Fever,28,0
2019,2019-W27,Tamil Nadu,Acute Diarrheal Disease,22,0
2019,2019-W27,Tamil Nadu,Food Poisoning,44,0
2019,2019-W27,Telangana,Chikungunya,52,0
2019,2019-W27,Telangana,Food Poisoning,109,0
2019,2019-W27,Tripura,Diphtheria,26,2
2019,2019-W27,Tripura,Food Poisoning,58,0
2019,2019-W27,Uttar Pradesh,Acute Diarrheal Disease,194,0
2019,2019-W27,Uttar Pradesh,Hepatitis,54,0
2019,2019-W27,West Bengal,Food Poisoning,135,0
2019,2019-W28,Andhra Pradesh,Food Poisoning,79,0
2019,2019-W28,Arunachal Pradesh,Chikungunya,21,0
2019,2019-W28,Arunachal Pradesh,Japanese Encephalitis,74,0
2019,2019-W28,Assam,Food Poisoning,124,0
2019,2019-W28,Bihar,Acute Encephalitic Syndrome,8,2
2019,2019-W28,Bihar,Japanese Encephalitis,2,2
2019,2019-W28,Chhattisgarh,Acute Diarrheal Disease,368,0
2019,2019-W28,Jammu And Kashmir,Food Poisoning,90,0
2019,2019-W28,Jammu And Kashmir,Hepatitis,36,0
2019,2019-W28,Kerala,Chickenpox,46,0
2019,2019-W28,Kerala,Dengue,24,0
2019,2019-W28,Kerala,Food Poisoning,80,0
2019,2019-W28,Maharashtra,Acute Diarrheal Disease,32,0
2019,2019-W28,Maharashtra,Acute Encephalitic Syndrome,4,4
2019,2019-W28,Maharashtra,Acute Encephalitis Syndrome (Japanese Encephalitis),202,20
2019,2019-W28,Maharashtra,Dengue,10,2
2019,2019-W28,Maharashtra,Food Poisoning,42,0
2019,2019-W28,Maharashtra,Malaria,2,2
2019,2019-W28,Meghalaya,Food Poisoning,42,0
2019,2019-W28,Nagaland,Measles,2,0
2019,2019-W28,Odisha,Acute Diarrheal Disease,28,0
2019,2019-W28,Odisha,Food Poisoning,54,0
2019,2019-W28,Rajasthan,Acute Diarrheal Disease,180,0
2019,2019-W28,Tamil Nadu,Dengue,38,0
2019,2019-W28,Tamil Nadu,Diphtheria,4,0
2019,2019-W28,Telangana,Dengue,38,0
2019,2019-W28,Telangana,Food Poisoning,68,0
2019,2019-W28,Uttar Pradesh,Acute Diarrheal Disease,94,6
2019,2019-W28,Uttar Pradesh,Chickenpox,30,0
2019,2019-W28,Uttar Pradesh,Fever,70,0
2019,2019-W28,Uttarakhand,Mumps,18,0
2019,2019-W28,West Bengal,Acute Diarrheal Disease,44,0
2019,2019-W29,Arunachal Pradesh,Japanese Encephalitis,9,3
2019,2019-W29,Assam,Acute Encephalitic Syndrome,2417,318
2019,2019-W29,Assam,Fever,76,0
2019,2019-W29,Bihar,Food Poisoning,109,0
2019,2019-W29,Bihar,Measles,11,0
2019,2019-W29,Chhattisgarh,Acute Diarrheal Disease,161,0
2019,2019-W29,Chhattisgarh,Food Poisoning,136,0
2019,2019-W29,Gujarat,Acute Diarrheal Disease,20,0
2019,2019-W29,Gujarat,Chandipura Vesiculovirus (Chpv),1,0
2019,2019-W29,Gujarat,Food Poisoning,19,0
2019,2019-W29,Gujarat,Hepatitis A,16,0
2019,2019-W29,Jammu And Kashmir,Acute Diarrheal Disease,21,0
2019,2019-W29,Jharkhand,Acute Diarrheal Disease,16,0
2019,2019-W29,Jharkhand,Chickenpox,8,0
2019,2019-W29,Karnataka,Acute Diarrheal Disease,20,0
2019,2019-W29,Karnataka,Chikungunya,12,0
2019,2019-W29,Karnataka,Chikungunya And Dengue,56,0
2019,2019-W29,Karnataka,Dengue,32,0
2019,2019-W29,Karnataka,Food Poisoning,191,0
2019,2019-W29,Kerala,Chikungunya,20,0
2019,2019-W29,Kerala,Hepatitis A,47,0
2019,2019-W29,Kerala,Mumps,10,0
2019,2019-W29,Madhya Pradesh,Acute Diarrheal Disease,16,0
2019,2019-W29,Maharashtra,Acute Diarrheal Disease,24,0
2019,2019-W29,Maharashtra,Dengue,61,1
2019,2019-W29,Maharashtra,Japanese Encephalitis,57,6
2019,2019-W29,Maharashtra,Scrub Typhus,8,0
2019,2019-W29,Meghalaya,Japanese Encephalitis,8,0
2019,2019-W29,Meghalaya,Mushroom Poisoning,8,0
2019,2019-W29,Nagaland,Japanese Encephalitis,9,0
2019,2019-W29,Odisha,Acute Diarrheal Disease,30,0
2019,2019-W29,Odisha,Dysentery,17,0
2019,2019-W29,Odisha,Food Poisoning,32,0
2019,2019-W29,Puducherry,Food Poisoning (Salmonellosis),14,0
2019,2019-W29,Punjab,Acute Diarrheal Disease,11,0
2019,2019-W29,Punjab,Cholera,8,1
2019,2019-W29,Rajasthan,Acute Diarrheal Disease,143,0
2019,2019-W29,Rajasthan,Food Poisoning,41,0
2019,2019-W29,Tamil Nadu,Food Poisoning,18,0
2019,2019-W29,Uttar Pradesh,Acute Diarrheal Disease,306,4
2019,2019-W29,Uttarakhand,Acute Diarrheal Disease,29,0
2019,2019-W29,West Bengal,Cholera,62,0
2019,2019-W30,Andhra Pradesh,Food Poisoning,17,0
2019,2019-W30,Bihar,Acute Encephalitic Syndrome,2,1
2019,2019-W30,Bihar,Food Poisoning,58,2
2019,2019-W30,Chhattisgarh,Acute Diarrheal Disease,47,1
2019,2019-W30,Delhi,Cholera,5,0
2019,2019-W30,Gujarat,Acute Diarrheal Disease,18,0
2019,2019-W30,Gujarat,Chandipura Vesiculovirus (Chpv),2,2
2019,2019-W30,Gujarat,Cholera,25,0
2019,2019-W30,Gujarat,Food Poisoning,155,0
2019,2019-W30,Gujarat,Hepatitis E,26,0
2019,2019-W30,Jammu And Kashmir,Chickenpox,14,0
2019,2019-W30,Jammu And Kashmir,Enteric Fever,31,0
2019,2019-W30,Jharkhand,Chickenpox,42,0
2019,2019-W30,Jharkhand,Influenza B,29,0
2019,2019-W30,Karnataka,Chikungunya,6,0
2019,2019-W30,Karnataka,Dengue,57,0
2019,2019-W30,Karnataka,Diphtheria,3,0
2019,2019-W30,Karnataka,Malaria,26,0
2019,2019-W30,Kerala,Food Poisoning,13,0
2019,2019-W30,Kerala,Melioidosis,2,2
2019,2019-W30,Kerala,Mumps,15,0
2019,2019-W30,Maharashtra,Acute Diarrheal Disease,9,0
2019,2019-W30,Meghalaya,Hepatitis A,15,1
2019,2019-W30,Odisha,Anthrax,13,0
2019,2019-W30,Odisha,Food Poisoning,73,0
2019,2019-W30,Punjab,Acute Diarrheal Disease,24,0
2019,2019-W30,Punjab,Mumps,8,0
2019,2019-W30,Rajasthan,Hepatitis E,21,0
2019,2019-W30,Tamil Nadu,Acute Diarrheal Disease,43,0
2019,2019-W30,Tamil Nadu,Food Poisoning,60,0
2019,2019-W30,Telangana,Food Poisoning,31,0
2019,2019-W30,Uttar Pradesh,Acute Diarrheal Disease,87,2
2019,2019-W30,Uttar Pradesh,Food Poisoning,20,0
2019,2019-W31,Arunachal Pradesh,Chikungunya,77,0
2019,2019-W31,Arunachal Pradesh,Dengue,158,0
2019,2019-W31,Arunachal Pradesh,Enteric Fever,19,0
2019,2019-W31,Arunachal Pradesh,Japanese Encephalitis,113,2
2019,2019-W31,Assam,Acute Diarrheal Disease,20,0
2019,2019-W31,Assam,Food Poisoning,32,0
2019,2019-W31,Assam,Hepatitis A,18,0
2019,2019-W31,Assam,Scrub Typhus,2,2
2019,2019-W31,Bihar,Food Poisoning,46,0
2019,2019-W31,Bihar,Mumps,6,0
2019,2019-W31,Chhattisgarh,Acute Diarrheal Disease,40,0
2019,2019-W31,Chhattisgarh,Food Poisoning,17,0
2019,2019-W31,Dadra And Nagar Haveli,Mumps,5,0
2019,2019-W31,Delhi,Trypanosomiasis,2,0
2019,2019-W31,Gujarat,Chandipura Vesiculovirus (Chpv),3,2
2019,2019-W31,Karnataka,Acute Diarrheal Disease,86,0
2019,2019-W31,Karnataka,Chikungunya,9,0
2019,2019-W31,Karnataka,Dengue,54,0
2019,2019-W31,Karnataka,Diphtheria,1,1
2019,2019-W31,Karnataka,Fever,41,0
2019,2019-W31,Madhya Pradesh,Acute Diarrheal Disease,43,0
2019,2019-W31,Madhya Pradesh,Chickenpox,26,0
2019,2019-W31,Madhya Pradesh,Measles,41,0
2019,2019-W31,Odisha,Food Poisoning,27,0
2019,2019-W31,Puducherry,Dengue,4,0
2019,2019-W31,Rajasthan,Acute Diarrheal Disease,91,0
2019,2019-W31,Telangana,Acute Diarrheal Disease,13,0
2019,2019-W31,Tripura,Jaundice,36,0
2019,2019-W31,Uttar Pradesh,Acute Diarrheal Disease,83,8
2019,2019-W32,Arunachal Pradesh,Chikungunya,83,0
2019,2019-W32,Arunachal Pradesh,Dengue,336,0
2019,2019-W32,Assam,Acute Diarrheal Disease,31,0
2019,2019-W32,Assam,Food Poisoning,22,0
2019,2019-W32,Assam,Typhoid,11,0
2019,2019-W32,Bihar,Acute Diarrheal Disease,30,6
2019,2019-W32,Karnataka,Acute Diarrheal Disease,142,0
2019,2019-W32,Karnataka,Dengue,28,0
2019,2019-W32,Karnataka,Food Poisoning,42,0
2019,2019-W32,Kerala,Diphtheria,2,2
2019,2019-W32,Madhya Pradesh,Acute Diarrheal Disease,54,2
2019,2019-W32,Maharashtra,Acute Diarrheal Disease,24,0
2019,2019-W32,Manipur,Dengue,29,0
2019,2019-W32,Odisha,Acute Diarrheal Disease,26,0
2019,2019-W32,Odisha,Food Poisoning,50,0
2019,2019-W32,Punjab,Acute Diarrheal Disease,20,0
2019,2019-W32,Punjab,Jaundice,21,0
2019,2019-W32,Tamil Nadu,Chikungunya,68,0
2019,2019-W32,Tamil Nadu,Hepatitis A,30,0
2019,2019-W32,Tripura,Hepatitis A And B And Leptospirosis,43,0
2019,2019-W32,Uttar Pradesh,Acute Diarrheal Disease,24,0
2019,2019-W32,Uttar Pradesh,Dengue,32,0
2019,2019-W32,Uttar Pradesh,Food Poisoning,102,0
2019,2019-W32,West Bengal,Dengue,54,0
2019,2019-W32,West Bengal,Hepatitis A,17,0
2019,2019-W33,Arunachal Pradesh,Chikungunya,77,0
2019,2019-W33,Arunachal Pradesh,Dengue,158,0
2019,2019-W33,Arunachal Pradesh,Enteric Fever,24,0
2019,2019-W33,Arunachal Pradesh,Japanese Encephalitis,24,4
2019,2019-W33,Assam,Chickenpox,14,0
2019,2019-W33,Assam,Scrub Typhus,66,12
2019,2019-W33,Assam,West Nile Fever,4,0
2019,2019-W33,Chhattisgarh,Acute Diarrheal Disease,200,0
2019,2019-W33,Gujarat,Cholera,11,0
2019,2019-W33,Haryana,Diphtheria,6,0
2019,2019-W33,Himachal Pradesh,Acute Diarrheal Disease,118,0
2019,2019-W33,Kerala,Food Poisoning,23,0
2019,2019-W33,Kerala,Hepatitis A,32,0
2019,2019-W33,Maharashtra,Acute Encephalitic Syndrome,1,1
2019,2019-W33,Odisha,Acute Diarrheal Disease,35,0
2019,2019-W33,Odisha,Bacillary Dysentery,12,0
2019,2019-W33,Odisha,Food Poisoning,33,0
2019,2019-W33,Punjab,Hepatitis E,48,0
2019,2019-W33,Tamil Nadu,Chikungunya,64,0
2019,2019-W33,Tamil Nadu,Mumps,16,0
2019,2019-W33,Telangana,Food Poisoning,34,0
2019,2019-W33,Uttar Pradesh,Acute Diarrheal Disease,18,2
2019,2019-W33,Uttar Pradesh,Food Poisoning,9,0
2019,2019-W33,Uttarakhand,Acute Diarrheal Disease,5,1
2019,2019-W33,West Bengal,Acute Diarrheal Disease,35,0
2019,2019-W33,West Bengal,Dengue,17,0
2019,2019-W33,West Bengal,Food Poisoning,55,0
2019,2019-W34,Andhra Pradesh,Food Poisoning,109,0
2019,2019-W34,Arunachal Pradesh,Acute Diarrheal Disease,45,1
2019,2019-W34,Assam,Food Poisoning,95,0
2019,2019-W34,Bihar,Acute Diarrheal Disease,51,0
2019,2019-W34,Chhattisgarh,Acute Diarrheal Disease,76,0
2019,2019-W34,Gujarat,Acute Diarrheal Disease,83,0
2019,2019-W34,Gujarat,Chandipura Vesiculovirus (Chpv),2,1
2019,2019-W34,Himachal Pradesh,Acute Diarrheal Disease,174,0
2019,2019-W34,Jharkhand,Hepatitis E,35,0
2019,2019-W34,Karnataka,Dengue,40,1
2019,2019-W34,Karnataka,Food Poisoning,65,0
2019,2019-W34,Kerala,Dengue,30,0
2019,2019-W34,Madhya Pradesh,Acute Diarrheal Disease,221,0
2019,2019-W34,Madhya Pradesh,Malaria,15,0
2019,2019-W34,Maharashtra,Acute Diarrheal Disease,84,0
2019,2019-W34,Maharashtra,Dengue,32,1
2019,2019-W34,Maharashtra,Japanese Encephalitis,6,0
2019,2019-W34,Maharashtra,Malaria,166,0
2019,2019-W34,Odisha,Acute Diarrheal Disease,18,0
2019,2019-W34,Odisha,Cholera,15,0
2019,2019-W34,Odisha,Food Poisoning,20,0
2019,2019-W34,Punjab,Acute Diarrheal Disease,43,0
2019,2019-W34,Punjab,Food Poisoning,3,3
2019,2019-W34,Punjab,Hepatitis A And E,8,0
2019,2019-W34,Rajasthan,Food Poisoning,42,0
2019,2019-W34,Tamil Nadu,Food Poisoning,16,0
2019,2019-W34,Telangana,Chikungunya And Dengue,32,0
2019,2019-W34,Uttarakhand,Dengue,20,0
2019,2019-W34,West Bengal,Dengue,1336,0
2019,2019-W35,Assam,Acute Diarrheal Disease,7,0
2019,2019-W35,Assam,Dengue,16,0
2019,2019-W35,Assam,Enteric Fever,390,0
2019,2019-W35,Assam,Fever,366,0
2019,2019-W35,Bihar,Acute Diarrheal Disease,9,3
2019,2019-W35,Bihar,Dengue,10,0
2019,2019-W35,Gujarat,Food Poisoning,118,0
2019,2019-W35,Himachal Pradesh,Acute Diarrheal Disease,42,0
2019,2019-W35,Karnataka,Acute Diarrheal Disease,149,0
2019,2019-W35,Karnataka,Chickenpox,31,0
2019,2019-W35,Karnataka,Chikungunya,28,0
2019,2019-W35,Karnataka,Dengue,175,1
2019,2019-W35,Karnataka,Diphtheria,97,0
2019,2019-W35,Karnataka,Fever,14,0
2019,2019-W35,Kerala,Food Poisoning,260,0
2019,2019-W35,Kerala,Hepatitis A,74,0
2019,2019-W35,Maharashtra,Acute Encephalitic Syndrome,9,1
2019,2019-W35,Maharashtra,Dengue,386,2
2019,2019-W35,Maharashtra,Japanese Encephalitis,1,1
2019,2019-W35,Maharashtra,Malaria,3,0
2019,2019-W35,Meghalaya,Food Poisoning,26,0
2019,2019-W35,Odisha,Cholera,29,0
2019,2019-W35,Odisha,Hepatitis A,28,0
2019,2019-W35,Punjab,Cholera,72,0
2019,2019-W35,Sikkim,Fever,17,0
2019,2019-W35,Telangana,Dengue,32,0
2019,2019-W35,Uttar Pradesh,Acute Diarrheal Disease,17,0
2019,2019-W35,Uttar Pradesh,Fever,40,0
2019,2019-W35,Uttar Pradesh,Malaria,344,0
2019,2019-W35,West Bengal,Dengue,928,0
2019,2019-W36,Assam,Acute Diarrheal Disease,32,0
2019,2019-W36,Assam,Cholera,10,0
2019,2019-W36,Chhattisgarh,Acute Diarrheal Disease,30,0
2019,2019-W36,Chhattisgarh,Dengue,148,0
2019,2019-W36,Chhattisgarh,Japanese Encephalitis,8,0
2019,2019-W36,Gujarat,Crimean-Congo Haemandrhagic Fever (Cchf),7,4
2019,2019-W36,Himachal Pradesh,Acute Diarrheal Disease,122,0
2019,2019-W36,Jammu And Kashmir,Acute Diarrheal Disease,74,0
2019,2019-W36,Jharkhand,Acute Diarrheal Disease,13,0
2019,2019-W36,Jharkhand,Chickenpox,16,0
2019,2019-W36,Jharkhand,Malaria,148,0
2019,2019-W36,Jharkhand,Mumps,24,0
2019,2019-W36,Karnataka,Malaria,50,0
2019,2019-W36,Madhya Pradesh,Acute Diarrheal Disease,38,0
2019,2019-W36,Maharashtra,Dengue,71,5
2019,2019-W36,Maharashtra,Hepatitis A,5,1
2019,2019-W36,Maharashtra,Leishmaniasis,18,4
2019,2019-W36,Maharashtra,Malaria,7,1
2019,2019-W36,Maharashtra,Scrub Typhus,1,1
2019,2019-W36,Odisha,Acute Diarrheal Disease,116,2
2019,2019-W36,Odisha,Food Poisoning,250,0
2019,2019-W36,Odisha,Hepatitis,50,0
2019,2019-W36,Puducherry,Dengue,64,0
2019,2019-W36,Punjab,Mumps,26,0
2019,2019-W36,Tamil Nadu,Food Poisoning,68,0
2019,2019-W36,Uttar Pradesh,Acute Diarrheal Disease,75,0
2019,2019-W36,Uttar Pradesh,Chickenpox,21,0
2019,2019-W36,Uttar Pradesh,Dengue,5,0
2019,2019-W36,Uttar Pradesh,Malaria,360,0
2019,2019-W36,West Bengal,Acute Diarrheal Disease,106,2
2019,2019-W37,Arunachal Pradesh,Acute Diarrheal Disease,259,0
2019,2019-W37,Assam,Typhoid,27,0
2019,2019-W37,Gujarat,Crimean-Congo Haemandrhagic Fever (Cchf),4,3
2019,2019-W37,Haryana,Cholera,216,4
2019,2019-W37,Jharkhand,Acute Diarrheal Disease,38,0
2019,2019-W37,Karnataka,Chikungunya,46,0
2019,2019-W37,Karnataka,Dengue,34,2
2019,2019-W37,Karnataka,Diphtheria,210,0
2019,2019-W37,Karnataka,Food Poisoning,130,0
2019,2019-W37,Karnataka,Pyrexia Of Unknown Andigin (Puo),38,0
2019,2019-W37,Kerala,Brucellosis,15,0
2019,2019-W37,Maharashtra,Dengue,192,5
2019,2019-W37,Odisha,Acute Diarrheal Disease,56,4
2019,2019-W37,Odisha,Jaundice,15,0
2019,2019-W37,Odisha,Shigellosis,126,0
2019,2019-W37,Punjab,Cholera,123,1
2019,2019-W37,Punjab,Hepatitis A,312,2
2019,2019-W37,Punjab,Hepatitis E,56,0
2019,2019-W37,Sikkim,Dengue,184,0
2019,2019-W37,Telangana,Pyrexia Of Unknown Andigin (Puo),60,0
2019,2019-W37,Uttar Pradesh,Acute Diarrheal Disease,25,1
2019,2019-W37,Uttar Pradesh,Food Poisoning,50,0
2019,2019-W37,Uttarakhand,Acute Diarrheal Disease,80,0
2019,2019-W37,Uttarakhand,Dengue,984,0
2019,2019-W38,Andhra Pradesh,Food Poisoning,70,0
2019,2019-W38,Arunachal Pradesh,Acute Diarrheal Disease,125,0
2019,2019-W38,Arunachal Pradesh,Scrub Typhus,10,3
2019,2019-W38,Chhattisgarh,Acute Diarrheal Disease,98,8
2019,2019-W38,Daman And Diu,Dengue,107,2
2019,2019-W38,Daman And Diu,Leishmaniasis,3,2
2019,2019-W38,Gujarat,Crimean-Congo Haemandrhagic Fever (Cchf),5,1
2019,2019-W38,Haryana,Acute Diarrheal Disease,28,0
2019,2019-W38,Jammu And Kashmir,Acute Diarrheal Disease,74,0
2019,2019-W38,Jammu And Kashmir,Hepatitis,26,0
2019,2019-W38,Jharkhand,Acute Diarrheal Disease,11,0
2019,2019-W38,Jharkhand,Measles,5,0
2019,2019-W38,Karnataka,Mumps,8,0
2019,2019-W38,Kerala,Food Poisoning,226,0
2019,2019-W38,Madhya Pradesh,Acute Diarrheal Disease,26,4
2019,2019-W38,Maharashtra,Dengue,178,8
2019,2019-W38,Odisha,Acute Diarrheal Disease,35,0
2019,2019-W38,Odisha,Hepatitis E,9,0
2019,2019-W38,Punjab,Mumps,11,0
2019,2019-W38,Tamil Nadu,Chikungunya,86,0
2019,2019-W38,Tamil Nadu,Dengue,20,0
2019,2019-W38,Tamil Nadu,Leishmaniasis,10,0
2019,2019-W38,Telangana,Dengue,180,0
2019,2019-W38,Uttar Pradesh,Acute Diarrheal Disease,18,0
2019,2019-W38,Uttar Pradesh,Diphtheria,5,1
2019,2019-W39,Andhra Pradesh,Acute Diarrheal Disease,38,0
2019,2019-W39,Assam,Acute Diarrheal Disease,8,2
2019,2019-W39,Assam,Acute Encephalitic Syndrome,1,1
2019,2019-W39,Assam,Hepatitis A,2,0
2019,2019-W39,Bihar,Food Poisoning,47,0
2019,2019-W39,Chhattisgarh,Acute Diarrheal Disease,6,0
2019,2019-W39,Gujarat,Crimean-Congo Haemandrhagic Fever (Cchf),1,0
2019,2019-W39,Haryana,Acute Diarrheal Disease,28,1
2019,2019-W39,Jammu And Kashmir,Dengue,30,0
2019,2019-W39,Jharkhand,Dengue,6,0
2019,2019-W39,Jharkhand,Japanese Encephalitis,4,0
2019,2019-W39,Jharkhand,Malaria,63,0
2019,2019-W39,Karnataka,Chikungunya,9,0
2019,2019-W39,Karnataka,Enteric Fever,11,0
2019,2019-W39,Karnataka,Influenza B,31,0
2019,2019-W39,Kerala,Food Poisoning,224,0
2019,2019-W39,Kerala,Hepatitis,32,0
2019,2019-W39,Madhya Pradesh,Food Poisoning,14,0
2019,2019-W39,Maharashtra,Chikungunya,92,0
2019,2019-W39,Maharashtra,Chikungunya And Dengue,12,1
2019,2019-W39,Maharashtra,Dengue,140,2
2019,2019-W39,Maharashtra,Hepatitis A,10,0
2019,2019-W39,Maharashtra,Leptospirosis And Scrub Typhus,10,0
2019,2019-W39,Maharashtra,Scrub Typhus,6,0
2019,2019-W39,Odisha,Acute Diarrheal Disease,23,1
2019,2019-W39,Odisha,Anthrax,3,0
2019,2019-W39,Puducherry,Food Poisoning,13,0
2019,2019-W39,Punjab,Acute Diarrheal Disease,129,0
2019,2019-W39,Rajasthan,Acute Diarrheal Disease,66,0
2019,2019-W39,Tamil Nadu,Dengue,22,0
2019,2019-W39,Uttar Pradesh,Diphtheria,8,6
2019,2019-W40,Bihar,Acute Diarrheal Disease,36,2
2019,2019-W40,Chhattisgarh,Dengue,54,0
2019,2019-W40,Gujarat,Crimean-Congo Haemandrhagic Fever (Cchf),2,2
2019,2019-W40,Haryana,Cholera,53,1
2019,2019-W40,Himachal Pradesh,Acute Diarrheal Disease,102,2
2019,2019-W40,Jharkhand,Dengue,16,0
2019,2019-W40,Jharkhand,Malaria,84,0
2019,2019-W40,Jharkhand,Measles,16,0
2019,2019-W40,Karnataka,Acute Diarrheal Disease,122,0
2019,2019-W40,Karnataka,Chikungunya,106,0
2019,2019-W40,Kerala,Chickenpox,16,0
2019,2019-W40,Kerala,Kala Azar,2,0
2019,2019-W40,Madhya Pradesh,Food Poisoning,32,0
2019,2019-W40,Maharashtra,Acute Diarrheal Disease,90,0
2019,2019-W40,Maharashtra,Chikungunya And Dengue,4,0
2019,2019-W40,Maharashtra,Dengue,300,2
2019,2019-W40,Maharashtra,Leishmaniasis,1,1
2019,2019-W40,Manipur,Dengue,28,0
2019,2019-W40,Manipur,Scrub Typhus,28,0
2019,2019-W40,Meghalaya,Acute Diarrheal Disease,17,0
2019,2019-W40,Mizoram,Food Poisoning,48,0
2019,2019-W40,Odisha,Acute Diarrheal Disease,290,2
2019,2019-W40,Puducherry,Dengue,79,1
2019,2019-W40,Punjab,Acute Diarrheal Disease,258,0
2019,2019-W40,Rajasthan,Brucellosis,3,0
2019,2019-W40,Tamil Nadu,Typhoid,24,0
2019,2019-W40,Telangana,Dengue,104,0
2019,2019-W40,Uttar Pradesh,Dengue,100,0
2019,2019-W40,West Bengal,Acute Diarrheal Disease,59,0
2019,2019-W41,Andaman And Nicobar Islands,Acute Diarrheal Disease,60,0
2019,2019-W41,Arunachal Pradesh,Food Poisoning,32,0
2019,2019-W41,Arunachal Pradesh,Pertussis,8,0
2019,2019-W41,Assam,Food Poisoning,182,0
2019,2019-W41,Bihar,Acute Diarrheal Disease,46,2
2019,2019-W41,Gujarat,Crimean-Congo Haemandrhagic Fever (Cchf),1,0
2019,2019-W41,Jammu And Kashmir,Dengue,870,0
2019,2019-W41,Jharkhand,Acute Diarrheal Disease,15,0
2019,2019-W41,Jharkhand,Dengue,14,0
2019,2019-W41,Karnataka,Dengue,3,1
2019,2019-W41,Karnataka,Diphtheria,1,1
2019,2019-W41,Maharashtra,Acute Encephalitic Syndrome,8,2
2019,2019-W41,Maharashtra,Dengue,35,2
2019,2019-W41,Meghalaya,Food Poisoning,16,0
2019,2019-W41,Odisha,Acute Diarrheal Disease,23,0
2019,2019-W41,Puducherry,Dengue,156,0
2019,2019-W41,Rajasthan,Fever,1053,0
2019,2019-W41,West Bengal,Acute Diarrheal Disease,23,0
2019,2019-W42,Assam,Food Poisoning,86,0
2019,2019-W42,Bihar,Acute Diarrheal Disease,105,11
2019,2019-W42,Bihar,Dengue,5,0
2019,2019-W42,Bihar,Kala Azar,3,0
2019,2019-W42,Chhattisgarh,Acute Diarrheal Disease,119,2
2019,2019-W42,Gujarat,Acute Diarrheal Disease,338,0
2019,2019-W42,Gujarat,Cholera,2,2
2019,2019-W42,Gujarat,Crimean-Congo Haemandrhagic Fever (Cchf),2,2
2019,2019-W42,Haryana,Dengue,60,2
2019,2019-W42,Jammu And Kashmir,Jaundice,26,0
2019,2019-W42,Jharkhand,Acute Diarrheal Disease,35,0
2019,2019-W42,Jharkhand,Japanese Encephalitis,1,1
2019,2019-W42,Jharkhand,Measles,15,0
2019,2019-W42,Karnataka,Chikungunya,282,0
2019,2019-W42,Karnataka,Dengue,48,0
2019,2019-W42,Karnataka,Leishmaniasis,1,1
2019,2019-W42,Kerala,Chickenpox,11,0
2019,2019-W42,Kerala,Dengue,18,0
2019,2019-W42,Kerala,Leishmaniasis,12,2
2019,2019-W42,Kerala,Mumps,19,0
2019,2019-W42,Madhya Pradesh,Acute Diarrheal Disease,46,4
2019,2019-W42,Maharashtra,Acute Diarrheal Disease,32,0
2019,2019-W42,Maharashtra,Dengue,100,2
2019,2019-W42,Maharashtra,Food Poisoning,13,0
2019,2019-W42,Maharashtra,Japanese Encephalitis,2,2
2019,2019-W42,Punjab,Acute Diarrheal Disease,14,0
2019,2019-W42,Punjab,Mumps,13,0
2019,2019-W42,Tamil Nadu,Chikungunya,80,0
2019,2019-W42,Tamil Nadu,Dengue And Leptospirosis,22,0
2019,2019-W42,Tamil Nadu,Hepatitis A,7,0
2019,2019-W42,Tripura,Food Poisoning,14,0
2019,2019-W42,Uttar Pradesh,Acute Diarrheal Disease,122,2
2019,2019-W42,Uttar Pradesh,Dengue,8,0
2019,2019-W42,West Bengal,Acute Diarrheal Disease,30,0
2019,2019-W42,West Bengal,Food Poisoning,145,0
2019,2019-W43,Andhra Pradesh,Acute Diarrheal Disease,156,0
2019,2019-W43,Assam,Food Poisoning,55,0
2019,2019-W43,Assam,Japanese Encephalitis,2,2
2019,2019-W43,Chhattisgarh,Acute Diarrheal Disease,94,3
2019,2019-W43,Gujarat,Diphtheria,47,8
2019,2019-W43,Gujarat,Food Poisoning,11,0
2019,2019-W43,Jammu And Kashmir,Acute Diarrheal Disease,120,0
2019,2019-W43,Jammu And Kashmir,Cholera,246,4
2019,2019-W43,Jammu And Kashmir,Hepatitis A,36,0
2019,2019-W43,Jammu And Kashmir,Hepatitis A And E,13,0
2019,2019-W43,Jammu And Kashmir,Hepatitis E,30,0
2019,2019-W43,Jharkhand,Acute Diarrheal Disease,22,0
2019,2019-W43,Jharkhand,Chickenpox,10,0
2019,2019-W43,Jharkhand,Dengue,25,0
2019,2019-W43,Karnataka,Chikungunya,49,0
2019,2019-W43,Kerala,Diphtheria,1,1
2019,2019-W43,Kerala,Food Poisoning,81,0
2019,2019-W43,Kerala,Hepatitis A,86,0
2019,2019-W43,Kerala,Measles,12,0
2019,2019-W43,Kerala,Mumps,22,0
2019,2019-W43,Madhya Pradesh,Food Poisoning,19,0
2019,2019-W43,Madhya Pradesh,Japanese Encephalitis,1,1
2019,2019-W43,Maharashtra,Acute Diarrheal Disease,15,0
2019,2019-W43,Maharashtra,Cholera,400,3
2019,2019-W43,Maharashtra,Dengue,36,1
2019,2019-W43,Nagaland,Dengue,2,0
2019,2019-W43,Odisha,Food Poisoning,16,0
2019,2019-W43,Punjab,Acute Diarrheal Disease,10,0
2019,2019-W43,Rajasthan,Dengue,37,0
2019,2019-W43,Tamil Nadu,Acute Diarrheal Disease,49,0
2019,2019-W43,Uttar Pradesh,Acute Diarrheal Disease,14,1
2019,2019-W43,Uttar Pradesh,Chickenpox,20,0
2019,2019-W43,Uttar Pradesh,Dengue,6,0
2019,2019-W43,Uttar Pradesh,Diphtheria,11,6
2019,2019-W43,Uttarakhand,Dengue,8,0
2019,2019-W43,West Bengal,Hepatitis A,28,0
2019,2019-W44,Arunachal Pradesh,Food Poisoning,13,0
2019,2019-W44,Bihar,Chickenpox,11,0
2019,2019-W44,Bihar,Dengue,75,1
2019,2019-W44,Haryana,Hepatitis A And E,28,0
2019,2019-W44,Jammu And Kashmir,Chickenpox,40,0
2019,2019-W44,Jharkhand,Food Poisoning,18,0
2019,2019-W44,Karnataka,Food Poisoning,70,0
2019,2019-W44,Kerala,Chickenpox,32,0
2019,2019-W44,Maharashtra,Dengue,246,0
2019,2019-W44,Mizoram,Dengue,106,0
2019,2019-W44,Odisha,Acute Diarrheal Disease,96,0
2019,2019-W44,Odisha,Food Poisoning,7,0
2019,2019-W44,Punjab,Chickenpox,323,0
2019,2019-W44,Punjab,Mumps,26,0
2019,2019-W44,Tamil Nadu,Chikungunya And Leptospirosis,98,0
2019,2019-W44,Telangana,Chikungunya And Dengue,34,0
2019,2019-W44,Uttar Pradesh,Dengue,418,0
2019,2019-W45,Assam,Chickenpox,9,0
2019,2019-W45,Assam,Food Poisoning,154,0
2019,2019-W45,Assam,Malaria,82,0
2019,2019-W45,Bihar,Dengue,7,0
2019,2019-W45,Chhattisgarh,Acute Diarrheal Disease,60,0
2019,2019-W45,Gujarat,Crimean-Congo Haemandrhagic Fever (Cchf),2,0
2019,2019-W45,Gujarat,Food Poisoning,236,0
2019,2019-W45,Jammu And Kashmir,Acute Diarrheal Disease,43,0
2019,2019-W45,Jammu And Kashmir,Chickenpox,57,0
2019,2019-W45,Jammu And Kashmir,Hepatitis A,28,0
2019,2019-W45,Jammu And Kashmir,Hepatitis E,174,0
2019,2019-W45,Jharkhand,Acute Diarrheal Disease,24,0
2019,2019-W45,Jharkhand,Chikungunya And Dengue,16,0
2019,2019-W45,Jharkhand,Dengue,7,0
2019,2019-W45,Jharkhand,Food Poisoning,76,0
2019,2019-W45,Karnataka,Acute Diarrheal Disease,30,0
2019,2019-W45,Karnataka,Chikungunya And Dengue,33,0
2019,2019-W45,Karnataka,Cholera,40,0
2019,2019-W45,Karnataka,Food Poisoning,274,0
2019,2019-W45,Kerala,Dengue,46,0
2019,2019-W45,Kerala,Hepatitis A,127,0
2019,2019-W45,Madhya Pradesh,Food Poisoning,140,2
2019,2019-W45,Maharashtra,Acute Diarrheal Disease,67,0
2019,2019-W45,Maharashtra,Chikungunya And Dengue,4,0
2019,2019-W45,Maharashtra,Cholera,224,0
2019,2019-W45,Maharashtra,Dengue,11,1
2019,2019-W45,Maharashtra,Leishmaniasis,14,5
2019,2019-W45,Meghalaya,Acute Diarrheal Disease,7,0
2019,2019-W45,Odisha,Acute Diarrheal Disease,64,0
2019,2019-W45,Odisha,Anthrax,10,0
2019,2019-W45,Odisha,Food Poisoning,108,0
2019,2019-W45,Odisha,Hepatitis E,20,0
2019,2019-W45,Punjab,Mumps,28,0
2019,2019-W45,Rajasthan,Acute Viral Fever,60,0
2019,2019-W45,Rajasthan,Dengue,120,0
2019,2019-W45,Tamil Nadu,Food Poisoning,72,0
2019,2019-W45,Telangana,Dengue,34,0
2019,2019-W45,Uttar Pradesh,Dengue,35,0
2019,2019-W45,Uttar Pradesh,Jatropha Seeds Poisoning,9,0
2019,2019-W46,Assam,Acute Diarrheal Disease,4,2
2019,2019-W46,Assam,Jaundice,40,0
2019,2019-W46,Assam,West Nile And Dengue,1,0
2019,2019-W46,Chhattisgarh,Acute Diarrheal Disease,74,0
2019,2019-W46,Jharkhand,Dengue,46,0
2019,2019-W46,Karnataka,Chikungunya,14,0
2019,2019-W46,Karnataka,Dengue,64,2
2019,2019-W46,Kerala,Food Poisoning,31,0
2019,2019-W46,Maharashtra,Acute Diarrheal Disease,38,0
2019,2019-W46,Maharashtra,Dengue,15,3
2019,2019-W46,Maharashtra,Food Poisoning,28,0
2019,2019-W46,Odisha,Food Poisoning,97,4
2019,2019-W46,Punjab,Mumps,9,0
2019,2019-W46,Rajasthan,Crimean-Congo Haemandrhagic Fever (Cchf),2,0
2019,2019-W46,Rajasthan,Food Poisoning,152,0
2019,2019-W46,Tamil Nadu,Chikungunya,26,0
2019,2019-W46,Tamil Nadu,Typhoid And Chikungunya,54,0
2019,2019-W47,Andhra Pradesh,Food Poisoning,58,0
2019,2019-W47,Arunachal Pradesh,Chickenpox,21,0
2019,2019-W47,Assam,Acute Diarrheal Disease,12,0
2019,2019-W47,Assam,Chickenpox,12,0
2019,2019-W47,Gujarat,Crimean-Congo Haemandrhagic Fever (Cchf),2,1
2019,2019-W47,Jammu And Kashmir,Chickenpox,8,0
2019,2019-W47,Jammu And Kashmir,Dengue,870,0
2019,2019-W47,Jharkhand,Acute Diarrheal Disease,83,0
2019,2019-W47,Jharkhand,Dengue,46,0
2019,2019-W47,Karnataka,Acute Diarrheal Disease,54,0
2019,2019-W47,Karnataka,Chikungunya,134,0
2019,2019-W47,Karnataka,Food Poisoning,53,0
2019,2019-W47,Karnataka,Typhoid,20,0
2019,2019-W47,Kerala,Chickenpox,74,0
2019,2019-W47,Kerala,Food Poisoning,22,0
2019,2019-W47,Kerala,Hepatitis A,160,2
2019,2019-W47,Kerala,Mumps,40,0
2019,2019-W47,Madhya Pradesh,Acute Diarrheal Disease,156,2
2019,2019-W47,Maharashtra,Dengue,16,0
2019,2019-W47,Odisha,Acute Diarrheal Disease,44,0
2019,2019-W47,Tamil Nadu,Dengue,40,0
2019,2019-W47,Telangana,Food Poisoning,137,0
2019,2019-W47,Uttar Pradesh,Food Poisoning,28,0
2019,2019-W47,West Bengal,Acute Diarrheal Disease,28,0
2019,2019-W47,West Bengal,Cholera,301,0
2019,2019-W47,West Bengal,Food Poisoning,56,0
2019,2019-W48,Arunachal Pradesh,Chickenpox,25,0
2019,2019-W48,Assam,Acute Diarrheal Disease,9,1
2019,2019-W48,Assam,Chickenpox,6,0
2019,2019-W48,Bihar,Acute Diarrheal Disease,25,0
2019,2019-W48,Chhattisgarh,Japanese Encephalitis,1,1
2019,2019-W48,Delhi,Dengue,12,0
2019,2019-W48,Gujarat,Crimean-Congo Haemandrhagic Fever (Cchf),1,0
2019,2019-W48,Gujarat,Measles,6,0
2019,2019-W48,Jharkhand,Acute Diarrheal Disease,28,1
2019,2019-W48,Jharkhand,Food Poisoning,203,0
2019,2019-W48,Karnataka,Acute Diarrheal Disease,12,0
2019,2019-W48,Karnataka,Chikungunya,46,0
2019,2019-W48,Karnataka,Dengue,82,0
2019,2019-W48,Maharashtra,Chikungunya,8,0
2019,2019-W48,Maharashtra,Hepatitis A,17,0
2019,2019-W48,Odisha,Acute Diarrheal Disease,36,0
2019,2019-W48,Odisha,Chikungunya,120,0
2019,2019-W48,Odisha,Food Poisoning,24,0
2019,2019-W48,Punjab,Chickenpox,42,0
2019,2019-W48,Punjab,Measles,8,0
2019,2019-W48,Punjab,Mumps,7,0
2019,2019-W49,Arunachal Pradesh,Chickenpox,15,0
2019,2019-W49,Bihar,Acute Diarrheal Disease,32,0
2019,2019-W49,Bihar,Food Poisoning,12,0
2019,2019-W49,Chhattisgarh,Dengue,14,0
2019,2019-W49,Haryana,Hepatitis A,32,0
2019,2019-W49,Jharkhand,Acute Diarrheal Disease,34,0
2019,2019-W49,Jharkhand,Food Poisoning,16,0
2019,2019-W49,Karnataka,Acute Diarrheal Disease,39,0
2019,2019-W49,Karnataka,Chikungunya,25,0
2019,2019-W49,Karnataka,Chikungunya And Dengue,19,0
2019,2019-W49,Karnataka,Dengue,112,2
2019,2019-W49,Karnataka,Mumps,16,0
2019,2019-W49,Kerala,Acute Diarrheal Disease,20,0
2019,2019-W49,Kerala,Chikungunya,18,0
2019,2019-W49,Kerala,Dengue,34,0
2019,2019-W49,Kerala,Diphtheria,8,0
2019,2019-W49,Madhya Pradesh,Mumps,92,0
2019,2019-W49,Maharashtra,Acute Diarrheal Disease,24,0
2019,2019-W49,Maharashtra,Dengue,16,0
2019,2019-W49,Maharashtra,Food Poisoning,13,0
2019,2019-W49,Mizoram,Scrub Typhus,202,4
2019,2019-W49,Odisha,Chickenpox,28,0
2019,2019-W49,Odisha,Chikungunya,284,0
2019,2019-W49,Odisha,Food Poisoning,158,0
2019,2019-W49,Punjab,Acute Diarrheal Disease,38,0
2019,2019-W49,Punjab,Hepatitis B,18,0
2019,2019-W49,Punjab,Mumps,34,0
2019,2019-W49,Tamil Nadu,Acute Diarrheal Disease,32,0
2019,2019-W49,Tamil Nadu,Dengue,28,0
2019,2019-W50,Andhra Pradesh,Acute Diarrheal Disease,120,0
2019,2019-W50,Chhattisgarh,Japanese Encephalitis,4,2
2019,2019-W50,Jharkhand,Food Poisoning,8,2
2019,2019-W50,Karnataka,Acute Diarrheal Disease,136,0
2019,2019-W50,Karnataka,Chikungunya,14,0
2019,2019-W50,Karnataka,Dengue,27,0
2019,2019-W50,Karnataka,Food Poisoning,74,0
2019,2019-W50,Karnataka,Mumps,16,0
2019,2019-W50,Kerala,Hepatitis,18,0
2019,2019-W50,Kerala,Hepatitis A,12,0
2019,2019-W50,Maharashtra,Food Poisoning,8,4
2019,2019-W50,Tamil Nadu,Food Poisoning,2,1
2019,2019-W50,Uttar Pradesh,Dengue,15,0
2019,2019-W50,Uttar Pradesh,Food Poisoning,14,0
2019,2019-W51,Bihar,Dengue,35,0
2019,2019-W51,Chhattisgarh,Acute Diarrheal Disease,74,0
2019,2019-W51,Goa,Food Poisoning,58,0
2019,2019-W51,Gujarat,Acute Diarrheal Disease,380,0
2019,2019-W51,Gujarat,Measles,7,0
2019,2019-W51,Himachal Pradesh,Hepatitis A And E,10,0
2019,2019-W51,Jammu And Kashmir,Hepatitis A,48,0
2019,2019-W51,Jharkhand,Acute Diarrheal Disease,45,0
2019,2019-W51,Jharkhand,Chickenpox,8,0
2019,2019-W51,Karnataka,Chikungunya,84,0
2019,2019-W51,Karnataka,Food Poisoning,119,0
2019,2019-W51,Kerala,Food Poisoning,18,0
2019,2019-W51,Madhya Pradesh,Fever With Rash,15,0
2019,2019-W51,Maharashtra,Chikungunya,7,0
2019,2019-W51,Maharashtra,Dengue,68,4
2019,2019-W51,Maharashtra,Malaria,20,2
2019,2019-W51,Maharashtra,Mumps,26,0
2019,2019-W51,Mizoram,Scrub Typhus,210,4
2019,2019-W51,Odisha,Chickenpox,8,0
2019,2019-W51,Odisha,Food Poisoning,60,0
2019,2019-W51,Punjab,Mumps,34,0
2019,2019-W51,Tamil Nadu,Chickenpox,28,0
2019,2019-W51,Tamil Nadu,Cholera,1,0
2019,2019-W51,Tamil Nadu,Fever,15,0
2019,2019-W51,Tamil Nadu,Mumps,13,0
2019,2019-W51,Uttar Pradesh,Dengue,8,0
2019,2019-W52,Jharkhand,Fever With Rash,12,0
2019,2019-W52,Maharashtra,Fever,13,0
2020,2020-W01,Andhra Pradesh,Food Poisoning,94,0
2020,2020-W01,Assam,Acute Diarrheal Disease,116,0
2020,2020-W01,Assam,Chickenpox,16,0
2020,2020-W01,Dadra And Nagar Haveli,Chickenpox,15,0
2020,2020-W01,Jharkhand,Japanese Encephalitis,12,2
2020,2020-W01,Karnataka,Chikungunya,28,0
2020,2020-W01,Karnataka,Dengue,96,0
2020,2020-W01,Karnataka,Japanese Encephalitis,3,0
2020,2020-W01,Karnataka,Viral Fever,28,0
2020,2020-W01,Kerala,Food Poisoning,1403,1
2020,2020-W01,Kerala,Hepatitis A,94,0
2020,2020-W01,Kerala,Kyasanur Fandest Disease,1,0
2020,2020-W01,Punjab,Chickenpox,30,0
2020,2020-W01,Telangana,Food Poisoning,44,0
2020,2020-W01,Uttar Pradesh,Food Poisoning,20,0
2020,2020-W02,Bihar,Kala Azar,4,0
2020,2020-W02,Jharkhand,Chickenpox,84,0
2020,2020-W02,Karnataka,Chikungunya,33,0
2020,2020-W02,Karnataka,Food Poisoning,112,0
2020,2020-W02,Karnataka,Hepatitis A,44,0
2020,2020-W02,Kerala,Chickenpox,8,0
2020,2020-W02,Kerala,Food Poisoning,304,0
2020,2020-W02,Kerala,Hepatitis A,54,0
2020,2020-W02,Kerala,Mumps,18,0
2020,2020-W02,Madhya Pradesh,Chickenpox,16,0
2020,2020-W02,Odisha,Chickenpox,26,0
2020,2020-W02,Odisha,Food Poisoning,66,0
2020,2020-W02,Punjab,Mumps,32,0
2020,2020-W03,Assam,Food Poisoning,22,0
2020,2020-W03,Bihar,Measles,9,0
2020,2020-W03,Haryana,Chickenpox,11,0
2020,2020-W03,Haryana,Hepatitis A And E,99,0
2020,2020-W03,Jharkhand,Chickenpox,48,0
2020,2020-W03,Karnataka,Dengue,96,0
2020,2020-W03,Karnataka,Food Poisoning,36,0
2020,2020-W03,Kerala,Chickenpox,27,0
2020,2020-W03,Kerala,Food Poisoning,162,0
2020,2020-W03,Kerala,Hepatitis A,54,0
2020,2020-W03,Kerala,Kyasanur Fandest Disease,3,0
2020,2020-W03,Kerala,Mumps,9,0
2020,2020-W03,Maharashtra,Chikungunya,11,0
2020,2020-W03,Odisha,Chickenpox,14,0
2020,2020-W03,Punjab,Acute Diarrheal Disease,57,0
2020,2020-W03,Punjab,Chickenpox,7,0
2020,2020-W03,Punjab,Hepatitis E,31,0
2020,2020-W03,Tamil Nadu,Typhoid,30,0
2020,2020-W04,Chhattisgarh,Acute Diarrheal Disease,181,0
2020,2020-W04,Gujarat,Acute Diarrheal Disease,45,0
2020,2020-W04,Haryana,Chickenpox,22,0
2020,2020-W04,Jharkhand,Chickenpox,83,2
2020,2020-W04,Jharkhand,Food Poisoning,45,0
2020,2020-W04,Karnataka,Acute Diarrheal Disease,37,0
2020,2020-W04,Karnataka,Dengue,30,0
2020,2020-W04,Karnataka,Diphtheria,5,1
2020,2020-W04,Karnataka,Food Poisoning,40,0
2020,2020-W04,Kerala,Chickenpox,24,0
2020,2020-W04,Kerala,Dengue,50,0
2020,2020-W04,Kerala,Food Poisoning,170,0
2020,2020-W04,Maharashtra,Dengue,2,1
2020,2020-W04,Maharashtra,Malaria,23,1
2020,2020-W04,Odisha,Chickenpox,17,0
2020,2020-W04,Punjab,Chickenpox,12,0
2020,2020-W04,Punjab,Mumps,14,0
2020,2020-W04,Tamil Nadu,Chickenpox,66,0
2020,2020-W05,Andhra Pradesh,Acute Diarrheal Disease,13,0
2020,2020-W05,Assam,Fever,8,0
2020,2020-W05,Bihar,Chickenpox,19,0
2020,2020-W05,Chhattisgarh,Food Poisoning,13,0
2020,2020-W05,Chhattisgarh,Japanese Encephalitis,12,2
2020,2020-W05,Dadra And Nagar Haveli,Acute Diarrheal Disease,98,0
2020,2020-W05,Dadra And Nagar Haveli,Chickenpox,128,0
2020,2020-W05,Gujarat,Measles,16,0
2020,2020-W05,Jammu And Kashmir,Hepatitis A,44,0
2020,2020-W05,Jharkhand,Chickenpox,20,0
2020,2020-W05,Kerala,Covid 19,6,0
2020,2020-W05,Maharashtra,Acute Diarrheal Disease,22,0
2020,2020-W05,Maharashtra,Chikungunya,2,0
2020,2020-W05,Maharashtra,Dengue,12,0
2020,2020-W05,Maharashtra,Food Poisoning,35,0
2020,2020-W05,Odisha,Food Poisoning,140,0
2020,2020-W05,Punjab,Acute Diarrheal Disease,136,0
2020,2020-W05,Punjab,Hepatitis A,16,0
2020,2020-W05,Punjab,Mumps,128,0
2020,2020-W05,Tamil Nadu,Chickenpox,50,0
2020,2020-W05,Telangana,Food Poisoning,25,0
2020,2020-W06,Andhra Pradesh,Food Poisoning,25,0
2020,2020-W06,Arunachal Pradesh,Chickenpox,8,0
2020,2020-W06,Assam,Acute Diarrheal Disease,12,4
2020,2020-W06,Chhattisgarh,Chickenpox,102,0
2020,2020-W06,Dadra And Nagar Haveli,Mumps,70,0
2020,2020-W06,Jharkhand,Acute Diarrheal Disease,130,0
2020,2020-W06,Jharkhand,Chickenpox,44,0
2020,2020-W06,Kerala,Covid 19,4,0
2020,2020-W06,Kerala,Mumps,56,0
2020,2020-W06,Madhya Pradesh,Chickenpox,10,0
2020,2020-W06,Odisha,Chickenpox,23,0
2020,2020-W06,Odisha,Food Poisoning,5,1
2020,2020-W06,Punjab,Chickenpox,68,0
2020,2020-W06,Uttar Pradesh,Acute Diarrheal Disease,80,0
2020,2020-W07,Assam,Acute Respiratandy Illness,16,12
2020,2020-W07,Gujarat,Acute Diarrheal Disease,37,0
2020,2020-W07,Gujarat,Measles,44,0
2020,2020-W07,Haryana,Chickenpox,20,0
2020,2020-W07,Jammu And Kashmir,Hepatitis A,78,0
2020,2020-W07,Jharkhand,Chickenpox,203,0
2020,2020-W07,Jharkhand,Food Poisoning,72,0
2020,2020-W07,Kerala,Acute Diarrheal Disease,24,0
2020,2020-W07,Kerala,Covid 19,4,0
2020,2020-W07,Kerala,Hepatitis A,41,0
2020,2020-W07,Kerala,Malaria,5,0
2020,2020-W07,Madhya Pradesh,Measles,15,0
2020,2020-W07,Maharashtra,Acute Diarrheal Disease,112,0
2020,2020-W07,Maharashtra,Chickenpox,16,0
2020,2020-W07,Maharashtra,Food Poisoning,212,0
2020,2020-W07,Maharashtra,Measles,5,0
2020,2020-W07,Odisha,Acute Diarrheal Disease,40,0
2020,2020-W07,Odisha,Food Poisoning,33,4
2020,2020-W07,Punjab,Chickenpox,40,0
2020,2020-W07,Punjab,Mumps,9,0
2020,2020-W07,Tamil Nadu,Acute Diarrheal Disease,31,0
2020,2020-W07,Tamil Nadu,Chickenpox,80,0
2020,2020-W07,Tamil Nadu,Poisoning,26,0
2020,2020-W07,West Bengal,Acute Diarrheal Disease,124,0
2020,2020-W07,West Bengal,Food Poisoning,818,0
2020,2020-W08,Assam,Chickenpox,16,0
2020,2020-W08,Bihar,Chickenpox,14,0
2020,2020-W08,Gujarat,Food Poisoning,48,0
2020,2020-W08,Gujarat,Hepatitis E,12,0
2020,2020-W08,Jammu And Kashmir,Acute Respiratandy Infection,17,0
2020,2020-W08,Jammu And Kashmir,Chickenpox,80,0
2020,2020-W08,Jammu And Kashmir,Food Poisoning,171,0
2020,2020-W08,Jammu And Kashmir,Hepatitis A,20,0
2020,2020-W08,Jharkhand,Chickenpox,11,0
2020,2020-W08,Jharkhand,Measles,9,0
2020,2020-W08,Karnataka,Acute Diarrheal Disease,48,0
2020,2020-W08,Karnataka,Food Poisoning,28,0
2020,2020-W08,Kerala,Covid 19,4,0
2020,2020-W08,Maharashtra,Acute Diarrheal Disease,20,0
2020,2020-W08,Odisha,Food Poisoning,15,0
2020,2020-W08,Punjab,Hepatitis E,55,0
2020,2020-W08,Rajasthan,Food Poisoning,32,0
2020,2020-W08,Tamil Nadu,Acute Diarrheal Disease,79,0
2020,2020-W08,Tamil Nadu,Food Poisoning,9,0
2020,2020-W08,Telangana,Acute Diarrheal Disease,55,0
2020,2020-W08,Uttarakhand,Mumps,5,0
2020,2020-W08,West Bengal,Food Poisoning,526,0
2020,2020-W09,Assam,Chickenpox,39,2
2020,2020-W09,Assam,Food Poisoning,96,0
2020,2020-W09,Assam,Hepatitis A,3,0
2020,2020-W09,Assam,Typhoid,9,0
2020,2020-W09,Bihar,Chickenpox,17,0
2020,2020-W09,Gujarat,Food Poisoning,9,0
2020,2020-W09,Gujarat,Jatropha Seeds Poisoning,6,0
2020,2020-W09,Jharkhand,Chickenpox,60,0
2020,2020-W09,Jharkhand,Food Poisoning,28,0
2020,2020-W09,Karnataka,Acute Diarrheal Disease,20,0
2020,2020-W09,Karnataka,Chikungunya,6,0
2020,2020-W09,Kerala,Acute Diarrheal Disease,47,0
2020,2020-W09,Madhya Pradesh,Benzene Hexachlandide (Bhc) Poisoning,6,0
2020,2020-W09,Madhya Pradesh,Chickenpox,102,0
2020,2020-W09,Madhya Pradesh,Food Poisoning,15,0
2020,2020-W09,Maharashtra,Acute Diarrheal Disease,49,0
2020,2020-W09,Maharashtra,Kyasanur Fandest Disease,2,1
2020,2020-W09,Maharashtra,Measles,8,0
2020,2020-W09,Meghalaya,Chickenpox,16,0
2020,2020-W09,Odisha,Food Poisoning,99,0
2020,2020-W09,Punjab,Hepatitis,10,0
2020,2020-W09,Tamil Nadu,Chickenpox,18,0
2020,2020-W09,Tamil Nadu,Food Poisoning,45,0
2020,2020-W09,Uttar Pradesh,Chickenpox,12,0
2020,2020-W09,Uttarakhand,Food Poisoning,196,0
2020,2020-W09,West Bengal,Acute Diarrheal Disease,68,0
2020,2020-W10,Assam,Chickenpox,4,0
2020,2020-W10,Assam,Measles,10,0
2020,2020-W10,Bihar,Acute Diarrheal Disease,100,0
2020,2020-W10,Bihar,Chickenpox,60,0
2020,2020-W10,Bihar,Measles,46,0
2020,2020-W10,Chhattisgarh,Chickenpox,22,0
2020,2020-W10,Daman And Diu,Acute Diarrheal Disease,28,0
2020,2020-W10,Delhi,Covid 19,6,0
2020,2020-W10,Delhi,Measles,10,0
2020,2020-W10,Haryana,Chickenpox,10,0
2020,2020-W10,Haryana,Covid 19,28,0
2020,2020-W10,Haryana,Pertussis,24,0
2020,2020-W10,Jammu And Kashmir,Acute Respiratandy Infection,41,0
2020,2020-W10,Jharkhand,Measles,2,0
2020,2020-W10,Karnataka,Chickenpox,10,0
2020,2020-W10,Karnataka,Chikungunya,16,0
2020,2020-W10,Karnataka,Measles,8,0
2020,2020-W10,Kerala,Cholera,1,0
2020,2020-W10,Kerala,Covid 19,14,0
2020,2020-W10,Ladakh,Covid 19,4,0
2020,2020-W10,Maharashtra,Food Poisoning,95,0
2020,2020-W10,Maharashtra,Leishmaniasis,1,1
2020,2020-W10,Maharashtra,Mumps,28,0
2020,2020-W10,Odisha,Anthrax,4,0
2020,2020-W10,Odisha,Chickenpox,42,0
2020,2020-W10,Odisha,Food Poisoning,36,0
2020,2020-W10,Odisha,Jaundice,25,0
2020,2020-W10,Punjab,Chickenpox,26,0
2020,2020-W10,Rajasthan,Covid 19,4,0
2020,2020-W10,Tamil Nadu,Covid 19,2,0
2020,2020-W10,Telangana,Covid 19,2,0
2020,2020-W10,Uttar Pradesh,Covid 19,16,0
2020,2020-W11,Arunachal Pradesh,Food Poisoning,27,2
2020,2020-W11,Assam,Food Poisoning,172,0
2020,2020-W11,Bihar,Chickenpox,66,0
2020,2020-W11,Gujarat,Measles,24,0
2020,2020-W11,Himachal Pradesh,Acute Diarrheal Disease,66,0
2020,2020-W11,Jharkhand,Food Poisoning,100,0
2020,2020-W11,Maharashtra,Food Poisoning,10,0
2020,2020-W11,Odisha,Acute Diarrheal Disease,64,0
2020,2020-W11,Odisha,Food Poisoning,22,0
2020,2020-W11,Tamil Nadu,Acute Diarrheal Disease,64,0
2020,2020-W11,Tamil Nadu,Chickenpox,48,0
2020,2020-W12,Bihar,Chickenpox,87,0
2020,2020-W12,Gujarat,Crimean-Congo Haemandrhagic Fever (Cchf),2,0
2020,2020-W12,Karnataka,Dengue,15,0
2020,2020-W12,West Bengal,Food Poisoning,40,0
2020,2020-W14,Karnataka,Acute Diarrheal Disease,62,0
2020,2020-W14,Maharashtra,Chickenpox,10,0
2020,2020-W15,Assam,Food Poisoning,12,0
2020,2020-W15,Chhattisgarh,Hepatitis A,18,0
2020,2020-W15,Dadra And Nagar Haveli,Mumps,10,0
2020,2020-W15,Himachal Pradesh,Hepatitis,390,2
2020,2020-W15,Karnataka,Acute Diarrheal Disease,84,0
2020,2020-W15,Karnataka,Fever,52,0
2020,2020-W15,Kerala,Hepatitis E,16,0
2020,2020-W15,Tamil Nadu,Acute Diarrheal Disease,10,0
2020,2020-W15,Tamil Nadu,Typhoid,14,0
2020,2020-W16,Assam,Chickenpox,11,0
2020,2020-W16,Karnataka,Kyasanur Fandest Disease,1,1
2020,2020-W16,Kerala,Dengue,38,0
2020,2020-W16,Maharashtra,Chikungunya,16,1
2020,2020-W16,Maharashtra,Dengue,62,2
2020,2020-W16,Maharashtra,Food Poisoning,80,0
2020,2020-W16,Tamil Nadu,Acute Diarrheal Disease,11,0
2020,2020-W17,Assam,Bacillary Dysentery,26,0
2020,2020-W17,Assam,Food Poisoning,6,0
2020,2020-W17,Assam,Leishmaniasis,2,1
2020,2020-W17,Assam,Scrub Typhus,2,0
2020,2020-W17,Assam,Typhoid,45,0
2020,2020-W17,Bihar,Chickenpox,83,0
2020,2020-W17,Haryana,Hepatitis E,8,0
2020,2020-W17,Kerala,Dengue,34,0
2020,2020-W17,Maharashtra,Acute Diarrheal Disease,607,0
2020,2020-W17,Maharashtra,Dengue,4,0
2020,2020-W18,Assam,Chickenpox,10,0
2020,2020-W18,Assam,Food Poisoning,34,0
2020,2020-W18,Assam,Mushroom Poisoning,32,6
2020,2020-W18,Chhattisgarh,Acute Diarrheal Disease,21,0
2020,2020-W18,Karnataka,Acute Diarrheal Disease,50,0
2020,2020-W18,Karnataka,Chikungunya,17,0
2020,2020-W18,Karnataka,Food Poisoning,136,0
2020,2020-W18,Kerala,Dengue,24,0
2020,2020-W18,Kerala,Hepatitis A,15,0
2020,2020-W18,Maharashtra,Hepatitis,7,0
2020,2020-W18,Maharashtra,Malaria,70,4
2020,2020-W18,Meghalaya,Mushroom Poisoning,21,6
2020,2020-W19,Assam,Chickenpox,8,0
2020,2020-W19,Chhattisgarh,Hepatitis E,130,0
2020,2020-W19,Gujarat,Chickenpox,14,0
2020,2020-W19,Kerala,Dengue,193,2
2020,2020-W19,Kerala,Hepatitis A,13,0
2020,2020-W19,Telangana,Dengue,146,0
2020,2020-W20,Arunachal Pradesh,Enteric Fever,24,0
2020,2020-W20,Assam,Acute Diarrheal Disease,21,0
2020,2020-W20,Assam,Food Poisoning,208,0
2020,2020-W20,Assam,Japanese Encephalitis,4,0
2020,2020-W20,Manipur,Japanese Encephalitis,1,0
2020,2020-W20,Odisha,Acute Diarrheal Disease,52,0
2020,2020-W20,Sikkim,Acute Diarrheal Disease,142,0
2020,2020-W20,Uttar Pradesh,Chickenpox,12,0
2020,2020-W20,West Bengal,Food Poisoning,123,0
2020,2020-W21,Gujarat,Hepatitis,9,0
2020,2020-W21,Kerala,Hepatitis A,32,0
2020,2020-W21,Maharashtra,Dengue,11,0
2020,2020-W21,Maharashtra,Viral Fever,24,0
2020,2020-W21,Telangana,Food Poisoning,68,0
2020,2020-W22,Gujarat,Hepatitis,9,0
2020,2020-W22,Kerala,Hepatitis A,32,0
2020,2020-W22,Maharashtra,Dengue,11,0
2020,2020-W22,Maharashtra,Viral Fever,24,0
2020,2020-W22,Telangana,Food Poisoning,68,0
2020,2020-W23,Andhra Pradesh,Food Poisoning,88,2
2020,2020-W23,Maharashtra,Cholera,398,0
2020,2020-W23,Maharashtra,Food Poisoning,5,0
2020,2020-W23,Punjab,Acute Diarrheal Disease,74,0
2020,2020-W23,Tamil Nadu,Chikungunya,50,0
2020,2020-W23,Tamil Nadu,Dengue,114,0
2020,2020-W24,Gujarat,Crimean-Congo Haemandrhagic Fever (Cchf),2,0
2020,2020-W24,Himachal Pradesh,Acute Diarrheal Disease,28,0
2020,2020-W24,Kerala,Dengue,20,0
2020,2020-W24,Madhya Pradesh,Food Poisoning,98,0
2020,2020-W24,Maharashtra,Fever,6,2
2020,2020-W24,Maharashtra,Japanese Encephalitis,1,1
2020,2020-W24,Rajasthan,Food Poisoning,12,0
2020,2020-W24,Tamil Nadu,Chikungunya,8,0
2020,2020-W24,Telangana,Acute Diarrheal Disease,80,0
2020,2020-W25,Gujarat,Acute Diarrheal Disease,16,0
2020,2020-W25,Kerala,Dengue,566,8
2020,2020-W25,Maharashtra,Hepatitis A,28,0
2020,2020-W26,Kerala,Dengue,33,0
2020,2020-W26,Maharashtra,Acute Diarrheal Disease,39,0
2020,2020-W26,Meghalaya,Food Poisoning,43,0
2020,2020-W26,West Bengal,Food Poisoning,80,0
2020,2020-W27,Assam,Japanese Encephalitis,2,1
2020,2020-W27,Chhattisgarh,Food Poisoning,86,0
2020,2020-W27,Maharashtra,Acute Diarrheal Disease,148,0
2020,2020-W27,Maharashtra,Food Poisoning,48,0
2020,2020-W27,Meghalaya,Acute Diarrheal Disease,8,8
2020,2020-W27,Tamil Nadu,Acute Diarrheal Disease,114,0
2020,2020-W28,Andhra Pradesh,Acute Diarrheal Disease,198,0
2020,2020-W28,Assam,Food Poisoning,34,0
2020,2020-W28,Assam,Japanese Encephalitis,22,0
2020,2020-W28,Gujarat,Crimean-Congo Haemandrhagic Fever (Cchf),1,0
2020,2020-W28,Maharashtra,Acute Diarrheal Disease,28,0
2020,2020-W29,Assam,Food Poisoning,3,2
2020,2020-W29,Assam,Japanese Encephalitis,6,3
2020,2020-W29,Karnataka,Acute Diarrheal Disease,62,0
2020,2020-W29,Kerala,Dengue,20,0
2020,2020-W29,Madhya Pradesh,Food Poisoning,70,0
2020,2020-W29,Maharashtra,Chickenpox,10,0
2020,2020-W30,Assam,Japanese Encephalitis,13,1
2020,2020-W30,Assam,Scrub Typhus,3,1
2020,2020-W30,Nagaland,Measles,1,0
2020,2020-W31,Arunachal Pradesh,Scrub Typhus,42,4
2020,2020-W31,Assam,Food Poisoning,50,0
2020,2020-W31,Assam,Japanese Encephalitis,8,0
2020,2020-W31,Kerala,Chickenpox,38,2
2020,2020-W31,Kerala,Dengue,70,0
2020,2020-W31,Maharashtra,Malaria,10,3
2020,2020-W31,Mizoram,Measles,20,0
2020,2020-W31,Odisha,Food Poisoning,10,2
2020,2020-W32,Assam,Japanese Encephalitis,12,2
2020,2020-W33,Assam,Epidemic Dropsy,52,6
2020,2020-W33,Assam,Japanese Encephalitis,1,0
2020,2020-W33,Kerala,Acute Diarrheal Disease,62,0
2020,2020-W33,Odisha,Food Poisoning,24,0
2020,2020-W34,Assam,Japanese Encephalitis,13,1
2020,2020-W34,Jharkhand,Japanese Encephalitis,5,0
2020,2020-W34,Karnataka,Chikungunya,62,0
2020,2020-W34,Karnataka,Food Poisoning,46,0
2020,2020-W35,Assam,Acute Encephalitic Syndrome,4,0
2020,2020-W35,Assam,Japanese Encephalitis,4,0
2020,2020-W35,Jammu And Kashmir,Hepatitis A,8,0
2020,2020-W35,Puducherry,Scrub Typhus,1,0
2020,2020-W35,Punjab,Chickenpox,3,0
2020,2020-W35,Uttar Pradesh,Dengue,50,2
2020,2020-W36,Arunachal Pradesh,Scrub Typhus,104,6
2020,2020-W36,Assam,Japanese Encephalitis,2,2
2020,2020-W36,Chhattisgarh,Acute Diarrheal Disease,412,0
2020,2020-W36,Haryana,Diphtheria,27,8
2020,2020-W36,Jharkhand,Japanese Encephalitis,20,0
2020,2020-W36,Karnataka,Food Poisoning,28,0
2020,2020-W36,Madhya Pradesh,Leishmaniasis,12,2
2020,2020-W36,Madhya Pradesh,Scrub Typhus,20,2
2020,2020-W36,Maharashtra,Acute Diarrheal Disease,68,0
2020,2020-W36,Maharashtra,Dengue,12,0
2020,2020-W36,Puducherry,Japanese Encephalitis,2,0
2020,2020-W36,Tamil Nadu,Food Poisoning,46,0
2020,2020-W37,Assam,Fever,43,0
2020,2020-W37,Haryana,Diphtheria,6,6
2020,2020-W37,Jharkhand,Japanese Encephalitis,20,0
2020,2020-W37,Karnataka,Food Poisoning,26,0
2020,2020-W37,Odisha,Acute Diarrheal Disease,12,0
2020,2020-W40,Assam,Food Poisoning,212,0
2020,2020-W40,Assam,Japanese Encephalitis,26,8
2020,2020-W40,Maharashtra,Dengue,5,0
2020,2020-W40,Uttar Pradesh,Diphtheria,10,3
2020,2020-W41,Assam,Food Poisoning,120,0
2020,2020-W41,Jammu And Kashmir,Acute Diarrheal Disease,40,0
2020,2020-W41,Jammu And Kashmir,Hepatitis E,10,0
2020,2020-W41,Uttar Pradesh,Dengue,10,0
2020,2020-W42,Assam,Japanese Encephalitis,8,4
2020,2020-W42,Tamil Nadu,Food Poisoning,76,0
2020,2020-W43,Maharashtra,Food Poisoning,45,0
2020,2020-W43,Tamil Nadu,Dengue,21,0
2020,2020-W44,Assam,Acute Diarrheal Disease,42,2
2020,2020-W44,Jammu And Kashmir,Acute Diarrheal Disease,35,0
2020,2020-W44,Karnataka,Dengue,8,0
2020,2020-W44,Karnataka,Food Poisoning,72,0
2020,2020-W44,Kerala,Food Poisoning,6,0
2020,2020-W44,Maharashtra,Food Poisoning,11,0
2020,2020-W44,Maharashtra,Malaria,8,1
2020,2020-W44,Nagaland,Malaria,3,0
2020,2020-W44,Odisha,Food Poisoning,87,0
2020,2020-W44,Uttarakhand,Food Poisoning,35,0
2020,2020-W45,Assam,Food Poisoning,72,0
2020,2020-W45,Madhya Pradesh,Dengue,22,0
2020,2020-W45,Maharashtra,Chikungunya,11,0
2020,2020-W45,Nagaland,Scrub Typhus,130,2
2020,2020-W45,Odisha,Food Poisoning,52,0
2020,2020-W45,Odisha,Hepatitis A,8,0
2020,2020-W46,Assam,Food Poisoning,62,0
2020,2020-W46,Assam,Malaria,16,0
2020,2020-W46,Chandigarh,Dengue,11,0
2020,2020-W46,Karnataka,Chikungunya,30,0
2020,2020-W46,Karnataka,Cholera,74,0
2020,2020-W46,Karnataka,Food Poisoning,41,0
2020,2020-W46,Maharashtra,Chikungunya,130,0
2020,2020-W46,Maharashtra,Leishmaniasis,34,2
2020,2020-W46,Tamil Nadu,Dengue,15,0
2020,2020-W47,Kerala,Food Poisoning,300,0
2020,2020-W47,Kerala,Visceral Leishmaniasis,1,0
2020,2020-W47,Madhya Pradesh,Food Poisoning,8,1
2020,2020-W47,Maharashtra,Leishmaniasis,4,4
2020,2020-W47,Meghalaya,Scrub Typhus,38,4
2020,2020-W48,Karnataka,Chikungunya,30,0
2020,2020-W48,Madhya Pradesh,Acute Diarrheal Disease,120,0
2020,2020-W48,Madhya Pradesh,Food Poisoning,108,0
2020,2020-W48,Maharashtra,Chikungunya,64,0
2020,2020-W48,Maharashtra,Chikungunya And Dengue,7,0
2020,2020-W48,Maharashtra,Cholera,65,0
2020,2020-W48,Maharashtra,Dengue,25,1
2020,2020-W48,Odisha,Chickenpox,11,0
2020,2020-W49,Assam,Food Poisoning,6,6
2020,2020-W49,Chandigarh,Dengue,26,0
2020,2020-W49,Madhya Pradesh,Chickenpox,22,0
2020,2020-W49,Maharashtra,Chikungunya,14,0
2020,2020-W49,Maharashtra,Dengue,117,0
2020,2020-W50,Bihar,Malaria,224,0
2020,2020-W50,Madhya Pradesh,Leishmaniasis,22,0
2020,2020-W50,Maharashtra,Chikungunya,16,0
2020,2020-W50,Tamil Nadu,Food Poisoning,16,0
2020,2020-W50,Uttar Pradesh,Food Poisoning,20,4
2020,2020-W51,Assam,Chickenpox,15,0
2020,2020-W51,Assam,Leishmaniasis,2,0
2020,2020-W51,Assam,Leptospirosis And Scrub Typhus,1,0
2020,2020-W51,Jharkhand,Fever With Rash,24,0
2020,2020-W51,Karnataka,Dengue,29,0
2020,2020-W51,Kerala,Chikungunya,22,0
2020,2020-W51,Kerala,Shigellosis,100,2
2020,2020-W51,West Bengal,Scrub Typhus,46,0
2020,2020-W52,Jharkhand,Chickenpox,6,0
2020,2020-W52,Jharkhand,Measles,10,0
2020,2020-W52,Kerala,Acute Diarrheal Disease,32,0
2020,2020-W52,Maharashtra,Acute Diarrheal Disease,376,0
2020,2020-W52,Maharashtra,Chikungunya,23,0
2020,2020-W52,Mizoram,Food Poisoning,34,0
2020,2020-W52,Tamil Nadu,Acute Diarrheal Disease,21,0
2020,2020-W52,Tamil Nadu,Dengue,8,0
2020,2020-W53,Andhra Pradesh,Food Poisoning,26,0
2020,2020-W53,Assam,Leishmaniasis,1,0
2020,2020-W53,Madhya Pradesh,Food Poisoning,14,0
2020,2020-W53,Maharashtra,Acute Diarrheal Disease,185,0
2020,2020-W53,Maharashtra,Chikungunya,25,0
2020,2020-W53,Maharashtra,Fever,112,1
2020,2020-W53,Maharashtra,Leishmaniasis,8,2
2020,2020-W53,Meghalaya,Chickenpox,20,0
2020,2020-W53,Mizoram,Acute Diarrheal Disease,36,0
2020,2020-W53,Odisha,Acute Diarrheal Disease,62,0
2020,2020-W53,Tamil Nadu,Food Poisoning,5,0
2021,2021-W01,Kerala,Acute Diarrheal Disease,184,0
2021,2021-W01,Madhya Pradesh,Chickenpox,30,0
2021,2021-W01,Maharashtra,Food Poisoning,208,2
2021,2021-W01,Tamil Nadu,Acute Diarrheal Disease,34,0
2021,2021-W01,West Bengal,Food Poisoning,94,0
2021,2021-W02,Andhra Pradesh,Convulsions Of Unknown Cause,29,0
2021,2021-W02,Bihar,Measles,33,0
2021,2021-W02,Kerala,Acute Diarrheal Disease,32,0
2021,2021-W02,Kerala,Visceral Leishmaniasis,1,0
2021,2021-W02,Maharashtra,Acute Diarrheal Disease,388,0
2021,2021-W02,Maharashtra,Dengue,8,0
2021,2021-W02,Puducherry,Dengue,12,0
2021,2021-W02,Tamil Nadu,Diphtheria,2,0
2021,2021-W03,Karnataka,Acute Diarrheal Disease,111,1
2021,2021-W03,Karnataka,Chikungunya,18,0
2021,2021-W03,Karnataka,H3N2,108,0
2021,2021-W03,Kerala,Food Poisoning,28,0
2021,2021-W03,Maharashtra,Malaria,2,1
2021,2021-W03,Punjab,Acute Diarrheal Disease,41,0
2021,2021-W03,West Bengal,Acute Diarrheal Disease,62,0
2021,2021-W04,Andhra Pradesh,Acute Diarrheal Disease,7,0
2021,2021-W04,Assam,Chickenpox,44,0
2021,2021-W04,Karnataka,Acute Diarrheal Disease,27,0
2021,2021-W04,Karnataka,Human Rabies,1,1
2021,2021-W04,Kerala,Acute Diarrheal Disease,23,0
2021,2021-W04,Kerala,Melioidosis,1,0
2021,2021-W04,Madhya Pradesh,Food Poisoning,16,0
2021,2021-W04,Maharashtra,"Hand, Foot And Mouth Disease (Hfmd)",12,0
2021,2021-W04,Maharashtra,Malaria,10,1
2021,2021-W04,Odisha,Food Poisoning,13,0
2021,2021-W04,Puducherry,Dengue,13,0
2021,2021-W04,Tamil Nadu,Acute Encephalitic Syndrome,1,1
2021,2021-W04,Tamil Nadu,Dengue,7,0
2021,2021-W05,Andhra Pradesh,Animal Bite - Dog Bite,1,1
2021,2021-W05,Assam,Acute Diarrheal Disease,13,0
2021,2021-W05,Assam,Food Poisoning,404,0
2021,2021-W05,Bihar,Food Poisoning,80,0
2021,2021-W05,Himachal Pradesh,Acute Diarrheal Disease,618,0
2021,2021-W05,Karnataka,Acute Diarrheal Disease,116,0
2021,2021-W05,Karnataka,Chikungunya,30,0
2021,2021-W05,Maharashtra,Chikungunya,40,0
2021,2021-W05,Maharashtra,Dysentery,123,0
2021,2021-W05,Maharashtra,Malaria,4,2
2021,2021-W05,Meghalaya,Acute Diarrheal Disease,40,4
2021,2021-W05,Odisha,Acute Diarrheal Disease,770,0
2021,2021-W05,Odisha,Chickenpox,10,0
2021,2021-W05,Odisha,Chikungunya,10,0
2021,2021-W05,Uttar Pradesh,Chickenpox,18,0
2021,2021-W06,Andhra Pradesh,Food Poisoning,106,0
2021,2021-W06,Assam,Chickenpox,82,0
2021,2021-W06,Jammu And Kashmir,Enteric Fever (Typhoid),260,0
2021,2021-W06,Jharkhand,Chickenpox,64,0
2021,2021-W06,Karnataka,Dengue,6,0
2021,2021-W06,Karnataka,Leishmaniasis,2,0
2021,2021-W06,Maharashtra,Chikungunya,42,0
2021,2021-W06,Odisha,Chickenpox,16,0
2021,2021-W06,Puducherry,Food Poisoning,36,0
2021,2021-W06,West Bengal,Acute Diarrheal Disease,50,0
2021,2021-W06,West Bengal,Cholera,194,0
2021,2021-W07,Assam,Human Rabies,1,1
2021,2021-W07,Assam,Measles,2,0
2021,2021-W07,Assam,Scrub Typhus,7,2
2021,2021-W07,Karnataka,Chikungunya,30,0
2021,2021-W07,Karnataka,Diphtheria,2,2
2021,2021-W07,Karnataka,Human Rabies,1,1
2021,2021-W07,Kerala,Leishmaniasis,26,2
2021,2021-W07,Maharashtra,Dengue,19,0
2021,2021-W07,Odisha,Food Poisoning,89,0
2021,2021-W07,Tamil Nadu,Diphtheria,1,0
2021,2021-W07,Uttarakhand,Hepatitis A,5,0
2021,2021-W08,Andhra Pradesh,Acute Diarrheal Disease,24,1
2021,2021-W08,Assam,Food Poisoning,8,0
2021,2021-W08,Assam,Hepatitis E,2,0
2021,2021-W08,Jammu And Kashmir,Avian Influenza,3,425
2021,2021-W08,Jharkhand,Measles,14,0
2021,2021-W08,Karnataka,Acute Diarrheal Disease,43,0
2021,2021-W08,Karnataka,Animal Bite - Dog Bite,5,0
2021,2021-W08,Karnataka,Food Poisoning,19,0
2021,2021-W08,Karnataka,Human Rabies,1,1
2021,2021-W08,Madhya Pradesh,Acute Diarrheal Disease,20,2
2021,2021-W08,Maharashtra,Food Poisoning,81,0
2021,2021-W08,Odisha,Chickenpox,46,0
2021,2021-W08,Puducherry,Acute Diarrheal Disease,108,0
2021,2021-W08,Punjab,Food Poisoning,28,0
2021,2021-W08,Tamil Nadu,Acute Diarrheal Disease,41,0
2021,2021-W08,Uttar Pradesh,Measles,5,0
2021,2021-W09,Andhra Pradesh,Acute Diarrheal Disease,60,0
2021,2021-W09,Assam,Acute Diarrheal Disease,1,0
2021,2021-W09,Assam,Acute Flaccid Paralysis,1,0
2021,2021-W09,Assam,Measles,1,0
2021,2021-W09,Kerala,Acute Diarrheal Disease,26,0
2021,2021-W09,Kerala,Food Poisoning,22,0
2021,2021-W09,Kerala,Hepatitis A,24,0
2021,2021-W09,Kerala,Shigellosis,6,0
2021,2021-W09,Odisha,Food Poisoning,242,0
2021,2021-W09,Puducherry,Dengue,22,0
2021,2021-W09,Tamil Nadu,Acute Diarrheal Disease,28,0
2021,2021-W09,West Bengal,Acute Diarrheal Disease,58,0
2021,2021-W09,West Bengal,Cholera,51,0
2021,2021-W10,Assam,Human Rabies,2,2
2021,2021-W10,Assam,Leishmaniasis,2,0
2021,2021-W10,Bihar,Chickenpox,26,0
2021,2021-W10,Kerala,Shigellosis,3,0
2021,2021-W10,Maharashtra,Chikungunya,12,0
2021,2021-W10,Tamil Nadu,Diphtheria,2,2
2021,2021-W10,West Bengal,Acute Diarrheal Disease,86,0
2021,2021-W10,West Bengal,Cholera,18,0
2021,2021-W10,West Bengal,Food Poisoning,562,0
2021,2021-W11,Andhra Pradesh,Food Poisoning,5,0
2021,2021-W11,Haryana,Chickenpox,5,0
2021,2021-W11,Haryana,Diphtheria,1,0
2021,2021-W11,Jharkhand,Chickenpox,22,0
2021,2021-W11,Karnataka,Chikungunya,44,0
2021,2021-W11,Maharashtra,Food Poisoning,88,1
2021,2021-W11,Meghalaya,Acute Diarrheal Disease,74,0
2021,2021-W11,Odisha,Food Poisoning,21,2
2021,2021-W11,West Bengal,Acute Diarrheal Disease,499,0
2021,2021-W12,Assam,Human Rabies,4,4
2021,2021-W12,Jharkhand,Measles,11,0
2021,2021-W12,Karnataka,Acute Diarrheal Disease,11,0
2021,2021-W12,Maharashtra,Acute Diarrheal Disease,80,0
2021,2021-W12,Meghalaya,Acute Diarrheal Disease,32,0
2021,2021-W12,Odisha,Acute Diarrheal Disease,12,0
2021,2021-W12,Odisha,Chickenpox,5,0
2021,2021-W12,Odisha,Food Poisoning,127,0
2021,2021-W12,West Bengal,Acute Diarrheal Disease,182,0
2021,2021-W12,West Bengal,Food Poisoning,503,0
2021,2021-W13,Himachal Pradesh,Jaundice,18,0
2021,2021-W13,Kerala,Acute Diarrheal Disease,112,0
2021,2021-W13,Kerala,Food Poisoning,38,0
2021,2021-W13,Kerala,Hepatitis A,30,0
2021,2021-W13,Odisha,Acute Diarrheal Disease,10,0
2021,2021-W13,Odisha,Food Poisoning,48,0
2021,2021-W13,Tamil Nadu,Diphtheria,1,0
2021,2021-W13,West Bengal,Acute Diarrheal Disease,252,0
2021,2021-W14,Assam,Rubella,1,0
2021,2021-W14,Karnataka,Dengue,20,0
2021,2021-W14,Kerala,Acute Diarrheal Disease,100,0
2021,2021-W14,Kerala,Dengue,14,0
2021,2021-W14,Kerala,Food Poisoning,10,0
2021,2021-W14,Kerala,Shigellosis,2,2
2021,2021-W14,Meghalaya,Acute Diarrheal Disease,16,0
2021,2021-W14,West Bengal,Acute Diarrheal Disease,144,0
2021,2021-W14,West Bengal,Cholera,50,0
2021,2021-W15,Meghalaya,Acute Diarrheal Disease,48,0
2021,2021-W15,West Bengal,Acute Diarrheal Disease,175,1
2021,2021-W16,Kerala,Dengue,38,0
2021,2021-W16,Maharashtra,Chikungunya,16,1
2021,2021-W16,Maharashtra,Dengue,69,2
2021,2021-W16,West Bengal,Acute Diarrheal Disease,146,0
2021,2021-W17,Odisha,Acute Diarrheal Disease,80,2
2021,2021-W18,Punjab,Acute Diarrheal Disease,38,0
2021,2021-W19,Kerala,Brucellosis,1,0
2021,2021-W19,Kerala,Dengue,188,0
2021,2021-W19,Maharashtra,Malaria,4,2
2021,2021-W20,Assam,Mushroom Poisoning,15,0
2021,2021-W20,Kerala,Dengue,101,0
2021,2021-W20,Kerala,Zika Virus,65,0
2021,2021-W20,Maharashtra,Chikungunya,39,0
2021,2021-W20,Maharashtra,Dengue,10,1
2021,2021-W21,Haryana,Fever With Rash,5,0
2021,2021-W21,Kerala,Dengue,64,0
2021,2021-W21,Kerala,Pyrexia Of Unknown Andigin (Puo),18,0
2021,2021-W22,Gujarat,Acute Diarrheal Disease,138,6
2021,2021-W22,Gujarat,Jaundice,11,0
2021,2021-W22,Kerala,Dengue,44,1
2021,2021-W22,Maharashtra,Acute Diarrheal Disease,216,0
2021,2021-W22,Maharashtra,Chikungunya,12,0
2021,2021-W22,Meghalaya,Mushroom Poisoning,8,5
2021,2021-W22,West Bengal,Acute Diarrheal Disease,102,0
2021,2021-W22,West Bengal,Cholera,58,0
2021,2021-W23,Assam,Scrub Typhus,2,0
2021,2021-W23,Gujarat,Acute Diarrheal Disease,15,0
2021,2021-W23,Kerala,Chikungunya,10,0
2021,2021-W23,Kerala,Dengue,136,0
2021,2021-W23,Maharashtra,Dengue,14,2
2021,2021-W23,Punjab,Acute Diarrheal Disease,688,0
2021,2021-W23,Tamil Nadu,Diphtheria,2,0
2021,2021-W23,West Bengal,Acute Diarrheal Disease,289,0
2021,2021-W24,Assam,Japanese Encephalitis,1,0
2021,2021-W24,Gujarat,Acute Diarrheal Disease,88,0
2021,2021-W24,Gujarat,Epidemic Dropsy,7,2
2021,2021-W24,Kerala,Dengue,24,0
2021,2021-W24,Maharashtra,Dengue,78,0
2021,2021-W24,Odisha,Acute Diarrheal Disease,18,0
2021,2021-W24,West Bengal,Acute Diarrheal Disease,29,0
2021,2021-W25,Bihar,Food Poisoning,19,0
2021,2021-W25,Bihar,Japanese Encephalitis,1,1
2021,2021-W25,Kerala,Chikungunya,16,0
2021,2021-W25,Kerala,Dengue,60,0
2021,2021-W25,Madhya Pradesh,Acute Diarrheal Disease,174,0
2021,2021-W25,Maharashtra,Acute Diarrheal Disease,36,0
2021,2021-W25,Maharashtra,Chikungunya,5,0
2021,2021-W25,Maharashtra,Dengue,67,3
2021,2021-W25,Odisha,Food Poisoning,12,0
2021,2021-W25,Uttar Pradesh,Dengue,7,0
2021,2021-W25,West Bengal,Acute Diarrheal Disease,35,0
2021,2021-W25,West Bengal,Cholera,51,0
2021,2021-W26,Andhra Pradesh,Food Poisoning,18,0
2021,2021-W26,Assam,Japanese Encephalitis,6,5
2021,2021-W26,Assam,Scrub Typhus,1,0
2021,2021-W26,Gujarat,Acute Diarrheal Disease,12,0
2021,2021-W26,Gujarat,Cholera,10,0
2021,2021-W26,Jharkhand,Acute Diarrheal Disease,16,0
2021,2021-W26,Karnataka,Acute Diarrheal Disease,31,0
2021,2021-W26,Karnataka,Food Poisoning,32,0
2021,2021-W26,Kerala,Dengue,34,0
2021,2021-W26,Kerala,Food Poisoning,1488,0
2021,2021-W26,Madhya Pradesh,Acute Diarrheal Disease,34,0
2021,2021-W26,Maharashtra,Acute Diarrheal Disease,7,0
2021,2021-W26,Maharashtra,Dengue,11,1
2021,2021-W26,Punjab,Acute Diarrheal Disease,40,2
2021,2021-W26,West Bengal,Acute Diarrheal Disease,74,0
2021,2021-W26,West Bengal,Food Poisoning,68,0
2021,2021-W27,Assam,Acute Encephalitic Syndrome,4,0
2021,2021-W27,Assam,Japanese Encephalitis,3,1
2021,2021-W27,Assam,Scrub Typhus,2,0
2021,2021-W27,Gujarat,Acute Diarrheal Disease,42,0
2021,2021-W27,Gujarat,Cholera,22,0
2021,2021-W27,Karnataka,Dengue,4,0
2021,2021-W27,Kerala,Dengue,23,0
2021,2021-W27,Maharashtra,Chikungunya,11,0
2021,2021-W27,Maharashtra,Dengue,31,2
2021,2021-W27,Uttar Pradesh,Acute Diarrheal Disease,63,4
2021,2021-W27,West Bengal,Acute Diarrheal Disease,54,0
2021,2021-W28,Arunachal Pradesh,Acute Diarrheal Disease,4,0
2021,2021-W28,Assam,Food Poisoning,116,0
2021,2021-W28,Assam,Japanese Encephalitis,5,0
2021,2021-W28,Assam,Leishmaniasis,1,0
2021,2021-W28,Assam,Scrub Typhus,1,0
2021,2021-W28,Bihar,Food Poisoning,92,0
2021,2021-W28,Daman And Diu,Enteric Fever (Typhoid),11,0
2021,2021-W28,Gujarat,Acute Diarrheal Disease,12,0
2021,2021-W28,Haryana,Acute Diarrheal Disease,13,0
2021,2021-W28,Haryana,Cholera,440,1
2021,2021-W28,Himachal Pradesh,Acute Diarrheal Disease,65,0
2021,2021-W28,Jharkhand,Acute Diarrheal Disease,8,0
2021,2021-W28,Kerala,Zika Virus,17,0
2021,2021-W28,Madhya Pradesh,Acute Diarrheal Disease,138,0
2021,2021-W28,Maharashtra,Dengue,25,1
2021,2021-W28,Maharashtra,Dysentery,135,0
2021,2021-W28,Maharashtra,Fever,10,0
2021,2021-W28,Maharashtra,Fever And Dengue,7,1
2021,2021-W28,Maharashtra,Food Poisoning,8,2
2021,2021-W28,Maharashtra,Malaria,21,0
2021,2021-W28,Odisha,Food Poisoning,17,0
2021,2021-W28,West Bengal,Cholera,43,0
2021,2021-W29,Andhra Pradesh,Acute Diarrheal Disease,41,3
2021,2021-W29,Assam,Japanese Encephalitis,5,0
2021,2021-W29,Gujarat,Acute Diarrheal Disease,31,0
2021,2021-W29,Haryana,Cholera,511,1
2021,2021-W29,Jharkhand,Acute Diarrheal Disease,17,1
2021,2021-W29,Karnataka,Gastroenteritis,26,0
2021,2021-W29,Karnataka,Leishmaniasis,11,0
2021,2021-W29,Kerala,Dengue,11,0
2021,2021-W29,Kerala,Zika Virus,1,0
2021,2021-W29,Maharashtra,Dengue,116,2
2021,2021-W29,Punjab,Acute Diarrheal Disease,20,0
2021,2021-W30,Assam,Acute Encephalitic Syndrome,3,3
2021,2021-W30,Assam,Japanese Encephalitis,3,1
2021,2021-W30,Gujarat,Food Poisoning,24,0
2021,2021-W30,Gujarat,Viral Encephalitis,2,2
2021,2021-W30,Haryana,Acute Diarrheal Disease,62,0
2021,2021-W30,Haryana,Cholera,1042,2
2021,2021-W30,Jammu And Kashmir,Food Poisoning,190,2
2021,2021-W30,Jharkhand,Acute Diarrheal Disease,24,0
2021,2021-W30,Kerala,Zika Virus,2,0
2021,2021-W30,Maharashtra,Chikungunya,58,0
2021,2021-W30,Maharashtra,Dengue,18,0
2021,2021-W30,Maharashtra,Fever,94,2
2021,2021-W30,Maharashtra,Malaria,4,1
2021,2021-W30,Punjab,Chickenpox,8,0
2021,2021-W31,Assam,Japanese Encephalitis,20,4
2021,2021-W31,Assam,Leishmaniasis,1,0
2021,2021-W31,Assam,Scrub Typhus,1,0
2021,2021-W31,Chandigarh,Cholera,16,0
2021,2021-W31,Gujarat,Cholera,6,0
2021,2021-W31,Haryana,Acute Diarrheal Disease,114,0
2021,2021-W31,Haryana,Cholera,42,0
2021,2021-W31,Jharkhand,Scrub Typhus,16,0
2021,2021-W31,Jharkhand,Viral Fever,128,0
2021,2021-W31,Maharashtra,Chikungunya,46,0
2021,2021-W31,Maharashtra,Dengue,80,4
2021,2021-W31,Maharashtra,Japanese Encephalitis,2,0
2021,2021-W31,Maharashtra,Leishmaniasis,62,4
2021,2021-W31,Maharashtra,Malaria,58,4
2021,2021-W31,Punjab,Acute Diarrheal Disease,68,0
2021,2021-W31,West Bengal,Acute Diarrheal Disease,95,0
2021,2021-W32,Assam,Acute Encephalitic Syndrome,2,2
2021,2021-W32,Assam,Japanese Encephalitis,1,0
2021,2021-W32,Gujarat,Typhoid,68,0
2021,2021-W32,Karnataka,Dengue,50,0
2021,2021-W32,Karnataka,Gastroenteritis,108,0
2021,2021-W32,Madhya Pradesh,Dengue,30,0
2021,2021-W32,Maharashtra,Acute Diarrheal Disease,430,0
2021,2021-W32,Maharashtra,Chikungunya,6,0
2021,2021-W32,Maharashtra,Dengue,13,0
2021,2021-W32,Maharashtra,Leishmaniasis,22,0
2021,2021-W32,Tamil Nadu,Food Poisoning,54,0
2021,2021-W32,Tamil Nadu,Hepatitis A,74,0
2021,2021-W32,Uttar Pradesh,Cholera,276,2
2021,2021-W32,Uttar Pradesh,Food Poisoning,9,0
2021,2021-W33,Assam,Acute Encephalitic Syndrome,2,2
2021,2021-W33,Assam,Food Poisoning,51,0
2021,2021-W33,Haryana,Acute Diarrheal Disease,26,0
2021,2021-W33,Jharkhand,Acute Diarrheal Disease,38,0
2021,2021-W33,Maharashtra,Dengue,5,0
2021,2021-W33,Maharashtra,Food Poisoning,40,0
2021,2021-W33,Maharashtra,Hepatitis A,38,0
2021,2021-W33,Maharashtra,Malaria,14,6
2021,2021-W33,Uttar Pradesh,Acute Diarrheal Disease,73,0
2021,2021-W33,Uttar Pradesh,Acute Encephalitic Syndrome,3,0
2021,2021-W33,Uttar Pradesh,Rubella,2,0
2021,2021-W33,West Bengal,Acute Diarrheal Disease,37,0
2021,2021-W34,Assam,Japanese Encephalitis,1,1
2021,2021-W34,Assam,Scrub Typhus,1,0
2021,2021-W34,Karnataka,Chikungunya,46,0
2021,2021-W34,Karnataka,Food Poisoning,88,0
2021,2021-W34,Maharashtra,Chikungunya,7,0
2021,2021-W34,Maharashtra,Dengue,52,3
2021,2021-W34,Tamil Nadu,Dengue,40,0
2021,2021-W34,Tamil Nadu,Dengue And Scrub Typhus,25,0
2021,2021-W34,Uttar Pradesh,Dengue,182,6
2021,2021-W34,Uttar Pradesh,Fever,260,1
2021,2021-W34,Uttar Pradesh,Food Poisoning,6,0
2021,2021-W35,Assam,Acute Diarrheal Disease,68,0
2021,2021-W35,Assam,Leishmaniasis,2,0
2021,2021-W35,Haryana,Acute Diarrheal Disease,32,0
2021,2021-W35,Karnataka,Acute Diarrheal Disease,96,0
2021,2021-W35,Maharashtra,Chikungunya,84,0
2021,2021-W35,Maharashtra,Dengue,49,0
2021,2021-W35,Maharashtra,Food Poisoning,18,3
2021,2021-W35,Tamil Nadu,Food Poisoning,8,2
2021,2021-W35,Uttar Pradesh,Acute Diarrheal Disease,10,0
2021,2021-W35,Uttar Pradesh,Dengue,11536,10
2021,2021-W35,Uttar Pradesh,Fever,44,0
2021,2021-W35,Uttar Pradesh,Malaria,172,0
2021,2021-W35,Uttarakhand,Japanese Encephalitis,2,0
2021,2021-W35,West Bengal,Acute Diarrheal Disease,272,0
2021,2021-W36,Assam,Leishmaniasis,2,0
2021,2021-W36,Haryana,Leishmaniasis,16,16
2021,2021-W36,Jharkhand,Acute Diarrheal Disease,16,0
2021,2021-W36,Karnataka,Diphtheria,1,0
2021,2021-W36,Maharashtra,Dengue,108,2
2021,2021-W36,Punjab,Acute Diarrheal Disease,276,0
2021,2021-W36,Tamil Nadu,Food Poisoning,62,2
2021,2021-W36,Uttar Pradesh,Acute Febrile Illness,116,0
2021,2021-W36,Uttar Pradesh,Dengue,32,0
2021,2021-W36,Uttar Pradesh,Scrub Typhus,6,0
2021,2021-W36,Uttarakhand,Acute Diarrheal Disease,26,4
2021,2021-W36,Uttarakhand,Malaria,8,4
2021,2021-W36,West Bengal,Dengue,238,2
2021,2021-W37,Assam,Japanese Encephalitis,2,0
2021,2021-W37,Assam,Leishmaniasis,2,0
2021,2021-W37,Chandigarh,Cholera,22,0
2021,2021-W37,Gujarat,Acute Diarrheal Disease,20,0
2021,2021-W37,Haryana,Dengue,38,0
2021,2021-W37,Jharkhand,Acute Diarrheal Disease,30,0
2021,2021-W37,Karnataka,Acute Diarrheal Disease,20,0
2021,2021-W37,Karnataka,Chikungunya,63,0
2021,2021-W37,Karnataka,Gastroenteritis,40,0
2021,2021-W37,Meghalaya,Acute Diarrheal Disease,30,0
2021,2021-W37,Nagaland,Fever With Rash,1,0
2021,2021-W37,Uttar Pradesh,Dengue,11,0
2021,2021-W37,Uttar Pradesh,Fever,326,2
2021,2021-W37,Uttarakhand,Acute Encephalitic Syndrome,1,1
2021,2021-W37,West Bengal,Food Poisoning,179,0
2021,2021-W38,Assam,Leishmaniasis,4,0
2021,2021-W38,Assam,Measles,2,0
2021,2021-W38,Gujarat,Cholera,28,0
2021,2021-W38,Jharkhand,Acute Diarrheal Disease,66,0
2021,2021-W38,Karnataka,Dengue,13,0
2021,2021-W38,Maharashtra,Acute Febrile Illness,43,2
2021,2021-W38,Maharashtra,Scrub Typhus,36,2
2021,2021-W38,Meghalaya,Dengue,3,0
2021,2021-W38,Punjab,Acute Diarrheal Disease,14,0
2021,2021-W38,Tamil Nadu,Food Poisoning,17,0
2021,2021-W38,Tamil Nadu,Leishmaniasis,13,0
2021,2021-W38,Uttar Pradesh,Acute Febrile Illness,68,0
2021,2021-W38,Uttar Pradesh,Dengue,242,5
2021,2021-W39,Bihar,Japanese Encephalitis,2,0
2021,2021-W39,Haryana,Acute Diarrheal Disease,40,0
2021,2021-W39,Jharkhand,Acute Diarrheal Disease,15,0
2021,2021-W39,Jharkhand,Japanese Encephalitis,15,0
2021,2021-W39,Maharashtra,Chikungunya,15,0
2021,2021-W39,Maharashtra,Dengue,24,1
2021,2021-W39,Punjab,Acute Diarrheal Disease,50,0
2021,2021-W39,Uttar Pradesh,Cholera,667,5
2021,2021-W39,Uttar Pradesh,Dengue,665,2
2021,2021-W39,Uttar Pradesh,Food Poisoning,46,1
2021,2021-W39,Uttar Pradesh,Malaria,150,0
2021,2021-W39,Uttar Pradesh,Malaria And Dengue,77,0
2021,2021-W39,Uttarakhand,Acute Diarrheal Disease,50,0
2021,2021-W39,West Bengal,Seasonal Influenza,2434,6
2021,2021-W40,Assam,Acute Encephalitic Syndrome,2,2
2021,2021-W40,Assam,Leishmaniasis,4,0
2021,2021-W40,Gujarat,Cholera,174,0
2021,2021-W40,Gujarat,Food Poisoning,10,2
2021,2021-W40,Jharkhand,Acute Diarrheal Disease,52,0
2021,2021-W40,Jharkhand,Food Poisoning,14,0
2021,2021-W40,Jharkhand,Malaria,96,0
2021,2021-W40,Kerala,Acute Respiratandy Infection,30,0
2021,2021-W40,Maharashtra,Acute Febrile Illness,6,1
2021,2021-W40,Maharashtra,Chikungunya,5,1
2021,2021-W40,Maharashtra,Chikungunya And Dengue,38,0
2021,2021-W40,Maharashtra,Dengue,15,2
2021,2021-W40,Maharashtra,Leishmaniasis,4,2
2021,2021-W40,Maharashtra,Malaria,9,0
2021,2021-W40,Odisha,Acute Diarrheal Disease,22,2
2021,2021-W40,Punjab,Acute Diarrheal Disease,15,0
2021,2021-W40,Tamil Nadu,Dengue,132,0
2021,2021-W40,Uttar Pradesh,Acute Diarrheal Disease,7,1
2021,2021-W40,Uttar Pradesh,Dengue,23,0
2021,2021-W40,Uttar Pradesh,Food Poisoning,130,0
2021,2021-W40,Uttar Pradesh,Malaria,26,0
2021,2021-W40,Uttar Pradesh,Mumps,10,0
2021,2021-W40,Uttar Pradesh,Scrub Typhus And Dengue And Leptospirosis,5,1
2021,2021-W40,Uttarakhand,Food Poisoning,44,0
2021,2021-W40,West Bengal,Cholera,2110,2
2021,2021-W40,West Bengal,Food Poisoning,112,0
2021,2021-W41,Assam,Leishmaniasis,8,4
2021,2021-W41,Assam,Scrub Typhus,1,1
2021,2021-W41,Gujarat,Epidemic Dropsy,7,3
2021,2021-W41,Karnataka,Acute Diarrheal Disease,41,0
2021,2021-W41,Karnataka,Cholera,10,0
2021,2021-W41,Maharashtra,Dengue,6,0
2021,2021-W41,Punjab,Acute Diarrheal Disease,26,0
2021,2021-W41,Uttar Pradesh,Acute Diarrheal Disease,34,0
2021,2021-W41,Uttar Pradesh,Dengue,12,0
2021,2021-W41,Uttar Pradesh,Food Poisoning,12,0
2021,2021-W41,Uttar Pradesh,Leishmaniasis,8,0
2021,2021-W41,Uttarakhand,Dengue,172,0
2021,2021-W41,West Bengal,Cholera,2076,2
2021,2021-W42,Gujarat,Acute Diarrheal Disease,5,0
2021,2021-W42,Haryana,Acute Diarrheal Disease,38,0
2021,2021-W42,Jharkhand,Acute Diarrheal Disease,28,0
2021,2021-W42,Jharkhand,Dengue,8,0
2021,2021-W42,Karnataka,Acute Diarrheal Disease,171,0
2021,2021-W42,Karnataka,Fever,9,0
2021,2021-W42,Karnataka,Food Poisoning,152,0
2021,2021-W42,Kerala,Acute Diarrheal Disease,28,0
2021,2021-W42,Kerala,Food Poisoning,21,0
2021,2021-W42,Maharashtra,Dengue,10,2
2021,2021-W42,Maharashtra,Fever,10,1
2021,2021-W42,Nagaland,Measles,4,0
2021,2021-W42,Odisha,Anthrax,3,1
2021,2021-W42,Punjab,Acute Diarrheal Disease,120,0
2021,2021-W42,Tamil Nadu,Acute Diarrheal Disease,49,0
2021,2021-W42,Tamil Nadu,Dengue,20,0
2021,2021-W42,Telangana,Food Poisoning,30,0
2021,2021-W42,Uttar Pradesh,Acute Diarrheal Disease,81,0
2021,2021-W42,Uttar Pradesh,Dengue,183,1
2021,2021-W42,Uttar Pradesh,Fever,96,0
2021,2021-W42,Uttar Pradesh,Food Poisoning,23,1
2021,2021-W42,West Bengal,Acute Diarrheal Disease,38,0
2021,2021-W43,Arunachal Pradesh,Chickenpox,12,0
2021,2021-W43,Assam,Scrub Typhus,4,0
2021,2021-W43,Karnataka,Acute Diarrheal Disease,17,0
2021,2021-W43,Karnataka,Food Poisoning,29,0
2021,2021-W43,Kerala,Food Poisoning,21,0
2021,2021-W43,Maharashtra,Acute Diarrheal Disease,103,0
2021,2021-W43,Maharashtra,Dengue,10,2
2021,2021-W43,Maharashtra,Fever,6,1
2021,2021-W43,Maharashtra,Malaria,10,1
2021,2021-W43,Odisha,Acute Diarrheal Disease,16,0
2021,2021-W43,Tamil Nadu,Dengue,5,0
2021,2021-W43,Telangana,Food Poisoning,136,0
2021,2021-W43,Uttar Pradesh,Acute Diarrheal Disease,54,0
2021,2021-W43,Uttar Pradesh,Dengue,24,0
2021,2021-W43,Uttar Pradesh,Fever,300,0
2021,2021-W43,Uttar Pradesh,Food Poisoning,24,0
2021,2021-W43,Uttar Pradesh,Measles,8,0
2021,2021-W44,Gujarat,Crimean-Congo Haemandrhagic Fever (Cchf),1,0
2021,2021-W44,Kerala,Food Poisoning,96,0
2021,2021-W44,Maharashtra,Dengue,2,2
2021,2021-W44,Maharashtra,Malaria,2,2
2021,2021-W44,Punjab,Acute Diarrheal Disease,98,12
2021,2021-W44,Tamil Nadu,Dengue,10,0
2021,2021-W44,Uttar Pradesh,Measles,80,0
2021,2021-W44,West Bengal,Acute Diarrheal Disease,50,0
2021,2021-W45,Gujarat,Acute Diarrheal Disease,12,0
2021,2021-W45,Jharkhand,Acute Diarrheal Disease,61,0
2021,2021-W45,Kerala,Food Poisoning,42,2
2021,2021-W45,Maharashtra,Chikungunya,10,0
2021,2021-W45,Maharashtra,Cholera,132,0
2021,2021-W45,Maharashtra,Dengue,14,0
2021,2021-W45,Odisha,Scrub Typhus,14,0
2021,2021-W45,Punjab,Acute Diarrheal Disease,146,0
2021,2021-W45,Punjab,Food Poisoning,9,0
2021,2021-W45,Tamil Nadu,Leishmaniasis,26,0
2021,2021-W45,Telangana,Food Poisoning,182,0
2021,2021-W45,Uttar Pradesh,Acute Diarrheal Disease,80,4
2021,2021-W45,Uttar Pradesh,Measles,8,1
2021,2021-W45,Uttar Pradesh,Measles And Rubella,134,0
2021,2021-W45,Uttar Pradesh,Rubella,2,0
2021,2021-W45,Uttar Pradesh,Zika Virus,14,0
2021,2021-W45,West Bengal,Dengue,290,0
2021,2021-W45,West Bengal,Food Poisoning,192,0
2021,2021-W46,Jharkhand,Acute Diarrheal Disease,43,0
2021,2021-W46,Kerala,Food Poisoning,95,0
2021,2021-W46,Maharashtra,Cholera,6,0
2021,2021-W46,Maharashtra,Malaria,19,0
2021,2021-W46,Odisha,Acute Diarrheal Disease,28,0
2021,2021-W46,Odisha,Food Poisoning,98,0
2021,2021-W46,Tamil Nadu,Food Poisoning,13,0
2021,2021-W46,Tamil Nadu,Typhoid,19,0
2021,2021-W46,Uttar Pradesh,Dengue,43,0
2021,2021-W46,Uttar Pradesh,Measles And Rubella,6,0
2021,2021-W46,Uttar Pradesh,Zika Virus,142,0
2021,2021-W46,Uttarakhand,Hepatitis,30,0
2021,2021-W46,West Bengal,Food Poisoning,152,0
2021,2021-W47,Jharkhand,Chickenpox,6,0
2021,2021-W47,Kerala,Acute Diarrheal Disease,114,0
2021,2021-W47,Kerala,Food Poisoning,75,0
2021,2021-W47,Kerala,Hepatitis B,4,0
2021,2021-W47,Kerala,Hepatitis C,6,0
2021,2021-W47,Maharashtra,Chikungunya,9,0
2021,2021-W47,Maharashtra,Dengue,2,2
2021,2021-W47,Maharashtra,Food Poisoning,250,0
2021,2021-W47,Tamil Nadu,Acute Diarrheal Disease,64,0
2021,2021-W47,Telangana,Dengue,9,0
2021,2021-W47,Telangana,Gastroenteritis,16,0
2021,2021-W47,Uttar Pradesh,Fever With Rash,20,0
2021,2021-W47,Uttar Pradesh,Zika Virus,1,0
2021,2021-W48,Jharkhand,Acute Diarrheal Disease,38,0
2021,2021-W48,Kerala,Acute Diarrheal Disease,142,0
2021,2021-W48,Kerala,Food Poisoning,276,0
2021,2021-W48,Maharashtra,Food Poisoning,10,0
2021,2021-W48,Maharashtra,Leishmaniasis,12,0
2021,2021-W48,Maharashtra,Malaria,4,0
2021,2021-W48,Mizoram,Dengue,32,0
2021,2021-W48,Tamil Nadu,Acute Diarrheal Disease,10,0
2021,2021-W48,Telangana,Food Poisoning,182,0
2021,2021-W48,Uttar Pradesh,Malaria,238,0
2021,2021-W49,Chhattisgarh,Acute Diarrheal Disease,26,0
2021,2021-W49,Gujarat,Acute Diarrheal Disease,44,0
2021,2021-W49,Gujarat,Food Poisoning,96,2
2021,2021-W49,Jharkhand,Measles,8,0
2021,2021-W49,Kerala,Acute Diarrheal Disease,30,0
2021,2021-W49,Kerala,Cholera,2,0
2021,2021-W49,Kerala,Visceral Leishmaniasis,2,2
2021,2021-W49,Maharashtra,Acute Diarrheal Disease,58,0
2021,2021-W49,Maharashtra,Chikungunya,20,0
2021,2021-W49,Odisha,Acute Diarrheal Disease,22,0
2021,2021-W49,Tamil Nadu,Acute Diarrheal Disease,306,0
2021,2021-W49,Tamil Nadu,Mixed Fever,90,0
2021,2021-W49,West Bengal,Acute Diarrheal Disease,178,0
2021,2021-W50,Gujarat,Acute Diarrheal Disease,10,0
2021,2021-W50,Karnataka,Acute Diarrheal Disease,55,0
2021,2021-W50,Karnataka,Human Rabies,2,2
2021,2021-W50,Kerala,Acute Diarrheal Disease,24,0
2021,2021-W50,Maharashtra,Chikungunya,14,0
2021,2021-W50,Maharashtra,Dengue,18,0
2021,2021-W50,Tamil Nadu,Acute Febrile Illness,14,0
2021,2021-W50,Tamil Nadu,Food Poisoning,350,0
2021,2021-W50,Telangana,Food Poisoning,69,0
2021,2021-W51,Assam,Dengue,1,0
2021,2021-W51,Assam,Leishmaniasis,1,1
2021,2021-W51,Jharkhand,Fever With Rash,4,0
2021,2021-W51,Maharashtra,Acute Diarrheal Disease,12,1
2021,2021-W51,Tamil Nadu,Acute Diarrheal Disease,32,0
2021,2021-W51,Tamil Nadu,Fever,16,0
2021,2021-W51,Telangana,Dengue,8,0
2021,2021-W51,Uttar Pradesh,Chickenpox,58,0
2021,2021-W51,Uttar Pradesh,Jatropha Seeds Poisoning,35,0
2021,2021-W52,Jharkhand,Fever With Rash,12,0
2021,2021-W52,Maharashtra,Fever,13,0
2022,2022-W01,Jharkhand,Measles,18,0
2022,2022-W01,Meghalaya,Acute Diarrheal Disease,320,0
2022,2022-W02,Jharkhand,Fever With Rash,14,0
2022,2022-W02,Maharashtra,Malaria,14,4
2022,2022-W03,Gujarat,Acute Diarrheal Disease,14,0
2022,2022-W03,Jharkhand,Chickenpox,12,0
2022,2022-W03,Jharkhand,Measles,3,0
2022,2022-W03,Kerala,Acute Diarrheal Disease,14,0
2022,2022-W03,Kerala,Food Poisoning,18,0
2022,2022-W03,Kerala,Kala Azar,1,0
2022,2022-W03,Tamil Nadu,Acute Diarrheal Disease,8,0
2022,2022-W04,Jharkhand,Fever With Rash,6,0
2022,2022-W04,Jharkhand,Japanese Encephalitis,1,0
2022,2022-W04,Jharkhand,Measles,17,0
2022,2022-W05,Gujarat,Hepatitis B,16,0
2022,2022-W05,Kerala,Food Poisoning,122,0
2022,2022-W05,Kerala,Kala Azar,2,0
2022,2022-W05,Kerala,Kyasanur Fandest Disease,2,0
2022,2022-W05,Kerala,Typhoid,8,0
2022,2022-W05,Telangana,Food Poisoning,182,0
2022,2022-W05,Uttar Pradesh,Acute Encephalitic Syndrome,2,0
2022,2022-W06,Kerala,Food Poisoning,122,0
2022,2022-W06,Kerala,Lyme Disease,2,0
2022,2022-W06,Maharashtra,Malaria,2,2
2022,2022-W06,Odisha,Acute Diarrheal Disease,30,0
2022,2022-W06,Uttar Pradesh,Diphtheria,2,0
2022,2022-W06,Uttar Pradesh,Pertussis,2,0
2022,2022-W07,Gujarat,Acute Diarrheal Disease,67,0
2022,2022-W07,Gujarat,Food Poisoning,53,0
2022,2022-W07,Kerala,Acute Diarrheal Disease,5,0
2022,2022-W07,Kerala,Mumps,60,0
2022,2022-W07,Kerala,West Nile Fever,1,0
2022,2022-W07,West Bengal,Acute Diarrheal Disease,89,0
2022,2022-W07,West Bengal,Hepatitis A,44,0
2022,2022-W08,Gujarat,Acute Flaccid Paralysis,7,0
2022,2022-W08,Karnataka,Chickenpox,9,0
2022,2022-W08,Kerala,Hepatitis B,18,0
2022,2022-W08,Kerala,Leishmaniasis,18,0
2022,2022-W08,Odisha,Chickenpox,16,0
2022,2022-W08,Tamil Nadu,Food Poisoning,29,0
2022,2022-W08,West Bengal,Acute Diarrheal Disease,21,0
2022,2022-W08,West Bengal,Food Poisoning,89,0
2022,2022-W08,West Bengal,Hepatitis A,112,0
2022,2022-W09,Gujarat,Acute Flaccid Paralysis,2,0
2022,2022-W09,Gujarat,Acute Flaccid Paralysis (Epstein Bar Virus And Human Herpes Virus),2,0
2022,2022-W09,Gujarat,Food Poisoning,2536,0
2022,2022-W09,Jharkhand,Chickenpox,24,0
2022,2022-W09,Jharkhand,Food Poisoning,18,0
2022,2022-W09,Karnataka,Acute Diarrheal Disease,54,0
2022,2022-W09,Kerala,Acute Diarrheal Disease,42,0
2022,2022-W09,Maharashtra,Food Poisoning,204,0
2022,2022-W09,Telangana,Food Poisoning,44,0
2022,2022-W09,West Bengal,Acute Diarrheal Disease,739,2
2022,2022-W09,West Bengal,Hepatitis A,60,0
2022,2022-W10,Gujarat,Acute Diarrheal Disease,142,0
2022,2022-W10,Gujarat,Gastroenteritis,48,2
2022,2022-W10,Kerala,Dengue,9,0
2022,2022-W10,Punjab,Hepatitis A And E,62,0
2022,2022-W10,Tamil Nadu,Chickenpox,50,0
2022,2022-W10,Tamil Nadu,Dengue,29,0
2022,2022-W10,Tamil Nadu,Food Poisoning,14,0
2022,2022-W10,Tamil Nadu,Pyrexia Of Unknown Andigin (Puo),15,0
2022,2022-W10,Telangana,Dengue,12,0
2022,2022-W10,Telangana,Food Poisoning,298,0
2022,2022-W10,West Bengal,Acute Diarrheal Disease,1112,0
2022,2022-W11,Karnataka,Acute Diarrheal Disease,61,0
2022,2022-W11,Kerala,Acute Diarrheal Disease,32,0
2022,2022-W11,Kerala,Chickenpox,34,0
2022,2022-W11,Maharashtra,Chickenpox,5,0
2022,2022-W11,Maharashtra,Chikungunya,9,0
2022,2022-W11,Odisha,Acute Diarrheal Disease,41,0
2022,2022-W11,Tamil Nadu,Chickenpox,7,0
2022,2022-W11,Tamil Nadu,Food Poisoning,13,0
2022,2022-W11,Tamil Nadu,Scrub Typhus,35,0
2022,2022-W11,Telangana,Food Poisoning,56,0
2022,2022-W11,Uttar Pradesh,Food Poisoning,49,0
2022,2022-W12,Gujarat,Acute Diarrheal Disease,38,0
2022,2022-W12,Gujarat,Crimean-Congo Haemandrhagic Fever (Cchf),1,0
2022,2022-W12,Gujarat,Food Poisoning,57,0
2022,2022-W12,Haryana,Typhoid,6,0
2022,2022-W12,Jharkhand,Measles,10,0
2022,2022-W12,Karnataka,Acute Diarrheal Disease,29,0
2022,2022-W12,Karnataka,Food Poisoning,63,0
2022,2022-W12,Kerala,Food Poisoning,9,0
2022,2022-W12,Maharashtra,Dengue,11,0
2022,2022-W12,Rajasthan,Fever With Rash,11,0
2022,2022-W12,Rajasthan,Hepatitis,23,1
2022,2022-W12,Tamil Nadu,Acute Diarrheal Disease,14,0
2022,2022-W12,Tamil Nadu,Chickenpox,32,0
2022,2022-W12,Tamil Nadu,Food Poisoning,93,0
2022,2022-W12,West Bengal,Acute Diarrheal Disease,35,0
2022,2022-W13,Jharkhand,Measles,65,0
2022,2022-W13,Karnataka,Acute Diarrheal Disease,21,0
2022,2022-W13,Karnataka,Food Poisoning,50,0
2022,2022-W13,Kerala,Acute Diarrheal Disease,42,0
2022,2022-W13,Kerala,Dengue,16,0
2022,2022-W13,Kerala,Food Poisoning,60,0
2022,2022-W13,Kerala,Shigellosis,7,0
2022,2022-W13,Maharashtra,Chikungunya,3,0
2022,2022-W13,Odisha,Acute Diarrheal Disease,330,2
2022,2022-W13,Punjab,Hepatitis A,277,0
2022,2022-W13,Rajasthan,Jaundice,23,1
2022,2022-W13,Tamil Nadu,Chickenpox,24,0
2022,2022-W13,Tamil Nadu,Dengue,15,0
2022,2022-W13,Tamil Nadu,Food Poisoning,36,0
2022,2022-W13,Telangana,Food Poisoning,50,0
2022,2022-W13,Uttarakhand,Food Poisoning,178,0
2022,2022-W14,Haryana,Measles,9,0
2022,2022-W14,Jharkhand,Chickenpox,5,0
2022,2022-W14,Karnataka,Acute Diarrheal Disease,24,0
2022,2022-W14,Karnataka,Chickenpox,17,0
2022,2022-W14,Meghalaya,Chickenpox,64,0
2022,2022-W14,Odisha,Food Poisoning,36,0
2022,2022-W14,Telangana,Acute Diarrheal Disease,190,0
2022,2022-W14,West Bengal,Cholera,100,0
2022,2022-W15,Jharkhand,Measles,28,0
2022,2022-W15,Karnataka,Chikungunya,82,0
2022,2022-W15,Karnataka,Food Poisoning,38,0
2022,2022-W15,Kerala,Dengue,18,0
2022,2022-W15,Odisha,Acute Diarrheal Disease,142,0
2022,2022-W15,Tamil Nadu,Acute Diarrheal Disease,14,0
2022,2022-W15,Tamil Nadu,Food Poisoning,15,0
2022,2022-W15,Uttar Pradesh,Chickenpox,20,0
2022,2022-W15,West Bengal,Acute Diarrheal Disease,342,0
2022,2022-W15,West Bengal,Food Poisoning,160,0
2022,2022-W16,Gujarat,Food Poisoning,64,0
2022,2022-W16,Haryana,Acute Diarrheal Disease,6,0
2022,2022-W16,Jharkhand,Chickenpox,8,0
2022,2022-W16,Jharkhand,Fever With Rash,20,0
2022,2022-W16,Jharkhand,Measles,14,0
2022,2022-W16,Kerala,Acute Diarrheal Disease,67,0
2022,2022-W16,Kerala,Food Poisoning,53,0
2022,2022-W16,Kerala,Hepatitis A,20,0
2022,2022-W16,Maharashtra,Food Poisoning,31,0
2022,2022-W16,Meghalaya,Influenza A,258,0
2022,2022-W16,Odisha,Acute Diarrheal Disease,11,0
2022,2022-W16,Odisha,Cholera,23,0
2022,2022-W16,Odisha,Food Poisoning,63,0
2022,2022-W16,Tamil Nadu,Fever With Rash,9,0
2022,2022-W16,Tamil Nadu,Food Poisoning,52,0
2022,2022-W16,Telangana,Food Poisoning,60,0
2022,2022-W16,Uttarakhand,Hepatitis A,5,0
2022,2022-W16,West Bengal,Acute Diarrheal Disease,162,0
2022,2022-W16,West Bengal,Cholera,53,0
2022,2022-W17,Assam,Chickenpox,13,0
2022,2022-W17,Gujarat,Acute Diarrheal Disease,42,0
2022,2022-W17,Gujarat,Crimean-Congo Haemandrhagic Fever (Cchf),1,1
2022,2022-W17,Jharkhand,Measles,14,0
2022,2022-W17,Karnataka,Acute Diarrheal Disease,40,0
2022,2022-W17,Karnataka,Food Poisoning,50,0
2022,2022-W17,Kerala,Acute Diarrheal Disease,63,0
2022,2022-W17,Kerala,Dengue,16,0
2022,2022-W17,Kerala,Food Poisoning,26,0
2022,2022-W17,Kerala,Shigellosis,116,2
2022,2022-W17,Odisha,Acute Diarrheal Disease,29,0
2022,2022-W17,Odisha,Chickenpox,50,0
2022,2022-W17,Odisha,Food Poisoning,352,0
2022,2022-W17,Rajasthan,Acute Encephalitic Syndrome,12,7
2022,2022-W17,Rajasthan,Food Poisoning,42,0
2022,2022-W17,Rajasthan,Jaundice,28,1
2022,2022-W17,Tamil Nadu,Acute Diarrheal Disease,34,0
2022,2022-W17,Tamil Nadu,Chickenpox,5,0
2022,2022-W17,Tamil Nadu,Food Poisoning,11,0
2022,2022-W17,West Bengal,Acute Diarrheal Disease,40,0
2022,2022-W17,West Bengal,Food Poisoning,240,0
2022,2022-W18,Andhra Pradesh,Acute Diarrheal Disease,60,0
2022,2022-W18,Gujarat,Dengue,8,6
2022,2022-W18,Jammu And Kashmir,Chickenpox,8,0
2022,2022-W18,Jharkhand,Malaria,37,1
2022,2022-W18,Jharkhand,Measles,16,0
2022,2022-W18,Karnataka,Acute Diarrheal Disease,210,0
2022,2022-W18,Karnataka,Food Poisoning,102,0
2022,2022-W18,Kerala,Acute Diarrheal Disease,20,0
2022,2022-W18,Kerala,Food Poisoning,137,0
2022,2022-W18,Madhya Pradesh,Acute Diarrheal Disease,508,0
2022,2022-W18,Madhya Pradesh,Food Poisoning,600,0
2022,2022-W18,Odisha,Food Poisoning,72,0
2022,2022-W18,Punjab,Acute Diarrheal Disease,237,0
2022,2022-W18,Tamil Nadu,Acute Diarrheal Disease,30,0
2022,2022-W18,Tamil Nadu,Chickenpox,26,0
2022,2022-W18,Tamil Nadu,Food Poisoning,166,0
2022,2022-W18,Uttar Pradesh,Chickenpox,6,0
2022,2022-W18,Uttarakhand,Measles,32,0
2022,2022-W18,West Bengal,Food Poisoning,896,0
2022,2022-W19,Arunachal Pradesh,Food Poisoning,3,0
2022,2022-W19,Assam,Leishmaniasis,4,0
2022,2022-W19,Bihar,Food Poisoning,46,0
2022,2022-W19,Chhattisgarh,Acute Diarrheal Disease,147,0
2022,2022-W19,Gujarat,Acute Diarrheal Disease,47,0
2022,2022-W19,Gujarat,Hepatitis A,92,0
2022,2022-W19,Haryana,Fever With Rash,14,0
2022,2022-W19,Haryana,Food Poisoning,40,0
2022,2022-W19,Haryana,Measles,3,0
2022,2022-W19,Jammu And Kashmir,Chickenpox,123,0
2022,2022-W19,Jammu And Kashmir,Hepatitis A,26,0
2022,2022-W19,Jammu And Kashmir,Influenza A,10,0
2022,2022-W19,Jammu And Kashmir,Jaundice,12,0
2022,2022-W19,Jharkhand,Chickenpox,138,0
2022,2022-W19,Karnataka,Acute Diarrheal Disease,53,0
2022,2022-W19,Karnataka,Chickenpox,19,0
2022,2022-W19,Karnataka,Cholera,288,0
2022,2022-W19,Karnataka,Human Rabies,2,2
2022,2022-W19,Karnataka,Kyasanur Fandest Disease,8,2
2022,2022-W19,Kerala,Acute Diarrheal Disease,330,0
2022,2022-W19,Kerala,Food Poisoning,102,0
2022,2022-W19,Kerala,Hepatitis A,40,0
2022,2022-W19,Kerala,Nandovirus,42,0
2022,2022-W19,Madhya Pradesh,Acute Diarrheal Disease,15,0
2022,2022-W19,Madhya Pradesh,Chickenpox,12,0
2022,2022-W19,Maharashtra,Chikungunya,12,0
2022,2022-W19,Maharashtra,Dengue,18,2
2022,2022-W19,Maharashtra,Malaria (P.Vivax),10,0
2022,2022-W19,Odisha,Acute Diarrheal Disease,44,0
2022,2022-W19,Punjab,Acute Diarrheal Disease,36,0
2022,2022-W19,Punjab,Chickenpox,32,0
2022,2022-W19,Rajasthan,Acute Diarrheal Disease,54,0
2022,2022-W19,Tamil Nadu,Acute Diarrheal Disease,30,0
2022,2022-W19,Tamil Nadu,Dengue And Scrub Typhus,12,0
2022,2022-W19,Tamil Nadu,Food Poisoning,24,0
2022,2022-W19,Tamil Nadu,Hepatitis A,10,0
2022,2022-W19,Uttar Pradesh,Chickenpox,12,0
2022,2022-W19,Uttarakhand,Measles,8,2
2022,2022-W19,West Bengal,Cholera,120,0
2022,2022-W19,West Bengal,Dengue,544,0
2022,2022-W19,West Bengal,Hepatitis A,20,0
2022,2022-W20,Andhra Pradesh,Acute Diarrheal Disease,29,0
2022,2022-W20,Arunachal Pradesh,Chickenpox,36,0
2022,2022-W20,Assam,Acute Diarrheal Disease,14,0
2022,2022-W20,Assam,Chickenpox,9,0
2022,2022-W20,Gujarat,Food Poisoning,173,0
2022,2022-W20,Jammu And Kashmir,Chickenpox,10,0
2022,2022-W20,Karnataka,Acute Diarrheal Disease,48,0
2022,2022-W20,Karnataka,Kyasanur Fandest Disease,1,1
2022,2022-W20,Kerala,Acute Diarrheal Disease,22,0
2022,2022-W20,Kerala,Dengue,14,0
2022,2022-W20,Kerala,Fever With Rash,13,0
2022,2022-W20,Kerala,Food Poisoning,52,0
2022,2022-W20,Kerala,Leishmaniasis,18,0
2022,2022-W20,Kerala,Mumps,36,0
2022,2022-W20,Madhya Pradesh,Fever With Rash,3,0
2022,2022-W20,Madhya Pradesh,Food Poisoning,130,0
2022,2022-W20,Maharashtra,Dengue,33,0
2022,2022-W20,Meghalaya,Acute Diarrheal Disease,340,0
2022,2022-W20,Punjab,Chickenpox,16,0
2022,2022-W20,Telangana,Acute Diarrheal Disease,6,0
2022,2022-W20,Telangana,Food Poisoning,28,0
2022,2022-W20,Uttar Pradesh,Acute Diarrheal Disease,12,0
2022,2022-W20,Uttar Pradesh,Chickenpox,5,0
2022,2022-W20,West Bengal,Food Poisoning,49,0
2022,2022-W21,Arunachal Pradesh,Acute Diarrheal Disease,37,0
2022,2022-W21,Arunachal Pradesh,Scrub Typhus,2,0
2022,2022-W21,Gujarat,Food Poisoning,132,0
2022,2022-W21,Jammu And Kashmir,Acute Diarrheal Disease,36,0
2022,2022-W21,Jammu And Kashmir,Chickenpox,29,0
2022,2022-W21,Jharkhand,Chickenpox,48,0
2022,2022-W21,Jharkhand,Dysentery,9,0
2022,2022-W21,Jharkhand,Food Poisoning,15,0
2022,2022-W21,Jharkhand,Measles,7,0
2022,2022-W21,Karnataka,Dengue,92,0
2022,2022-W21,Karnataka,Food Poisoning,38,0
2022,2022-W21,Kerala,Acute Diarrheal Disease,71,0
2022,2022-W21,Kerala,Brucellosis,2,0
2022,2022-W21,Kerala,Dengue,36,0
2022,2022-W21,Kerala,Food Poisoning,27,0
2022,2022-W21,Kerala,Shigellosis,64,0
2022,2022-W21,Kerala,West Nile Fever,1,0
2022,2022-W21,Madhya Pradesh,Acute Diarrheal Disease,113,0
2022,2022-W21,Madhya Pradesh,Chickenpox,4,0
2022,2022-W21,Madhya Pradesh,Fever With Rash,26,0
2022,2022-W21,Madhya Pradesh,Leishmaniasis,1,1
2022,2022-W21,Maharashtra,Food Poisoning,418,0
2022,2022-W21,Maharashtra,Malaria,13,1
2022,2022-W21,Meghalaya,Mushroom Poisoning,8,0
2022,2022-W21,Odisha,Acute Diarrheal Disease,45,0
2022,2022-W21,Odisha,Dysentery,16,0
2022,2022-W21,Odisha,Food Poisoning,24,0
2022,2022-W21,Odisha,Rubella,10,0
2022,2022-W21,Puducherry,Acute Diarrheal Disease,226,0
2022,2022-W21,Puducherry,Cholera,26,0
2022,2022-W21,Punjab,Acute Diarrheal Disease,436,4
2022,2022-W21,Punjab,Chickenpox,6,0
2022,2022-W21,Tamil Nadu,Food Poisoning,101,0
2022,2022-W21,Uttar Pradesh,Acute Diarrheal Disease,21,1
2022,2022-W21,Uttarakhand,Acute Diarrheal Disease,10,0
2022,2022-W21,Uttarakhand,Fever With Rash,11,0
2022,2022-W21,West Bengal,Cholera,67,0
2022,2022-W22,Andhra Pradesh,Acute Diarrheal Disease,16,1
2022,2022-W22,Andhra Pradesh,Dengue,5,1
2022,2022-W22,Andhra Pradesh,Food Poisoning,26,4
2022,2022-W22,Arunachal Pradesh,Malaria,72,0
2022,2022-W22,Assam,Acute Diarrheal Disease,15,0
2022,2022-W22,Assam,Food Poisoning,78,0
2022,2022-W22,Chhattisgarh,Acute Diarrheal Disease,33,0
2022,2022-W22,Chhattisgarh,Food Poisoning,106,0
2022,2022-W22,Gujarat,Acute Diarrheal Disease,406,0
2022,2022-W22,Haryana,Acute Diarrheal Disease,6,0
2022,2022-W22,Haryana,Measles,18,0
2022,2022-W22,Jammu And Kashmir,Chickenpox,28,0
2022,2022-W22,Jharkhand,Acute Diarrheal Disease,21,0
2022,2022-W22,Karnataka,Acute Diarrheal Disease,435,3
2022,2022-W22,Karnataka,Chikungunya,26,0
2022,2022-W22,Kerala,Acute Diarrheal Disease,29,0
2022,2022-W22,Kerala,Food Poisoning,66,0
2022,2022-W22,Kerala,Nandovirus,110,0
2022,2022-W22,Madhya Pradesh,Acute Diarrheal Disease,348,2
2022,2022-W22,Maharashtra,Acute Diarrheal Disease,179,0
2022,2022-W22,Maharashtra,Chikungunya,5,0
2022,2022-W22,Maharashtra,Malaria,310,1
2022,2022-W22,Nagaland,Filariasis,42,0
2022,2022-W22,Odisha,Acute Diarrheal Disease,146,0
2022,2022-W22,Odisha,Food Poisoning,20,0
2022,2022-W22,Rajasthan,Measles,22,0
2022,2022-W22,Tamil Nadu,Acute Diarrheal Disease,146,0
2022,2022-W22,Tamil Nadu,Food Poisoning,179,0
2022,2022-W22,Uttar Pradesh,Acute Diarrheal Disease,30,1
2022,2022-W22,Uttar Pradesh,Chickenpox,10,0
2022,2022-W22,Uttarakhand,Acute Diarrheal Disease,78,0
2022,2022-W23,Andhra Pradesh,Acute Diarrheal Disease,10,0
2022,2022-W23,Assam,Acute Diarrheal Disease,144,0
2022,2022-W23,Assam,Chickenpox,5,0
2022,2022-W23,Assam,Dengue,4,0
2022,2022-W23,Chhattisgarh,Acute Diarrheal Disease,24,0
2022,2022-W23,Chhattisgarh,Food Poisoning,124,4
2022,2022-W23,Gujarat,Acute Diarrheal Disease,25,0
2022,2022-W23,Jammu And Kashmir,Acute Respiratandy Illness,68,0
2022,2022-W23,Jharkhand,Acute Diarrheal Disease,4,0
2022,2022-W23,Jharkhand,Acute Encephalitic Syndrome,2,0
2022,2022-W23,Jharkhand,Fever With Rash,2,0
2022,2022-W23,Jharkhand,Food Poisoning,6,2
2022,2022-W23,Karnataka,Cholera,169,1
2022,2022-W23,Karnataka,Food Poisoning,212,0
2022,2022-W23,Karnataka,Japanese Encephalitis,4,0
2022,2022-W23,Kerala,Acute Diarrheal Disease,18,0
2022,2022-W23,Kerala,Dengue,69,0
2022,2022-W23,Kerala,Food Poisoning,49,0
2022,2022-W23,Kerala,"Hand, Foot And Mouth Disease (Hfmd)",10,0
2022,2022-W23,Kerala,Leishmaniasis,10,0
2022,2022-W23,Kerala,Nandovirus,16,0
2022,2022-W23,Kerala,Shigellosis,2,0
2022,2022-W23,Madhya Pradesh,Acute Diarrheal Disease,88,0
2022,2022-W23,Madhya Pradesh,Acute Flaccid Paralysis,1,0
2022,2022-W23,Madhya Pradesh,Chickenpox,10,0
2022,2022-W23,Maharashtra,Acute Diarrheal Disease,42,0
2022,2022-W23,Maharashtra,Chikungunya,19,0
2022,2022-W23,Maharashtra,Food Poisoning,30,0
2022,2022-W23,Maharashtra,Malaria,6,2
2022,2022-W23,Nagaland,Chickenpox,20,0
2022,2022-W23,Nagaland,Fever With Rash,60,0
2022,2022-W23,Odisha,Acute Diarrheal Disease,14,0
2022,2022-W23,Rajasthan,Acute Diarrheal Disease,320,0
2022,2022-W23,Tamil Nadu,Acute Diarrheal Disease,83,0
2022,2022-W23,Tamil Nadu,Cholera,34,0
2022,2022-W23,Tamil Nadu,Dengue,19,0
2022,2022-W24,Assam,Pyrexia Of Unknown Andigin (Puo),25,0
2022,2022-W24,Chhattisgarh,Acute Diarrheal Disease,8,1
2022,2022-W24,Gujarat,Hepatitis A,18,0
2022,2022-W24,Himachal Pradesh,Dengue,68,0
2022,2022-W24,Jammu And Kashmir,Chickenpox,26,0
2022,2022-W24,Jammu And Kashmir,Fever With Rash,8,0
2022,2022-W24,Jharkhand,Acute Diarrheal Disease,42,2
2022,2022-W24,Jharkhand,Fever With Rash,5,0
2022,2022-W24,Karnataka,Acute Diarrheal Disease,178,0
2022,2022-W24,Karnataka,Chikungunya,32,0
2022,2022-W24,Karnataka,Dengue,56,2
2022,2022-W24,Madhya Pradesh,Acute Diarrheal Disease,40,2
2022,2022-W24,Maharashtra,Acute Diarrheal Disease,47,0
2022,2022-W24,Maharashtra,Malaria,47,1
2022,2022-W24,Maharashtra,Measles And Rubella,30,0
2022,2022-W24,Punjab,Acute Diarrheal Disease,283,0
2022,2022-W24,Tamil Nadu,Chickenpox,8,0
2022,2022-W24,Uttar Pradesh,Acute Diarrheal Disease,8,2
2022,2022-W24,Uttar Pradesh,Food Poisoning,78,0
2022,2022-W24,Uttar Pradesh,Pyrexia Of Unknown Andigin (Puo),19,0
2022,2022-W25,Assam,Japanese Encephalitis,1,1
2022,2022-W25,Assam,Leishmaniasis,6,1
2022,2022-W25,Chhattisgarh,Food Poisoning,15,0
2022,2022-W25,Dadra And Nagar Haveli,Acute Diarrheal Disease,17,0
2022,2022-W25,Himachal Pradesh,Acute Diarrheal Disease,19,0
2022,2022-W25,Karnataka,Acute Diarrheal Disease,47,0
2022,2022-W25,Karnataka,Dengue,14,1
2022,2022-W25,Karnataka,Fever With Rash,32,0
2022,2022-W25,Karnataka,Human Rabies,1,1
2022,2022-W25,Kerala,Dengue,234,2
2022,2022-W25,Kerala,Hepatitis A,17,0
2022,2022-W25,Kerala,Mumps,11,0
2022,2022-W25,Maharashtra,Acute Diarrheal Disease,83,0
2022,2022-W25,Maharashtra,Dengue,7,0
2022,2022-W25,Punjab,Acute Diarrheal Disease,146,0
2022,2022-W25,Rajasthan,Acute Diarrheal Disease,115,0
2022,2022-W25,Tamil Nadu,Food Poisoning,59,0
2022,2022-W26,Arunachal Pradesh,Acute Diarrheal Disease,40,0
2022,2022-W26,Chhattisgarh,Mushroom Poisoning,9,0
2022,2022-W26,Haryana,Measles,18,0
2022,2022-W26,Jharkhand,Measles,2,0
2022,2022-W26,Karnataka,Acute Diarrheal Disease,69,0
2022,2022-W26,Karnataka,Human Rabies,1,1
2022,2022-W26,Kerala,Hepatitis A,10,0
2022,2022-W26,Madhya Pradesh,Acute Diarrheal Disease,90,0
2022,2022-W26,Madhya Pradesh,Chickenpox,3,0
2022,2022-W26,Madhya Pradesh,Malaria,10,0
2022,2022-W26,Maharashtra,Dengue,7,0
2022,2022-W26,Maharashtra,Malaria,2,0
2022,2022-W26,Nagaland,Acute Diarrheal Disease,152,0
2022,2022-W26,Odisha,Food Poisoning,95,0
2022,2022-W26,Tamil Nadu,Acute Diarrheal Disease,8,0
2022,2022-W26,Telangana,Food Poisoning,132,0
2022,2022-W26,Uttar Pradesh,Acute Diarrheal Disease,3,0
2022,2022-W26,Uttar Pradesh,Chickenpox,38,0
2022,2022-W26,Uttar Pradesh,Food Poisoning,6,0
2022,2022-W27,Chhattisgarh,Acute Diarrheal Disease,54,0
2022,2022-W27,Haryana,Hepatitis A,13,0
2022,2022-W27,Haryana,Measles,16,0
2022,2022-W27,Jharkhand,Fever With Rash,5,0
2022,2022-W27,Jharkhand,Malaria,148,1
2022,2022-W27,Karnataka,Acute Diarrheal Disease,192,0
2022,2022-W27,Karnataka,Chikungunya,72,0
2022,2022-W27,Karnataka,Japanese Encephalitis,2,0
2022,2022-W27,Kerala,Dengue,127,0
2022,2022-W27,Kerala,Shigellosis,2,0
2022,2022-W27,Madhya Pradesh,Acute Diarrheal Disease,38,0
2022,2022-W27,Maharashtra,Acute Diarrheal Disease,90,0
2022,2022-W27,Mizoram,Acute Diarrheal Disease,24,0
2022,2022-W27,Mizoram,Visceral Leishmaniasis,2,0
2022,2022-W27,Odisha,Acute Diarrheal Disease,69,1
2022,2022-W27,Odisha,Food Poisoning,216,0
2022,2022-W27,Punjab,Dengue,38,0
2022,2022-W27,Tamil Nadu,Food Poisoning,12,0
2022,2022-W27,Telangana,Acute Diarrheal Disease,271,0
2022,2022-W27,Uttar Pradesh,Chickenpox,50,0
2022,2022-W27,Uttarakhand,Acute Diarrheal Disease,24,0
2022,2022-W28,Jammu And Kashmir,Chickenpox,22,0
2022,2022-W28,Jharkhand,Fever With Rash,30,0
2022,2022-W28,Karnataka,Acute Diarrheal Disease,26,0
2022,2022-W28,Karnataka,Human Rabies,2,2
2022,2022-W28,Karnataka,Leishmaniasis,1,1
2022,2022-W28,Kerala,Monkey Pox,5,1
2022,2022-W28,Madhya Pradesh,Acute Diarrheal Disease,146,0
2022,2022-W28,Maharashtra,Chikungunya And Dengue,6,0
2022,2022-W28,Maharashtra,Malaria,8,0
2022,2022-W28,Odisha,Acute Diarrheal Disease,175,0
2022,2022-W28,Tamil Nadu,Dengue And Scrub Typhus,9,0
2022,2022-W28,Telangana,Food Poisoning,10,0
2022,2022-W28,Uttar Pradesh,Acute Diarrheal Disease,54,0
2022,2022-W28,Uttar Pradesh,Food Poisoning,48,0
2022,2022-W28,Uttarakhand,Acute Diarrheal Disease,39,0
2022,2022-W29,Bihar,Food Poisoning,14,0
2022,2022-W29,Chhattisgarh,Acute Diarrheal Disease,22,0
2022,2022-W29,Karnataka,Acute Diarrheal Disease,33,0
2022,2022-W29,Karnataka,Chikungunya,21,0
2022,2022-W29,Karnataka,Food Poisoning,91,0
2022,2022-W29,Kerala,Chickenpox,10,0
2022,2022-W29,Madhya Pradesh,Acute Diarrheal Disease,52,2
2022,2022-W29,Madhya Pradesh,Fever With Rash,5,0
2022,2022-W29,Odisha,Acute Diarrheal Disease,42,0
2022,2022-W29,Punjab,Food Poisoning,13,0
2022,2022-W29,Telangana,Food Poisoning,106,0
2022,2022-W30,Chhattisgarh,Acute Diarrheal Disease,160,0
2022,2022-W30,Chhattisgarh,Food Poisoning,3,1
2022,2022-W30,Chhattisgarh,Malaria,9,1
2022,2022-W30,Jharkhand,Chickenpox,28,0
2022,2022-W30,Karnataka,Acute Diarrheal Disease,73,1
2022,2022-W30,Karnataka,Pyrexia Of Unknown Andigin (Puo),60,0
2022,2022-W30,Madhya Pradesh,Acute Diarrheal Disease,70,0
2022,2022-W30,Maharashtra,Cholera,2,0
2022,2022-W30,Mizoram,Food Poisoning,26,0
2022,2022-W30,Odisha,Acute Diarrheal Disease,84,1
2022,2022-W30,Odisha,Cholera,35,0
2022,2022-W30,Odisha,Food Poisoning,24,0
2022,2022-W30,Tamil Nadu,Food Poisoning,48,0
2022,2022-W30,Uttar Pradesh,Acute Diarrheal Disease,12,0
2022,2022-W30,Uttar Pradesh,Dengue,9,0
2022,2022-W31,Chhattisgarh,Acute Diarrheal Disease,32,0
2022,2022-W31,Karnataka,Acute Diarrheal Disease,84,0
2022,2022-W31,Karnataka,Cholera,294,0
2022,2022-W31,Karnataka,Pyrexia Of Unknown Andigin (Puo),50,0
2022,2022-W31,Madhya Pradesh,Acute Diarrheal Disease,17,0
2022,2022-W31,Maharashtra,Malaria And Dengue,8,0
2022,2022-W31,Mizoram,Measles,40,0
2022,2022-W31,Odisha,Cholera,20,0
2022,2022-W31,Odisha,Food Poisoning,268,0
2022,2022-W31,Punjab,Acute Diarrheal Disease,242,0
2022,2022-W31,Punjab,"Hand, Foot And Mouth Disease (Hfmd)",9,0
2022,2022-W31,Telangana,Acute Diarrheal Disease,60,0
2022,2022-W32,Chhattisgarh,Acute Diarrheal Disease,68,0
2022,2022-W32,Jammu And Kashmir,Chickenpox,70,0
2022,2022-W32,Jharkhand,Food Poisoning,14,0
2022,2022-W32,Kerala,Acute Diarrheal Disease,36,0
2022,2022-W32,Kerala,Food Poisoning,16,0
2022,2022-W32,Maharashtra,Acute Diarrheal Disease,84,2
2022,2022-W32,Punjab,Acute Diarrheal Disease,220,4
2022,2022-W32,Punjab,Measles,12,0
2022,2022-W32,Uttarakhand,Dengue,11,0
2022,2022-W32,West Bengal,Food Poisoning,238,0
2022,2022-W32,West Bengal,Measles,76,0
2022,2022-W33,Assam,Japanese Encephalitis,6,2
2022,2022-W33,Haryana,Acute Diarrheal Disease,25,0
2022,2022-W33,Karnataka,Acute Diarrheal Disease,201,2
2022,2022-W33,Karnataka,Food Poisoning,58,0
2022,2022-W33,Odisha,Cholera,32,0
2022,2022-W33,Odisha,Food Poisoning,11,0
2022,2022-W33,Sikkim,Dengue,5,0
2022,2022-W33,Tamil Nadu,Chickenpox,14,0
2022,2022-W33,Tamil Nadu,Dengue,20,0
2022,2022-W33,Uttar Pradesh,Acute Diarrheal Disease,22,0
2022,2022-W33,Uttar Pradesh,Food Poisoning,6,0
2022,2022-W34,Andhra Pradesh,Dengue,4,0
2022,2022-W34,Chhattisgarh,Acute Diarrheal Disease,52,0
2022,2022-W34,Gujarat,Acute Diarrheal Disease,39,0
2022,2022-W34,Jammu And Kashmir,Chickenpox,6,0
2022,2022-W34,Karnataka,Acute Diarrheal Disease,21,0
2022,2022-W34,Karnataka,Leishmaniasis,1,1
2022,2022-W34,Kerala,Acute Meningoencephalitis (Naegleria Fowleri),1,1
2022,2022-W34,Kerala,Cutaneous Leishmaniasis,1,0
2022,2022-W34,Kerala,Food Poisoning,32,0
2022,2022-W34,Kerala,Japanese Encephalitis,26,0
2022,2022-W34,Madhya Pradesh,Acute Diarrheal Disease,104,2
2022,2022-W34,Madhya Pradesh,Scrub Typhus,8,0
2022,2022-W34,Madhya Pradesh,Swine Flu (H1N1),1,1
2022,2022-W34,Maharashtra,Acute Diarrheal Disease,12,0
2022,2022-W34,Maharashtra,Cholera,10,2
2022,2022-W34,Mizoram,Japanese Encephalitis,1,1
2022,2022-W34,Odisha,Acute Diarrheal Disease,66,0
2022,2022-W34,Odisha,Hepatitis A,13,0
2022,2022-W34,Punjab,Acute Diarrheal Disease,25,0
2022,2022-W34,Uttar Pradesh,Acute Diarrheal Disease,104,4
2022,2022-W34,Uttar Pradesh,Diphtheria,1,0
2022,2022-W34,Uttarakhand,Acute Diarrheal Disease,19,0
2022,2022-W34,Uttarakhand,Measles,6,0
2022,2022-W34,West Bengal,Acute Diarrheal Disease,37,0
2022,2022-W35,Bihar,Dengue,28,0
2022,2022-W35,Jharkhand,Dengue,1,0
2022,2022-W35,Karnataka,Dengue,26,0
2022,2022-W35,Karnataka,Diphtheria,3,0
2022,2022-W35,Karnataka,Leishmaniasis,2,2
2022,2022-W35,Madhya Pradesh,Acute Diarrheal Disease,6,0
2022,2022-W35,Maharashtra,Chikungunya And Dengue,4,0
2022,2022-W35,Maharashtra,Dengue,3,0
2022,2022-W35,Odisha,Acute Diarrheal Disease,26,0
2022,2022-W35,Odisha,Cholera,34,2
2022,2022-W35,Uttar Pradesh,Acute Diarrheal Disease,39,2
2022,2022-W35,Uttar Pradesh,Dengue,4,0
2022,2022-W35,Uttar Pradesh,Food Poisoning,58,0
2022,2022-W35,Uttar Pradesh,Malaria,205,0
2022,2022-W35,Uttarakhand,Chemical Gas Poisoning,38,0
2022,2022-W35,Uttarakhand,Fever With Rash,14,0
2022,2022-W35,Uttarakhand,Hepatitis,5,0
2022,2022-W35,Uttarakhand,Measles,6,0
2022,2022-W35,Uttarakhand,Seasonal Influenza,110,0
2022,2022-W36,Bihar,Dengue,20,0
2022,2022-W36,Chhattisgarh,Acute Diarrheal Disease,58,0
2022,2022-W36,Gujarat,Food Poisoning,94,0
2022,2022-W36,Jammu And Kashmir,Acute Diarrheal Disease,50,0
2022,2022-W36,Jharkhand,Dengue,14,0
2022,2022-W36,Kerala,Food Poisoning,18,0
2022,2022-W36,Maharashtra,Acute Diarrheal Disease,128,0
2022,2022-W36,Odisha,Acute Diarrheal Disease,22,0
2022,2022-W36,Tamil Nadu,Food Poisoning,48,0
2022,2022-W36,Telangana,Food Poisoning,66,0
2022,2022-W36,Uttar Pradesh,Acute Diarrheal Disease,6,2
2022,2022-W36,Uttar Pradesh,Food Poisoning,78,0
2022,2022-W36,Uttarakhand,Dengue,266,0
2022,2022-W37,Assam,Acute Diarrheal Disease,4,0
2022,2022-W37,Chhattisgarh,Acute Diarrheal Disease,77,0
2022,2022-W37,Gujarat,Acute Diarrheal Disease,20,0
2022,2022-W37,Haryana,Measles,54,0
2022,2022-W37,Jharkhand,Acute Diarrheal Disease,40,0
2022,2022-W37,Karnataka,Fever With Rash (Enterovirus),22,0
2022,2022-W37,Karnataka,Food Poisoning,29,0
2022,2022-W37,Karnataka,Gastroenteritis,134,0
2022,2022-W37,Karnataka,H3N2,460,0
2022,2022-W37,Karnataka,Leishmaniasis,3,3
2022,2022-W37,Kerala,Food Poisoning,48,0
2022,2022-W37,Madhya Pradesh,Acute Diarrheal Disease,60,0
2022,2022-W37,Madhya Pradesh,Food Poisoning,24,0
2022,2022-W37,Mizoram,Acute Diarrheal Disease,32,0
2022,2022-W37,Rajasthan,Acute Diarrheal Disease,274,0
2022,2022-W37,Telangana,Acute Diarrheal Disease,66,0
2022,2022-W37,Uttar Pradesh,Acute Diarrheal Disease,26,0
2022,2022-W37,Uttar Pradesh,Diphtheria,4,4
2022,2022-W37,Uttarakhand,Acute Diarrheal Disease,24,0
2022,2022-W38,Andaman And Nicobar Islands,Acute Diarrheal Disease,23,0
2022,2022-W38,Assam,Food Poisoning,34,0
2022,2022-W38,Assam,Japanese Encephalitis,3,0
2022,2022-W38,Bihar,Acute Diarrheal Disease,72,0
2022,2022-W38,Bihar,Dengue,39,0
2022,2022-W38,Chhattisgarh,Acute Diarrheal Disease,22,0
2022,2022-W38,Jharkhand,Malaria,11,0
2022,2022-W38,Jharkhand,Measles,7,0
2022,2022-W38,Karnataka,Acute Diarrheal Disease,24,0
2022,2022-W38,Karnataka,Cholera,7,0
2022,2022-W38,Karnataka,Food Poisoning,16,0
2022,2022-W38,Karnataka,Leishmaniasis,7,0
2022,2022-W38,Kerala,Chickenpox,7,0
2022,2022-W38,Madhya Pradesh,Acute Diarrheal Disease,37,2
2022,2022-W38,Madhya Pradesh,Fever With Rash,5,0
2022,2022-W38,Madhya Pradesh,Scrub Typhus,6,0
2022,2022-W38,Maharashtra,Acute Diarrheal Disease,56,0
2022,2022-W38,Maharashtra,Dengue,17,0
2022,2022-W38,Maharashtra,"Hand, Foot And Mouth Disease (Hfmd)",19,0
2022,2022-W38,Maharashtra,Malaria,14,1
2022,2022-W38,Meghalaya,Acute Diarrheal Disease,142,0
2022,2022-W38,Odisha,Acute Diarrheal Disease,10,0
2022,2022-W38,Rajasthan,Food Poisoning,20,0
2022,2022-W38,Tamil Nadu,Typhoid,29,0
2022,2022-W38,Telangana,Acute Diarrheal Disease,70,0
2022,2022-W38,Uttar Pradesh,Acute Diarrheal Disease,35,0
2022,2022-W38,Uttar Pradesh,Fever,31,0
2022,2022-W38,Uttar Pradesh,Scrub Typhus,11,0
2022,2022-W39,Bihar,Dengue,31,0
2022,2022-W39,Chhattisgarh,Acute Diarrheal Disease,43,0
2022,2022-W39,Jharkhand,Acute Diarrheal Disease,15,0
2022,2022-W39,Karnataka,Japanese Encephalitis,1,0
2022,2022-W39,Kerala,Food Poisoning,204,0
2022,2022-W39,Kerala,Hepatitis A,76,0
2022,2022-W39,Kerala,Monkey Pox,2,0
2022,2022-W39,Madhya Pradesh,Acute Diarrheal Disease,37,0
2022,2022-W39,Maharashtra,Food Poisoning,7,0
2022,2022-W39,Odisha,Acute Diarrheal Disease,48,0
2022,2022-W39,Odisha,Dengue,20,8
2022,2022-W39,Odisha,Food Poisoning,7,0
2022,2022-W39,Tamil Nadu,Food Poisoning,13,0
2022,2022-W39,Uttar Pradesh,Food Poisoning,12,0
2022,2022-W39,Uttarakhand,Japanese Encephalitis,2,0
2022,2022-W40,Chhattisgarh,Acute Diarrheal Disease,15,2
2022,2022-W40,Gujarat,Food Poisoning,228,0
2022,2022-W40,Karnataka,Chikungunya,66,0
2022,2022-W40,Karnataka,Human Rabies,2,2
2022,2022-W40,Maharashtra,Dengue,40,2
2022,2022-W40,Odisha,Acute Diarrheal Disease,62,0
2022,2022-W41,Gujarat,Food Poisoning,102,0
2022,2022-W41,Jharkhand,Fever With Rash,3,0
2022,2022-W41,Karnataka,Acute Diarrheal Disease,43,0
2022,2022-W41,Karnataka,Human Rabies,4,4
2022,2022-W41,Karnataka,Japanese Encephalitis,2,0
2022,2022-W41,Karnataka,Leishmaniasis,2,2
2022,2022-W41,Kerala,Acute Diarrheal Disease,18,0
2022,2022-W41,Kerala,Food Poisoning,16,0
2022,2022-W41,Kerala,Hepatitis A,26,0
2022,2022-W41,Madhya Pradesh,Acute Diarrheal Disease,48,0
2022,2022-W41,Maharashtra,Dengue,16,0
2022,2022-W41,Tamil Nadu,Food Poisoning,75,0
2022,2022-W41,Telangana,Acute Diarrheal Disease,64,4
2022,2022-W41,Telangana,Dengue,36,0
2022,2022-W41,Uttar Pradesh,Acute Diarrheal Disease,22,0
2022,2022-W41,Uttar Pradesh,Leishmaniasis,8,0
2022,2022-W41,Uttarakhand,Dengue,80,0
2022,2022-W42,Andhra Pradesh,Acute Diarrheal Disease,64,0
2022,2022-W42,Delhi,Measles,2,0
2022,2022-W42,Jharkhand,Acute Diarrheal Disease,5,0
2022,2022-W42,Jharkhand,Fever,45,0
2022,2022-W42,Karnataka,Acute Diarrheal Disease,50,0
2022,2022-W42,Kerala,Acute Diarrheal Disease,131,0
2022,2022-W42,Kerala,Chickenpox,83,0
2022,2022-W42,Maharashtra,Acute Diarrheal Disease,20,0
2022,2022-W42,Maharashtra,Dengue,32,0
2022,2022-W42,Tamil Nadu,Acute Diarrheal Disease,22,2
2022,2022-W42,Uttar Pradesh,Acute Diarrheal Disease,48,0
2022,2022-W43,Andhra Pradesh,Acute Diarrheal Disease,5,0
2022,2022-W43,Arunachal Pradesh,Shigellosis,116,0
2022,2022-W43,Chhattisgarh,Acute Diarrheal Disease,36,0
2022,2022-W43,Jharkhand,Dengue,3,0
2022,2022-W43,Karnataka,Acute Diarrheal Disease,55,1
2022,2022-W43,Karnataka,Chikungunya,20,0
2022,2022-W43,Karnataka,Cholera,328,1
2022,2022-W43,Kerala,Chickenpox,24,0
2022,2022-W43,Kerala,Dengue,33,3
2022,2022-W43,Kerala,Food Poisoning,40,0
2022,2022-W43,Kerala,Hepatitis A,6,0
2022,2022-W43,Tamil Nadu,Chickenpox,15,0
2022,2022-W43,Tamil Nadu,Food Poisoning,60,0
2022,2022-W43,Telangana,Acute Diarrheal Disease,38,0
2022,2022-W44,Andhra Pradesh,Scrub Typhus,14,0
2022,2022-W44,Jharkhand,Acute Diarrheal Disease,10,2
2022,2022-W44,Karnataka,Acute Diarrheal Disease,166,0
2022,2022-W44,Karnataka,Chickenpox,48,0
2022,2022-W44,Karnataka,Chikungunya,90,0
2022,2022-W44,Karnataka,Hepatitis A,20,0
2022,2022-W44,Kerala,Food Poisoning,216,0
2022,2022-W44,Maharashtra,Dengue,43,2
2022,2022-W44,Tamil Nadu,Food Poisoning,71,0
2022,2022-W44,Uttar Pradesh,Dengue,6,0
2022,2022-W44,Uttar Pradesh,Diphtheria,1,1
2022,2022-W44,Uttar Pradesh,Leishmaniasis,2,0
2022,2022-W44,Uttarakhand,Dengue,24,0
2022,2022-W45,Assam,Human Rabies,2,2
2022,2022-W45,Bihar,Dengue,4,0
2022,2022-W45,Gujarat,Food Poisoning,343,0
2022,2022-W45,Karnataka,Acute Diarrheal Disease,152,0
2022,2022-W45,Karnataka,Cholera,82,0
2022,2022-W45,Karnataka,Diphtheria,2,2
2022,2022-W45,Karnataka,Food Poisoning,120,0
2022,2022-W45,Kerala,Acute Diarrheal Disease,21,0
2022,2022-W45,Kerala,Food Poisoning,460,0
2022,2022-W45,Kerala,Food Poisoning (Nandovirus),74,0
2022,2022-W45,Kerala,Measles,21,0
2022,2022-W45,Kerala,Zika Virus,2,0
2022,2022-W45,Maharashtra,Scrub Typhus,16,2
2022,2022-W45,Tamil Nadu,Acute Diarrheal Disease,30,0
2022,2022-W45,Tamil Nadu,Allergic Conjunctivitis,44,0
2022,2022-W45,Uttarakhand,Chikungunya,423,0
2022,2022-W46,Bihar,Chickenpox,14,0
2022,2022-W46,Gujarat,Acute Diarrheal Disease,34,0
2022,2022-W46,Haryana,Measles,5,0
2022,2022-W46,Himachal Pradesh,Acute Diarrheal Disease,73,0
2022,2022-W46,Jharkhand,Fever With Rash,50,0
2022,2022-W46,Karnataka,Dengue,26,0
2022,2022-W46,Karnataka,Food Poisoning,45,0
2022,2022-W46,Karnataka,Japanese Encephalitis,4,0
2022,2022-W46,Karnataka,Leishmaniasis,2,2
2022,2022-W46,Kerala,Dengue,12,0
2022,2022-W46,Kerala,Food Poisoning,73,0
2022,2022-W46,Madhya Pradesh,Japanese Encephalitis,5,0
2022,2022-W46,Maharashtra,Chikungunya,76,0
2022,2022-W46,Maharashtra,Cholera,576,5
2022,2022-W46,Maharashtra,Dengue,7,3
2022,2022-W46,Maharashtra,Pyrexia Of Unknown Andigin (Puo),44,0
2022,2022-W46,Rajasthan,Acute Diarrheal Disease,31,0
2022,2022-W46,Uttar Pradesh,Dengue,23,0
2022,2022-W47,Gujarat,Crimean-Congo Haemandrhagic Fever (Cchf),3,0
2022,2022-W47,Gujarat,Jaundice,30,0
2022,2022-W47,Jammu And Kashmir,Hepatitis A,20,0
2022,2022-W47,Karnataka,Acute Diarrheal Disease,28,0
2022,2022-W47,Karnataka,Leishmaniasis,1,1
2022,2022-W47,Kerala,Acute Diarrheal Disease,26,0
2022,2022-W47,Kerala,Monkey Pox,4,0
2022,2022-W47,Madhya Pradesh,Acute Diarrheal Disease,32,0
2022,2022-W47,Maharashtra,Acute Diarrheal Disease,14,0
2022,2022-W47,Maharashtra,Dengue,10,2
2022,2022-W47,Mizoram,Acute Diarrheal Disease,21,0
2022,2022-W47,Uttar Pradesh,Dengue,222,0
2022,2022-W48,Karnataka,Acute Diarrheal Disease,245,0
2022,2022-W48,Karnataka,Human Rabies,2,2
2022,2022-W48,Karnataka,Japanese Encephalitis,9,2
2022,2022-W48,Kerala,Dengue,42,0
2022,2022-W48,Kerala,Hepatitis A,34,0
2022,2022-W48,Kerala,Measles,11,0
2022,2022-W48,Madhya Pradesh,Chickenpox,22,0
2022,2022-W48,Madhya Pradesh,Dengue,5,0
2022,2022-W48,Madhya Pradesh,Fever With Rash,15,0
2022,2022-W48,Mizoram,Acute Diarrheal Disease,26,0
2022,2022-W48,Odisha,Food Poisoning,112,0
2022,2022-W48,Tripura,Acute Diarrheal Disease,9,1
2022,2022-W48,Uttar Pradesh,Dengue,71,2
2022,2022-W48,Uttar Pradesh,Diphtheria,2,2
2022,2022-W48,Uttarakhand,Measles,10,0
2022,2022-W49,Assam,Acute Diarrheal Disease,30,0
2022,2022-W49,Bihar,Measles,12,0
2022,2022-W49,Chhattisgarh,Acute Diarrheal Disease,930,0
2022,2022-W49,Dadra And Nagar Haveli And Daman And Diu,Acute Diarrheal Disease,20,0
2022,2022-W49,Karnataka,Acute Diarrheal Disease,74,0
2022,2022-W49,Karnataka,Chickenpox,22,0
2022,2022-W49,Karnataka,Fever,72,0
2022,2022-W49,Karnataka,Food Poisoning,144,0
2022,2022-W49,Karnataka,Zika Virus,2,0
2022,2022-W49,Kerala,Acute Diarrheal Disease,454,0
2022,2022-W49,Kerala,Cutaneous Leishmaniasis,4,0
2022,2022-W49,Kerala,Food Poisoning,198,0
2022,2022-W49,Kerala,Measles,116,0
2022,2022-W49,Maharashtra,Acute Diarrheal Disease,122,0
2022,2022-W49,Maharashtra,Dengue,32,0
2022,2022-W49,Maharashtra,Fever,19,0
2022,2022-W49,Tamil Nadu,Fever,24,0
2022,2022-W49,Uttar Pradesh,Diphtheria,10,0
2022,2022-W49,Uttar Pradesh,Fever With Rash,22,0
2022,2022-W50,Gujarat,Acute Diarrheal Disease,25,0
2022,2022-W50,Karnataka,Chickenpox,12,0
2022,2022-W50,Karnataka,Fever With Rash,12,0
2022,2022-W50,Karnataka,H3N2,48,0
2022,2022-W50,Karnataka,Human Rabies,4,1
2022,2022-W50,Kerala,Food Poisoning,446,0
2022,2022-W50,Kerala,Hepatitis A,98,0
2022,2022-W50,Maharashtra,Acute Diarrheal Disease,121,0
2022,2022-W50,Telangana,Food Poisoning,16,0
2022,2022-W51,Chhattisgarh,Acute Diarrheal Disease,15,0
2022,2022-W51,Gujarat,Measles,30,0
2022,2022-W51,Haryana,Measles,14,0
2022,2022-W51,Karnataka,Chickenpox,37,0
2022,2022-W51,Karnataka,Fever And Upper Respiratandy Tract Infection (Urti),32,0
2022,2022-W51,Karnataka,Food Poisoning,100,0
2022,2022-W51,Karnataka,Leishmaniasis,2,1
2022,2022-W51,Kerala,Food Poisoning,60,0
2022,2022-W51,Kerala,Gastroenteritis,44,0
2022,2022-W51,Maharashtra,Acute Diarrheal Disease,132,0
2022,2022-W51,Maharashtra,Leishmaniasis,28,1
2022,2022-W51,Maharashtra,Measles,12,0
2022,2022-W51,Puducherry,Chickenpox,15,0
2022,2022-W51,Telangana,Acute Diarrheal Disease,51,0
2022,2022-W51,Uttar Pradesh,Chickenpox,10,0
2022,2022-W52,Chhattisgarh,Acute Diarrheal Disease,15,0
2022,2022-W52,Chhattisgarh,Scrub Typhus,4,0
2022,2022-W52,Haryana,Measles,14,0
2022,2022-W52,Karnataka,Chickenpox,49,0
2022,2022-W52,Karnataka,Fever,15,0
2022,2022-W52,Karnataka,Fever And Upper Respiratandy Tract Infection (Urti),57,0
2022,2022-W52,Karnataka,Food Poisoning,125,0
2022,2022-W52,Karnataka,Leishmaniasis,2,2
2022,2022-W52,Kerala,Food Poisoning,122,0
2022,2022-W52,Kerala,Gastroenteritis,44,0
2022,2022-W52,Maharashtra,Acute Diarrheal Disease,44,0
2022,2022-W52,Telangana,Acute Diarrheal Disease,51,0
2023,2023-W01,Assam,Chickenpox,19,0
2023,2023-W01,Bihar,Chickenpox,63,0
2023,2023-W01,Chhattisgarh,Chickenpox,94,0
2023,2023-W01,Gujarat,Measles,24,0
2023,2023-W01,Jharkhand,Chickenpox,12,0
2023,2023-W01,Karnataka,Acute Diarrheal Disease,44,0
2023,2023-W01,Kerala,Chickenpox,41,0
2023,2023-W01,Kerala,Food Poisoning,20,0
2023,2023-W01,Kerala,Food Poisoning (Nandovirus),73,0
2023,2023-W01,Kerala,H3N2,46,0
2023,2023-W01,Kerala,Hepatitis A,98,0
2023,2023-W01,Kerala,Measles,116,0
2023,2023-W01,Kerala,Monkey Pox,4,0
2023,2023-W01,Madhya Pradesh,Chikungunya,236,0
2023,2023-W01,Madhya Pradesh,Diphtheria,2,1
2023,2023-W01,Maharashtra,Acute Diarrheal Disease,44,0
2023,2023-W01,Maharashtra,Dengue,3,1
2023,2023-W01,Meghalaya,Acute Diarrheal Disease,31,0
2023,2023-W01,Meghalaya,Dengue,33,0
2023,2023-W01,Mizoram,Food Poisoning,44,0
2023,2023-W01,Odisha,Food Poisoning,220,0
2023,2023-W01,Rajasthan,Measles,124,0
2023,2023-W01,Uttar Pradesh,Jatropha Seeds Poisoning,32,0
2023,2023-W01,Uttar Pradesh,Leishmaniasis,106,0
2023,2023-W01,Uttar Pradesh,Measles,86,0
2023,2023-W02,Jharkhand,Measles,68,8
2023,2023-W02,Karnataka,Chickenpox,26,0
2023,2023-W02,Kerala,Acute Diarrheal Disease,244,0
2023,2023-W02,Kerala,Adenovirus,440,0
2023,2023-W02,Kerala,Food Poisoning,989,0
2023,2023-W02,Kerala,Measles,64,0
2023,2023-W02,Maharashtra,Measles And Rubella,16,0
2023,2023-W02,Uttar Pradesh,Acute Diarrheal Disease,25,0
2023,2023-W02,Uttar Pradesh,Chickenpox,48,0
2023,2023-W02,Uttar Pradesh,Measles,68,0
2023,2023-W02,Uttarakhand,Hepatitis A,56,0
2023,2023-W02,West Bengal,Measles,5,0
2023,2023-W03,Assam,Chickenpox And Measles,24,0
2023,2023-W03,Bihar,Measles,12,0
2023,2023-W03,Gujarat,Food Poisoning,1118,0
2023,2023-W03,Jharkhand,Fever With Rash,13,0
2023,2023-W03,Karnataka,Acute Diarrheal Disease,93,3
2023,2023-W03,Karnataka,Human Rabies,1,1
2023,2023-W03,Karnataka,Japanese Encephalitis,1,1
2023,2023-W03,Kerala,Cholera,104,0
2023,2023-W03,Kerala,Japanese Encephalitis,1,1
2023,2023-W03,Kerala,Leishmaniasis,1,1
2023,2023-W03,Maharashtra,Fever,240,0
2023,2023-W03,Maharashtra,Measles,14,0
2023,2023-W03,Odisha,Hepatitis A And E,75,0
2023,2023-W03,Punjab,Acute Diarrheal Disease,32,0
2023,2023-W03,Tripura,Acute Diarrheal Disease,147,0
2023,2023-W03,Uttar Pradesh,Chickenpox,40,0
2023,2023-W03,Uttar Pradesh,Measles,54,0
2023,2023-W04,Gujarat,Measles,5,0
2023,2023-W04,Karnataka,Chickenpox,58,0
2023,2023-W04,Karnataka,Chikungunya,15,0
2023,2023-W04,Karnataka,Human Rabies,2,2
2023,2023-W04,Karnataka,Pyrexia Of Unknown Andigin (Puo),74,0
2023,2023-W04,Kerala,Acute Diarrheal Disease,326,0
2023,2023-W04,Kerala,Food Poisoning,360,0
2023,2023-W04,Kerala,Hepatitis A,12,0
2023,2023-W04,Maharashtra,Food Poisoning,34,0
2023,2023-W05,Chhattisgarh,Chickenpox,304,0
2023,2023-W05,Jammu And Kashmir,Hepatitis A,9,0
2023,2023-W05,Jammu And Kashmir,Jaundice,8,0
2023,2023-W05,Jharkhand,Chickenpox,34,0
2023,2023-W05,Karnataka,Acute Diarrheal Disease,90,0
2023,2023-W05,Karnataka,Animal Bite - Dog Bite,2,2
2023,2023-W05,Karnataka,Chickenpox,34,0
2023,2023-W05,Karnataka,Diphtheria,2,2
2023,2023-W05,Karnataka,Food Poisoning,12,0
2023,2023-W05,Karnataka,Human Rabies,2,2
2023,2023-W05,Kerala,Chickenpox,44,0
2023,2023-W05,Kerala,Cutaneous Leishmaniasis,2,0
2023,2023-W05,Kerala,Food Poisoning,696,0
2023,2023-W05,Kerala,Measles,32,0
2023,2023-W05,Maharashtra,Dengue,2,1
2023,2023-W05,Maharashtra,Food Poisoning,176,0
2023,2023-W05,Odisha,Food Poisoning,12,0
2023,2023-W05,Rajasthan,Food Poisoning,103,0
2023,2023-W05,Tamil Nadu,Acute Diarrheal Disease,244,0
2023,2023-W05,Tamil Nadu,Chickenpox,40,0
2023,2023-W05,Tamil Nadu,Leishmaniasis,18,0
2023,2023-W05,Uttar Pradesh,Measles,22,0
2023,2023-W06,Assam,Leishmaniasis,2,0
2023,2023-W06,Chhattisgarh,Chickenpox,24,0
2023,2023-W06,Gujarat,Food Poisoning,64,0
2023,2023-W06,Jharkhand,Chickenpox,6,0
2023,2023-W06,Karnataka,Acute Diarrheal Disease,246,0
2023,2023-W06,Karnataka,Chickenpox,58,0
2023,2023-W06,Karnataka,Chikungunya And Dengue,20,0
2023,2023-W06,Karnataka,Food Poisoning,588,0
2023,2023-W06,Karnataka,Human Rabies,2,2
2023,2023-W06,Kerala,Acute Diarrheal Disease,34,0
2023,2023-W06,Kerala,Food Poisoning,133,0
2023,2023-W06,Maharashtra,Measles,6,0
2023,2023-W06,Meghalaya,Rubella,2,0
2023,2023-W06,Odisha,Food Poisoning,54,0
2023,2023-W06,Tamil Nadu,Cholera,6,0
2023,2023-W07,Assam,Acute Diarrheal Disease,44,0
2023,2023-W07,Assam,Chickenpox,20,0
2023,2023-W07,Bihar,Food Poisoning,290,0
2023,2023-W07,Chhattisgarh,Acute Diarrheal Disease,334,0
2023,2023-W07,Chhattisgarh,Fever With Rash,62,0
2023,2023-W07,Gujarat,Food Poisoning,18,0
2023,2023-W07,Jammu And Kashmir,Hepatitis A,44,0
2023,2023-W07,Jharkhand,Acute Diarrheal Disease,44,0
2023,2023-W07,Karnataka,Chikungunya,13,0
2023,2023-W07,Karnataka,Food Poisoning,16,0
2023,2023-W07,Karnataka,Measles And Rubella,120,0
2023,2023-W07,Kerala,Acute Diarrheal Disease,43,0
2023,2023-W07,Kerala,Cutaneous Leishmaniasis,2,0
2023,2023-W07,Kerala,Food Poisoning,476,0
2023,2023-W07,Madhya Pradesh,Acute Diarrheal Disease,31,0
2023,2023-W07,Maharashtra,Food Poisoning,66,0
2023,2023-W07,Odisha,Hepatitis A,19,0
2023,2023-W07,Odisha,Japanese Encephalitis,12,1
2023,2023-W07,Tamil Nadu,Chickenpox,26,0
2023,2023-W07,Uttar Pradesh,Food Poisoning,21,2
2023,2023-W08,Assam,Acute Diarrheal Disease,118,0
2023,2023-W08,Bihar,Chickenpox,12,0
2023,2023-W08,Bihar,Measles,17,0
2023,2023-W08,Chhattisgarh,Chickenpox,11,0
2023,2023-W08,Jharkhand,Measles And Rubella,10,0
2023,2023-W08,Karnataka,Acute Diarrheal Disease,508,0
2023,2023-W08,Karnataka,Chickenpox,38,0
2023,2023-W08,Karnataka,Chikungunya,42,0
2023,2023-W08,Karnataka,Human Rabies,2,2
2023,2023-W08,Karnataka,Leishmaniasis,2,2
2023,2023-W08,Kerala,Acute Diarrheal Disease,20,0
2023,2023-W08,Kerala,Food Poisoning,164,0
2023,2023-W08,Kerala,Monkey Pox,2,0
2023,2023-W08,Madhya Pradesh,Food Poisoning,111,0
2023,2023-W08,Maharashtra,Acute Diarrheal Disease,98,0
2023,2023-W08,Maharashtra,Measles,3,0
2023,2023-W08,Odisha,Acute Diarrheal Disease,88,0
2023,2023-W08,Tamil Nadu,Food Poisoning,204,0
2023,2023-W08,Uttar Pradesh,Fever With Rash,22,0
2023,2023-W09,Gujarat,Acute Diarrheal Disease,361,0
2023,2023-W09,Himachal Pradesh,Acute Diarrheal Disease,112,0
2023,2023-W09,Karnataka,Chickenpox,13,0
2023,2023-W09,Karnataka,Kyasanur Fandest Disease,1,0
2023,2023-W09,Kerala,Adenovirus,656,0
2023,2023-W09,Kerala,Chickenpox,10,0
2023,2023-W09,Kerala,Food Poisoning,23,0
2023,2023-W09,Madhya Pradesh,Chickenpox,14,0
2023,2023-W09,Maharashtra,Measles,7,0
2023,2023-W09,Odisha,Acute Diarrheal Disease,11,0
2023,2023-W09,Odisha,Chickenpox,56,0
2023,2023-W09,Odisha,Food Poisoning,31,0
2023,2023-W09,Puducherry,Food Poisoning,15,0
2023,2023-W10,Gujarat,Food Poisoning,44,0
2023,2023-W10,Jharkhand,Fever With Rash,26,0
2023,2023-W10,Karnataka,Human Rabies,2,2
2023,2023-W10,Kerala,Acute Diarrheal Disease,30,0
2023,2023-W10,Kerala,Food Poisoning,40,0
2023,2023-W10,Kerala,Monkey Pox,1,0
2023,2023-W10,Madhya Pradesh,Acute Diarrheal Disease,46,0
2023,2023-W10,Maharashtra,Food Poisoning,13,0
2023,2023-W10,Meghalaya,Human Rabies,1,1
2023,2023-W10,Odisha,Food Poisoning,14,0
2023,2023-W10,Telangana,Acute Diarrheal Disease,64,0
2023,2023-W10,West Bengal,Fever With Rash,21,0
2023,2023-W10,West Bengal,Food Poisoning,194,0
2023,2023-W10,West Bengal,Measles,64,0
2023,2023-W11,Arunachal Pradesh,Pyrexia Of Unknown Andigin (Puo),128,0
2023,2023-W11,Bihar,Fever With Rash,15,0
2023,2023-W11,Chhattisgarh,Acute Diarrheal Disease,11,0
2023,2023-W11,Chhattisgarh,Chickenpox,14,0
2023,2023-W11,Jharkhand,Acute Diarrheal Disease,18,0
2023,2023-W11,Jharkhand,Chickenpox,12,0
2023,2023-W11,Karnataka,Food Poisoning,126,0
2023,2023-W11,Karnataka,Human Rabies,3,3
2023,2023-W11,Kerala,Food Poisoning,46,0
2023,2023-W11,Kerala,Hepatitis A,28,0
2023,2023-W11,Kerala,Measles,24,0
2023,2023-W11,Madhya Pradesh,Measles,20,0
2023,2023-W11,Odisha,Fever With Rash,24,0
2023,2023-W11,Odisha,Food Poisoning,24,0
2023,2023-W11,Tamil Nadu,Dengue And Leptospirosis,23,0
2023,2023-W11,Uttarakhand,Typhoid,36,0
2023,2023-W11,West Bengal,Food Poisoning,120,0
2023,2023-W12,Andhra Pradesh,Acute Diarrheal Disease,22,0
2023,2023-W12,Andhra Pradesh,Food Poisoning,37,0
2023,2023-W12,Chhattisgarh,Chickenpox,15,0
2023,2023-W12,Haryana,Food Poisoning,63,0
2023,2023-W12,Jharkhand,Chickenpox,36,0
2023,2023-W12,Jharkhand,Fever With Rash,16,0
2023,2023-W12,Karnataka,Acute Diarrheal Disease,18,0
2023,2023-W12,Karnataka,Chickenpox,60,0
2023,2023-W12,Karnataka,Fever With Rash,8,0
2023,2023-W12,Kerala,Food Poisoning,46,0
2023,2023-W12,Kerala,Typhoid,32,0
2023,2023-W12,Meghalaya,Human Rabies,3,3
2023,2023-W12,Odisha,Chickenpox,24,0
2023,2023-W12,Odisha,Fever With Rash,60,0
2023,2023-W12,West Bengal,Food Poisoning,208,0
2023,2023-W13,Bihar,Chickenpox,28,0
2023,2023-W13,Gujarat,Acute Diarrheal Disease,29,0
2023,2023-W13,Karnataka,Acute Diarrheal Disease,105,0
2023,2023-W13,Karnataka,Chickenpox,57,0
2023,2023-W13,Kerala,Chickenpox,12,0
2023,2023-W13,Maharashtra,Leishmaniasis,40,2
2023,2023-W13,Maharashtra,Measles,13,0
2023,2023-W13,Odisha,Chickenpox,58,0
2023,2023-W13,West Bengal,Acute Diarrheal Disease,107,0
2023,2023-W14,Assam,Measles,8,0
2023,2023-W14,Chhattisgarh,Chickenpox,62,0
2023,2023-W14,Kerala,Acute Diarrheal Disease,1138,0
2023,2023-W14,Kerala,Food Poisoning,174,0
2023,2023-W14,Madhya Pradesh,Food Poisoning,181,0
2023,2023-W14,Meghalaya,Chickenpox,32,0
2023,2023-W14,Meghalaya,Human Rabies,2,2
2023,2023-W14,Odisha,Acute Diarrheal Disease,104,0
2023,2023-W14,Odisha,Fever With Rash,54,0
2023,2023-W14,Odisha,Food Poisoning,228,0
2023,2023-W14,Punjab,Cholera,20,0
2023,2023-W14,Punjab,Measles,32,0
2023,2023-W14,Tamil Nadu,Dengue,11,0
2023,2023-W14,Uttar Pradesh,Chickenpox,23,0
2023,2023-W14,West Bengal,Acute Diarrheal Disease,603,0
2023,2023-W15,Bihar,Acute Encephalitic Syndrome,3,0
2023,2023-W15,Bihar,Fever With Rash,17,0
2023,2023-W15,Jharkhand,Chickenpox,19,0
2023,2023-W15,Karnataka,Acute Diarrheal Disease,26,0
2023,2023-W15,Karnataka,Dengue,30,0
2023,2023-W15,Karnataka,Food Poisoning,64,0
2023,2023-W15,Karnataka,Human Rabies,8,8
2023,2023-W15,Kerala,Food Poisoning,94,0
2023,2023-W15,Kerala,Hepatitis A,46,0
2023,2023-W15,Odisha,Fever With Rash,26,0
2023,2023-W15,Punjab,Acute Diarrheal Disease,38,0
2023,2023-W15,Uttar Pradesh,Chickenpox,12,0
2023,2023-W15,West Bengal,Food Poisoning,288,0
2023,2023-W16,Bihar,Fever With Rash,34,0
2023,2023-W16,Jammu And Kashmir,Hepatitis A,5,0
2023,2023-W16,Jharkhand,Chickenpox,14,0
2023,2023-W16,Karnataka,Acute Diarrheal Disease,695,0
2023,2023-W16,Karnataka,Human Rabies,1,1
2023,2023-W16,Karnataka,Measles,158,1
2023,2023-W16,Kerala,Acute Diarrheal Disease,0,0
2023,2023-W16,Kerala,Food Poisoning,38,0
2023,2023-W16,Kerala,Hepatitis A,25,0
2023,2023-W16,Kerala,West Nile Fever,4,0
2023,2023-W16,Odisha,Acute Diarrheal Disease,55,0
2023,2023-W16,Tamil Nadu,Acute Diarrheal Disease,17,0
2023,2023-W16,West Bengal,Acute Diarrheal Disease,75,0
2023,2023-W17,Chhattisgarh,Acute Diarrheal Disease,26,0
2023,2023-W17,Gujarat,Acute Diarrheal Disease,50,0
2023,2023-W17,Jharkhand,Chickenpox,43,0
2023,2023-W17,Karnataka,Acute Diarrheal Disease,37,0
2023,2023-W17,Karnataka,Measles,13,0
2023,2023-W17,Kerala,Food Poisoning,46,0
2023,2023-W17,Madhya Pradesh,Food Poisoning,125,0
2023,2023-W17,Maharashtra,Dengue,13,0
2023,2023-W17,Meghalaya,Chickenpox,25,0
2023,2023-W17,Meghalaya,Human Rabies,1,1
2023,2023-W17,Odisha,Acute Diarrheal Disease,65,0
2023,2023-W17,Punjab,Acute Diarrheal Disease,22,0
2023,2023-W17,Tamil Nadu,Acute Diarrheal Disease,18,0
2023,2023-W17,Telangana,Acute Diarrheal Disease,65,0
2023,2023-W17,West Bengal,Food Poisoning,77,0
2023,2023-W17,West Bengal,Hepatitis A And E,93,0
2023,2023-W18,Assam,Acute Flaccid Paralysis,2,0
2023,2023-W18,Assam,Chickenpox,5,0
2023,2023-W18,Assam,Dengue,1,0
2023,2023-W18,Assam,Japanese Encephalitis,2,0
2023,2023-W18,Bihar,Acute Encephalitic Syndrome,2,0
2023,2023-W18,Bihar,Fever With Rash,5,0
2023,2023-W18,Gujarat,Acute Diarrheal Disease,20,0
2023,2023-W18,Gujarat,Measles,12,0
2023,2023-W18,Jharkhand,Fever With Rash,15,0
2023,2023-W18,Jharkhand,Measles,14,0
2023,2023-W18,Karnataka,Acute Diarrheal Disease,72,0
2023,2023-W18,Karnataka,Human Rabies,2,2
2023,2023-W18,Karnataka,Leptospirosis,1,1
2023,2023-W18,Kerala,Acute Diarrheal Disease,88,0
2023,2023-W18,Kerala,Dengue,43,0
2023,2023-W18,Kerala,Food Poisoning,210,0
2023,2023-W18,Kerala,Food Poisoning (Shigella Sonnie),14,2
2023,2023-W18,Madhya Pradesh,Food Poisoning,23,0
2023,2023-W18,Madhya Pradesh,Measles,12,0
2023,2023-W18,Maharashtra,Food Poisoning,100,0
2023,2023-W18,Meghalaya,Chickenpox,23,0
2023,2023-W18,Odisha,Anthrax,10,0
2023,2023-W18,Odisha,Food Poisoning,68,0
2023,2023-W18,Uttar Pradesh,Chickenpox,6,0
2023,2023-W18,West Bengal,Food Poisoning,118,0
2023,2023-W19,Assam,Acute Diarrheal Disease,27,0
2023,2023-W19,Assam,Human Rabies,2,2
2023,2023-W19,Chhattisgarh,Acute Diarrheal Disease,52,0
2023,2023-W19,Gujarat,Acute Diarrheal Disease,70,0
2023,2023-W19,Gujarat,Food Poisoning,190,0
2023,2023-W19,Haryana,Acute Diarrheal Disease,84,0
2023,2023-W19,Jharkhand,Acute Diarrheal Disease,24,0
2023,2023-W19,Jharkhand,Chickenpox,10,0
2023,2023-W19,Karnataka,Acute Diarrheal Disease,99,0
2023,2023-W19,Kerala,Acute Diarrheal Disease,72,0
2023,2023-W19,Kerala,Dengue,102,0
2023,2023-W19,Kerala,Food Poisoning,424,0
2023,2023-W19,Kerala,Zika Virus,4,0
2023,2023-W19,Meghalaya,Human Rabies,2,2
2023,2023-W19,Odisha,Food Poisoning,28,0
2023,2023-W19,Odisha,Jaundice,14,0
2023,2023-W19,West Bengal,Food Poisoning,82,0
2023,2023-W20,Assam,Dysentery (Shigella),15,1
2023,2023-W20,Assam,Japanese Encephalitis,2,0
2023,2023-W20,Chhattisgarh,Fever,18,0
2023,2023-W20,Gujarat,Measles,12,0
2023,2023-W20,Jammu And Kashmir,Measles,8,0
2023,2023-W20,Karnataka,Cholera,71,0
2023,2023-W20,Kerala,Adenovirus,117,0
2023,2023-W20,Kerala,Dengue,52,0
2023,2023-W20,Kerala,Food Poisoning,386,0
2023,2023-W20,Madhya Pradesh,Fever With Rash,6,0
2023,2023-W20,Maharashtra,Food Poisoning,21,0
2023,2023-W20,Odisha,Food Poisoning,16,0
2023,2023-W20,Uttar Pradesh,Chickenpox,44,0
2023,2023-W20,West Bengal,Acute Diarrheal Disease,30,0
2023,2023-W20,West Bengal,Food Poisoning,60,0
2023,2023-W21,Andhra Pradesh,Acute Diarrheal Disease (Klebsiella),64,2
2023,2023-W21,Chhattisgarh,Fever,6,0
2023,2023-W21,Gujarat,Fever With Rash,7,0
2023,2023-W21,Gujarat,Food Poisoning,109,0
2023,2023-W21,Gujarat,Measles,28,0
2023,2023-W21,Jharkhand,Chickenpox,7,0
2023,2023-W21,Karnataka,Acute Diarrheal Disease,135,1
2023,2023-W21,Karnataka,Cholera,61,0
2023,2023-W21,Kerala,Acute Diarrheal Disease,51,0
2023,2023-W21,Kerala,Dengue,111,0
2023,2023-W21,Kerala,Food Poisoning,104,0
2023,2023-W21,Kerala,Monkey Pox,1,0
2023,2023-W21,Kerala,Suspected Dengue Fever,10,0
2023,2023-W21,Kerala,West Nile Fever,3,0
2023,2023-W21,Madhya Pradesh,Measles,9,0
2023,2023-W21,Odisha,Suspected Anthrax,14,0
2023,2023-W21,Uttar Pradesh,Chickenpox,6,0
2023,2023-W22,Assam,Acute Diarrheal Disease,7,0
2023,2023-W22,Assam,Human Rabies,1,1
2023,2023-W22,Assam,Measles,8,0
2023,2023-W22,Assam,Mushroom Poisoning,7,0
2023,2023-W22,Assam,Scrub Typhus,2,0
2023,2023-W22,Bihar,Acute Diarrheal Disease,62,0
2023,2023-W22,Chhattisgarh,Acute Diarrheal Disease,85,0
2023,2023-W22,Jharkhand,Chickenpox,11,0
2023,2023-W22,Jharkhand,Fever With Rash,28,0
2023,2023-W22,Karnataka,Acute Diarrheal Disease,54,0
2023,2023-W22,Karnataka,Cholera,266,0
2023,2023-W22,Karnataka,Food Poisoning,30,0
2023,2023-W22,Kerala,Acute Diarrheal Disease,32,0
2023,2023-W22,Kerala,Acute Gastroenteritis,45,0
2023,2023-W22,Kerala,Dengue,307,0
2023,2023-W22,Kerala,Food Poisoning,444,0
2023,2023-W22,Kerala,Measles,58,0
2023,2023-W22,Madhya Pradesh,Fever With Rash,6,0
2023,2023-W22,Maharashtra,Food Poisoning,202,0
2023,2023-W22,Maharashtra,Malaria,46,3
2023,2023-W22,Mizoram,Fever,30,0
2023,2023-W22,Punjab,Measles,11,0
2023,2023-W22,Tripura,Acute Diarrheal Disease,46,0
2023,2023-W22,West Bengal,Acute Diarrheal Disease,98,0
2023,2023-W22,West Bengal,Food Poisoning,156,0
2023,2023-W23,Chhattisgarh,Acute Diarrheal Disease,10,0
2023,2023-W23,Gujarat,Food Poisoning,18,0
2023,2023-W23,Gujarat,Measles,32,0
2023,2023-W23,Karnataka,Acute Diarrheal Disease,463,2
2023,2023-W23,Karnataka,Acute Gastroenteritis,138,0
2023,2023-W23,Karnataka,Cholera,396,2
2023,2023-W23,Kerala,Acute Diarrheal Disease,78,0
2023,2023-W23,Kerala,Dengue,62,0
2023,2023-W23,Kerala,Food Poisoning,376,0
2023,2023-W23,Madhya Pradesh,Measles,12,2
2023,2023-W23,Maharashtra,Acute Diarrheal Disease,214,0
2023,2023-W23,Odisha,Food Poisoning,298,0
2023,2023-W23,Uttar Pradesh,Food Poisoning,40,0
2023,2023-W23,Uttar Pradesh,Measles,3,0
2023,2023-W23,Uttarakhand,Fever,50,0
2023,2023-W24,Andhra Pradesh,Acute Diarrheal Disease,46,0
2023,2023-W24,Assam,Acute Diarrheal Disease,7,0
2023,2023-W24,Assam,Cholera,2,0
2023,2023-W24,Assam,Human Rabies,1,1
2023,2023-W24,Bihar,Fever With Rash,5,0
2023,2023-W24,Jammu And Kashmir,Hepatitis A,38,0
2023,2023-W24,Jammu And Kashmir,Jaundice,17,0
2023,2023-W24,Jharkhand,Acute Diarrheal Disease,5,0
2023,2023-W24,Karnataka,Acute Diarrheal Disease,284,0
2023,2023-W24,Karnataka,Cholera,273,0
2023,2023-W24,Karnataka,Suspected Human Rabies,2,2
2023,2023-W24,Kerala,Dengue,34,0
2023,2023-W24,Maharashtra,Acute Diarrheal Disease,46,2
2023,2023-W24,Maharashtra,Dengue,106,0
2023,2023-W24,Nagaland,Acute Diarrheal Disease,48,0
2023,2023-W24,Rajasthan,Acute Diarrheal Disease,236,0
2023,2023-W24,Uttarakhand,Acute Diarrheal Disease,194,0
2023,2023-W24,Uttarakhand,Dysentery,20,0
2023,2023-W24,West Bengal,Acute Diarrheal Disease,194,0
2023,2023-W25,Arunachal Pradesh,Chickenpox,17,0
2023,2023-W25,Assam,Chickenpox,22,0
2023,2023-W25,Assam,Mushroom Poisoning,42,0
2023,2023-W25,Bihar,Acute Diarrheal Disease,15,0
2023,2023-W25,Bihar,Chickenpox,15,0
2023,2023-W25,Bihar,Fever With Rash,10,0
2023,2023-W25,Bihar,Measles,11,0
2023,2023-W25,Chhattisgarh,Acute Diarrheal Disease,16,0
2023,2023-W25,Chhattisgarh,Dengue,9,0
2023,2023-W25,Chhattisgarh,Fever,249,0
2023,2023-W25,Gujarat,Acute Diarrheal Disease,119,0
2023,2023-W25,Gujarat,Cholera,160,0
2023,2023-W25,Jammu And Kashmir,Mumps,24,0
2023,2023-W25,Jharkhand,Chickenpox,47,0
2023,2023-W25,Jharkhand,Kala Azar,2,0
2023,2023-W25,Jharkhand,Malaria,26,0
2023,2023-W25,Jharkhand,Measles,5,0
2023,2023-W25,Karnataka,Acute Diarrheal Disease,108,0
2023,2023-W25,Karnataka,Cholera,231,0
2023,2023-W25,Karnataka,Dengue,14,0
2023,2023-W25,Karnataka,Food Poisoning,94,0
2023,2023-W25,Karnataka,Human Rabies,1,1
2023,2023-W25,Karnataka,Typhoid,47,0
2023,2023-W25,Karnataka,Typhoid Fever,41,0
2023,2023-W25,Kerala,Food Poisoning,14,0
2023,2023-W25,Kerala,Zika Virus,1,0
2023,2023-W25,Madhya Pradesh,Acute Diarrheal Disease,58,0
2023,2023-W25,Madhya Pradesh,Chickenpox,7,0
2023,2023-W25,Madhya Pradesh,Fever With Rash,31,0
2023,2023-W25,Madhya Pradesh,Malaria,6,0
2023,2023-W25,Maharashtra,Acute Diarrheal Disease,64,0
2023,2023-W25,Maharashtra,Chikungunya,6,0
2023,2023-W25,Maharashtra,Dengue,122,0
2023,2023-W25,Maharashtra,Malaria,37,1
2023,2023-W25,Meghalaya,Mushroom Poisoning,23,0
2023,2023-W25,Nagaland,Dengue,68,0
2023,2023-W25,Odisha,Malaria,7,0
2023,2023-W25,Punjab,Acute Diarrheal Disease,91,0
2023,2023-W25,Punjab,Food Poisoning,11,0
2023,2023-W25,Tamil Nadu,Acute Diarrheal Disease,19,0
2023,2023-W25,Tamil Nadu,Jaundice,12,0
2023,2023-W25,Tamil Nadu,Measles,66,0
2023,2023-W25,Uttar Pradesh,Acute Diarrheal Disease,11,0
2023,2023-W25,Uttar Pradesh,Acute Gastroenteritis,35,0
2023,2023-W26,Andhra Pradesh,Acute Diarrheal Disease,31,0
2023,2023-W26,Arunachal Pradesh,Suspected Mushroom Poisoning,16,0
2023,2023-W26,Assam,Human Rabies,1,1
2023,2023-W26,Assam,Leptospirosis,8,1
2023,2023-W26,Assam,Measles,8,0
2023,2023-W26,Bihar,Chickenpox,8,0
2023,2023-W26,Bihar,Fever With Rash,51,0
2023,2023-W26,Bihar,Measles,8,0
2023,2023-W26,Chhattisgarh,Acute Diarrheal Disease,401,0
2023,2023-W26,Gujarat,Acute Diarrheal Disease,164,0
2023,2023-W26,Gujarat,Hepatitis A,10,0
2023,2023-W26,Haryana,Acute Diarrheal Disease,37,0
2023,2023-W26,Jammu And Kashmir,Measles,20,0
2023,2023-W26,Jharkhand,Acute Diarrheal Disease,11,0
2023,2023-W26,Jharkhand,Chickenpox,12,0
2023,2023-W26,Jharkhand,Malaria,170,0
2023,2023-W26,Karnataka,Acute Diarrheal Disease,591,0
2023,2023-W26,Karnataka,Mumps,56,0
2023,2023-W26,Kerala,Acute Diarrheal Disease,32,0
2023,2023-W26,Kerala,Dengue,68,1
2023,2023-W26,Kerala,Food Poisoning,20,0
2023,2023-W26,Kerala,Monkey Pox,1,0
2023,2023-W26,Kerala,West Nile Fever,1,0
2023,2023-W26,Kerala,Zika Virus,1,0
2023,2023-W26,Ladakh,"Hand, Foot And Mouth Disease (Hfmd)",52,0
2023,2023-W26,Madhya Pradesh,Chickenpox,14,0
2023,2023-W26,Madhya Pradesh,Rubella,2,0
2023,2023-W26,Maharashtra,Acute Diarrheal Disease,56,0
2023,2023-W26,Maharashtra,Dengue,26,3
2023,2023-W26,Maharashtra,Food Poisoning,54,0
2023,2023-W26,Maharashtra,Leptospirosis,6,0
2023,2023-W26,Maharashtra,Malaria,42,1
2023,2023-W26,Meghalaya,Acute Diarrheal Disease,4,0
2023,2023-W26,Meghalaya,Malaria,4,1
2023,2023-W26,Odisha,Acute Diarrheal Disease,16,0
2023,2023-W26,Uttar Pradesh,Chickenpox,21,1
2023,2023-W26,Uttar Pradesh,Others,57,0
2023,2023-W26,West Bengal,Acute Diarrheal Disease,6,0
2023,2023-W27,Arunachal Pradesh,Chickenpox,22,0
2023,2023-W27,Assam,Acute Diarrheal Disease,120,0
2023,2023-W27,Assam,Animal Bite - Dog Bite,2,2
2023,2023-W27,Assam,Chickenpox,6,0
2023,2023-W27,Bihar,Fever With Rash,94,0
2023,2023-W27,Bihar,Food Poisoning,102,0
2023,2023-W27,Chhattisgarh,Acute Diarrheal Disease,48,0
2023,2023-W27,Chhattisgarh,Dengue,22,0
2023,2023-W27,Gujarat,Acute Diarrheal Disease,220,2
2023,2023-W27,Gujarat,Crimean-Congo Haemandrhagic Fever (Cchf),2,2
2023,2023-W27,Gujarat,Hepatitis A,86,0
2023,2023-W27,Haryana,Acute Diarrheal Disease,200,0
2023,2023-W27,Haryana,Chickenpox,44,0
2023,2023-W27,Jammu And Kashmir,Acute Diarrheal Disease,22,0
2023,2023-W27,Jammu And Kashmir,Chickenpox,22,0
2023,2023-W27,Jammu And Kashmir,Hepatitis A,20,0
2023,2023-W27,Jharkhand,Chickenpox,12,0
2023,2023-W27,Jharkhand,Dengue,240,0
2023,2023-W27,Karnataka,Acute Diarrheal Disease,48,0
2023,2023-W27,Karnataka,Cholera,18,0
2023,2023-W27,Karnataka,Human Rabies,2,2
2023,2023-W27,Kerala,Cutaneous Leishmaniasis (Kala Azar),7,0
2023,2023-W27,Kerala,Dengue,42,0
2023,2023-W27,Madhya Pradesh,Acute Diarrheal Disease,18,0
2023,2023-W27,Madhya Pradesh,Chickenpox,14,0
2023,2023-W27,Maharashtra,Acute Diarrheal Disease,52,0
2023,2023-W27,Maharashtra,Chikungunya,30,0
2023,2023-W27,Maharashtra,Dengue,93,1
2023,2023-W27,Maharashtra,Malaria,92,0
2023,2023-W27,Meghalaya,Scrub Typhus,18,0
2023,2023-W27,Odisha,Acute Diarrheal Disease,40,0
2023,2023-W27,Tamil Nadu,Acute Diarrheal Disease,138,0
2023,2023-W27,Tamil Nadu,Measles,10,0
2023,2023-W27,Telangana,Acute Diarrheal Disease,58,0
2023,2023-W27,Uttar Pradesh,Chickenpox,12,0
2023,2023-W27,Uttar Pradesh,Fever With Rash,6,0
2023,2023-W27,Uttarakhand,Acute Diarrheal Disease,472,0
2023,2023-W28,Arunachal Pradesh,Scrub Typhus,24,0
2023,2023-W28,Assam,Acute Diarrheal Disease,338,0
2023,2023-W28,Assam,Fever Of Unknown Origin,21,0
2023,2023-W28,Assam,Measles,22,0
2023,2023-W28,Bihar,Fever With Rash,9,0
2023,2023-W28,Bihar,Malaria,8,0
2023,2023-W28,Gujarat,Acute Diarrheal Disease,63,0
2023,2023-W28,Haryana,Acute Diarrheal Disease,36,0
2023,2023-W28,Haryana,Dengue,6,0
2023,2023-W28,Jammu And Kashmir,Chickenpox,21,0
2023,2023-W28,Jammu And Kashmir,Mumps,40,0
2023,2023-W28,Jharkhand,Acute Diarrheal Disease,14,0
2023,2023-W28,Jharkhand,Chickenpox,32,0
2023,2023-W28,Karnataka,Acute Diarrheal Disease,147,0
2023,2023-W28,Karnataka,Chikungunya,38,0
2023,2023-W28,Karnataka,Cholera,64,0
2023,2023-W28,Kerala,Chickenpox,54,0
2023,2023-W28,Kerala,Dengue,504,0
2023,2023-W28,Kerala,West Nile Fever,2,2
2023,2023-W28,Madhya Pradesh,Acute Diarrheal Disease,223,0
2023,2023-W28,Maharashtra,Acute Diarrheal Disease,212,0
2023,2023-W28,Maharashtra,Dengue,32,4
2023,2023-W28,Manipur,Dengue,65,0
2023,2023-W28,Meghalaya,Human Rabies,2,2
2023,2023-W28,Meghalaya,Mushroom Poisoning,7,0
2023,2023-W28,Odisha,Acute Diarrheal Disease,63,0
2023,2023-W28,Tamil Nadu,Acute Diarrheal Disease,18,0
2023,2023-W28,Tamil Nadu,Fever Of Unknown Origin,34,0
2023,2023-W28,Uttar Pradesh,Acute Diarrheal Disease,105,0
2023,2023-W28,Uttar Pradesh,Fever With Rash,10,0
2023,2023-W28,West Bengal,Acute Diarrheal Disease,38,0
2023,2023-W28,West Bengal,Anthrax,4,0
2023,2023-W28,West Bengal,Food Poisoning,54,0
2023,2023-W29,Andhra Pradesh,Acute Diarrheal Disease,54,0
2023,2023-W29,Arunachal Pradesh,Chickenpox,40,0
2023,2023-W29,Assam,Acute Diarrheal Disease,97,0
2023,2023-W29,Assam,Acute Encephalitic Syndrome,4,1
2023,2023-W29,Assam,Animal Bite - Dog Bite,1,1
2023,2023-W29,Assam,Animal Bite - Snake Bite,3,1
2023,2023-W29,Assam,Chickenpox,9,0
2023,2023-W29,Assam,Japanese Encephalitis,11,0
2023,2023-W29,Assam,Leptospirosis,15,0
2023,2023-W29,Assam,Malaria,115,0
2023,2023-W29,Bihar,Acute Diarrheal Disease,35,1
2023,2023-W29,Bihar,Fever With Rash,14,0
2023,2023-W29,Gujarat,Jaundice,20,0
2023,2023-W29,Haryana,Chickenpox,22,0
2023,2023-W29,Jammu And Kashmir,Chickenpox,10,0
2023,2023-W29,Jammu And Kashmir,Mumps,13,0
2023,2023-W29,Jharkhand,Chickenpox,22,0
2023,2023-W29,Jharkhand,Fever With Rash,11,0
2023,2023-W29,Karnataka,Acute Diarrheal Disease,58,0
2023,2023-W29,Karnataka,Cholera,57,0
2023,2023-W29,Karnataka,Leptospirosis,2,0
2023,2023-W29,Karnataka,Others,25,0
2023,2023-W29,Kerala,Dengue,40,0
2023,2023-W29,Kerala,Food Poisoning,20,0
2023,2023-W29,Kerala,Hepatitis A,7,0
2023,2023-W29,Madhya Pradesh,Acute Diarrheal Disease,23,0
2023,2023-W29,Madhya Pradesh,Cholera,10,0
2023,2023-W29,Madhya Pradesh,Food Poisoning,19,0
2023,2023-W29,Madhya Pradesh,Malaria,8,0
2023,2023-W29,Maharashtra,Dengue,51,0
2023,2023-W29,Maharashtra,Fever,24,0
2023,2023-W29,Sikkim,Typhoid,106,0
2023,2023-W29,Tamil Nadu,Chickenpox,14,0
2023,2023-W29,Tamil Nadu,Dengue,27,0
2023,2023-W29,Tamil Nadu,Fever,38,0
2023,2023-W29,Tamil Nadu,Hepatitis A,47,0
2023,2023-W29,Uttar Pradesh,Acute Diarrheal Disease,146,1
2023,2023-W30,Arunachal Pradesh,Acute Diarrheal Disease,132,0
2023,2023-W30,Assam,Acute Diarrheal Disease,21,0
2023,2023-W30,Bihar,Acute Diarrheal Disease,38,0
2023,2023-W30,Bihar,Measles,11,0
2023,2023-W30,Chhattisgarh,Acute Diarrheal Disease,10,0
2023,2023-W30,Goa,Dengue,31,0
2023,2023-W30,Gujarat,Cholera,94,0
2023,2023-W30,Gujarat,Crimean-Congo Haemandrhagic Fever (Cchf),2,1
2023,2023-W30,Himachal Pradesh,Acute Diarrheal Disease,128,0
2023,2023-W30,Jammu And Kashmir,Acute Diarrheal Disease,17,0
2023,2023-W30,Jammu And Kashmir,Chickenpox,13,0
2023,2023-W30,Jammu And Kashmir,Hepatitis A,54,0
2023,2023-W30,Jammu And Kashmir,Measles,2,0
2023,2023-W30,Jharkhand,Chickenpox,28,0
2023,2023-W30,Jharkhand,Chikungunya,15,0
2023,2023-W30,Jharkhand,Malaria,3,0
2023,2023-W30,Karnataka,Acute Diarrheal Disease,48,0
2023,2023-W30,Karnataka,Acute Gastritis,25,0
2023,2023-W30,Kerala,Acute Diarrheal Disease,27,0
2023,2023-W30,Kerala,Dengue,58,0
2023,2023-W30,Madhya Pradesh,Acute Diarrheal Disease,42,0
2023,2023-W30,Madhya Pradesh,Malaria,18,0
2023,2023-W30,Maharashtra,Acute Diarrheal Disease,42,0
2023,2023-W30,Maharashtra,Dengue,174,2
2023,2023-W30,Maharashtra,Leptospirosis,7,0
2023,2023-W30,Meghalaya,Acute Diarrheal Disease,46,0
2023,2023-W30,Odisha,Acute Diarrheal Disease,170,2
2023,2023-W30,Punjab,Cholera,328,0
2023,2023-W30,Tamil Nadu,Leptospirosis,42,1
2023,2023-W30,Tamil Nadu,Measles,30,0
2023,2023-W30,Tamil Nadu,Typhoid,11,0
2023,2023-W30,Telangana,Acute Diarrheal Disease,80,0
2023,2023-W30,Tripura,Dengue,259,0
2023,2023-W30,Uttar Pradesh,Acute Diarrheal Disease,33,0
2023,2023-W30,Uttar Pradesh,Chickenpox,18,0
2023,2023-W31,Arunachal Pradesh,Dengue,62,0
2023,2023-W31,Assam,Human Rabies,2,2
2023,2023-W31,Assam,Japanese Encephalitis,10,10
2023,2023-W31,Assam,Mumps,6,0
2023,2023-W31,Bihar,Acute Diarrheal Disease,12,0
2023,2023-W31,Bihar,Measles,36,4
2023,2023-W31,Chhattisgarh,Acute Diarrheal Disease,280,0
2023,2023-W31,Gujarat,Dengue,80,0
2023,2023-W31,Jammu And Kashmir,Acute Diarrheal Disease,22,0
2023,2023-W31,Jharkhand,Acute Diarrheal Disease,10,0
2023,2023-W31,Jharkhand,Dengue,286,1
2023,2023-W31,Jharkhand,Fever With Rash,28,0
2023,2023-W31,Karnataka,Acute Diarrheal Disease,164,0
2023,2023-W31,Karnataka,Cholera,494,0
2023,2023-W31,Karnataka,Human Rabies,2,2
2023,2023-W31,Kerala,Food Poisoning,199,0
2023,2023-W31,Madhya Pradesh,Leptospirosis,2,2
2023,2023-W31,Maharashtra,Dengue,22,0
2023,2023-W31,Maharashtra,Fever,202,5
2023,2023-W31,Nagaland,Japanese Encephalitis,18,0
2023,2023-W31,Odisha,Acute Diarrheal Disease,118,4
2023,2023-W31,Puducherry,Dengue,15,0
2023,2023-W31,Punjab,Cholera,82,0
2023,2023-W31,Tamil Nadu,Acute Diarrheal Disease,24,0
2023,2023-W31,Tamil Nadu,Hepatitis A,137,0
2023,2023-W31,Tamil Nadu,Mumps,34,0
2023,2023-W31,Uttar Pradesh,Acute Diarrheal Disease,205,4
2023,2023-W31,Uttar Pradesh,Food Poisoning,208,2
2023,2023-W31,Uttarakhand,Acute Diarrheal Disease,16,0
2023,2023-W32,Bihar,Acute Diarrheal Disease,60,0
2023,2023-W32,Chhattisgarh,Acute Diarrheal Disease,99,0
2023,2023-W32,Chhattisgarh,Dengue,182,0
2023,2023-W32,Goa,Dengue,12,0
2023,2023-W32,Gujarat,Food Poisoning,14,4
2023,2023-W32,Haryana,Dengue,34,0
2023,2023-W32,Jammu And Kashmir,Acute Diarrheal Disease,64,0
2023,2023-W32,Jammu And Kashmir,Chickenpox,58,0
2023,2023-W32,Jammu And Kashmir,Dengue,740,0
2023,2023-W32,Jammu And Kashmir,Hepatitis A,101,2
2023,2023-W32,Jharkhand,Acute Diarrheal Disease,48,4
2023,2023-W32,Jharkhand,Chickenpox,14,0
2023,2023-W32,Jharkhand,Dengue,94,0
2023,2023-W32,Karnataka,Acute Diarrheal Disease,130,0
2023,2023-W32,Karnataka,Cholera,20,0
2023,2023-W32,Kerala,Food Poisoning,44,0
2023,2023-W32,Madhya Pradesh,Leptospirosis,3,0
2023,2023-W32,Madhya Pradesh,Malaria,26,0
2023,2023-W32,Madhya Pradesh,Shigellosis,16,0
2023,2023-W32,Maharashtra,Acute Diarrheal Disease,82,0
2023,2023-W32,Maharashtra,Dengue,5,0
2023,2023-W32,Maharashtra,Malaria,64,1
2023,2023-W32,Meghalaya,Suspected Typhoid,27,0
2023,2023-W32,Nagaland,Dengue,1022,1
2023,2023-W32,Odisha,Acute Diarrheal Disease,277,0
2023,2023-W32,Rajasthan,Acute Diarrheal Disease,56,0
2023,2023-W32,Rajasthan,Cholera,174,0
2023,2023-W32,Uttar Pradesh,Acute Diarrheal Disease,144,0
2023,2023-W32,Uttar Pradesh,Dengue,44,0
2023,2023-W32,Uttar Pradesh,Food Poisoning,24,0
2023,2023-W33,Andaman And Nicobar Islands,Acute Diarrheal Disease,18,0
2023,2023-W33,Andhra Pradesh,Acute Diarrheal Disease,186,0
2023,2023-W33,Assam,Acute Diarrheal Disease,21,0
2023,2023-W33,Assam,Food Poisoning,8,1
2023,2023-W33,Assam,Japanese Encephalitis,2,2
2023,2023-W33,Bihar,Acute Diarrheal Disease,11,0
2023,2023-W33,Bihar,Fever With Rash,7,0
2023,2023-W33,Chandigarh,Cholera,16,0
2023,2023-W33,Chhattisgarh,Acute Diarrheal Disease,15,0
2023,2023-W33,Chhattisgarh,Chickenpox,10,0
2023,2023-W33,Delhi,Dengue,40,0
2023,2023-W33,Gujarat,Acute Diarrheal Disease,119,0
2023,2023-W33,Gujarat,Food Poisoning,23,0
2023,2023-W33,Gujarat,Hepatitis A,18,0
2023,2023-W33,Haryana,Scrub Typhus,56,0
2023,2023-W33,Jammu And Kashmir,Chickenpox,44,0
2023,2023-W33,Jammu And Kashmir,Hepatitis A,21,0
2023,2023-W33,Jammu And Kashmir,Measles,6,0
2023,2023-W33,Jammu And Kashmir,Mumps,81,0
2023,2023-W33,Jharkhand,Acute Diarrheal Disease,17,0
2023,2023-W33,Karnataka,Acute Diarrheal Disease,41,0
2023,2023-W33,Karnataka,Food Poisoning,29,0
2023,2023-W33,Karnataka,Mumps,6,0
2023,2023-W33,Kerala,Dengue,62,0
2023,2023-W33,Kerala,Hepatitis A,27,0
2023,2023-W33,Kerala,Jaundice,14,0
2023,2023-W33,Madhya Pradesh,Acute Diarrheal Disease,144,2
2023,2023-W33,Madhya Pradesh,Chikungunya,9,0
2023,2023-W33,Madhya Pradesh,Dengue,44,0
2023,2023-W33,Maharashtra,Dengue,45,0
2023,2023-W33,Maharashtra,Leptospirosis,1,1
2023,2023-W33,Maharashtra,Malaria,2,1
2023,2023-W33,Maharashtra,Suspected Dengue Fever,34,4
2023,2023-W33,Manipur,Acute Diarrheal Disease,48,0
2023,2023-W33,Mizoram,Food Poisoning,149,0
2023,2023-W33,Nagaland,Acute Diarrheal Disease,12,0
2023,2023-W33,Odisha,Acute Diarrheal Disease,32,0
2023,2023-W33,Odisha,Malaria,44,0
2023,2023-W33,Odisha,Mushroom Poisoning,11,0
2023,2023-W33,Rajasthan,Acute Diarrheal Disease,112,0
2023,2023-W33,Tamil Nadu,Acute Diarrheal Disease,93,0
2023,2023-W33,Tamil Nadu,Animal Bite - Dog Bite,13,0
2023,2023-W33,Tamil Nadu,Diphtheria,4,0
2023,2023-W33,Tamil Nadu,Mumps,10,0
2023,2023-W33,Uttar Pradesh,Acute Diarrheal Disease,82,0
2023,2023-W33,Uttar Pradesh,Dengue,8,0
2023,2023-W33,Uttar Pradesh,Food Poisoning,13,0
2023,2023-W33,Uttar Pradesh,Malaria,60,0
2023,2023-W33,Uttar Pradesh,Scrub Typhus,28,0
2023,2023-W33,West Bengal,Acute Diarrheal Disease,12,0
2023,2023-W34,Arunachal Pradesh,Scrub Typhus,12,2
2023,2023-W34,Assam,Acute Diarrheal Disease,106,0
2023,2023-W34,Bihar,Acute Diarrheal Disease,45,1
2023,2023-W34,Chhattisgarh,Acute Diarrheal Disease,42,0
2023,2023-W34,Chhattisgarh,Dengue,14,0
2023,2023-W34,Dadra And Nagar Haveli,Acute Diarrheal Disease,13,0
2023,2023-W34,Dadra And Nagar Haveli,Fever Of Unknown Origin,101,0
2023,2023-W34,Jammu And Kashmir,Dengue,179,0
2023,2023-W34,Jammu And Kashmir,Mumps,68,0
2023,2023-W34,Jharkhand,Acute Diarrheal Disease,11,0
2023,2023-W34,Jharkhand,Dengue,15,0
2023,2023-W34,Karnataka,Chikungunya,8,0
2023,2023-W34,Karnataka,Cholera,19,0
2023,2023-W34,Karnataka,Leptospirosis,11,0
2023,2023-W34,Kerala,Acute Diarrheal Disease,42,0
2023,2023-W34,Kerala,Hepatitis A,28,0
2023,2023-W34,Kerala,Typhoid,37,0
2023,2023-W34,Madhya Pradesh,Acute Diarrheal Disease,299,3
2023,2023-W34,Madhya Pradesh,Dengue,11,0
2023,2023-W34,Maharashtra,Acute Diarrheal Disease,96,0
2023,2023-W34,Maharashtra,Dengue,62,0
2023,2023-W34,Maharashtra,Malaria,4,2
2023,2023-W34,Maharashtra,Zika Virus,2,0
2023,2023-W34,Odisha,Acute Diarrheal Disease,115,0
2023,2023-W34,Odisha,Fever Of Unknown Origin,113,0
2023,2023-W34,Rajasthan,Dengue,581,1
2023,2023-W34,Rajasthan,Hepatitis A,36,0
2023,2023-W34,Tamil Nadu,Acute Diarrheal Disease,52,0
2023,2023-W34,Tamil Nadu,Hepatitis A,140,0
2023,2023-W34,Uttar Pradesh,Acute Diarrheal Disease,75,5
2023,2023-W34,Uttar Pradesh,Dengue,235,0
2023,2023-W34,Uttar Pradesh,Measles,12,0
2023,2023-W34,Uttarakhand,Acute Diarrheal Disease,35,0
2023,2023-W34,Uttarakhand,Hepatitis A,12,0
2023,2023-W34,West Bengal,Cholera,21,0
2023,2023-W35,Assam,Acute Diarrheal Disease,37,0
2023,2023-W35,Assam,Food Poisoning,225,0
2023,2023-W35,Chhattisgarh,Acute Diarrheal Disease,83,3
2023,2023-W35,Dadra And Nagar Haveli,Fever,64,0
2023,2023-W35,Gujarat,Crimean-Congo Haemandrhagic Fever (Cchf),2,0
2023,2023-W35,Gujarat,Scrub Typhus,12,0
2023,2023-W35,Jammu And Kashmir,Dengue,8,0
2023,2023-W35,Jammu And Kashmir,Mumps,85,0
2023,2023-W35,Jharkhand,Acute Diarrheal Disease,24,0
2023,2023-W35,Jharkhand,Malaria,32,0
2023,2023-W35,Karnataka,Acute Diarrheal Disease,314,1
2023,2023-W35,Karnataka,Human Rabies,2,2
2023,2023-W35,Kerala,Acute Diarrheal Disease,24,0
2023,2023-W35,Kerala,Food Poisoning,74,0
2023,2023-W35,Kerala,Melioidosis,2,0
2023,2023-W35,Madhya Pradesh,Acute Diarrheal Disease,23,0
2023,2023-W35,Madhya Pradesh,Dengue,252,0
2023,2023-W35,Madhya Pradesh,Diphtheria,2,2
2023,2023-W35,Madhya Pradesh,Fever With Rash,7,0
2023,2023-W35,Madhya Pradesh,Malaria,6,0
2023,2023-W35,Madhya Pradesh,Measles,5,0
2023,2023-W35,Madhya Pradesh,Scrub Typhus,13,0
2023,2023-W35,Maharashtra,Acute Diarrheal Disease,189,0
2023,2023-W35,Maharashtra,Acute Encephalitic Syndrome,42,2
2023,2023-W35,Maharashtra,Dengue,104,3
2023,2023-W35,Maharashtra,Fever,46,0
2023,2023-W35,Maharashtra,Malaria,15,0
2023,2023-W35,Maharashtra,Scrub Typhus,44,2
2023,2023-W35,Meghalaya,Mumps,41,0
2023,2023-W35,Mizoram,Scrub Typhus,42,0
2023,2023-W35,Odisha,Acute Diarrheal Disease,113,0
2023,2023-W35,Tamil Nadu,Acute Diarrheal Disease,86,2
2023,2023-W35,Tamil Nadu,Acute Gastroenteritis,30,0
2023,2023-W35,Tamil Nadu,Cholera,5,0
2023,2023-W35,Tamil Nadu,Dengue,49,0
2023,2023-W35,Uttar Pradesh,Acute Diarrheal Disease,140,0
2023,2023-W35,Uttar Pradesh,Dengue,12,0
2023,2023-W35,Uttar Pradesh,Food Poisoning,24,0
2023,2023-W35,Uttar Pradesh,Malaria,35,0
2023,2023-W35,Uttar Pradesh,Scrub Typhus,27,0
2023,2023-W35,Uttarakhand,Dengue,2168,26
2023,2023-W36,Andhra Pradesh,Acute Diarrheal Disease,308,0
2023,2023-W36,Arunachal Pradesh,Acute Diarrheal Disease,188,0
2023,2023-W36,Arunachal Pradesh,Human Rabies,2,2
2023,2023-W36,Assam,Acute Diarrheal Disease,120,0
2023,2023-W36,Bihar,Acute Diarrheal Disease,22,0
2023,2023-W36,Bihar,Dengue,223,0
2023,2023-W36,Chhattisgarh,Typhoid,46,0
2023,2023-W36,Gujarat,Acute Diarrheal Disease,78,0
2023,2023-W36,Jammu And Kashmir,Dengue,574,0
2023,2023-W36,Jammu And Kashmir,Mumps,32,0
2023,2023-W36,Jharkhand,Acute Diarrheal Disease,54,0
2023,2023-W36,Jharkhand,Chikungunya,20,0
2023,2023-W36,Jharkhand,Dengue,20,0
2023,2023-W36,Jharkhand,Measles,24,0
2023,2023-W36,Karnataka,Acute Diarrheal Disease,84,0
2023,2023-W36,Karnataka,Human Rabies,2,2
2023,2023-W36,Kerala,Chickenpox,11,0
2023,2023-W36,Kerala,Food Poisoning,142,0
2023,2023-W36,Kerala,Hepatitis A,17,0
2023,2023-W36,Madhya Pradesh,Acute Diarrheal Disease,164,6
2023,2023-W36,Madhya Pradesh,Dengue,152,0
2023,2023-W36,Madhya Pradesh,Measles,39,0
2023,2023-W36,Madhya Pradesh,Scrub Typhus,90,0
2023,2023-W36,Maharashtra,Acute Diarrheal Disease,272,0
2023,2023-W36,Maharashtra,Dengue,109,2
2023,2023-W36,Maharashtra,Scrub Typhus,20,2
2023,2023-W36,Maharashtra,Zika Virus,6,0
2023,2023-W36,Manipur,Acute Diarrheal Disease,70,0
2023,2023-W36,Meghalaya,Dengue,29,0
2023,2023-W36,Odisha,Acute Diarrheal Disease,152,0
2023,2023-W36,Punjab,Acute Diarrheal Disease,322,12
2023,2023-W36,Rajasthan,Scrub Typhus,196,0
2023,2023-W36,Tamil Nadu,Acute Diarrheal Disease,44,0
2023,2023-W36,Tamil Nadu,Cholera,86,2
2023,2023-W36,Uttar Pradesh,Dengue,82,2
2023,2023-W36,Uttar Pradesh,Measles,38,0
2023,2023-W36,Uttar Pradesh,Scrub Typhus,13,0
2023,2023-W37,Arunachal Pradesh,Human Rabies,1,1
2023,2023-W37,Assam,Acute Diarrheal Disease,78,0
2023,2023-W37,Assam,Chikungunya And Dengue,23,0
2023,2023-W37,Assam,Food Poisoning,90,0
2023,2023-W37,Bihar,Acute Diarrheal Disease,75,0
2023,2023-W37,Bihar,Dengue,95,0
2023,2023-W37,Bihar,Measles,21,0
2023,2023-W37,Chhattisgarh,Acute Diarrheal Disease,100,0
2023,2023-W37,Chhattisgarh,Cholera,14,0
2023,2023-W37,Jammu And Kashmir,Chikungunya,18,0
2023,2023-W37,Jammu And Kashmir,Human Rabies,1,1
2023,2023-W37,Jammu And Kashmir,Jaundice,32,0
2023,2023-W37,Jammu And Kashmir,Mumps,41,0
2023,2023-W37,Jharkhand,Chickenpox,17,0
2023,2023-W37,Jharkhand,Dengue,100,0
2023,2023-W37,Jharkhand,Fever,72,0
2023,2023-W37,Karnataka,Acute Diarrheal Disease,79,0
2023,2023-W37,Kerala,Chickenpox,28,0
2023,2023-W37,Kerala,Food Poisoning,38,0
2023,2023-W37,Kerala,Mumps,15,0
2023,2023-W37,Kerala,Nipah Virus,6,2
2023,2023-W37,Madhya Pradesh,Acute Diarrheal Disease,83,4
2023,2023-W37,Madhya Pradesh,Chickenpox,6,0
2023,2023-W37,Maharashtra,Chikungunya,18,0
2023,2023-W37,Maharashtra,Dengue,113,10
2023,2023-W37,Maharashtra,Fever,5,1
2023,2023-W37,Maharashtra,Malaria,11,3
2023,2023-W37,Manipur,Chickenpox,0,0
2023,2023-W37,Manipur,Suspected Japanese Encephalitis,2,2
2023,2023-W37,Meghalaya,Measles,63,0
2023,2023-W37,Nagaland,Dengue,59,0
2023,2023-W37,Odisha,Acute Diarrheal Disease,7,0
2023,2023-W37,Odisha,Food Poisoning,12,0
2023,2023-W37,Odisha,Mumps,36,0
2023,2023-W37,Tamil Nadu,Dengue,22,0
2023,2023-W37,Uttar Pradesh,Malaria,92,0
2023,2023-W37,Uttar Pradesh,Scrub Typhus,9,0
2023,2023-W38,Andhra Pradesh,Acute Diarrheal Disease,143,0
2023,2023-W38,Assam,Acute Diarrheal Disease,492,0
2023,2023-W38,Assam,Chickenpox,5,1
2023,2023-W38,Assam,Measles,27,0
2023,2023-W38,Bihar,Acute Diarrheal Disease,100,0
2023,2023-W38,Chhattisgarh,Acute Diarrheal Disease,22,0
2023,2023-W38,Chhattisgarh,Cholera,95,0
2023,2023-W38,Gujarat,Acute Diarrheal Disease,15,0
2023,2023-W38,Jammu And Kashmir,Dengue,349,0
2023,2023-W38,Jammu And Kashmir,Jaundice,27,0
2023,2023-W38,Jammu And Kashmir,Mumps,26,0
2023,2023-W38,Jharkhand,Dengue,80,0
2023,2023-W38,Karnataka,Acute Diarrheal Disease,36,0
2023,2023-W38,Karnataka,Dengue,15,0
2023,2023-W38,Kerala,Fever,72,0
2023,2023-W38,Kerala,Hepatitis A,65,1
2023,2023-W38,Madhya Pradesh,Scrub Typhus,6,0
2023,2023-W38,Madhya Pradesh,Typhoid,6,0
2023,2023-W38,Maharashtra,Dengue,85,7
2023,2023-W38,Maharashtra,Fever,14,1
2023,2023-W38,Maharashtra,Food Poisoning,80,0
2023,2023-W38,Maharashtra,Malaria,14,1
2023,2023-W38,Meghalaya,Human Rabies,1,1
2023,2023-W38,Odisha,Acute Diarrheal Disease,113,0
2023,2023-W38,Odisha,Mumps,36,0
2023,2023-W38,Tamil Nadu,Acute Diarrheal Disease,63,1
2023,2023-W38,Tamil Nadu,Fever With Rash,8,0
2023,2023-W38,Tripura,Acute Diarrheal Disease,64,0
2023,2023-W39,Assam,Acute Diarrheal Disease,152,0
2023,2023-W39,Assam,Animal Bite - Dog Bite,1,1
2023,2023-W39,Assam,Food Poisoning,105,0
2023,2023-W39,Bihar,Acute Diarrheal Disease,29,0
2023,2023-W39,Bihar,Mumps,13,0
2023,2023-W39,Chhattisgarh,Acute Diarrheal Disease,212,0
2023,2023-W39,Chhattisgarh,Cholera,38,1
2023,2023-W39,Gujarat,Cholera,30,0
2023,2023-W39,Haryana,Acute Diarrheal Disease,11,0
2023,2023-W39,Jammu And Kashmir,Hepatitis A,26,0
2023,2023-W39,Jammu And Kashmir,Measles,5,0
2023,2023-W39,Jharkhand,Dengue,11,0
2023,2023-W39,Jharkhand,Malaria,36,0
2023,2023-W39,Karnataka,Acute Diarrheal Disease,46,0
2023,2023-W39,Karnataka,Chikungunya,10,0
2023,2023-W39,Karnataka,Fever,34,0
2023,2023-W39,Karnataka,Food Poisoning,10,0
2023,2023-W39,Karnataka,Human Rabies,1,1
2023,2023-W39,Karnataka,Leptospirosis,1,1
2023,2023-W39,Karnataka,Mumps,22,0
2023,2023-W39,Kerala,Acute Diarrheal Disease,91,0
2023,2023-W39,Kerala,Chickenpox,36,0
2023,2023-W39,Kerala,Food Poisoning,20,0
2023,2023-W39,Kerala,Hepatitis A,68,0
2023,2023-W39,Madhya Pradesh,Acute Diarrheal Disease,8,2
2023,2023-W39,Madhya Pradesh,Malaria,29,0
2023,2023-W39,Maharashtra,Acute Diarrheal Disease,46,0
2023,2023-W39,Maharashtra,Dengue,25,3
2023,2023-W39,Meghalaya,Measles,16,0
2023,2023-W39,Nagaland,Dengue,260,0
2023,2023-W39,Nagaland,Malaria,34,0
2023,2023-W39,Puducherry,Dengue,14,0
2023,2023-W39,Punjab,Hepatitis A,28,1
2023,2023-W39,Tamil Nadu,Dengue,12,0
2023,2023-W39,Uttar Pradesh,Acute Diarrheal Disease,55,0
2023,2023-W39,West Bengal,Acute Diarrheal Disease,33,0
2023,2023-W40,Bihar,Dengue,42,0
2023,2023-W40,Chhattisgarh,Acute Diarrheal Disease,163,3
2023,2023-W40,Chhattisgarh,Cholera,30,0
2023,2023-W40,Chhattisgarh,Fever,96,0
2023,2023-W40,Gujarat,Food Poisoning,50,0
2023,2023-W40,Gujarat,Hepatitis A,114,0
2023,2023-W40,Jammu And Kashmir,Chikungunya,56,0
2023,2023-W40,Jammu And Kashmir,Dengue,122,0
2023,2023-W40,Jammu And Kashmir,Hepatitis A,30,0
2023,2023-W40,Jammu And Kashmir,Jaundice,24,0
2023,2023-W40,Jammu And Kashmir,Mumps,16,0
2023,2023-W40,Jharkhand,Acute Diarrheal Disease,28,4
2023,2023-W40,Jharkhand,Chikungunya,18,0
2023,2023-W40,Karnataka,Acute Diarrheal Disease,10,0
2023,2023-W40,Karnataka,Fever,54,0
2023,2023-W40,Karnataka,Japanese Encephalitis,12,0
2023,2023-W40,Karnataka,Leptospirosis,6,2
2023,2023-W40,Kerala,Acute Diarrheal Disease,199,0
2023,2023-W40,Kerala,Animal Bite - Dog Bite,10,0
2023,2023-W40,Kerala,Brucellosis,4,0
2023,2023-W40,Kerala,Dengue,72,0
2023,2023-W40,Kerala,West Nile Fever,2,0
2023,2023-W40,Madhya Pradesh,Acute Diarrheal Disease,20,2
2023,2023-W40,Madhya Pradesh,Dengue,109,0
2023,2023-W40,Madhya Pradesh,Fever,52,0
2023,2023-W40,Madhya Pradesh,Food Poisoning,332,0
2023,2023-W40,Madhya Pradesh,Hepatitis A,8,0
2023,2023-W40,Madhya Pradesh,Measles,10,0
2023,2023-W40,Maharashtra,Acute Diarrheal Disease,150,0
2023,2023-W40,Maharashtra,Chikungunya,13,0
2023,2023-W40,Maharashtra,Dengue,272,12
2023,2023-W40,Maharashtra,Fever Of Unknown Cause,2,1
2023,2023-W40,Maharashtra,Zika Virus,2,0
2023,2023-W40,Meghalaya,Human Rabies,1,1
2023,2023-W40,Odisha,Acute Diarrheal Disease,78,0
2023,2023-W40,Telangana,Acute Diarrheal Disease,164,0
2023,2023-W40,Uttar Pradesh,Dengue,216,0
2023,2023-W41,Arunachal Pradesh,Acute Diarrheal Disease,26,0
2023,2023-W41,Arunachal Pradesh,Dengue,20,0
2023,2023-W41,Assam,Human Rabies,1,1
2023,2023-W41,Bihar,Acute Diarrheal Disease,34,0
2023,2023-W41,Bihar,Dengue,792,0
2023,2023-W41,Chhattisgarh,Acute Diarrheal Disease,226,0
2023,2023-W41,Gujarat,Acute Diarrheal Disease,86,0
2023,2023-W41,Jammu And Kashmir,Dengue,15,0
2023,2023-W41,Jammu And Kashmir,Mumps,60,0
2023,2023-W41,Jharkhand,Acute Diarrheal Disease,120,0
2023,2023-W41,Jharkhand,Chikungunya,23,0
2023,2023-W41,Jharkhand,Dengue,40,0
2023,2023-W41,Jharkhand,Malaria,17,0
2023,2023-W41,Karnataka,Dengue,124,0
2023,2023-W41,Karnataka,Mumps,28,0
2023,2023-W41,Kerala,Acute Diarrheal Disease,190,0
2023,2023-W41,Kerala,Hepatitis A,247,0
2023,2023-W41,Kerala,Measles,27,0
2023,2023-W41,Kerala,West Nile Fever,2,0
2023,2023-W41,Madhya Pradesh,Acute Gastroenteritis,22,0
2023,2023-W41,Madhya Pradesh,Dengue,96,0
2023,2023-W41,Madhya Pradesh,Diphtheria,2,2
2023,2023-W41,Madhya Pradesh,Leptospirosis,2,2
2023,2023-W41,Maharashtra,Acute Diarrheal Disease,118,0
2023,2023-W41,Maharashtra,Dengue,170,3
2023,2023-W41,Meghalaya,Measles,18,0
2023,2023-W41,Mizoram,Scrub Typhus,191,1
2023,2023-W41,Odisha,Food Poisoning,114,0
2023,2023-W41,Punjab,Mumps,44,0
2023,2023-W41,Rajasthan,Scrub Typhus,12,0
2023,2023-W41,Tamil Nadu,Acute Diarrheal Disease,26,0
2023,2023-W41,Uttar Pradesh,Acute Diarrheal Disease,36,0
2023,2023-W41,Uttar Pradesh,Fever,48,0
2023,2023-W42,Andhra Pradesh,Food Poisoning,26,0
2023,2023-W42,Arunachal Pradesh,Animal Bite - Dog Bite,4,1
2023,2023-W42,Assam,Food Poisoning,7,0
2023,2023-W42,Bihar,Measles,10,0
2023,2023-W42,Bihar,Typhoid,20,0
2023,2023-W42,Chhattisgarh,Acute Diarrheal Disease,123,0
2023,2023-W42,Gujarat,Food Poisoning,7,0
2023,2023-W42,Haryana,Diphtheria,8,4
2023,2023-W42,Jammu And Kashmir,Acute Diarrheal Disease,79,0
2023,2023-W42,Jammu And Kashmir,Chikungunya,39,0
2023,2023-W42,Jammu And Kashmir,Mumps,11,0
2023,2023-W42,Jharkhand,Acute Diarrheal Disease,41,0
2023,2023-W42,Jharkhand,Dengue,58,0
2023,2023-W42,Jharkhand,Food Poisoning,54,0
2023,2023-W42,Karnataka,Chikungunya,36,0
2023,2023-W42,Karnataka,Dengue,27,0
2023,2023-W42,Karnataka,Fever,17,0
2023,2023-W42,Karnataka,Leptospirosis,1,1
2023,2023-W42,Kerala,Acute Diarrheal Disease,240,0
2023,2023-W42,Kerala,Chickenpox,15,0
2023,2023-W42,Kerala,Dengue,78,0
2023,2023-W42,Kerala,Food Poisoning,25,0
2023,2023-W42,Kerala,Hepatitis A,24,0
2023,2023-W42,Kerala,Measles,44,0
2023,2023-W42,Madhya Pradesh,Acute Diarrheal Disease,24,0
2023,2023-W42,Madhya Pradesh,Dengue,188,0
2023,2023-W42,Madhya Pradesh,Leptospirosis,8,0
2023,2023-W42,Madhya Pradesh,Measles,9,0
2023,2023-W42,Maharashtra,Chikungunya,145,0
2023,2023-W42,Maharashtra,Chikungunya And Dengue,11,1
2023,2023-W42,Maharashtra,Dengue,146,7
2023,2023-W42,Maharashtra,Scrub Typhus,10,1
2023,2023-W42,Odisha,Acute Diarrheal Disease,46,0
2023,2023-W42,Odisha,Food Poisoning,50,0
2023,2023-W42,Odisha,Measles,6,0
2023,2023-W42,Punjab,Chickenpox,44,0
2023,2023-W42,Tamil Nadu,Acute Diarrheal Disease,68,0
2023,2023-W43,Andhra Pradesh,Acute Diarrheal Disease,38,0
2023,2023-W43,Arunachal Pradesh,Animal Bite - Dog Bite,3,0
2023,2023-W43,Assam,Acute Diarrheal Disease,6,0
2023,2023-W43,Gujarat,Acute Diarrheal Disease,14,0
2023,2023-W43,Gujarat,Dengue,10,0
2023,2023-W43,Gujarat,Diphtheria,1,1
2023,2023-W43,Gujarat,Food Poisoning,124,0
2023,2023-W43,Jharkhand,Acute Diarrheal Disease,82,0
2023,2023-W43,Jharkhand,Chikungunya,11,0
2023,2023-W43,Karnataka,Acute Diarrheal Disease,22,0
2023,2023-W43,Kerala,Acute Diarrheal Disease,57,0
2023,2023-W43,Kerala,Zika Virus,1,0
2023,2023-W43,Madhya Pradesh,Acute Diarrheal Disease,30,0
2023,2023-W43,Madhya Pradesh,Dengue,58,0
2023,2023-W43,Madhya Pradesh,Malaria,20,0
2023,2023-W43,Maharashtra,Acute Diarrheal Disease,43,0
2023,2023-W43,Maharashtra,Chikungunya,6,0
2023,2023-W43,Maharashtra,Dengue,49,5
2023,2023-W43,Maharashtra,Hepatitis A,16,0
2023,2023-W43,Mizoram,Food Poisoning,34,0
2023,2023-W43,Mizoram,Typhoid,64,1
2023,2023-W43,Rajasthan,Dengue,510,0
2023,2023-W43,Uttar Pradesh,Chickenpox,30,0
2023,2023-W44,Assam,Human Rabies,2,2
2023,2023-W44,Bihar,Dengue,66,0
2023,2023-W44,Chhattisgarh,Acute Diarrheal Disease,10,0
2023,2023-W44,Haryana,Japanese Encephalitis,20,8
2023,2023-W44,Jammu And Kashmir,Mumps,28,0
2023,2023-W44,Jharkhand,Acute Diarrheal Disease,134,0
2023,2023-W44,Jharkhand,Fever With Rash,15,0
2023,2023-W44,Jharkhand,Malaria,14,0
2023,2023-W44,Karnataka,Dengue,20,0
2023,2023-W44,Karnataka,Human Rabies,5,5
2023,2023-W44,Kerala,Acute Diarrheal Disease,70,0
2023,2023-W44,Kerala,Dengue,24,0
2023,2023-W44,Kerala,Hepatitis A,8,0
2023,2023-W44,Kerala,Mumps,170,0
2023,2023-W44,Kerala,Shigellosis,22,0
2023,2023-W44,Kerala,Zika Virus,10,0
2023,2023-W44,Madhya Pradesh,Dengue,18,0
2023,2023-W44,Madhya Pradesh,Fever Of Unknown Origin,51,0
2023,2023-W44,Madhya Pradesh,Food Poisoning,46,0
2023,2023-W44,Madhya Pradesh,Measles,10,0
2023,2023-W44,Maharashtra,Dengue,70,3
2023,2023-W44,Maharashtra,Zika Virus,10,0
2023,2023-W44,Manipur,Acute Diarrheal Disease,46,0
2023,2023-W44,Meghalaya,Dengue,84,0
2023,2023-W44,Mizoram,Food Poisoning,72,0
2023,2023-W44,Odisha,Acute Diarrheal Disease,28,0
2023,2023-W44,Rajasthan,Acute Diarrheal Disease,115,0
2023,2023-W44,Tamil Nadu,Mumps,30,0
2023,2023-W44,Uttar Pradesh,Food Poisoning,649,0
2023,2023-W44,West Bengal,Acute Diarrheal Disease,86,0
2023,2023-W45,Andhra Pradesh,Acute Diarrheal Disease,72,0
2023,2023-W45,Assam,Acute Diarrheal Disease,108,0
2023,2023-W45,Assam,Measles,12,0
2023,2023-W45,Bihar,Dengue,39,0
2023,2023-W45,Chhattisgarh,Acute Diarrheal Disease,26,0
2023,2023-W45,Gujarat,Acute Diarrheal Disease,70,0
2023,2023-W45,Gujarat,Hepatitis A,52,0
2023,2023-W45,Haryana,Acute Diarrheal Disease,302,2
2023,2023-W45,Jharkhand,Acute Diarrheal Disease,32,0
2023,2023-W45,Jharkhand,Chickenpox,20,0
2023,2023-W45,Jharkhand,Dengue,18,0
2023,2023-W45,Jharkhand,Measles,14,0
2023,2023-W45,Karnataka,Acute Diarrheal Disease,128,0
2023,2023-W45,Kerala,Acute Diarrheal Disease,26,0
2023,2023-W45,Kerala,Food Poisoning,36,0
2023,2023-W45,Kerala,Hepatitis A,38,0
2023,2023-W45,Madhya Pradesh,Acute Diarrheal Disease,54,0
2023,2023-W45,Madhya Pradesh,Dengue,134,0
2023,2023-W45,Madhya Pradesh,Measles,28,0
2023,2023-W45,Madhya Pradesh,Scrub Typhus,22,0
2023,2023-W45,Maharashtra,Acute Diarrheal Disease,358,0
2023,2023-W45,Maharashtra,Dengue,159,6
2023,2023-W45,Maharashtra,Scrub Typhus,6,2
2023,2023-W45,Manipur,Malaria,12,0
2023,2023-W45,Manipur,Measles,18,0
2023,2023-W45,Meghalaya,Hepatitis A,30,0
2023,2023-W45,Odisha,Acute Diarrheal Disease,56,0
2023,2023-W45,Odisha,Food Poisoning,60,0
2023,2023-W45,West Bengal,Acute Diarrheal Disease,130,2
2023,2023-W46,Arunachal Pradesh,Scrub Typhus,34,0
2023,2023-W46,Assam,Measles,12,0
2023,2023-W46,Chhattisgarh,Acute Diarrheal Disease,145,0
2023,2023-W46,Jammu And Kashmir,Chickenpox,8,0
2023,2023-W46,Jammu And Kashmir,Chikungunya,10,0
2023,2023-W46,Jammu And Kashmir,Hepatitis A,11,0
2023,2023-W46,Jharkhand,Chickenpox,7,0
2023,2023-W46,Jharkhand,Malaria,64,0
2023,2023-W46,Kerala,Acute Diarrheal Disease,14,0
2023,2023-W46,Kerala,Hepatitis A,197,2
2023,2023-W46,Kerala,Zika Virus,1,0
2023,2023-W46,Madhya Pradesh,Chickenpox,6,0
2023,2023-W46,Meghalaya,Scrub Typhus,34,0
2023,2023-W46,Mizoram,Food Poisoning,11,0
2023,2023-W46,Odisha,Acute Diarrheal Disease,62,0
2023,2023-W46,Tamil Nadu,Leptospirosis,13,0
2023,2023-W46,Uttar Pradesh,Chickenpox,28,0
2023,2023-W46,West Bengal,Acute Diarrheal Disease,40,0
2023,2023-W47,Assam,Acute Diarrheal Disease,128,0
2023,2023-W47,Assam,Chikungunya,67,0
2023,2023-W47,Assam,Fever,32,0
2023,2023-W47,Assam,Human Rabies,1,1
2023,2023-W47,Assam,Tetanus,1,1
2023,2023-W47,Bihar,Chikungunya,20,0
2023,2023-W47,Chhattisgarh,Acute Diarrheal Disease,45,0
2023,2023-W47,Chhattisgarh,Mumps,5,0
2023,2023-W47,Gujarat,Acute Diarrheal Disease,19,0
2023,2023-W47,Gujarat,Hepatitis A,218,0
2023,2023-W47,Jammu And Kashmir,Chikungunya,90,0
2023,2023-W47,Jammu And Kashmir,Dengue,421,0
2023,2023-W47,Jharkhand,Acute Diarrheal Disease,25,0
2023,2023-W47,Jharkhand,Dysentery,55,0
2023,2023-W47,Karnataka,Acute Diarrheal Disease,179,0
2023,2023-W47,Karnataka,Malaria,1,1
2023,2023-W47,Karnataka,Measles,7,0
2023,2023-W47,Karnataka,Mumps,11,0
2023,2023-W47,Kerala,Acute Diarrheal Disease,140,0
2023,2023-W47,Kerala,Chickenpox,5,0
2023,2023-W47,Kerala,Dengue,33,0
2023,2023-W47,Kerala,Food Poisoning,39,0
2023,2023-W47,Kerala,Mumps,10,0
2023,2023-W47,Kerala,Zika Virus,1,0
2023,2023-W47,Madhya Pradesh,Acute Diarrheal Disease,73,0
2023,2023-W47,Madhya Pradesh,Dengue,20,0
2023,2023-W47,Madhya Pradesh,Leptospirosis,8,0
2023,2023-W47,Madhya Pradesh,Measles,5,0
2023,2023-W47,Madhya Pradesh,Scrub Typhus,2,2
2023,2023-W47,Maharashtra,Chikungunya And Dengue,36,0
2023,2023-W47,Maharashtra,Dengue,13,1
2023,2023-W47,Maharashtra,Malaria,3,1
2023,2023-W47,Odisha,Food Poisoning,41,0
2023,2023-W47,Odisha,Scrub Typhus,8,0
2023,2023-W47,Tamil Nadu,Dengue And Leptospirosis,11,0
2023,2023-W47,Tamil Nadu,Fever,9,0
2023,2023-W47,Tamil Nadu,Leptospirosis,5,0
2023,2023-W47,Telangana,Acute Diarrheal Disease,13,0
2023,2023-W47,Uttar Pradesh,Measles,27,0
2023,2023-W47,Uttar Pradesh,Scrub Typhus,16,0
2023,2023-W48,Andhra Pradesh,Acute Diarrheal Disease,97,0
2023,2023-W48,Assam,Measles,52,0
2023,2023-W48,Bihar,Measles,8,0
2023,2023-W48,Jharkhand,Chickenpox,12,0
2023,2023-W48,Jharkhand,Malaria,4904,2
2023,2023-W48,Karnataka,Acute Diarrheal Disease,236,0
2023,2023-W48,Karnataka,Animal Bite - Dog Bite,20,0
2023,2023-W48,Karnataka,Dengue,11,0
2023,2023-W48,Kerala,Acute Diarrheal Disease,202,0
2023,2023-W48,Kerala,Chickenpox,32,0
2023,2023-W48,Kerala,Shigellosis,30,0
2023,2023-W48,Madhya Pradesh,Dengue,11,0
2023,2023-W48,Maharashtra,Malaria,4,1
2023,2023-W48,Odisha,Acute Diarrheal Disease,80,0
2023,2023-W48,Puducherry,Acute Diarrheal Disease,54,0
2023,2023-W48,Puducherry,Dengue,43,0
2023,2023-W48,Punjab,Acute Diarrheal Disease,132,0
2023,2023-W48,Tamil Nadu,Mumps,10,0
2023,2023-W48,Uttar Pradesh,Measles,5,0
2023,2023-W48,West Bengal,Acute Diarrheal Disease,50,0
2023,2023-W49,Bihar,Measles,10,0
2023,2023-W49,Chhattisgarh,Fever With Altered Sensandium,3,3
2023,2023-W49,Jharkhand,Dengue,56,0
2023,2023-W49,Kerala,Mumps,24,0
2023,2023-W49,Maharashtra,Dengue,7,0
2023,2023-W49,Mizoram,Fever With Rash,10,0
2023,2023-W49,Odisha,Acute Diarrheal Disease,140,0
2023,2023-W49,Puducherry,Animal Bite - Dog Bite,25,0
2023,2023-W49,Rajasthan,Acute Diarrheal Disease,450,0
2023,2023-W49,Tamil Nadu,Dengue,14,0
2023,2023-W49,Tamil Nadu,Leptospirosis,8,0
2023,2023-W50,Assam,Acute Diarrheal Disease,122,0
2023,2023-W50,Assam,Chickenpox,11,0
2023,2023-W50,Assam,Human Rabies,1,1
2023,2023-W50,Bihar,Measles,20,0
2023,2023-W50,Bihar,Mumps,56,0
2023,2023-W50,Chhattisgarh,Acute Diarrheal Disease,20,0
2023,2023-W50,Gujarat,Acute Diarrheal Disease,88,0
2023,2023-W50,Jharkhand,Measles,2,0
2023,2023-W50,Karnataka,Acute Diarrheal Disease,52,0
2023,2023-W50,Karnataka,Animal Bite - Dog Bite,22,0
2023,2023-W50,Karnataka,Kyasanur Fandest Disease,1,0
2023,2023-W50,Karnataka,Mumps,14,0
2023,2023-W50,Kerala,Acute Diarrheal Disease,36,0
2023,2023-W50,Kerala,Chickenpox,66,0
2023,2023-W50,Kerala,Hepatitis A,11,0
2023,2023-W50,Kerala,Mumps,7,0
2023,2023-W50,Madhya Pradesh,Acute Diarrheal Disease,100,2
2023,2023-W50,Madhya Pradesh,Mumps,20,0
2023,2023-W50,Maharashtra,Acute Diarrheal Disease,40,0
2023,2023-W50,Maharashtra,Dengue,14,2
2023,2023-W50,Maharashtra,Malaria,46,2
2023,2023-W50,Maharashtra,Zika Virus,1,0
2023,2023-W50,Mizoram,Food Poisoning,14,0
2023,2023-W50,Odisha,Acute Diarrheal Disease,36,0
2023,2023-W50,Odisha,Cholera,6002,18
2023,2023-W50,Odisha,Typhoid,22,0
2023,2023-W50,Rajasthan,Mumps,60,0
2023,2023-W50,Tamil Nadu,Chickenpox,11,0
2023,2023-W50,Tamil Nadu,Cholera,20,1
2023,2023-W51,Assam,Fever With Rash,7,0
2023,2023-W51,Assam,Human Rabies,1,1
2023,2023-W51,Assam,Scrub Typhus,1,1
2023,2023-W51,Chhattisgarh,Acute Diarrheal Disease,121,0
2023,2023-W51,Chhattisgarh,Chickenpox,20,0
2023,2023-W51,Chhattisgarh,Mumps,21,0
2023,2023-W51,Gujarat,Crimean-Congo Haemandrhagic Fever (Cchf),1,1
2023,2023-W51,Gujarat,Food Poisoning,35,0
2023,2023-W51,Jammu And Kashmir,Mumps,15,0
2023,2023-W51,Karnataka,Human Rabies,1,1
2023,2023-W51,Karnataka,Mumps,55,0
2023,2023-W51,Kerala,Chickenpox,18,0
2023,2023-W51,Kerala,Food Poisoning,35,0
2023,2023-W51,Kerala,Hepatitis A,22,0
2023,2023-W51,Kerala,Jaundice,18,0
2023,2023-W51,Madhya Pradesh,Chickenpox,21,0
2023,2023-W51,Madhya Pradesh,Fever,23,0
2023,2023-W51,Madhya Pradesh,Leptospirosis,3,1
2023,2023-W51,Madhya Pradesh,Scrub Typhus,6,0
2023,2023-W51,Maharashtra,Acute Diarrheal Disease,62,0
2023,2023-W51,Maharashtra,Chikungunya,18,0
2023,2023-W51,Maharashtra,Dengue,1,1
2023,2023-W51,Maharashtra,Food Poisoning,132,0
2023,2023-W51,Maharashtra,Mumps,9,0
2023,2023-W51,Odisha,Acute Diarrheal Disease,78,0
2023,2023-W51,Tamil Nadu,Acute Diarrheal Disease,20,0
2023,2023-W51,Tamil Nadu,Mumps,6,0
2023,2023-W51,Tripura,Acute Gastroenteritis,31,0
2023,2023-W51,Uttar Pradesh,Chickenpox,22,0
2023,2023-W51,Uttar Pradesh,Fever,288,0
2023,2023-W51,Uttar Pradesh,Food Poisoning,90,0
2023,2023-W51,Uttar Pradesh,Measles,11,0
2023,2023-W51,Uttar Pradesh,Mumps,39,0
2023,2023-W51,Uttarakhand,Fever,27,0
2023,2023-W52,Assam,Acute Diarrheal Disease,10,0
2023,2023-W52,Assam,Scrub Typhus,1,1
2023,2023-W52,Bihar,Food Poisoning,13,0
2023,2023-W52,Bihar,Measles,50,0
2023,2023-W52,Chhattisgarh,Acute Diarrheal Disease,23,0
2023,2023-W52,Gujarat,Acute Diarrheal Disease,35,0
2023,2023-W52,Gujarat,Cholera,4,0
2023,2023-W52,Karnataka,Cholera,318,1
2023,2023-W52,Karnataka,Food Poisoning,37,0
2023,2023-W52,Karnataka,Mumps,19,0
2023,2023-W52,Madhya Pradesh,Acute Diarrheal Disease,34,0
2023,2023-W52,Odisha,Acute Diarrheal Disease,167,0
2023,2023-W52,Tamil Nadu,Cholera,45,0
2023,2023-W52,Uttar Pradesh,Acute Diarrheal Disease,87,0
2023,2023-W52,West Bengal,Acute Diarrheal Disease,60,0
2023,2023-W52,West Bengal,Food Poisoning,16,0
2024,2024-W01,Andhra Pradesh,Acute Diarrheal Disease,60,0
2024,2024-W01,Assam,Chickenpox,12,0
2024,2024-W01,Assam,Leptospirosis,2,2
2024,2024-W01,Bihar,Chickenpox,16,0
2024,2024-W01,Gujarat,Acute Diarrheal Disease,32,0
2024,2024-W01,Karnataka,Cholera,194,2
2024,2024-W01,Karnataka,Kyasanur Fandest Disease,162,2
2024,2024-W01,Kerala,Animal Bite - Dog Bite,18,0
2024,2024-W01,Kerala,Chickenpox,56,0
2024,2024-W01,Kerala,Monkey Pox,4,0
2024,2024-W01,Madhya Pradesh,Chickenpox,60,0
2024,2024-W01,Madhya Pradesh,Fever With Rash,16,0
2024,2024-W01,Maharashtra,Chikungunya And Dengue,18,0
2024,2024-W01,Maharashtra,Food Poisoning,212,0
2024,2024-W01,Maharashtra,Hepatitis A,18,0
2024,2024-W01,Maharashtra,Malaria,795,3
2024,2024-W01,Maharashtra,Scrub Typhus,18,2
2024,2024-W01,Odisha,Acute Diarrheal Disease,44,0
2024,2024-W01,Odisha,Food Poisoning,25,0
2024,2024-W01,Tamil Nadu,Acute Diarrheal Disease,22,0
2024,2024-W01,Tamil Nadu,Cholera,4,0
2024,2024-W01,Uttarakhand,Mumps,102,0
2024,2024-W02,Assam,Human Rabies,2,2
2024,2024-W02,Assam,Mumps,8,0
2024,2024-W02,Bihar,Measles,98,0
2024,2024-W02,Chhattisgarh,Acute Diarrheal Disease,18,0
2024,2024-W02,Gujarat,Chikungunya,104,0
2024,2024-W02,Jharkhand,Chickenpox,20,0
2024,2024-W02,Karnataka,Acute Diarrheal Disease,106,0
2024,2024-W02,Karnataka,Food Poisoning,184,0
2024,2024-W02,Kerala,Acute Diarrheal Disease,86,0
2024,2024-W02,Kerala,Food Poisoning,280,0
2024,2024-W02,Kerala,Hepatitis A,18,0
2024,2024-W02,Kerala,Mumps,36,0
2024,2024-W02,Madhya Pradesh,Animal Bite - Dog Bite,26,0
2024,2024-W02,Madhya Pradesh,Measles,24,0
2024,2024-W02,Maharashtra,Hepatitis A,84,0
2024,2024-W02,Odisha,Food Poisoning,500,0
2024,2024-W02,Tamil Nadu,Cholera,82,0
2024,2024-W02,Tamil Nadu,Mumps,30,0
2024,2024-W02,Uttar Pradesh,Measles,10,0
2024,2024-W02,West Bengal,Food Poisoning,472,0
2024,2024-W03,Arunachal Pradesh,Human Rabies,1,1
2024,2024-W03,Gujarat,Acute Diarrheal Disease,68,0
2024,2024-W03,Gujarat,Hepatitis A,22,0
2024,2024-W03,Jharkhand,Chickenpox,23,0
2024,2024-W03,Karnataka,Acute Diarrheal Disease,5,0
2024,2024-W03,Karnataka,Kyasanur Fandest Disease,660,0
2024,2024-W03,Kerala,Acute Diarrheal Disease,36,0
2024,2024-W03,Kerala,Dengue,78,0
2024,2024-W03,Kerala,Food Poisoning,141,0
2024,2024-W03,Kerala,Hepatitis A,12,0
2024,2024-W03,Madhya Pradesh,Fever With Rash,23,0
2024,2024-W03,Madhya Pradesh,Measles,66,2
2024,2024-W03,Madhya Pradesh,Mumps,100,0
2024,2024-W03,Maharashtra,Acute Diarrheal Disease,58,0
2024,2024-W03,Maharashtra,Dengue,23,2
2024,2024-W03,Odisha,Acute Diarrheal Disease,134,0
2024,2024-W03,Odisha,Fever With Rash,18,0
2024,2024-W03,Puducherry,Chikungunya,18,0
2024,2024-W03,Tamil Nadu,Mumps,9,0
2024,2024-W03,Uttar Pradesh,Measles,43,0
2024,2024-W04,Arunachal Pradesh,Measles,11,0
2024,2024-W04,Assam,Leptospirosis,4,0
2024,2024-W04,Dadra And Nagar Haveli And Daman And Diu,Food Poisoning,24,0
2024,2024-W04,Gujarat,Acute Diarrheal Disease,190,0
2024,2024-W04,Jammu And Kashmir,Jaundice,46,0
2024,2024-W04,Jharkhand,Measles,3,0
2024,2024-W04,Karnataka,Acute Diarrheal Disease,54,0
2024,2024-W04,Karnataka,Chikungunya,9,0
2024,2024-W04,Kerala,Acute Diarrheal Disease,123,0
2024,2024-W04,Kerala,Chickenpox,51,0
2024,2024-W04,Kerala,Hepatitis A,27,0
2024,2024-W04,Kerala,Melioidosis,2,0
2024,2024-W04,Kerala,Mumps,9,0
2024,2024-W04,Madhya Pradesh,Food Poisoning,64,0
2024,2024-W04,Maharashtra,Dengue,16,0
2024,2024-W04,Maharashtra,Mumps,5,0
2024,2024-W04,Meghalaya,Human Rabies,1,1
2024,2024-W04,Meghalaya,Measles,156,2
2024,2024-W04,Odisha,Acute Diarrheal Disease,19,0
2024,2024-W04,Odisha,Food Poisoning,61,0
2024,2024-W04,Punjab,Measles,4,0
2024,2024-W04,Tamil Nadu,Chickenpox,14,0
2024,2024-W04,Tamil Nadu,Mumps,17,0
2024,2024-W04,Uttar Pradesh,Measles,12,0
2024,2024-W05,Arunachal Pradesh,Measles And Rubella,19,0
2024,2024-W05,Bihar,Fever With Rash,11,0
2024,2024-W05,Gujarat,Acute Diarrheal Disease,86,0
2024,2024-W05,Gujarat,Cholera,258,0
2024,2024-W05,Gujarat,Mumps,19,0
2024,2024-W05,Jammu And Kashmir,Acute Diarrheal Disease,87,0
2024,2024-W05,Jammu And Kashmir,Hepatitis A,79,0
2024,2024-W05,Jharkhand,Chickenpox,13,0
2024,2024-W05,Karnataka,Diphtheria,2,2
2024,2024-W05,Karnataka,Kyasanur Fandest Disease,146,2
2024,2024-W05,Kerala,Chickenpox,5,0
2024,2024-W05,Kerala,Dengue,36,0
2024,2024-W05,Kerala,Fever With Rash,91,1
2024,2024-W05,Kerala,Mumps,16,0
2024,2024-W05,Madhya Pradesh,Chickenpox,20,0
2024,2024-W05,Madhya Pradesh,Fever With Rash,15,0
2024,2024-W05,Madhya Pradesh,Mumps,146,0
2024,2024-W05,Maharashtra,Acute Diarrheal Disease,110,0
2024,2024-W05,Maharashtra,Hepatitis A And E,202,0
2024,2024-W05,Manipur,Fever With Rash,68,0
2024,2024-W05,Manipur,Measles,42,0
2024,2024-W05,Meghalaya,Fever With Rash,29,0
2024,2024-W05,Meghalaya,Human Rabies,1,1
2024,2024-W05,Odisha,Acute Diarrheal Disease,37,0
2024,2024-W05,Odisha,Chickenpox,15,0
2024,2024-W05,Odisha,Food Poisoning,431,0
2024,2024-W05,Punjab,Mumps,26,0
2024,2024-W05,Tamil Nadu,Fever,7,0
2024,2024-W05,Tamil Nadu,Food Poisoning,6,0
2024,2024-W05,Tripura,Acute Diarrheal Disease,8,0
2024,2024-W05,Uttar Pradesh,Measles,77,0
2024,2024-W05,West Bengal,Acute Diarrheal Disease,311,0
2024,2024-W06,Bihar,Fever With Rash,28,0
2024,2024-W06,Bihar,Measles,38,0
2024,2024-W06,Chhattisgarh,Acute Diarrheal Disease,82,0
2024,2024-W06,Chhattisgarh,Dengue,48,0
2024,2024-W06,Chhattisgarh,Measles,80,0
2024,2024-W06,Chhattisgarh,Mumps,37,0
2024,2024-W06,Gujarat,Acute Diarrheal Disease,146,0
2024,2024-W06,Jharkhand,Chickenpox,26,0
2024,2024-W06,Jharkhand,Measles,10,0
2024,2024-W06,Karnataka,Acute Diarrheal Disease,120,0
2024,2024-W06,Karnataka,Chikungunya,106,0
2024,2024-W06,Karnataka,Shigellosis,78,0
2024,2024-W06,Kerala,Acute Diarrheal Disease,20,0
2024,2024-W06,Kerala,Food Poisoning,286,0
2024,2024-W06,Kerala,Hepatitis A,156,0
2024,2024-W06,Kerala,Mumps,38,0
2024,2024-W06,Madhya Pradesh,Measles,18,0
2024,2024-W06,Madhya Pradesh,Mumps,182,0
2024,2024-W06,Maharashtra,Acute Diarrheal Disease,2054,0
2024,2024-W06,Maharashtra,Dengue,18,0
2024,2024-W06,Maharashtra,Food Poisoning,1966,0
2024,2024-W06,Odisha,Food Poisoning,52,2
2024,2024-W06,Tamil Nadu,Acute Diarrheal Disease,262,0
2024,2024-W06,Tamil Nadu,Chickenpox,50,0
2024,2024-W06,Tamil Nadu,Leptospirosis,28,0
2024,2024-W06,Tamil Nadu,Mumps,44,0
2024,2024-W06,Telangana,Acute Diarrheal Disease,66,4
2024,2024-W07,Assam,Chickenpox,8,0
2024,2024-W07,Bihar,Acute Diarrheal Disease,30,0
2024,2024-W07,Bihar,Fever With Rash,18,0
2024,2024-W07,Bihar,Measles,8,0
2024,2024-W07,Chhattisgarh,Measles,12,0
2024,2024-W07,Gujarat,Acute Diarrheal Disease,9,0
2024,2024-W07,Gujarat,Chikungunya,18,0
2024,2024-W07,Gujarat,Food Poisoning,16,0
2024,2024-W07,Haryana,Food Poisoning,30,0
2024,2024-W07,Himachal Pradesh,Acute Diarrheal Disease,26,0
2024,2024-W07,Karnataka,Acute Diarrheal Disease,92,0
2024,2024-W07,Karnataka,Chikungunya,20,0
2024,2024-W07,Karnataka,Human Rabies,1,1
2024,2024-W07,Karnataka,Mumps,30,0
2024,2024-W07,Kerala,Mumps,63,0
2024,2024-W07,Kerala,Typhoid,57,0
2024,2024-W07,Madhya Pradesh,Fever With Rash,5,0
2024,2024-W07,Madhya Pradesh,Human Rabies,2,2
2024,2024-W07,Madhya Pradesh,Measles,74,1
2024,2024-W07,Madhya Pradesh,Mumps,34,0
2024,2024-W07,Madhya Pradesh,Scrub Typhus,40,0
2024,2024-W07,Maharashtra,Dengue,6,1
2024,2024-W07,Maharashtra,Malaria,19,2
2024,2024-W07,Meghalaya,Chickenpox,8,0
2024,2024-W07,Odisha,Acute Diarrheal Disease,85,0
2024,2024-W07,Odisha,Chickenpox,12,0
2024,2024-W07,Odisha,Fever With Rash,20,0
2024,2024-W07,Odisha,Food Poisoning,38,0
2024,2024-W07,Punjab,Mumps,162,0
2024,2024-W07,Tamil Nadu,Food Poisoning,8,2
2024,2024-W07,Uttar Pradesh,Fever With Rash,5,0
2024,2024-W07,Uttar Pradesh,Measles,5,0
2024,2024-W07,West Bengal,Acute Diarrheal Disease,6,0
2024,2024-W08,Andhra Pradesh,Food Poisoning,104,0
2024,2024-W08,Arunachal Pradesh,Chickenpox,29,0
2024,2024-W08,Assam,Animal Bite - Dog Bite,1,1
2024,2024-W08,Assam,Chickenpox,10,0
2024,2024-W08,Assam,Fever,14,0
2024,2024-W08,Assam,Human Rabies,1,1
2024,2024-W08,Bihar,Fever With Rash,9,0
2024,2024-W08,Bihar,Measles,11,0
2024,2024-W08,Chhattisgarh,Food Poisoning,80,0
2024,2024-W08,Gujarat,Measles,6,0
2024,2024-W08,Jharkhand,Measles,11,0
2024,2024-W08,Karnataka,Food Poisoning,24,0
2024,2024-W08,Karnataka,Human Rabies,1,1
2024,2024-W08,Karnataka,Kyasanur Fandest Disease,1,0
2024,2024-W08,Karnataka,Mumps,20,0
2024,2024-W08,Kerala,Food Poisoning,82,0
2024,2024-W08,Kerala,Hepatitis A,33,2
2024,2024-W08,Kerala,Mumps,11,0
2024,2024-W08,Madhya Pradesh,Chickenpox,21,0
2024,2024-W08,Madhya Pradesh,Fever With Rash,6,0
2024,2024-W08,Madhya Pradesh,Measles,15,1
2024,2024-W08,Madhya Pradesh,Mumps,6,0
2024,2024-W08,Maharashtra,Acute Diarrheal Disease,193,0
2024,2024-W08,Maharashtra,Food Poisoning,276,0
2024,2024-W08,Meghalaya,Human Rabies,4,4
2024,2024-W08,Meghalaya,Measles,23,0
2024,2024-W08,Odisha,Acute Diarrheal Disease,71,0
2024,2024-W08,Puducherry,Chickenpox,17,0
2024,2024-W08,Punjab,Mumps,7,0
2024,2024-W08,Tamil Nadu,Chickenpox,30,0
2024,2024-W08,Tamil Nadu,Mumps,40,0
2024,2024-W08,Uttar Pradesh,Fever With Rash,12,0
2024,2024-W08,Uttarakhand,Food Poisoning,23,0
2024,2024-W08,West Bengal,Cholera,20,0
2024,2024-W08,West Bengal,Food Poisoning,32,0
2024,2024-W09,Andhra Pradesh,Acute Diarrheal Disease,22,0
2024,2024-W09,Arunachal Pradesh,Mushroom Poisoning,7,1
2024,2024-W09,Assam,Acute Diarrheal Disease,13,0
2024,2024-W09,Assam,Food Poisoning,9,0
2024,2024-W09,Assam,Human Rabies,1,1
2024,2024-W09,Bihar,Acute Diarrheal Disease,40,0
2024,2024-W09,Bihar,Fever With Rash,9,0
2024,2024-W09,Bihar,Measles,14,0
2024,2024-W09,Chhattisgarh,Acute Diarrheal Disease,24,0
2024,2024-W09,Chhattisgarh,Measles,38,0
2024,2024-W09,Gujarat,Acute Diarrheal Disease,61,0
2024,2024-W09,Gujarat,Cholera,216,0
2024,2024-W09,Gujarat,Fever With Rash,7,0
2024,2024-W09,Gujarat,Food Poisoning,17,0
2024,2024-W09,Jharkhand,Acute Diarrheal Disease,67,0
2024,2024-W09,Jharkhand,Chickenpox,12,0
2024,2024-W09,Karnataka,Kyasanur Fandest Disease,411,2
2024,2024-W09,Kerala,Acute Diarrheal Disease,506,1
2024,2024-W09,Kerala,Acute Hepatitis-A,409,3
2024,2024-W09,Kerala,Chickenpox,28,0
2024,2024-W09,Kerala,Dengue,32,0
2024,2024-W09,Kerala,Food Poisoning,90,0
2024,2024-W09,Kerala,Hepatitis A,100,0
2024,2024-W09,Kerala,Mumps,62,0
2024,2024-W09,Madhya Pradesh,Chickenpox,28,0
2024,2024-W09,Madhya Pradesh,Fever With Rash,14,0
2024,2024-W09,Madhya Pradesh,Leptospirosis,2,2
2024,2024-W09,Madhya Pradesh,Measles,11,0
2024,2024-W09,Madhya Pradesh,Mumps,10,0
2024,2024-W09,Maharashtra,Acute Diarrheal Disease,162,0
2024,2024-W09,Meghalaya,Acute Diarrheal Disease,11,1
2024,2024-W09,Meghalaya,Chickenpox,17,0
2024,2024-W09,Odisha,Acute Diarrheal Disease,6,0
2024,2024-W09,Tamil Nadu,Acute Diarrheal Disease,37,0
2024,2024-W09,Tamil Nadu,Measles,17,0
2024,2024-W09,Tamil Nadu,Mumps,100,0
2024,2024-W09,Uttar Pradesh,Food Poisoning,124,2
2024,2024-W09,Uttar Pradesh,Measles,8,0
2024,2024-W10,Arunachal Pradesh,Human Rabies,4,4
2024,2024-W10,Assam,Food Poisoning,34,0
2024,2024-W10,Assam,Hepatitis A,106,4
2024,2024-W10,Bihar,Measles,22,0
2024,2024-W10,Chhattisgarh,Chickenpox,20,0
2024,2024-W10,Chhattisgarh,Fever With Rash,26,0
2024,2024-W10,Chhattisgarh,Measles,186,0
2024,2024-W10,Dadra And Nagar Haveli And Daman And Diu,Mumps,12,0
2024,2024-W10,Goa,Kyasanur Fandest Disease,6,0
2024,2024-W10,Gujarat,Acute Diarrheal Disease,112,0
2024,2024-W10,Himachal Pradesh,Hepatitis A,22,0
2024,2024-W10,Karnataka,Kyasanur Fandest Disease,4,0
2024,2024-W10,Kerala,Food Poisoning,20,0
2024,2024-W10,Kerala,Hepatitis A,72,0
2024,2024-W10,Madhya Pradesh,Measles,88,0
2024,2024-W10,Maharashtra,Acute Diarrheal Disease,522,0
2024,2024-W10,Maharashtra,Food Poisoning,146,0
2024,2024-W10,Maharashtra,Hepatitis A,44,0
2024,2024-W10,Odisha,Acute Diarrheal Disease,116,0
2024,2024-W10,Odisha,Cholera,144,0
2024,2024-W10,Odisha,Food Poisoning,162,2
2024,2024-W10,Rajasthan,Food Poisoning,208,0
2024,2024-W10,Tamil Nadu,Chickenpox,128,0
2024,2024-W10,Tamil Nadu,Dengue,176,0
2024,2024-W10,Tamil Nadu,Measles,14,0
2024,2024-W10,Tamil Nadu,Mumps,62,0
2024,2024-W10,Uttar Pradesh,Fever With Rash,5,0
2024,2024-W10,Uttar Pradesh,Leptospirosis,6,0
2024,2024-W11,Andhra Pradesh,Acute Diarrheal Disease,227,1
2024,2024-W11,Andhra Pradesh,Cholera,300,0
2024,2024-W11,Arunachal Pradesh,Mumps,115,0
2024,2024-W11,Assam,Acute Diarrheal Disease,8,0
2024,2024-W11,Assam,Chickenpox,10,0
2024,2024-W11,Assam,Human Rabies,2,2
2024,2024-W11,Assam,Measles,77,0
2024,2024-W11,Bihar,Fever With Rash,7,0
2024,2024-W11,Bihar,Measles,18,0
2024,2024-W11,Chhattisgarh,Chickenpox,5,0
2024,2024-W11,Chhattisgarh,Measles,42,0
2024,2024-W11,Chhattisgarh,Mumps,29,0
2024,2024-W11,Gujarat,Acute Diarrheal Disease,34,0
2024,2024-W11,Gujarat,Food Poisoning,44,0
2024,2024-W11,Gujarat,Jaundice,12,0
2024,2024-W11,Gujarat,Measles,20,0
2024,2024-W11,Gujarat,Typhoid,118,0
2024,2024-W11,Himachal Pradesh,Acute Diarrheal Disease,790,0
2024,2024-W11,Jammu And Kashmir,Hepatitis A,54,0
2024,2024-W11,Jharkhand,Chickenpox,20,0
2024,2024-W11,Karnataka,Acute Diarrheal Disease,23,1
2024,2024-W11,Kerala,Acute Diarrheal Disease,20,0
2024,2024-W11,Kerala,Dengue,20,0
2024,2024-W11,Kerala,Food Poisoning,288,0
2024,2024-W11,Kerala,Hepatitis A,97,1
2024,2024-W11,Kerala,Mumps,200,0
2024,2024-W11,Madhya Pradesh,Acute Diarrheal Disease,27,0
2024,2024-W11,Madhya Pradesh,Chickenpox,18,0
2024,2024-W11,Madhya Pradesh,Food Poisoning,29,0
2024,2024-W11,Madhya Pradesh,Leptospirosis,2,2
2024,2024-W11,Madhya Pradesh,Measles,12,0
2024,2024-W11,Madhya Pradesh,Mumps,10,0
2024,2024-W11,Maharashtra,Acute Diarrheal Disease,295,0
2024,2024-W11,Maharashtra,Chikungunya,10,0
2024,2024-W11,Maharashtra,Chikungunya And Dengue,7,0
2024,2024-W11,Maharashtra,Dengue,5,0
2024,2024-W11,Maharashtra,Malaria,660,3
2024,2024-W11,Manipur,Animal Bite - Dog Bite,1,1
2024,2024-W11,Meghalaya,Food Poisoning,3,1
2024,2024-W11,Meghalaya,Measles,60,0
2024,2024-W11,Mizoram,Acute Diarrheal Disease,118,2
2024,2024-W11,Mizoram,Typhoid,11,1
2024,2024-W11,Odisha,Acute Diarrheal Disease,196,0
2024,2024-W11,Odisha,Food Poisoning,39,0
2024,2024-W11,Odisha,Measles,6,0
2024,2024-W11,Tamil Nadu,Acute Diarrheal Disease,60,2
2024,2024-W11,Tamil Nadu,Measles,52,2
2024,2024-W11,Tamil Nadu,Mumps,38,0
2024,2024-W11,Uttar Pradesh,Food Poisoning,52,0
2024,2024-W11,West Bengal,Acute Diarrheal Disease,80,0
2024,2024-W12,Assam,Chickenpox,14,0
2024,2024-W12,Assam,Hepatitis A,40,0
2024,2024-W12,Assam,Human Rabies,1,1
2024,2024-W12,Bihar,Fever With Rash,28,0
2024,2024-W12,Bihar,Measles,17,0
2024,2024-W12,Chhattisgarh,Acute Diarrheal Disease,132,0
2024,2024-W12,Chhattisgarh,Chickenpox,20,0
2024,2024-W12,Chhattisgarh,Measles,15,0
2024,2024-W12,Gujarat,Acute Diarrheal Disease,231,0
2024,2024-W12,Gujarat,Food Poisoning,50,0
2024,2024-W12,Gujarat,Measles,22,0
2024,2024-W12,Himachal Pradesh,Hepatitis A,88,0
2024,2024-W12,Jammu And Kashmir,Hepatitis A,5,0
2024,2024-W12,Jharkhand,Chickenpox,22,0
2024,2024-W12,Jharkhand,Fever With Rash,12,0
2024,2024-W12,Karnataka,Chikungunya,17,0
2024,2024-W12,Karnataka,Dengue,45,0
2024,2024-W12,Karnataka,Food Poisoning,69,0
2024,2024-W12,Kerala,Acute Diarrheal Disease,44,0
2024,2024-W12,Kerala,Chickenpox,8,0
2024,2024-W12,Kerala,Dengue,26,0
2024,2024-W12,Kerala,Hepatitis A,43,0
2024,2024-W12,Kerala,Mumps,42,0
2024,2024-W12,Madhya Pradesh,Cholera,44,0
2024,2024-W12,Madhya Pradesh,Leptospirosis And Scrub Typhus,23,2
2024,2024-W12,Madhya Pradesh,Measles,6,0
2024,2024-W12,Maharashtra,Chikungunya And Dengue,15,0
2024,2024-W12,Maharashtra,Dengue,96,1
2024,2024-W12,Manipur,Human Rabies,2,2
2024,2024-W12,Meghalaya,Acute Diarrheal Disease,35,0
2024,2024-W12,Mizoram,Measles,12,0
2024,2024-W12,Odisha,Acute Diarrheal Disease,334,0
2024,2024-W12,Rajasthan,Mumps,15,0
2024,2024-W12,Tamil Nadu,Chickenpox,18,0
2024,2024-W12,Tamil Nadu,Dengue,11,0
2024,2024-W12,Tamil Nadu,Measles,12,0
2024,2024-W12,Tamil Nadu,Mumps,76,0
2024,2024-W12,Uttar Pradesh,Fever With Rash,24,0
2024,2024-W12,West Bengal,Acute Diarrheal Disease,130,0
2024,2024-W13,Andhra Pradesh,Acute Diarrheal Disease,23,0
2024,2024-W13,Andhra Pradesh,Food Poisoning,12,0
2024,2024-W13,Assam,Acute Diarrheal Disease,27,0
2024,2024-W13,Assam,Food Poisoning,118,0
2024,2024-W13,Assam,Human Rabies,1,1
2024,2024-W13,Assam,Measles,9,0
2024,2024-W13,Bihar,Measles,11,0
2024,2024-W13,Gujarat,Acute Diarrheal Disease,50,0
2024,2024-W13,Gujarat,Cholera,60,0
2024,2024-W13,Gujarat,Measles,8,0
2024,2024-W13,Jammu And Kashmir,Mumps,13,0
2024,2024-W13,Jharkhand,Acute Diarrheal Disease,25,0
2024,2024-W13,Karnataka,Acute Diarrheal Disease,94,0
2024,2024-W13,Kerala,Acute Diarrheal Disease,29,0
2024,2024-W13,Kerala,Chickenpox,26,0
2024,2024-W13,Kerala,Hepatitis A,273,0
2024,2024-W13,Kerala,West Nile Fever,1,0
2024,2024-W13,Madhya Pradesh,Chickenpox,10,0
2024,2024-W13,Madhya Pradesh,Jaundice,8,0
2024,2024-W13,Maharashtra,Chikungunya,9,0
2024,2024-W13,Maharashtra,Hepatitis A,96,0
2024,2024-W13,Odisha,Acute Diarrheal Disease,20,0
2024,2024-W13,Odisha,Acute Gastroenteritis,15,0
2024,2024-W13,Odisha,Fever With Rash,8,0
2024,2024-W13,Puducherry,Cholera,28,0
2024,2024-W13,Tamil Nadu,Chickenpox,19,0
2024,2024-W13,Tamil Nadu,Fever,10,0
2024,2024-W13,Tamil Nadu,Mumps,17,0
2024,2024-W14,Andhra Pradesh,Fever,116,0
2024,2024-W14,Assam,Measles,22,0
2024,2024-W14,Assam,Mushroom Poisoning,5,2
2024,2024-W14,Bihar,Chickenpox,5,0
2024,2024-W14,Bihar,Fever With Rash,42,0
2024,2024-W14,Bihar,Measles,10,0
2024,2024-W14,Chhattisgarh,Acute Diarrheal Disease,122,0
2024,2024-W14,Chhattisgarh,Food Poisoning,144,0
2024,2024-W14,Gujarat,Cholera,6,2
2024,2024-W14,Haryana,Measles,12,0
2024,2024-W14,Jharkhand,Chickenpox,28,0
2024,2024-W14,Jharkhand,Measles,34,0
2024,2024-W14,Jharkhand,Mumps,46,0
2024,2024-W14,Karnataka,Cholera,94,0
2024,2024-W14,Karnataka,Food Poisoning,180,0
2024,2024-W14,Kerala,Dengue,104,0
2024,2024-W14,Kerala,Food Poisoning,171,0
2024,2024-W14,Kerala,Hepatitis A,116,2
2024,2024-W14,Madhya Pradesh,Measles,103,0
2024,2024-W14,Madhya Pradesh,Scrub Typhus,4,2
2024,2024-W14,Maharashtra,Dengue,10,2
2024,2024-W14,Meghalaya,Acute Gastroenteritis,30,0
2024,2024-W14,Odisha,Acute Gastroenteritis,73,0
2024,2024-W14,Odisha,Fever With Rash,22,0
2024,2024-W14,Odisha,Food Poisoning,38,0
2024,2024-W14,Odisha,Hepatitis A,202,0
2024,2024-W14,Punjab,Mumps,12,0
2024,2024-W14,Rajasthan,Mumps,152,0
2024,2024-W14,Tamil Nadu,Acute Diarrheal Disease,326,0
2024,2024-W14,Tamil Nadu,Chickenpox,80,0
2024,2024-W14,Telangana,Acute Diarrheal Disease,50,0
2024,2024-W14,Uttar Pradesh,Food Poisoning,122,0
2024,2024-W14,West Bengal,Acute Diarrheal Disease,58,0
2024,2024-W15,Andhra Pradesh,Acute Diarrheal Disease,230,0
2024,2024-W15,Arunachal Pradesh,Cholera,94,2
2024,2024-W15,Assam,Acute Diarrheal Disease,40,0
2024,2024-W15,Assam,Chickenpox,38,0
2024,2024-W15,Assam,Diphtheria,2,2
2024,2024-W15,Assam,Fever With Rash,20,0
2024,2024-W15,Assam,Food Poisoning,38,14
2024,2024-W15,Bihar,Chickenpox,10,0
2024,2024-W15,Bihar,Fever With Rash,94,0
2024,2024-W15,Bihar,Measles,8,0
2024,2024-W15,Chhattisgarh,Acute Diarrheal Disease,32,0
2024,2024-W15,Gujarat,Acute Diarrheal Disease,48,0
2024,2024-W15,Gujarat,Food Poisoning,12,2
2024,2024-W15,Jharkhand,Acute Diarrheal Disease,32,0
2024,2024-W15,Jharkhand,Chickenpox,30,0
2024,2024-W15,Jharkhand,Fever With Rash,27,0
2024,2024-W15,Jharkhand,Malaria,6,0
2024,2024-W15,Karnataka,Acute Diarrheal Disease,570,0
2024,2024-W15,Karnataka,Food Poisoning,192,0
2024,2024-W15,Karnataka,Measles,68,0
2024,2024-W15,Kerala,Food Poisoning,66,0
2024,2024-W15,Kerala,Hepatitis A,30,0
2024,2024-W15,Kerala,Jaundice,74,0
2024,2024-W15,Madhya Pradesh,Chickenpox,36,0
2024,2024-W15,Madhya Pradesh,Leptospirosis,136,2
2024,2024-W15,Maharashtra,Acute Diarrheal Disease,234,0
2024,2024-W15,Maharashtra,Chikungunya,12,0
2024,2024-W15,Maharashtra,Chikungunya And Dengue,44,0
2024,2024-W15,Maharashtra,Dengue,82,2
2024,2024-W15,Maharashtra,Food Poisoning,258,1
2024,2024-W15,Maharashtra,Malaria,50,0
2024,2024-W15,Meghalaya,Acute Gastroenteritis,142,0
2024,2024-W15,Odisha,Acute Diarrheal Disease,70,0
2024,2024-W15,Odisha,Fever With Rash,14,0
2024,2024-W15,Punjab,Food Poisoning,266,0
2024,2024-W15,Rajasthan,Acute Diarrheal Disease,48,0
2024,2024-W15,Tamil Nadu,Acute Diarrheal Disease,194,0
2024,2024-W15,Tripura,Acute Diarrheal Disease,16,0
2024,2024-W15,Uttar Pradesh,Measles,18,0
2024,2024-W15,West Bengal,Acute Diarrheal Disease,10,0
2024,2024-W15,West Bengal,Chickenpox,28,0
2024,2024-W16,Andhra Pradesh,Acute Diarrheal Disease,46,0
2024,2024-W16,Arunachal Pradesh,Measles,18,0
2024,2024-W16,Arunachal Pradesh,Mumps,36,0
2024,2024-W16,Assam,Acute Diarrheal Disease,23,0
2024,2024-W16,Assam,Food Poisoning,51,0
2024,2024-W16,Assam,Human Rabies,2,2
2024,2024-W16,Bihar,Fever With Rash,67,0
2024,2024-W16,Chhattisgarh,Food Poisoning,51,0
2024,2024-W16,Chhattisgarh,Measles,5,0
2024,2024-W16,Gujarat,Acute Diarrheal Disease,83,0
2024,2024-W16,Gujarat,Food Poisoning,81,0
2024,2024-W16,Gujarat,Typhoid,5,0
2024,2024-W16,Haryana,Acute Diarrheal Disease,141,0
2024,2024-W16,Jammu And Kashmir,Hepatitis A,27,0
2024,2024-W16,Karnataka,Acute Diarrheal Disease,33,0
2024,2024-W16,Karnataka,Cholera,16,0
2024,2024-W16,Karnataka,Food Poisoning,140,0
2024,2024-W16,Kerala,Dengue,7,0
2024,2024-W16,Kerala,Food Poisoning,163,0
2024,2024-W16,Kerala,Hepatitis A,174,2
2024,2024-W16,Kerala,Mumps,26,0
2024,2024-W16,Madhya Pradesh,Acute Diarrheal Disease,68,1
2024,2024-W16,Madhya Pradesh,Measles,10,0
2024,2024-W16,Madhya Pradesh,Mumps,5,0
2024,2024-W16,Maharashtra,Acute Diarrheal Disease,39,0
2024,2024-W16,Maharashtra,Dengue,24,0
2024,2024-W16,Maharashtra,Food Poisoning,59,0
2024,2024-W16,Maharashtra,Hepatitis A,71,1
2024,2024-W16,Maharashtra,Scrub Typhus,14,0
2024,2024-W16,Manipur,Human Rabies,1,1
2024,2024-W16,Nagaland,Human Rabies,1,1
2024,2024-W16,Odisha,Acute Diarrheal Disease,53,0
2024,2024-W16,Punjab,Acute Diarrheal Disease,24,0
2024,2024-W16,Rajasthan,Chickenpox,15,0
2024,2024-W16,Tamil Nadu,Food Poisoning,9,2
2024,2024-W16,Telangana,Food Poisoning,25,1
2024,2024-W16,Uttar Pradesh,Food Poisoning,108,0
2024,2024-W16,Uttar Pradesh,Measles,16,0
2024,2024-W16,West Bengal,Cholera,25,0
2024,2024-W16,West Bengal,Food Poisoning,105,0
2024,2024-W17,Assam,Fever,14,0
2024,2024-W17,Assam,Fever With Rash,3,0
2024,2024-W17,Assam,Food Poisoning,10,0
2024,2024-W17,Assam,Malaria,5,0
2024,2024-W17,Assam,Mumps,7,0
2024,2024-W17,Bihar,Chickenpox,5,0
2024,2024-W17,Bihar,Fever With Rash,52,0
2024,2024-W17,Gujarat,Cholera,33,0
2024,2024-W17,Gujarat,Food Poisoning,121,0
2024,2024-W17,Gujarat,Measles,13,0
2024,2024-W17,Gujarat,Measles And Rubella,12,0
2024,2024-W17,Haryana,Scrub Typhus,5,0
2024,2024-W17,Himachal Pradesh,Acute Diarrheal Disease,1552,0
2024,2024-W17,Jammu And Kashmir,Hepatitis A,18,0
2024,2024-W17,Jharkhand,Acute Diarrheal Disease,23,0
2024,2024-W17,Jharkhand,Chickenpox,30,0
2024,2024-W17,Jharkhand,Measles,14,0
2024,2024-W17,Jharkhand,Mumps,14,0
2024,2024-W17,Karnataka,Acute Gastroenteritis,79,0
2024,2024-W17,Karnataka,Cholera,5,0
2024,2024-W17,Karnataka,Food Poisoning,172,2
2024,2024-W17,Kerala,Acute Diarrheal Disease,36,0
2024,2024-W17,Kerala,Dengue,10,0
2024,2024-W17,Kerala,Food Poisoning,56,0
2024,2024-W17,Kerala,Hepatitis A,126,0
2024,2024-W17,Madhya Pradesh,Chikungunya,24,0
2024,2024-W17,Madhya Pradesh,Cholera,326,0
2024,2024-W17,Madhya Pradesh,Dengue,28,0
2024,2024-W17,Madhya Pradesh,Fever With Rash,8,0
2024,2024-W17,Madhya Pradesh,Food Poisoning,61,0
2024,2024-W17,Madhya Pradesh,Leptospirosis,1,1
2024,2024-W17,Madhya Pradesh,Malaria,15,0
2024,2024-W17,Madhya Pradesh,Measles,68,0
2024,2024-W17,Madhya Pradesh,Rubella,4,0
2024,2024-W17,Maharashtra,Dengue,45,0
2024,2024-W17,Maharashtra,Food Poisoning,34,0
2024,2024-W17,Maharashtra,Scrub Typhus,12,1
2024,2024-W17,Meghalaya,Fever With Rash,63,0
2024,2024-W17,Meghalaya,Measles,30,0
2024,2024-W17,Meghalaya,Mumps,6,0
2024,2024-W17,Odisha,Acute Diarrheal Disease,37,0
2024,2024-W17,Odisha,Acute Gastroenteritis,78,0
2024,2024-W17,Odisha,Malaria,77,0
2024,2024-W17,Punjab,Hepatitis A,66,0
2024,2024-W17,Tamil Nadu,Acute Diarrheal Disease,47,0
2024,2024-W17,Tamil Nadu,Hepatitis A,12,0
2024,2024-W17,Tamil Nadu,Mumps,10,0
2024,2024-W17,Uttar Pradesh,Chickenpox,6,0
2024,2024-W17,Uttar Pradesh,Fever With Rash,28,0
2024,2024-W17,Uttar Pradesh,Food Poisoning,69,0
2024,2024-W17,Uttar Pradesh,Measles,6,0
2024,2024-W17,West Bengal,Cholera,85,0
2024,2024-W18,Andhra Pradesh,Acute Diarrheal Disease,30,0
2024,2024-W18,Assam,Acute Diarrheal Disease,68,0
2024,2024-W18,Assam,Acute Encephalitic Syndrome,2,2
2024,2024-W18,Assam,Acute Hepatitis-A,8,0
2024,2024-W18,Assam,Chickenpox,5,0
2024,2024-W18,Assam,Cholera,92,2
2024,2024-W18,Assam,Dengue,20,0
2024,2024-W18,Assam,Food Poisoning,128,0
2024,2024-W18,Assam,Human Rabies,2,2
2024,2024-W18,Bihar,Fever With Rash,13,0
2024,2024-W18,Bihar,Measles,6,0
2024,2024-W18,Chhattisgarh,Acute Diarrheal Disease,98,0
2024,2024-W18,Chhattisgarh,Chickenpox,16,0
2024,2024-W18,Gujarat,Acute Diarrheal Disease,41,0
2024,2024-W18,Gujarat,Chikungunya,10,0
2024,2024-W18,Gujarat,Food Poisoning,111,0
2024,2024-W18,Gujarat,Measles,14,0
2024,2024-W18,Jharkhand,Chickenpox,64,0
2024,2024-W18,Jharkhand,Food Poisoning,174,0
2024,2024-W18,Karnataka,Acute Diarrheal Disease,81,4
2024,2024-W18,Karnataka,Cholera,17,0
2024,2024-W18,Kerala,Acute Diarrheal Disease,52,0
2024,2024-W18,Kerala,Dengue,6,0
2024,2024-W18,Kerala,Food Poisoning,54,0
2024,2024-W18,Kerala,Hepatitis A,8,0
2024,2024-W18,Kerala,West Nile Fever,2,0
2024,2024-W18,Madhya Pradesh,Dengue,32,0
2024,2024-W18,Madhya Pradesh,Food Poisoning,6,2
2024,2024-W18,Madhya Pradesh,Leptospirosis,2,2
2024,2024-W18,Madhya Pradesh,Measles,24,0
2024,2024-W18,Madhya Pradesh,Measles And Rubella,2,0
2024,2024-W18,Madhya Pradesh,Suspected Mumps,7,0
2024,2024-W18,Maharashtra,Acute Diarrheal Disease,146,0
2024,2024-W18,Maharashtra,Chikungunya,22,0
2024,2024-W18,Maharashtra,Dengue,64,0
2024,2024-W18,Maharashtra,Leptospirosis,14,2
2024,2024-W18,Maharashtra,Suspected Acute Hepatitis,48,0
2024,2024-W18,Meghalaya,Acute Diarrheal Disease,24,0
2024,2024-W18,Meghalaya,Measles,16,0
2024,2024-W18,Odisha,Acute Diarrheal Disease,20,0
2024,2024-W18,Odisha,Acute Gastroenteritis,68,0
2024,2024-W18,Odisha,Chickenpox,19,0
2024,2024-W18,Odisha,Cholera,67,1
2024,2024-W18,Odisha,Fever With Rash,37,0
2024,2024-W18,Rajasthan,Hepatitis A,16,0
2024,2024-W18,Tamil Nadu,Food Poisoning,10,0
2024,2024-W18,Tamil Nadu,Measles,3,0
2024,2024-W18,Tamil Nadu,Mumps,16,0
2024,2024-W18,Uttar Pradesh,Food Poisoning,50,0
2024,2024-W18,West Bengal,Malaria,224,0
2024,2024-W19,Andhra Pradesh,Acute Diarrheal Disease,96,0
2024,2024-W19,Assam,Acute Diarrheal Disease,8,2
2024,2024-W19,Assam,Food Poisoning,152,0
2024,2024-W19,Assam,Hepatitis A,30,0
2024,2024-W19,Assam,Measles,8,0
2024,2024-W19,Bihar,Fever Of Unknown Origin,20,0
2024,2024-W19,Bihar,Measles,24,0
2024,2024-W19,Chhattisgarh,Acute Diarrheal Disease,214,0
2024,2024-W19,Chhattisgarh,Cholera,124,0
2024,2024-W19,Chhattisgarh,Food Poisoning,214,0
2024,2024-W19,Chhattisgarh,Measles,44,0
2024,2024-W19,Gujarat,Food Poisoning,330,0
2024,2024-W19,Himachal Pradesh,Acute Diarrheal Disease,90,0
2024,2024-W19,Jammu And Kashmir,Hepatitis A,50,0
2024,2024-W19,Jammu And Kashmir,Human Rabies,2,2
2024,2024-W19,Jammu And Kashmir,Mumps,26,0
2024,2024-W19,Jharkhand,Chickenpox,86,0
2024,2024-W19,Karnataka,Food Poisoning,492,0
2024,2024-W19,Kerala,Food Poisoning,290,0
2024,2024-W19,Kerala,West Nile Fever,4,2
2024,2024-W19,Madhya Pradesh,Dengue,54,0
2024,2024-W19,Maharashtra,Chikungunya,22,0
2024,2024-W19,Maharashtra,Dengue,9,0
2024,2024-W19,Manipur,Human Rabies,3,3
2024,2024-W19,Manipur,Leptospirosis,33,0
2024,2024-W19,Punjab,Chickenpox,108,0
2024,2024-W19,Punjab,Mumps,12,0
2024,2024-W19,Tamil Nadu,Acute Diarrheal Disease,42,0
2024,2024-W19,Tamil Nadu,Food Poisoning,98,2
2024,2024-W19,Uttar Pradesh,Acute Diarrheal Disease,1752,0
2024,2024-W19,Uttar Pradesh,Fever With Rash,22,0
2024,2024-W19,Uttar Pradesh,Malaria,166,0
2024,2024-W19,West Bengal,Acute Diarrheal Disease,68,0
2024,2024-W19,West Bengal,Food Poisoning,28,0
2024,2024-W20,Arunachal Pradesh,Measles,9,0
2024,2024-W20,Assam,Acute Diarrheal Disease,44,0
2024,2024-W20,Assam,Acute Encephalitic Syndrome,1,1
2024,2024-W20,Assam,Acute Hepatitis-B,12,0
2024,2024-W20,Assam,Animal Bite - Dog Bite,1,1
2024,2024-W20,Assam,Chickenpox,36,0
2024,2024-W20,Assam,Dengue,1,1
2024,2024-W20,Assam,Fever,15,0
2024,2024-W20,Assam,Hepatitis A,9,0
2024,2024-W20,Assam,Human Rabies,1,1
2024,2024-W20,Assam,Japanese Encephalitis,1,1
2024,2024-W20,Assam,Malaria,7,1
2024,2024-W20,Assam,Mushroom Poisoning,14,0
2024,2024-W20,Bihar,Chickenpox,26,0
2024,2024-W20,Bihar,Measles,3,0
2024,2024-W20,Chhattisgarh,Acute Diarrheal Disease,167,0
2024,2024-W20,Chhattisgarh,Food Poisoning,14,0
2024,2024-W20,Chhattisgarh,Hepatitis E,22,0
2024,2024-W20,Gujarat,Acute Diarrheal Disease,267,0
2024,2024-W20,Gujarat,Chikungunya,7,0
2024,2024-W20,Gujarat,Food Poisoning,52,0
2024,2024-W20,Gujarat,Hepatitis A,29,0
2024,2024-W20,Gujarat,Typhoid,4,0
2024,2024-W20,Haryana,Chickenpox,37,0
2024,2024-W20,Himachal Pradesh,Hepatitis A,59,0
2024,2024-W20,Jammu And Kashmir,Acute Diarrheal Disease,51,0
2024,2024-W20,Jharkhand,Acute Diarrheal Disease,16,0
2024,2024-W20,Jharkhand,Fever With Rash,6,0
2024,2024-W20,Jharkhand,Malaria,38,0
2024,2024-W20,Karnataka,Acute Diarrheal Disease,150,0
2024,2024-W20,Karnataka,Acute Gastroenteritis,66,0
2024,2024-W20,Karnataka,Cholera,225,0
2024,2024-W20,Karnataka,Food Poisoning,86,0
2024,2024-W20,Kerala,Acute Encephalitic Syndrome,4,1
2024,2024-W20,Kerala,Dengue,50,0
2024,2024-W20,Kerala,Hepatitis A,57,0
2024,2024-W20,Kerala,West Nile Fever,1,0
2024,2024-W20,Madhya Pradesh,Acute Diarrheal Disease,5,0
2024,2024-W20,Madhya Pradesh,Dengue,8,0
2024,2024-W20,Madhya Pradesh,Leptospirosis,10,0
2024,2024-W20,Maharashtra,Acute Diarrheal Disease,103,0
2024,2024-W20,Maharashtra,Dengue,53,0
2024,2024-W20,Maharashtra,Food Poisoning,64,2
2024,2024-W20,Meghalaya,Mushroom Poisoning,5,1
2024,2024-W20,Nagaland,Acute Diarrheal Disease,12,1
2024,2024-W20,Odisha,Acute Diarrheal Disease,20,0
2024,2024-W20,Odisha,Food Poisoning,90,0
2024,2024-W20,Uttar Pradesh,Chickenpox,18,0
2024,2024-W20,Uttar Pradesh,Fever With Rash,16,0
2024,2024-W20,Uttar Pradesh,Measles,12,0
2024,2024-W20,Uttar Pradesh,Rubella,8,0
2024,2024-W20,West Bengal,Acute Diarrheal Disease,102,0
2024,2024-W21,Andhra Pradesh,Acute Diarrheal Disease,83,1
2024,2024-W21,Arunachal Pradesh,Measles,5,0
2024,2024-W21,Assam,Chickenpox,6,0
2024,2024-W21,Assam,Cholera,12,0
2024,2024-W21,Assam,Fever With Rash,13,0
2024,2024-W21,Assam,Food Poisoning,14,0
2024,2024-W21,Bihar,Fever With Rash,6,0
2024,2024-W21,Chhattisgarh,Acute Diarrheal Disease,113,0
2024,2024-W21,Gujarat,Acute Diarrheal Disease,190,0
2024,2024-W21,Gujarat,Cholera,6,0
2024,2024-W21,Gujarat,Food Poisoning,22,0
2024,2024-W21,Haryana,Cholera,459,1
2024,2024-W21,Jammu And Kashmir,Chickenpox,33,0
2024,2024-W21,Jharkhand,Chickenpox,20,0
2024,2024-W21,Jharkhand,Fever With Rash,11,0
2024,2024-W21,Jharkhand,Mumps,5,0
2024,2024-W21,Karnataka,Acute Diarrheal Disease,38,0
2024,2024-W21,Karnataka,Cholera,460,1
2024,2024-W21,Karnataka,Food Poisoning,215,0
2024,2024-W21,Kerala,Dengue,23,0
2024,2024-W21,Kerala,Food Poisoning,32,0
2024,2024-W21,Kerala,Hepatitis A,76,0
2024,2024-W21,Madhya Pradesh,Acute Diarrheal Disease,61,1
2024,2024-W21,Madhya Pradesh,Dengue,76,0
2024,2024-W21,Madhya Pradesh,Fever Of Unknown Origin,70,0
2024,2024-W21,Madhya Pradesh,Leptospirosis,17,1
2024,2024-W21,Madhya Pradesh,Measles,21,0
2024,2024-W21,Maharashtra,Acute Diarrheal Disease,23,0
2024,2024-W21,Maharashtra,Chikungunya,36,0
2024,2024-W21,Maharashtra,Cholera,154,0
2024,2024-W21,Maharashtra,Dengue,16,1
2024,2024-W21,Maharashtra,Food Poisoning,18,0
2024,2024-W21,Manipur,Chickenpox,30,0
2024,2024-W21,Meghalaya,Human Rabies,2,2
2024,2024-W21,Meghalaya,Mumps,21,0
2024,2024-W21,Mizoram,Fever With Rash,1,1
2024,2024-W21,Odisha,Food Poisoning,62,0
2024,2024-W21,Punjab,Chickenpox,8,0
2024,2024-W21,Rajasthan,Food Poisoning,80,0
2024,2024-W21,Uttar Pradesh,Acute Diarrheal Disease,48,0
2024,2024-W21,Uttar Pradesh,Food Poisoning,28,0
2024,2024-W21,Uttar Pradesh,Measles,9,0
2024,2024-W21,West Bengal,Acute Diarrheal Disease,26,0
2024,2024-W21,West Bengal,Food Poisoning,86,0
2024,2024-W21,West Bengal,Hepatitis A,14,0
2024,2024-W22,Andhra Pradesh,Acute Diarrheal Disease,18,0
2024,2024-W22,Andhra Pradesh,Cholera,77,0
2024,2024-W22,Assam,Acute Diarrheal Disease,82,0
2024,2024-W22,Assam,Acute Encephalitic Syndrome,1,1
2024,2024-W22,Assam,Chickenpox,5,0
2024,2024-W22,Assam,Fever With Rash,14,0
2024,2024-W22,Assam,Food Poisoning,136,1
2024,2024-W22,Assam,Food Poisoning (Mushroom Poisoning),27,1
2024,2024-W22,Bihar,Fever With Rash,18,0
2024,2024-W22,Bihar,Measles And Rubella,11,0
2024,2024-W22,Chhattisgarh,Acute Diarrheal Disease,66,0
2024,2024-W22,Chhattisgarh,Measles,62,0
2024,2024-W22,Gujarat,Acute Diarrheal Disease,491,0
2024,2024-W22,Gujarat,Cholera,418,0
2024,2024-W22,Jammu And Kashmir,Hepatitis A,30,0
2024,2024-W22,Jharkhand,Acute Diarrheal Disease,20,0
2024,2024-W22,Jharkhand,Chickenpox,16,0
2024,2024-W22,Jharkhand,Food Poisoning,18,0
2024,2024-W22,Jharkhand,Malaria,30,0
2024,2024-W22,Karnataka,Acute Diarrheal Disease,59,0
2024,2024-W22,Karnataka,Acute Gastroenteritis,34,0
2024,2024-W22,Karnataka,Cholera,178,0
2024,2024-W22,Karnataka,Food Poisoning,79,0
2024,2024-W22,Karnataka,Influenza,1,1
2024,2024-W22,Kerala,Dengue,22,2
2024,2024-W22,Kerala,Food Poisoning,176,1
2024,2024-W22,Kerala,Hepatitis A,89,0
2024,2024-W22,Madhya Pradesh,Acute Diarrheal Disease,31,0
2024,2024-W22,Madhya Pradesh,Acute Encephalitic Syndrome,1,1
2024,2024-W22,Madhya Pradesh,Chickenpox,5,0
2024,2024-W22,Madhya Pradesh,Dengue,14,0
2024,2024-W22,Madhya Pradesh,Jaundice,10,0
2024,2024-W22,Madhya Pradesh,Leptospirosis,13,2
2024,2024-W22,Madhya Pradesh,Measles,6,0
2024,2024-W22,Madhya Pradesh,Scrub Typhus,2,2
2024,2024-W22,Maharashtra,Cholera,5,0
2024,2024-W22,Maharashtra,Dengue,67,0
2024,2024-W22,Meghalaya,Human Rabies,2,2
2024,2024-W22,Odisha,Acute Diarrheal Disease,43,0
2024,2024-W22,Odisha,Anthrax,5,0
2024,2024-W22,Odisha,Measles,32,0
2024,2024-W22,Tamil Nadu,Acute Diarrheal Disease,179,0
2024,2024-W22,Tamil Nadu,Acute Gastroenteritis,126,0
2024,2024-W22,Tamil Nadu,Hepatitis A,8,0
2024,2024-W22,Tripura,Measles,25,0
2024,2024-W22,Uttar Pradesh,Measles,9,0
2024,2024-W22,West Bengal,Acute Diarrheal Disease,83,0
2024,2024-W22,West Bengal,Cholera,19,0
2024,2024-W23,Andaman And Nicobar Islands,Acute Diarrheal Disease,152,0
2024,2024-W23,Andhra Pradesh,Food Poisoning,46,0
2024,2024-W23,Assam,Cholera,188,4
2024,2024-W23,Assam,Mushroom Poisoning,26,0
2024,2024-W23,Bihar,Fever With Rash,42,0
2024,2024-W23,Bihar,Food Poisoning,24,0
2024,2024-W23,Bihar,Measles,3,0
2024,2024-W23,Chhattisgarh,Acute Diarrheal Disease,77,0
2024,2024-W23,Gujarat,Cholera,478,2
2024,2024-W23,Himachal Pradesh,Acute Diarrheal Disease,830,0
2024,2024-W23,Jammu And Kashmir,Acute Diarrheal Disease,54,0
2024,2024-W23,Jammu And Kashmir,Hepatitis A,32,0
2024,2024-W23,Jammu And Kashmir,Mumps,20,0
2024,2024-W23,Jharkhand,Food Poisoning,404,0
2024,2024-W23,Jharkhand,Measles,94,0
2024,2024-W23,Jharkhand,Rubella,30,0
2024,2024-W23,Karnataka,Acute Diarrheal Disease,148,0
2024,2024-W23,Karnataka,Cholera,124,0
2024,2024-W23,Karnataka,Human Rabies,2,2
2024,2024-W23,Kerala,Acute Diarrheal Disease,68,0
2024,2024-W23,Kerala,Food Poisoning,138,0
2024,2024-W23,Kerala,Hepatitis A,115,0
2024,2024-W23,Kerala,Jaundice,48,0
2024,2024-W23,Madhya Pradesh,Acute Diarrheal Disease,54,4
2024,2024-W23,Madhya Pradesh,Chickenpox,22,0
2024,2024-W23,Madhya Pradesh,Measles,14,0
2024,2024-W23,Maharashtra,Cholera,10,0
2024,2024-W23,Maharashtra,Dengue,48,0
2024,2024-W23,Maharashtra,Malaria,16,2
2024,2024-W23,Maharashtra,Zika Virus,2,0
2024,2024-W23,Meghalaya,Chickenpox,200,0
2024,2024-W23,Meghalaya,Hepatitis A,8,0
2024,2024-W23,Meghalaya,Measles,56,0
2024,2024-W23,Meghalaya,Mushroom Poisoning,54,18
2024,2024-W23,Odisha,Acute Diarrheal Disease,106,0
2024,2024-W23,Odisha,Anthrax,10,0
2024,2024-W23,Odisha,Food Poisoning,98,0
2024,2024-W23,Odisha,Measles,38,0
2024,2024-W23,Rajasthan,Food Poisoning,250,0
2024,2024-W23,Sikkim,Chickenpox,64,0
2024,2024-W23,Sikkim,Hepatitis A,25,0
2024,2024-W23,Tamil Nadu,Acute Diarrheal Disease,164,6
2024,2024-W23,Tamil Nadu,Hepatitis A,68,0
2024,2024-W23,West Bengal,Food Poisoning,70,0
2024,2024-W23,West Bengal,Malaria,26,0
2024,2024-W24,Andhra Pradesh,Acute Diarrheal Disease,158,0
2024,2024-W24,Andhra Pradesh,Cholera,208,0
2024,2024-W24,Andhra Pradesh,Malaria,78,0
2024,2024-W24,Arunachal Pradesh,Chickenpox,20,0
2024,2024-W24,Assam,Acute Diarrheal Disease,41,0
2024,2024-W24,Assam,Food Poisoning,26,2
2024,2024-W24,Assam,Japanese Encephalitis,1,1
2024,2024-W24,Assam,Leptospirosis,40,0
2024,2024-W24,Bihar,Acute Diarrheal Disease,134,0
2024,2024-W24,Bihar,Fever With Rash,22,0
2024,2024-W24,Chhattisgarh,Acute Diarrheal Disease,76,0
2024,2024-W24,Gujarat,Acute Diarrheal Disease,931,0
2024,2024-W24,Gujarat,Cholera,184,0
2024,2024-W24,Himachal Pradesh,Hepatitis A,82,0
2024,2024-W24,Jammu And Kashmir,Acute Diarrheal Disease,76,0
2024,2024-W24,Jammu And Kashmir,Hepatitis A,36,0
2024,2024-W24,Jammu And Kashmir,Mumps,20,0
2024,2024-W24,Jharkhand,Acute Diarrheal Disease,188,0
2024,2024-W24,Jharkhand,Dengue,54,2
2024,2024-W24,Jharkhand,Human Rabies,2,2
2024,2024-W24,Jharkhand,Measles,116,0
2024,2024-W24,Karnataka,Acute Diarrheal Disease,76,0
2024,2024-W24,Karnataka,Cholera,506,6
2024,2024-W24,Karnataka,Human Rabies,2,2
2024,2024-W24,Karnataka,Malaria,98,0
2024,2024-W24,Kerala,Acute Diarrheal Disease,364,0
2024,2024-W24,Kerala,Hepatitis A,47,1
2024,2024-W24,Kerala,Mumps,14,0
2024,2024-W24,Madhya Pradesh,Acute Diarrheal Disease,30,0
2024,2024-W24,Madhya Pradesh,Cholera,240,0
2024,2024-W24,Madhya Pradesh,Measles,10,0
2024,2024-W24,Maharashtra,Acute Diarrheal Disease,212,0
2024,2024-W24,Maharashtra,Chikungunya,86,0
2024,2024-W24,Maharashtra,Cholera,162,0
2024,2024-W24,Maharashtra,Dengue,75,2
2024,2024-W24,Maharashtra,Food Poisoning,40,0
2024,2024-W24,Maharashtra,Japanese Encephalitis,3,1
2024,2024-W24,Maharashtra,Malaria,10,2
2024,2024-W24,Meghalaya,Mushroom Poisoning,12,0
2024,2024-W24,Odisha,Acute Diarrheal Disease,146,2
2024,2024-W24,Odisha,Anthrax,10,0
2024,2024-W24,Odisha,Diphtheria,20,10
2024,2024-W24,Tamil Nadu,Acute Diarrheal Disease,175,0
2024,2024-W24,Tamil Nadu,Cholera,46,0
2024,2024-W24,Uttarakhand,Acute Diarrheal Disease,120,0
2024,2024-W24,West Bengal,Malaria,28,0
2024,2024-W25,Andhra Pradesh,Acute Diarrheal Disease,48,0
2024,2024-W25,Andhra Pradesh,Food Poisoning,169,0
2024,2024-W25,Arunachal Pradesh,Cholera,78,3
2024,2024-W25,Arunachal Pradesh,Measles,7,0
2024,2024-W25,Assam,Chickenpox,56,0
2024,2024-W25,Assam,Diphtheria,1,1
2024,2024-W25,Assam,Hepatitis A,10,0
2024,2024-W25,Chhattisgarh,Acute Diarrheal Disease,67,0
2024,2024-W25,Gujarat,Acute Diarrheal Disease,53,0
2024,2024-W25,Gujarat,Cholera,257,6
2024,2024-W25,Gujarat,Dengue,16,0
2024,2024-W25,Gujarat,Food Poisoning,60,0
2024,2024-W25,Himachal Pradesh,Acute Diarrheal Disease,115,0
2024,2024-W25,Jammu And Kashmir,Mumps,14,0
2024,2024-W25,Jharkhand,Chickenpox,13,0
2024,2024-W25,Jharkhand,Fever With Rash,41,0
2024,2024-W25,Jharkhand,Malaria,55,0
2024,2024-W25,Jharkhand,Measles,6,0
2024,2024-W25,Karnataka,Acute Diarrheal Disease,88,1
2024,2024-W25,Karnataka,Cholera,64,0
2024,2024-W25,Karnataka,Food Poisoning,172,0
2024,2024-W25,Karnataka,Human Rabies,1,1
2024,2024-W25,Kerala,Acute Diarrheal Disease,584,0
2024,2024-W25,Kerala,Dengue,540,0
2024,2024-W25,Kerala,Food Poisoning,121,0
2024,2024-W25,Ladakh,Mumps,62,0
2024,2024-W25,Madhya Pradesh,Acute Diarrheal Disease,102,0
2024,2024-W25,Madhya Pradesh,Dengue,18,0
2024,2024-W25,Maharashtra,Acute Diarrheal Disease,115,0
2024,2024-W25,Maharashtra,Dengue,38,0
2024,2024-W25,Maharashtra,Hepatitis A,35,0
2024,2024-W25,Meghalaya,Mumps,60,0
2024,2024-W25,Odisha,Acute Diarrheal Disease,79,1
2024,2024-W25,Odisha,Anthrax,6,0
2024,2024-W25,Odisha,Diphtheria,1,1
2024,2024-W25,Odisha,Hepatitis A,132,0
2024,2024-W25,Tamil Nadu,Acute Diarrheal Disease,14,0
2024,2024-W25,Uttar Pradesh,Chickenpox,7,0
2024,2024-W25,Uttarakhand,Acute Diarrheal Disease,75,1
2024,2024-W25,West Bengal,Acute Diarrheal Disease,6,0
2024,2024-W26,Andhra Pradesh,Acute Diarrheal Disease,98,0
2024,2024-W26,Assam,Acute Encephalitic Syndrome,1,1
2024,2024-W26,Assam,Malaria,6,0
2024,2024-W26,Assam,Mushroom Poisoning,1,1
2024,2024-W26,Bihar,Measles,9,0
2024,2024-W26,Gujarat,Cholera,60,0
2024,2024-W26,Gujarat,Food Poisoning,8,0
2024,2024-W26,Jammu And Kashmir,Chickenpox,26,0
2024,2024-W26,Jammu And Kashmir,Hepatitis A,28,0
2024,2024-W26,Jharkhand,Malaria,6,0
2024,2024-W26,Karnataka,Acute Diarrheal Disease,49,0
2024,2024-W26,Karnataka,Cholera,87,0
2024,2024-W26,Karnataka,Leptospirosis,19,0
2024,2024-W26,Kerala,Acute Diarrheal Disease,33,0
2024,2024-W26,Kerala,Acute Gastroenteritis,9,0
2024,2024-W26,Kerala,Dengue,113,0
2024,2024-W26,Kerala,Hepatitis A,17,0
2024,2024-W26,Madhya Pradesh,Acute Diarrheal Disease,68,0
2024,2024-W26,Madhya Pradesh,Dengue,39,0
2024,2024-W26,Maharashtra,Acute Diarrheal Disease,59,1
2024,2024-W26,Maharashtra,Chikungunya,19,0
2024,2024-W26,Maharashtra,Cholera,82,0
2024,2024-W26,Maharashtra,Dengue,144,3
2024,2024-W26,Maharashtra,Pertussis,9,0
2024,2024-W26,Maharashtra,Typhoid,14,0
2024,2024-W26,Maharashtra,Zika Virus,8,0
2024,2024-W26,Meghalaya,Food Poisoning,99,0
2024,2024-W26,Meghalaya,Measles,15,0
2024,2024-W26,Meghalaya,Mushroom Poisoning,5,0
2024,2024-W26,Nagaland,Animal Bite - Dog Bite,1,1
2024,2024-W26,Odisha,Acute Diarrheal Disease,67,1
2024,2024-W26,Odisha,Fever With Rash,9,0
2024,2024-W26,Odisha,Hepatitis A,18,0
2024,2024-W26,Punjab,Acute Diarrheal Disease,10,0
2024,2024-W26,Sikkim,Fever With Rash,5,0
2024,2024-W26,Sikkim,Typhoid,39,0
2024,2024-W26,Tamil Nadu,Acute Diarrheal Disease,201,0
2024,2024-W26,Tamil Nadu,Acute Gastroenteritis,37,0
2024,2024-W26,Tamil Nadu,Chikungunya,20,0
2024,2024-W26,Telangana,Acute Diarrheal Disease,48,0
2024,2024-W26,Tripura,Acute Diarrheal Disease,66,0
2024,2024-W26,Uttar Pradesh,Food Poisoning,21,0
2024,2024-W26,Uttarakhand,Acute Diarrheal Disease,10,0
2024,2024-W26,Uttarakhand,Hepatitis A,11,0
2024,2024-W26,West Bengal,Food Poisoning,42,0
2024,2024-W27,Andhra Pradesh,Acute Diarrheal Disease,266,2
2024,2024-W27,Andhra Pradesh,Food Poisoning,62,0
2024,2024-W27,Assam,Fever,32,0
2024,2024-W27,Assam,Human Rabies,2,2
2024,2024-W27,Assam,Malaria,48,0
2024,2024-W27,Bihar,Acute Diarrheal Disease,45,1
2024,2024-W27,Chhattisgarh,Acute Diarrheal Disease,890,0
2024,2024-W27,Dadra And Nagar Haveli And Daman And Diu,Acute Diarrheal Disease,13,0
2024,2024-W27,Himachal Pradesh,Acute Diarrheal Disease,372,0
2024,2024-W27,Jammu And Kashmir,Acute Diarrheal Disease,152,0
2024,2024-W27,Jammu And Kashmir,Mumps,48,0
2024,2024-W27,Jharkhand,Chickenpox,8,0
2024,2024-W27,Jharkhand,Food Poisoning,32,0
2024,2024-W27,Karnataka,Acute Diarrheal Disease,128,0
2024,2024-W27,Karnataka,Food Poisoning,158,0
2024,2024-W27,Karnataka,Zika Virus,6,0
2024,2024-W27,Kerala,Acute Diarrheal Disease,216,0
2024,2024-W27,Kerala,Dengue,258,0
2024,2024-W27,Kerala,Hepatitis A,36,0
2024,2024-W27,Kerala,Mumps,48,0
2024,2024-W27,Madhya Pradesh,Acute Diarrheal Disease,272,0
2024,2024-W27,Madhya Pradesh,Cholera,814,18
2024,2024-W27,Madhya Pradesh,Dengue,138,0
2024,2024-W27,Maharashtra,Cholera,36,0
2024,2024-W27,Maharashtra,Dengue,74,0
2024,2024-W27,Maharashtra,Food Poisoning,56,0
2024,2024-W27,Maharashtra,Zika Virus,16,0
2024,2024-W27,Meghalaya,Measles,144,0
2024,2024-W27,Meghalaya,Typhoid,110,0
2024,2024-W27,Odisha,Acute Diarrheal Disease,81,0
2024,2024-W27,Punjab,Hepatitis A,42,0
2024,2024-W27,Tamil Nadu,Acute Diarrheal Disease,80,0
2024,2024-W27,Tamil Nadu,Hepatitis A,22,0
2024,2024-W27,Uttar Pradesh,Acute Diarrheal Disease,50,0
2024,2024-W27,Uttar Pradesh,Fever With Rash,32,0
2024,2024-W27,Uttarakhand,Acute Diarrheal Disease,100,2
2024,2024-W28,Andhra Pradesh,Acute Diarrheal Disease,111,0
2024,2024-W28,Andhra Pradesh,Cholera,19,0
2024,2024-W28,Arunachal Pradesh,Acute Diarrheal Disease,32,0
2024,2024-W28,Assam,Chickenpox,20,0
2024,2024-W28,Assam,Food Poisoning,12,0
2024,2024-W28,Assam,Japanese Encephalitis,9,7
2024,2024-W28,Bihar,Acute Diarrheal Disease,34,0
2024,2024-W28,Chhattisgarh,Acute Diarrheal Disease,410,2
2024,2024-W28,Chhattisgarh,Cholera,214,0
2024,2024-W28,Chhattisgarh,Food Poisoning,96,0
2024,2024-W28,Chhattisgarh,Measles,22,0
2024,2024-W28,Gujarat,Acute Diarrheal Disease,360,0
2024,2024-W28,Gujarat,Acute Encephalitic Syndrome,186,14
2024,2024-W28,Gujarat,Cholera,5,1
2024,2024-W28,Haryana,Cholera,8,0
2024,2024-W28,Himachal Pradesh,Hepatitis A,720,4
2024,2024-W28,Jammu And Kashmir,Acute Diarrheal Disease,116,0
2024,2024-W28,Jammu And Kashmir,Acute Gastroenteritis,19,0
2024,2024-W28,Jammu And Kashmir,Food Poisoning,148,0
2024,2024-W28,Jammu And Kashmir,Hepatitis A And E,44,0
2024,2024-W28,Jammu And Kashmir,Mumps,14,0
2024,2024-W28,Jharkhand,Acute Diarrheal Disease,54,0
2024,2024-W28,Karnataka,Acute Gastroenteritis,134,0
2024,2024-W28,Karnataka,Cholera,156,0
2024,2024-W28,Karnataka,Dengue,6,6
2024,2024-W28,Karnataka,Food Poisoning,36,0
2024,2024-W28,Kerala,Acute Diarrheal Disease,54,2
2024,2024-W28,Kerala,Acute Gastroenteritis,62,0
2024,2024-W28,Kerala,Chickenpox,16,0
2024,2024-W28,Kerala,Dengue,282,0
2024,2024-W28,Kerala,Hepatitis A,50,0
2024,2024-W28,Madhya Pradesh,Acute Diarrheal Disease,514,0
2024,2024-W28,Madhya Pradesh,Dengue,208,0
2024,2024-W28,Madhya Pradesh,Japanese Encephalitis,46,6
2024,2024-W28,Madhya Pradesh,Malaria,10,0
2024,2024-W28,Maharashtra,Acute Diarrheal Disease,267,2
2024,2024-W28,Maharashtra,Cholera,74,0
2024,2024-W28,Maharashtra,Dengue,36,8
2024,2024-W28,Maharashtra,Hepatitis A,18,0
2024,2024-W28,Maharashtra,Malaria,6,2
2024,2024-W28,Maharashtra,Zika Virus,12,0
2024,2024-W28,Manipur,Acute Gastroenteritis,32,0
2024,2024-W28,Manipur,Mumps,9,0
2024,2024-W28,Manipur,Typhoid,24,0
2024,2024-W28,Meghalaya,Typhoid,26,0
2024,2024-W28,Odisha,Acute Diarrheal Disease,206,0
2024,2024-W28,Odisha,Dengue,132,0
2024,2024-W28,Odisha,Diphtheria,10,0
2024,2024-W28,Odisha,Food Poisoning,18,0
2024,2024-W28,Odisha,Hepatitis A,8,0
2024,2024-W28,Odisha,Japanese Encephalitis,4,2
2024,2024-W28,Odisha,Malaria,62,0
2024,2024-W28,Odisha,Measles,44,0
2024,2024-W28,Punjab,Acute Diarrheal Disease,46,0
2024,2024-W28,Punjab,Cholera,130,0
2024,2024-W28,Rajasthan,Acute Diarrheal Disease,8,0
2024,2024-W28,Tamil Nadu,Acute Diarrheal Disease,35,0
2024,2024-W28,Tamil Nadu,Hepatitis A,80,0
2024,2024-W28,Uttar Pradesh,Acute Diarrheal Disease,12,0
2024,2024-W28,Uttar Pradesh,Chickenpox,14,0
2024,2024-W28,Uttar Pradesh,Food Poisoning,48,0
2024,2024-W28,Uttar Pradesh,Measles,54,0
2024,2024-W28,Uttarakhand,Acute Diarrheal Disease,110,0
2024,2024-W28,West Bengal,Acute Diarrheal Disease,294,0
2024,2024-W28,West Bengal,Food Poisoning,114,0
2024,2024-W29,Andhra Pradesh,Acute Diarrheal Disease,128,0
2024,2024-W29,Andhra Pradesh,Food Poisoning,153,2
2024,2024-W29,Arunachal Pradesh,Acute Diarrheal Disease,16,0
2024,2024-W29,Arunachal Pradesh,Shigellosis,29,0
2024,2024-W29,Assam,Acute Diarrheal Disease,35,0
2024,2024-W29,Assam,Fever,30,0
2024,2024-W29,Assam,Human Rabies,1,1
2024,2024-W29,Assam,Japanese Encephalitis,5,2
2024,2024-W29,Bihar,Cholera,25,0
2024,2024-W29,Chhattisgarh,Acute Diarrheal Disease,699,2
2024,2024-W29,Chhattisgarh,Cholera,321,0
2024,2024-W29,Chhattisgarh,Malaria,4,2
2024,2024-W29,Gujarat,Acute Encephalitic Syndrome,168,82
2024,2024-W29,Gujarat,Cholera,40,0
2024,2024-W29,Gujarat,Measles,8,0
2024,2024-W29,Haryana,Cholera,140,0
2024,2024-W29,Jammu And Kashmir,Acute Diarrheal Disease,142,0
2024,2024-W29,Jammu And Kashmir,Food Poisoning,13,0
2024,2024-W29,Jammu And Kashmir,Hepatitis A,9,0
2024,2024-W29,Jammu And Kashmir,Measles,6,0
2024,2024-W29,Jharkhand,Dengue,10,0
2024,2024-W29,Karnataka,Acute Diarrheal Disease,50,0
2024,2024-W29,Karnataka,Cholera,71,0
2024,2024-W29,Karnataka,Fever,21,0
2024,2024-W29,Karnataka,Hepatitis A,24,0
2024,2024-W29,Kerala,Food Poisoning,34,0
2024,2024-W29,Kerala,Hepatitis A,49,0
2024,2024-W29,Kerala,Jaundice,55,0
2024,2024-W29,Kerala,Leptospirosis,8,0
2024,2024-W29,Kerala,Mumps,59,0
2024,2024-W29,Madhya Pradesh,Acute Diarrheal Disease,170,2
2024,2024-W29,Madhya Pradesh,Cholera,165,3
2024,2024-W29,Madhya Pradesh,Dengue,21,0
2024,2024-W29,Madhya Pradesh,Food Poisoning,42,0
2024,2024-W29,Madhya Pradesh,Scrub Typhus,15,0
2024,2024-W29,Maharashtra,Acute Diarrheal Disease,362,1
2024,2024-W29,Maharashtra,Dengue,17,0
2024,2024-W29,Maharashtra,Dysentery,98,0
2024,2024-W29,Maharashtra,Malaria,30,1
2024,2024-W29,Maharashtra,Zika Virus,26,0
2024,2024-W29,Mizoram,Food Poisoning,38,0
2024,2024-W29,Odisha,Acute Diarrheal Disease,148,0
2024,2024-W29,Odisha,Food Poisoning,89,0
2024,2024-W29,Odisha,Measles,28,0
2024,2024-W29,Punjab,Acute Diarrheal Disease,136,0
2024,2024-W29,Rajasthan,Hepatitis A,24,0
2024,2024-W29,Tamil Nadu,Acute Diarrheal Disease,151,0
2024,2024-W29,Tamil Nadu,Dengue,15,0
2024,2024-W29,Tamil Nadu,Jaundice,12,0
2024,2024-W29,Tripura,Acute Diarrheal Disease,74,0
2024,2024-W29,Uttar Pradesh,Cholera,25,0
2024,2024-W29,Uttar Pradesh,Food Poisoning,45,3
2024,2024-W29,Uttarakhand,Mumps,11,0
2024,2024-W29,Uttarakhand,Mushroom Poisoning,9,0
2024,2024-W29,West Bengal,Acute Diarrheal Disease,34,0
2024,2024-W30,Andhra Pradesh,Cholera,190,0
2024,2024-W30,Andhra Pradesh,Typhoid,38,0
2024,2024-W30,Assam,Acute Encephalitic Syndrome,2,2
2024,2024-W30,Assam,Japanese Encephalitis,7,7
2024,2024-W30,Assam,Leptospirosis,1,1
2024,2024-W30,Bihar,Acute Diarrheal Disease,81,3
2024,2024-W30,Bihar,Measles,13,0
2024,2024-W30,Chhattisgarh,Acute Diarrheal Disease,380,0
2024,2024-W30,Chhattisgarh,Acute Gastroenteritis,59,0
2024,2024-W30,Chhattisgarh,Food Poisoning,7,1
2024,2024-W30,Chhattisgarh,Malaria,165,0
2024,2024-W30,Chhattisgarh,Rubella,2,0
2024,2024-W30,Gujarat,Acute Diarrheal Disease,15,0
2024,2024-W30,Himachal Pradesh,Dengue,312,0
2024,2024-W30,Jammu And Kashmir,Acute Diarrheal Disease,84,0
2024,2024-W30,Jammu And Kashmir,Chickenpox,59,0
2024,2024-W30,Jammu And Kashmir,Food Poisoning,208,0
2024,2024-W30,Jharkhand,Acute Diarrheal Disease,112,0
2024,2024-W30,Jharkhand,Food Poisoning,19,0
2024,2024-W30,Jharkhand,Malaria,49,0
2024,2024-W30,Karnataka,Acute Diarrheal Disease,27,0
2024,2024-W30,Kerala,Acute Gastroenteritis,223,0
2024,2024-W30,Kerala,Ari Influenza Like Illness(Ili),19,0
2024,2024-W30,Kerala,Hepatitis A,88,0
2024,2024-W30,Kerala,Malaria,3,0
2024,2024-W30,Kerala,Mumps,155,0
2024,2024-W30,Kerala,Nipah Virus,1,1
2024,2024-W30,Madhya Pradesh,Acute Diarrheal Disease,715,7
2024,2024-W30,Madhya Pradesh,Cholera,106,0
2024,2024-W30,Madhya Pradesh,Dengue,79,0
2024,2024-W30,Madhya Pradesh,Fever,15,0
2024,2024-W30,Madhya Pradesh,Food Poisoning,52,0
2024,2024-W30,Madhya Pradesh,Malaria,9,0
2024,2024-W30,Maharashtra,Acute Diarrheal Disease,126,0
2024,2024-W30,Maharashtra,Cholera,27,3
2024,2024-W30,Maharashtra,Dengue,5,3
2024,2024-W30,Maharashtra,Malaria,12,3
2024,2024-W30,Meghalaya,Measles,94,0
2024,2024-W30,Nagaland,Japanese Encephalitis,8,0
2024,2024-W30,Odisha,Acute Diarrheal Disease,218,0
2024,2024-W30,Odisha,Chickenpox,16,0
2024,2024-W30,Odisha,Food Poisoning,18,0
2024,2024-W30,Odisha,Measles,17,0
2024,2024-W30,Punjab,Acute Diarrheal Disease,260,1
2024,2024-W30,Punjab,Chickenpox,5,0
2024,2024-W30,Rajasthan,Acute Diarrheal Disease,271,0
2024,2024-W30,Rajasthan,Hepatitis A,43,0
2024,2024-W30,Tamil Nadu,Diphtheria,8,0
2024,2024-W30,Tamil Nadu,Hepatitis A,5,0
2024,2024-W30,Tamil Nadu,Mumps,90,0
2024,2024-W30,Uttar Pradesh,Acute Diarrheal Disease,70,2
2024,2024-W30,Uttar Pradesh,Cholera,50,0
2024,2024-W30,Uttarakhand,Chickenpox,16,0
2024,2024-W30,Uttarakhand,Hepatitis A,18,0
2024,2024-W30,West Bengal,Food Poisoning,39,0
2024,2024-W31,Andhra Pradesh,Acute Diarrheal Disease,42,0
2024,2024-W31,Bihar,Acute Diarrheal Disease,207,2
2024,2024-W31,Chhattisgarh,Acute Diarrheal Disease,704,0
2024,2024-W31,Chhattisgarh,Dengue,160,0
2024,2024-W31,Chhattisgarh,Malaria,11,0
2024,2024-W31,Gujarat,Acute Diarrheal Disease,93,0
2024,2024-W31,Gujarat,Cholera,750,0
2024,2024-W31,Jammu And Kashmir,Cholera,346,4
2024,2024-W31,Jammu And Kashmir,Typhoid,7,0
2024,2024-W31,Jharkhand,Acute Diarrheal Disease,45,0
2024,2024-W31,Jharkhand,Malaria,16,0
2024,2024-W31,Karnataka,Acute Diarrheal Disease,161,0
2024,2024-W31,Kerala,Hepatitis A,24,0
2024,2024-W31,Kerala,Mumps,10,0
2024,2024-W31,Madhya Pradesh,Acute Diarrheal Disease,653,4
2024,2024-W31,Madhya Pradesh,Dengue,61,0
2024,2024-W31,Madhya Pradesh,Leptospirosis,5,0
2024,2024-W31,Maharashtra,Acute Diarrheal Disease,41,1
2024,2024-W31,Maharashtra,Chikungunya,42,0
2024,2024-W31,Maharashtra,Dengue,54,0
2024,2024-W31,Maharashtra,Malaria,4,2
2024,2024-W31,Maharashtra,Zika Virus,24,0
2024,2024-W31,Manipur,Acute Diarrheal Disease,0,0
2024,2024-W31,Meghalaya,Human Rabies,2,2
2024,2024-W31,Meghalaya,Measles,34,1
2024,2024-W31,Mizoram,Mumps,80,0
2024,2024-W31,Odisha,Acute Diarrheal Disease,146,0
2024,2024-W31,Odisha,Cholera,66,0
2024,2024-W31,Odisha,Shigellosis,23,2
2024,2024-W31,Punjab,Cholera,233,1
2024,2024-W31,Rajasthan,Acute Diarrheal Disease,152,0
2024,2024-W31,Tamil Nadu,Hepatitis A,16,0
2024,2024-W31,Tamil Nadu,Mumps,114,0
2024,2024-W31,Uttar Pradesh,Acute Diarrheal Disease,213,3
2024,2024-W31,West Bengal,Acute Diarrheal Disease,22,0
2024,2024-W31,West Bengal,Malaria,24,0
2024,2024-W32,Andhra Pradesh,Acute Diarrheal Disease,272,6
2024,2024-W32,Andhra Pradesh,Cholera,142,0
2024,2024-W32,Assam,Acute Diarrheal Disease,172,0
2024,2024-W32,Assam,Japanese Encephalitis,14,14
2024,2024-W32,Assam,Measles,22,0
2024,2024-W32,Bihar,Acute Diarrheal Disease,60,0
2024,2024-W32,Chhattisgarh,Acute Diarrheal Disease,1354,0
2024,2024-W32,Gujarat,Acute Diarrheal Disease,20,0
2024,2024-W32,Gujarat,Acute Encephalitic Syndrome (Chandipura Virus),306,132
2024,2024-W32,Haryana,Cholera,738,0
2024,2024-W32,Haryana,Hepatitis A,132,0
2024,2024-W32,Jammu And Kashmir,Acute Diarrheal Disease,24,0
2024,2024-W32,Jammu And Kashmir,Chickenpox,70,0
2024,2024-W32,Jammu And Kashmir,Hepatitis A,18,0
2024,2024-W32,Jammu And Kashmir,Typhoid,22,0
2024,2024-W32,Jharkhand,Acute Diarrheal Disease,48,0
2024,2024-W32,Jharkhand,Chickenpox,20,0
2024,2024-W32,Jharkhand,Dengue,45,0
2024,2024-W32,Jharkhand,Food Poisoning,90,0
2024,2024-W32,Jharkhand,Malaria,18,0
2024,2024-W32,Karnataka,Dengue,60,0
2024,2024-W32,Karnataka,Food Poisoning,38,0
2024,2024-W32,Kerala,Acute Diarrheal Disease,30,0
2024,2024-W32,Kerala,Hepatitis A,234,0
2024,2024-W32,Kerala,Primary Amoebic Meningo-Encephalitis,14,2
2024,2024-W32,Madhya Pradesh,Acute Diarrheal Disease,897,22
2024,2024-W32,Madhya Pradesh,Cholera,70,0
2024,2024-W32,Madhya Pradesh,Malaria,42,0
2024,2024-W32,Maharashtra,Acute Diarrheal Disease,538,2
2024,2024-W32,Maharashtra,Acute Gastroenteritis,52,0
2024,2024-W32,Maharashtra,Chickenpox,36,0
2024,2024-W32,Maharashtra,Zika Virus,9,0
2024,2024-W32,Meghalaya,Human Rabies,2,2
2024,2024-W32,Odisha,Acute Diarrheal Disease,152,0
2024,2024-W32,Odisha,Food Poisoning,224,0
2024,2024-W32,Puducherry,Typhoid,44,0
2024,2024-W32,Punjab,Acute Diarrheal Disease,30,2
2024,2024-W32,Tamil Nadu,Acute Diarrheal Disease,148,0
2024,2024-W32,Tamil Nadu,Chikungunya And Dengue,24,0
2024,2024-W32,Tamil Nadu,Cholera,9,0
2024,2024-W32,Tamil Nadu,Dengue,111,0
2024,2024-W32,Tamil Nadu,Hepatitis A,64,0
2024,2024-W32,Tamil Nadu,Mumps,155,0
2024,2024-W32,Uttar Pradesh,Acute Diarrheal Disease,123,2
2024,2024-W32,Uttar Pradesh,Food Poisoning,124,2
2024,2024-W32,West Bengal,Food Poisoning,90,0
2024,2024-W33,Andhra Pradesh,Acute Diarrheal Disease,40,0
2024,2024-W33,Andhra Pradesh,Malaria,21,0
2024,2024-W33,Assam,Acute Diarrheal Disease,54,0
2024,2024-W33,Assam,Fever,40,0
2024,2024-W33,Assam,Food Poisoning,327,1
2024,2024-W33,Bihar,Acute Diarrheal Disease,36,0
2024,2024-W33,Bihar,Typhoid,29,0
2024,2024-W33,Chhattisgarh,Acute Diarrheal Disease,441,0
2024,2024-W33,Gujarat,Acute Diarrheal Disease,10,1
2024,2024-W33,Gujarat,Acute Encephalitic Syndrome (Chandipura Virus),328,146
2024,2024-W33,Jammu And Kashmir,Acute Diarrheal Disease,37,0
2024,2024-W33,Jammu And Kashmir,Chickenpox,12,0
2024,2024-W33,Jammu And Kashmir,Cholera,91,0
2024,2024-W33,Jammu And Kashmir,Food Poisoning,134,1
2024,2024-W33,Jammu And Kashmir,Hepatitis A,19,0
2024,2024-W33,Jammu And Kashmir,Human Rabies,1,1
2024,2024-W33,Jharkhand,Acute Diarrheal Disease,154,2
2024,2024-W33,Karnataka,Acute Diarrheal Disease,198,2
2024,2024-W33,Karnataka,Chikungunya,46,0
2024,2024-W33,Karnataka,Cholera,60,0
2024,2024-W33,Karnataka,Zika Virus,7,0
2024,2024-W33,Kerala,Food Poisoning,163,0
2024,2024-W33,Kerala,Hepatitis A,52,0
2024,2024-W33,Kerala,Mumps,35,0
2024,2024-W33,Madhya Pradesh,Acute Diarrheal Disease,337,0
2024,2024-W33,Madhya Pradesh,Cholera,32,0
2024,2024-W33,Madhya Pradesh,Food Poisoning,50,0
2024,2024-W33,Maharashtra,Acute Diarrheal Disease,87,0
2024,2024-W33,Maharashtra,Chikungunya,56,0
2024,2024-W33,Maharashtra,Zika Virus,4,0
2024,2024-W33,Manipur,Typhoid,14,0
2024,2024-W33,Mizoram,Typhoid,68,0
2024,2024-W33,Odisha,Acute Diarrheal Disease,315,2
2024,2024-W33,Odisha,Cholera,36,0
2024,2024-W33,Odisha,Dengue,48,0
2024,2024-W33,Tamil Nadu,Acute Diarrheal Disease,96,0
2024,2024-W33,Tamil Nadu,Human Rabies,1,1
2024,2024-W33,Tamil Nadu,Mumps,16,0
2024,2024-W33,Uttar Pradesh,Acute Diarrheal Disease,160,8
2024,2024-W33,West Bengal,Acute Diarrheal Disease,89,0
2024,2024-W34,Andaman And Nicobar Islands,Chickenpox,7,0
2024,2024-W34,Andhra Pradesh,Acute Diarrheal Disease,200,0
2024,2024-W34,Andhra Pradesh,Cholera,47,0
2024,2024-W34,Andhra Pradesh,Food Poisoning,81,3
2024,2024-W34,Arunachal Pradesh,Acute Diarrheal Disease,19,2
2024,2024-W34,Assam,Acute Diarrheal Disease,48,0
2024,2024-W34,Assam,Japanese Encephalitis,3,3
2024,2024-W34,Bihar,Acute Diarrheal Disease,69,2
2024,2024-W34,Chhattisgarh,Acute Diarrheal Disease,79,0
2024,2024-W34,Chhattisgarh,Dengue,9,0
2024,2024-W34,Chhattisgarh,Mumps,35,0
2024,2024-W34,Goa,Cholera,226,6
2024,2024-W34,Haryana,Hepatitis A,127,0
2024,2024-W34,Jammu And Kashmir,Chickenpox,18,0
2024,2024-W34,Jammu And Kashmir,Hepatitis A,41,0
2024,2024-W34,Jharkhand,Acute Diarrheal Disease,39,0
2024,2024-W34,Karnataka,Acute Diarrheal Disease,85,0
2024,2024-W34,Karnataka,Dengue,31,0
2024,2024-W34,Karnataka,Food Poisoning,21,0
2024,2024-W34,Kerala,Cholera,17,1
2024,2024-W34,Kerala,Dengue,154,0
2024,2024-W34,Madhya Pradesh,Acute Diarrheal Disease,334,6
2024,2024-W34,Madhya Pradesh,Cholera,7,0
2024,2024-W34,Madhya Pradesh,Dengue,5,0
2024,2024-W34,Maharashtra,Dengue,3,1
2024,2024-W34,Maharashtra,Food Poisoning,187,1
2024,2024-W34,Maharashtra,Zika Virus,2,0
2024,2024-W34,Meghalaya,Animal Bite - Dog Bite,1,1
2024,2024-W34,Meghalaya,Poliomyelitis (Vaccine-Derived Polio Virus),2,0
2024,2024-W34,Mizoram,Measles,50,0
2024,2024-W34,Odisha,Acute Diarrheal Disease,264,3
2024,2024-W34,Odisha,Cholera,26,0
2024,2024-W34,Odisha,Diphtheria,1,1
2024,2024-W34,Odisha,Hepatitis A,15,0
2024,2024-W34,Odisha,Leptospirosis,38,0
2024,2024-W34,Punjab,Cholera,101,0
2024,2024-W34,Rajasthan,Chandipura Vesiculovirus (Chpv),2,0
2024,2024-W34,Tamil Nadu,Acute Diarrheal Disease,43,0
2024,2024-W34,Tamil Nadu,Dengue,5,0
2024,2024-W34,Tamil Nadu,Hepatitis A,16,0
2024,2024-W34,Tamil Nadu,Mumps,82,0
2024,2024-W34,Tamil Nadu,Typhoid,63,0
2024,2024-W34,Uttar Pradesh,Acute Diarrheal Disease,87,4
2024,2024-W34,Uttar Pradesh,Diphtheria,34,8
2024,2024-W35,Andhra Pradesh,Acute Diarrheal Disease,116,0
2024,2024-W35,Andhra Pradesh,Food Poisoning,106,0
2024,2024-W35,Arunachal Pradesh,Typhoid,62,0
2024,2024-W35,Assam,Diphtheria,1,1
2024,2024-W35,Assam,Dysentery,30,1
2024,2024-W35,Bihar,Acute Diarrheal Disease,91,2
2024,2024-W35,Chhattisgarh,Acute Diarrheal Disease,444,0
2024,2024-W35,Chhattisgarh,Dengue,45,0
2024,2024-W35,Chhattisgarh,Measles,6,0
2024,2024-W35,Gujarat,Food Poisoning,29,0
2024,2024-W35,Jammu And Kashmir,Jaundice,15,0
2024,2024-W35,Jharkhand,Acute Diarrheal Disease,41,0
2024,2024-W35,Jharkhand,Malaria,40,0
2024,2024-W35,Karnataka,Acute Diarrheal Disease,234,2
2024,2024-W35,Karnataka,Food Poisoning,33,0
2024,2024-W35,Kerala,Chickenpox,46,0
2024,2024-W35,Kerala,Dengue,42,0
2024,2024-W35,Kerala,Mumps,110,0
2024,2024-W35,Ladakh,Mumps,49,0
2024,2024-W35,Madhya Pradesh,Acute Diarrheal Disease,757,8
2024,2024-W35,Madhya Pradesh,Dengue,43,0
2024,2024-W35,Madhya Pradesh,Fever Of Unknown Origin,17,0
2024,2024-W35,Maharashtra,Dengue,74,0
2024,2024-W35,Maharashtra,Hepatitis A,9,0
2024,2024-W35,Maharashtra,Malaria,41,0
2024,2024-W35,Odisha,Acute Diarrheal Disease,186,0
2024,2024-W35,Odisha,Cholera,191,0
2024,2024-W35,Odisha,Jaundice,20,0
2024,2024-W35,Odisha,Measles,32,0
2024,2024-W35,Puducherry,Mumps,28,0
2024,2024-W35,Punjab,Cholera,101,0
2024,2024-W35,Rajasthan,Acute Diarrheal Disease,48,0
2024,2024-W35,Tamil Nadu,Chickenpox,26,0
2024,2024-W35,Tamil Nadu,Mumps,12,0
2024,2024-W35,Uttar Pradesh,Acute Diarrheal Disease,103,9
2024,2024-W35,Uttar Pradesh,Food Poisoning,110,0
2024,2024-W35,West Bengal,Acute Diarrheal Disease,29,0
2024,2024-W35,West Bengal,Cholera,68,0
2024,2024-W35,West Bengal,Hepatitis A,69,0
2024,2024-W36,Andhra Pradesh,Acute Diarrheal Disease,111,0
2024,2024-W36,Andhra Pradesh,Food Poisoning,122,0
2024,2024-W36,Assam,Chickenpox,16,0
2024,2024-W36,Bihar,Acute Diarrheal Disease,14,4
2024,2024-W36,Chhattisgarh,Acute Diarrheal Disease,346,0
2024,2024-W36,Chhattisgarh,Measles,18,0
2024,2024-W36,Gujarat,Cholera,64,0
2024,2024-W36,Haryana,Acute Diarrheal Disease,68,0
2024,2024-W36,Jammu And Kashmir,Cholera,140,0
2024,2024-W36,Jammu And Kashmir,Dengue,27,0
2024,2024-W36,Jammu And Kashmir,Hepatitis A,40,0
2024,2024-W36,Jammu And Kashmir,Mumps,4,0
2024,2024-W36,Jharkhand,Acute Diarrheal Disease,62,4
2024,2024-W36,Karnataka,Acute Diarrheal Disease,182,2
2024,2024-W36,Karnataka,Cholera,16,0
2024,2024-W36,Kerala,Dengue,40,0
2024,2024-W36,Kerala,Hepatitis A,142,0
2024,2024-W36,Kerala,Mumps,42,0
2024,2024-W36,Madhya Pradesh,Acute Diarrheal Disease,336,4
2024,2024-W36,Madhya Pradesh,Dengue,68,0
2024,2024-W36,Madhya Pradesh,Leptospirosis,7,0
2024,2024-W36,Maharashtra,Acute Diarrheal Disease,14,0
2024,2024-W36,Maharashtra,Dengue,70,4
2024,2024-W36,Maharashtra,Hepatitis A,96,0
2024,2024-W36,Maharashtra,Malaria,6,3
2024,2024-W36,Manipur,Scrub Typhus,4,2
2024,2024-W36,Meghalaya,Human Rabies,1,1
2024,2024-W36,Odisha,Acute Diarrheal Disease,209,0
2024,2024-W36,Odisha,Acute Gastroenteritis,232,0
2024,2024-W36,Odisha,Cholera,60,0
2024,2024-W36,Odisha,Food Poisoning,26,0
2024,2024-W36,Odisha,Hepatitis A,12,0
2024,2024-W36,Odisha,Measles,10,0
2024,2024-W36,Tamil Nadu,Mumps,42,0
2024,2024-W36,Uttar Pradesh,Acute Diarrheal Disease,1422,0
2024,2024-W36,West Bengal,Acute Diarrheal Disease,204,0
2024,2024-W37,Andhra Pradesh,Acute Diarrheal Disease,81,0
2024,2024-W37,Andhra Pradesh,Cholera,63,0
2024,2024-W37,Andhra Pradesh,Food Poisoning,128,0
2024,2024-W37,Assam,Food Poisoning,670,0
2024,2024-W37,Bihar,Acute Diarrheal Disease,144,4
2024,2024-W37,Chhattisgarh,Acute Diarrheal Disease,187,0
2024,2024-W37,Chhattisgarh,Cholera,93,0
2024,2024-W37,Gujarat,Cholera,83,0
2024,2024-W37,Himachal Pradesh,Dengue,149,0
2024,2024-W37,Jammu And Kashmir,Acute Diarrheal Disease,102,0
2024,2024-W37,Jammu And Kashmir,Chickenpox,100,0
2024,2024-W37,Jammu And Kashmir,Hepatitis A,119,4
2024,2024-W37,Jharkhand,Acute Diarrheal Disease,24,0
2024,2024-W37,Jharkhand,Scrub Typhus,80,0
2024,2024-W37,Karnataka,Acute Diarrheal Disease,180,4
2024,2024-W37,Karnataka,Cholera,10,0
2024,2024-W37,Kerala,Food Poisoning,142,0
2024,2024-W37,Kerala,Hepatitis A,677,0
2024,2024-W37,Kerala,Mumps,38,0
2024,2024-W37,Madhya Pradesh,Acute Diarrheal Disease,30,6
2024,2024-W37,Madhya Pradesh,Dengue,52,0
2024,2024-W37,Maharashtra,Acute Diarrheal Disease,238,4
2024,2024-W37,Maharashtra,Malaria,10,4
2024,2024-W37,Manipur,Chickenpox,30,0
2024,2024-W37,Meghalaya,Fever With Rash,35,0
2024,2024-W37,Meghalaya,Human Rabies,1,1
2024,2024-W37,Mizoram,Food Poisoning,80,0
2024,2024-W37,Odisha,Acute Diarrheal Disease,249,0
2024,2024-W37,Odisha,Food Poisoning,266,0
2024,2024-W37,Odisha,Malaria,320,10
2024,2024-W37,Tamil Nadu,Acute Diarrheal Disease,414,0
2024,2024-W37,Tamil Nadu,Mumps,82,0
2024,2024-W37,Uttar Pradesh,Acute Diarrheal Disease,13,1
2024,2024-W37,Uttar Pradesh,Malaria,23,0
2024,2024-W37,West Bengal,Acute Diarrheal Disease,119,0
2024,2024-W37,West Bengal,Food Poisoning,266,0
2024,2024-W38,Andhra Pradesh,Acute Diarrheal Disease,75,0
2024,2024-W38,Arunachal Pradesh,Measles,2,0
2024,2024-W38,Assam,Acute Diarrheal Disease,13,0
2024,2024-W38,Assam,Food Poisoning,35,0
2024,2024-W38,Bihar,Dengue,11,0
2024,2024-W38,Chhattisgarh,Acute Diarrheal Disease,31,0
2024,2024-W38,Gujarat,Food Poisoning,79,0
2024,2024-W38,Gujarat,Hepatitis A,21,0
2024,2024-W38,Haryana,Hepatitis A And E,30,0
2024,2024-W38,Himachal Pradesh,Acute Diarrheal Disease,47,0
2024,2024-W38,Jammu And Kashmir,Hepatitis A,6,0
2024,2024-W38,Jharkhand,Acute Diarrheal Disease,68,1
2024,2024-W38,Jharkhand,Dengue,62,0
2024,2024-W38,Jharkhand,Malaria,43,0
2024,2024-W38,Karnataka,Dengue,37,0
2024,2024-W38,Kerala,Hepatitis A,4,0
2024,2024-W38,Kerala,Mpox,1,0
2024,2024-W38,Kerala,Nipah Virus,1,1
2024,2024-W38,Madhya Pradesh,Acute Diarrheal Disease,11,0
2024,2024-W38,Madhya Pradesh,Dengue,171,0
2024,2024-W38,Madhya Pradesh,Measles,15,0
2024,2024-W38,Maharashtra,Cholera,6,0
2024,2024-W38,Maharashtra,Dengue,12,0
2024,2024-W38,Maharashtra,Hepatitis A,65,0
2024,2024-W38,Maharashtra,Scrub Typhus,1,1
2024,2024-W38,Nagaland,Leptospirosis,12,0
2024,2024-W38,Odisha,Acute Diarrheal Disease,156,0
2024,2024-W38,Odisha,Cholera,18,1
2024,2024-W38,Odisha,Food Poisoning,30,0
2024,2024-W38,Odisha,Hepatitis A,34,0
2024,2024-W38,Odisha,Scrub Typhus,27,0
2024,2024-W38,Rajasthan,Food Poisoning,21,0
2024,2024-W38,Rajasthan,Scrub Typhus,14,0
2024,2024-W38,Tamil Nadu,Acute Diarrheal Disease,56,0
2024,2024-W38,Tamil Nadu,Acute Encephalitic Syndrome,3,1
2024,2024-W38,Tamil Nadu,Dengue,4,1
2024,2024-W38,Tamil Nadu,Hepatitis A,67,0
2024,2024-W38,Tamil Nadu,Mumps,7,0
2024,2024-W38,Uttar Pradesh,Acute Diarrheal Disease,32,1
2024,2024-W38,Uttar Pradesh,Food Poisoning,54,6
2024,2024-W38,West Bengal,Acute Diarrheal Disease,70,0
2024,2024-W38,West Bengal,Malaria,152,0
2024,2024-W39,Andhra Pradesh,Cholera,80,0
2024,2024-W39,Assam,Acute Diarrheal Disease,153,0
2024,2024-W39,Bihar,Acute Diarrheal Disease,104,0
2024,2024-W39,Chhattisgarh,Acute Diarrheal Disease,189,0
2024,2024-W39,Chhattisgarh,Food Poisoning,24,0
2024,2024-W39,Gujarat,Cholera,17,0
2024,2024-W39,Gujarat,Hepatitis A,13,0
2024,2024-W39,Jammu And Kashmir,Cholera,59,0
2024,2024-W39,Jammu And Kashmir,Hepatitis A,20,0
2024,2024-W39,Jharkhand,Acute Diarrheal Disease,45,0
2024,2024-W39,Jharkhand,Malaria,7,0
2024,2024-W39,Karnataka,Food Poisoning,14,0
2024,2024-W39,Kerala,Acute Diarrheal Disease,23,0
2024,2024-W39,Kerala,Hepatitis A,51,0
2024,2024-W39,Kerala,Leptospirosis,11,2
2024,2024-W39,Kerala,Mpox,1,0
2024,2024-W39,Madhya Pradesh,Acute Diarrheal Disease,36,0
2024,2024-W39,Madhya Pradesh,Chikungunya,21,0
2024,2024-W39,Madhya Pradesh,Dengue,12,0
2024,2024-W39,Maharashtra,Acute Diarrheal Disease,26,0
2024,2024-W39,Maharashtra,Chikungunya,9,0
2024,2024-W39,Maharashtra,Cholera,32,2
2024,2024-W39,Maharashtra,Food Poisoning,42,0
2024,2024-W39,Maharashtra,Hepatitis A,22,0
2024,2024-W39,Odisha,Acute Diarrheal Disease,111,0
2024,2024-W39,Punjab,Mumps,24,0
2024,2024-W39,Tamil Nadu,Dengue,12,0
2024,2024-W39,Tamil Nadu,Hepatitis A,24,0
2024,2024-W39,Tamil Nadu,Mumps,31,0
2024,2024-W39,Uttar Pradesh,Acute Diarrheal Disease,85,1
2024,2024-W39,Uttar Pradesh,Fever,27,0
2024,2024-W39,Uttar Pradesh,Food Poisoning,16,1
2024,2024-W39,West Bengal,Acute Diarrheal Disease,32,0
2024,2024-W40,Andhra Pradesh,Acute Diarrheal Disease,64,0
2024,2024-W40,Andhra Pradesh,Food Poisoning,26,0
2024,2024-W40,Assam,Acute Diarrheal Disease,427,4
2024,2024-W40,Assam,Dengue,54,0
2024,2024-W40,Bihar,Food Poisoning,30,0
2024,2024-W40,Chhattisgarh,Acute Diarrheal Disease,297,0
2024,2024-W40,Chhattisgarh,Acute Gastroenteritis,66,0
2024,2024-W40,Chhattisgarh,Chikungunya,8,0
2024,2024-W40,Chhattisgarh,Dengue,34,0
2024,2024-W40,Goa,Acute Diarrheal Disease,12,2
2024,2024-W40,Gujarat,Acute Diarrheal Disease,20,0
2024,2024-W40,Gujarat,Food Poisoning,118,0
2024,2024-W40,Haryana,Acute Diarrheal Disease,43,0
2024,2024-W40,Jammu And Kashmir,Hepatitis A,34,0
2024,2024-W40,Jharkhand,Acute Diarrheal Disease,41,0
2024,2024-W40,Jharkhand,Mumps,40,0
2024,2024-W40,Karnataka,Acute Diarrheal Disease,89,0
2024,2024-W40,Karnataka,Dysentery,70,0
2024,2024-W40,Karnataka,Food Poisoning,34,0
2024,2024-W40,Kerala,Hepatitis A,8,0
2024,2024-W40,Kerala,Mumps,68,0
2024,2024-W40,Madhya Pradesh,Acute Diarrheal Disease,146,0
2024,2024-W40,Madhya Pradesh,Chikungunya,258,0
2024,2024-W40,Madhya Pradesh,Food Poisoning,10,4
2024,2024-W40,Maharashtra,Acute Diarrheal Disease,94,0
2024,2024-W40,Maharashtra,Chikungunya,19,0
2024,2024-W40,Maharashtra,Cholera,34,0
2024,2024-W40,Maharashtra,Food Poisoning,622,0
2024,2024-W40,Meghalaya,Mumps,23,0
2024,2024-W40,Odisha,Acute Diarrheal Disease,57,4
2024,2024-W40,Odisha,Diphtheria,34,2
2024,2024-W40,Odisha,Food Poisoning,70,0
2024,2024-W40,Punjab,Acute Diarrheal Disease,40,0
2024,2024-W40,Tamil Nadu,Acute Diarrheal Disease,106,0
2024,2024-W40,Tamil Nadu,Leptospirosis,8,2
2024,2024-W40,West Bengal,Acute Diarrheal Disease,128,0
2024,2024-W41,Andaman And Nicobar Islands,Fever With Rash,16,0
2024,2024-W41,Andhra Pradesh,Acute Diarrheal Disease,22,0
2024,2024-W41,Assam,Acute Diarrheal Disease,28,0
2024,2024-W41,Gujarat,Food Poisoning,84,0
2024,2024-W41,Haryana,Acute Diarrheal Disease,60,0
2024,2024-W41,Jammu And Kashmir,Hepatitis A,48,0
2024,2024-W41,Jammu And Kashmir,Jaundice,34,0
2024,2024-W41,Jharkhand,Acute Diarrheal Disease,32,0
2024,2024-W41,Jharkhand,Food Poisoning,134,0
2024,2024-W41,Karnataka,Chikungunya,45,0
2024,2024-W41,Karnataka,Food Poisoning,34,0
2024,2024-W41,Kerala,Food Poisoning,617,0
2024,2024-W41,Kerala,Hepatitis A,24,0
2024,2024-W41,Madhya Pradesh,Acute Diarrheal Disease,92,0
2024,2024-W41,Madhya Pradesh,Dengue,202,0
2024,2024-W41,Madhya Pradesh,Mumps,15,0
2024,2024-W41,Maharashtra,Acute Diarrheal Disease,728,0
2024,2024-W41,Meghalaya,Measles,70,0
2024,2024-W41,Odisha,Food Poisoning,163,0
2024,2024-W41,Odisha,Hepatitis A,18,0
2024,2024-W41,Rajasthan,Crimean-Congo Haemandrhagic Fever (Cchf),2,2
2024,2024-W41,Tamil Nadu,Leptospirosis,42,0
2024,2024-W41,Uttar Pradesh,Acute Diarrheal Disease,102,0
2024,2024-W41,Uttar Pradesh,Food Poisoning,286,0
2024,2024-W41,West Bengal,Cholera,28,0
2024,2024-W42,Andhra Pradesh,Acute Diarrheal Disease,8,0
2024,2024-W42,Assam,Acute Gastroenteritis,30,1
2024,2024-W42,Assam,Diphtheria,1,1
2024,2024-W42,Assam,Food Poisoning,184,0
2024,2024-W42,Assam,Japanese Encephalitis,1,1
2024,2024-W42,Bihar,Acute Diarrheal Disease,33,1
2024,2024-W42,Chhattisgarh,Acute Diarrheal Disease,195,7
2024,2024-W42,Chhattisgarh,Mumps,12,0
2024,2024-W42,Gujarat,Acute Diarrheal Disease,50,0
2024,2024-W42,Gujarat,Food Poisoning,290,1
2024,2024-W42,Jammu And Kashmir,Chickenpox,17,0
2024,2024-W42,Jammu And Kashmir,Hepatitis A,18,0
2024,2024-W42,Jharkhand,Acute Diarrheal Disease,55,2
2024,2024-W42,Jharkhand,Scrub Typhus,5,0
2024,2024-W42,Karnataka,Acute Diarrheal Disease,21,0
2024,2024-W42,Kerala,Acute Diarrheal Disease,98,0
2024,2024-W42,Kerala,Acute Gastroenteritis,21,0
2024,2024-W42,Kerala,Chickenpox,5,0
2024,2024-W42,Kerala,Dengue,12,0
2024,2024-W42,Kerala,Hepatitis A,442,0
2024,2024-W42,Kerala,Mumps,20,0
2024,2024-W42,Madhya Pradesh,Acute Diarrheal Disease,160,0
2024,2024-W42,Madhya Pradesh,Chikungunya,58,0
2024,2024-W42,Madhya Pradesh,Dengue,239,1
2024,2024-W42,Madhya Pradesh,Diphtheria,5,0
2024,2024-W42,Madhya Pradesh,Food Poisoning,37,0
2024,2024-W42,Madhya Pradesh,Malaria,10,0
2024,2024-W42,Madhya Pradesh,Mumps,6,0
2024,2024-W42,Maharashtra,Acute Diarrheal Disease,52,1
2024,2024-W42,Maharashtra,Acute Gastroenteritis,10,0
2024,2024-W42,Maharashtra,Chikungunya,13,0
2024,2024-W42,Maharashtra,Cholera,8,0
2024,2024-W42,Maharashtra,Food Poisoning,88,0
2024,2024-W42,Maharashtra,Hepatitis A,6,1
2024,2024-W42,Meghalaya,Acute Gastroenteritis,198,0
2024,2024-W42,Meghalaya,Shigellosis,5,0
2024,2024-W42,Odisha,Food Poisoning,23,0
2024,2024-W42,Puducherry,Acute Diarrheal Disease,26,0
2024,2024-W42,Punjab,Measles,11,1
2024,2024-W42,Rajasthan,Acute Gastroenteritis,40,0
2024,2024-W42,Rajasthan,Diphtheria,16,6
2024,2024-W42,Tamil Nadu,Hepatitis A,12,0
2024,2024-W42,Tamil Nadu,Mumps,5,0
2024,2024-W42,Tamil Nadu,Typhoid,16,0
2024,2024-W42,Uttar Pradesh,Acute Diarrheal Disease,30,0
2024,2024-W42,Uttar Pradesh,Food Poisoning,26,0
2024,2024-W42,Uttarakhand,Dengue,8,0
2024,2024-W42,West Bengal,Acute Diarrheal Disease,299,0
2024,2024-W43,Andhra Pradesh,Acute Diarrheal Disease,129,0
2024,2024-W43,Andhra Pradesh,Cholera,201,4
2024,2024-W43,Assam,Acute Diarrheal Disease,12,0
2024,2024-W43,Assam,Shigellosis,12,0
2024,2024-W43,Chhattisgarh,Acute Diarrheal Disease,63,0
2024,2024-W43,Chhattisgarh,Mumps,10,0
2024,2024-W43,Dadra And Nagar Haveli,Acute Diarrheal Disease,18,0
2024,2024-W43,Gujarat,Jaundice,55,0
2024,2024-W43,Gujarat,Measles,12,0
2024,2024-W43,Jammu And Kashmir,Hepatitis A,9,0
2024,2024-W43,Jharkhand,Acute Diarrheal Disease,41,2
2024,2024-W43,Jharkhand,Malaria,32,0
2024,2024-W43,Jharkhand,Mumps,23,0
2024,2024-W43,Karnataka,Acute Diarrheal Disease,143,0
2024,2024-W43,Karnataka,Chikungunya,73,0
2024,2024-W43,Karnataka,Leptospirosis,15,0
2024,2024-W43,Karnataka,Measles,11,0
2024,2024-W43,Kerala,Hepatitis A,28,0
2024,2024-W43,Kerala,Mumps,183,0
2024,2024-W43,Madhya Pradesh,Acute Diarrheal Disease,62,0
2024,2024-W43,Madhya Pradesh,Chikungunya,129,0
2024,2024-W43,Madhya Pradesh,Scrub Typhus,34,2
2024,2024-W43,Madhya Pradesh,Typhoid,28,0
2024,2024-W43,Maharashtra,Acute Diarrheal Disease,300,0
2024,2024-W43,Maharashtra,Hepatitis A,37,0
2024,2024-W43,Manipur,Dengue,3007,0
2024,2024-W43,Manipur,Food Poisoning,26,1
2024,2024-W43,Mizoram,Measles,10,0
2024,2024-W43,Odisha,Acute Diarrheal Disease,11,0
2024,2024-W43,Odisha,Hepatitis A,12,0
2024,2024-W43,Tamil Nadu,Acute Diarrheal Disease,13,0
2024,2024-W43,Tamil Nadu,Mumps,25,0
2024,2024-W43,Telangana,Acute Diarrheal Disease,48,0
2024,2024-W43,Uttar Pradesh,Acute Diarrheal Disease,92,1
2024,2024-W43,Uttar Pradesh,Dengue,8,0
2024,2024-W43,West Bengal,Acute Diarrheal Disease,15,0
2024,2024-W44,Assam,Dengue,57,0
2024,2024-W44,Assam,Measles,3,0
2024,2024-W44,Bihar,Acute Encephalitic Syndrome,8,8
2024,2024-W44,Chhattisgarh,Acute Diarrheal Disease,30,0
2024,2024-W44,Haryana,Diphtheria,3,0
2024,2024-W44,Jammu And Kashmir,Hepatitis A,26,0
2024,2024-W44,Jharkhand,Acute Diarrheal Disease,103,1
2024,2024-W44,Jharkhand,Typhoid,9,0
2024,2024-W44,Karnataka,Acute Diarrheal Disease,13,0
2024,2024-W44,Karnataka,Cholera,85,0
2024,2024-W44,Kerala,Acute Diarrheal Disease,60,0
2024,2024-W44,Kerala,Hepatitis A,34,0
2024,2024-W44,Kerala,Mumps,48,0
2024,2024-W44,Madhya Pradesh,Acute Diarrheal Disease,10,0
2024,2024-W44,Madhya Pradesh,Cholera,28,2
2024,2024-W44,Madhya Pradesh,Dengue,191,0
2024,2024-W44,Madhya Pradesh,Measles,52,2
2024,2024-W44,Maharashtra,Acute Diarrheal Disease,115,0
2024,2024-W44,Maharashtra,Dengue,22,1
2024,2024-W44,Mizoram,Dengue,157,0
2024,2024-W44,Odisha,Acute Diarrheal Disease,55,4
2024,2024-W44,Odisha,Food Poisoning,123,0
2024,2024-W44,Odisha,Hepatitis A,24,0
2024,2024-W44,Rajasthan,Malaria,20,0
2024,2024-W44,Tamil Nadu,Mumps,28,0
2024,2024-W44,Telangana,Acute Diarrheal Disease,126,0
2024,2024-W44,Uttar Pradesh,Fever With Rash,8,0
2024,2024-W44,Uttar Pradesh,Food Poisoning,72,0
2024,2024-W44,West Bengal,Acute Diarrheal Disease,105,0
2024,2024-W45,Andhra Pradesh,Cholera,62,0
2024,2024-W45,Assam,Cholera,40,0
2024,2024-W45,Assam,Dengue,112,2
2024,2024-W45,Assam,Food Poisoning,38,0
2024,2024-W45,Assam,Shigellosis,100,0
2024,2024-W45,Chhattisgarh,Japanese Encephalitis,10,0
2024,2024-W45,Gujarat,Hepatitis A,38,0
2024,2024-W45,Jharkhand,Acute Diarrheal Disease,44,0
2024,2024-W45,Jharkhand,Malaria,10,0
2024,2024-W45,Karnataka,Chikungunya,24,0
2024,2024-W45,Karnataka,"Hand, Foot And Mouth Disease (Hfmd)",482,0
2024,2024-W45,Kerala,Acute Diarrheal Disease,58,0
2024,2024-W45,Kerala,Amoebic Encephalitis,1,0
2024,2024-W45,Kerala,Hepatitis A,24,0
2024,2024-W45,Kerala,Mumps,132,0
2024,2024-W45,Madhya Pradesh,Cholera,50,0
2024,2024-W45,Madhya Pradesh,Measles,16,0
2024,2024-W45,Madhya Pradesh,Mumps,24,0
2024,2024-W45,Maharashtra,Acute Diarrheal Disease,122,0
2024,2024-W45,Maharashtra,Dengue,46,0
2024,2024-W45,Odisha,Acute Diarrheal Disease,18,0
2024,2024-W45,Odisha,Food Poisoning,12,4
2024,2024-W45,Tamil Nadu,Hepatitis A,36,0
2024,2024-W45,Tamil Nadu,Human Rabies,2,2
2024,2024-W45,Tamil Nadu,Mumps,94,0
2024,2024-W45,Telangana,Food Poisoning,32,0
2024,2024-W45,Uttar Pradesh,Acute Diarrheal Disease,31,0
2024,2024-W45,West Bengal,Acute Diarrheal Disease,220,2
2024,2024-W46,Andhra Pradesh,Food Poisoning,96,0
2024,2024-W46,Assam,Dengue,48,0
2024,2024-W46,Assam,Mumps,16,0
2024,2024-W46,Bihar,Food Poisoning,12,4
2024,2024-W46,Bihar,Measles,90,0
2024,2024-W46,Gujarat,Acute Diarrheal Disease,18,0
2024,2024-W46,Gujarat,Food Poisoning,96,0
2024,2024-W46,Himachal Pradesh,Jaundice,20,0
2024,2024-W46,Jammu And Kashmir,Chickenpox,14,0
2024,2024-W46,Jammu And Kashmir,Hepatitis A,24,0
2024,2024-W46,Jharkhand,Acute Diarrheal Disease,12,0
2024,2024-W46,Jharkhand,Malaria,56,0
2024,2024-W46,Jharkhand,Typhoid,8,0
2024,2024-W46,Karnataka,Acute Diarrheal Disease,31,0
2024,2024-W46,Karnataka,Cholera,30,0
2024,2024-W46,Karnataka,Food Poisoning,203,0
2024,2024-W46,Kerala,Food Poisoning,115,1
2024,2024-W46,Kerala,Hepatitis A,144,0
2024,2024-W46,Kerala,Mumps,217,0
2024,2024-W46,Madhya Pradesh,Food Poisoning,130,0
2024,2024-W46,Maharashtra,Acute Diarrheal Disease,21,1
2024,2024-W46,Maharashtra,Chikungunya,82,0
2024,2024-W46,Maharashtra,Leptospirosis,1,1
2024,2024-W46,Odisha,Chickenpox,40,0
2024,2024-W46,Tamil Nadu,Food Poisoning,82,0
2024,2024-W46,Tamil Nadu,Hepatitis A,20,0
2024,2024-W46,Tamil Nadu,Mumps,39,0
2024,2024-W46,Tamil Nadu,Typhoid,28,0
2024,2024-W46,Uttar Pradesh,Chikungunya And Dengue,470,0
2024,2024-W46,Uttar Pradesh,Food Poisoning,443,0
2024,2024-W46,West Bengal,Acute Diarrheal Disease,105,0
2024,2024-W47,Andhra Pradesh,Acute Diarrheal Disease,90,0
2024,2024-W47,Andhra Pradesh,Food Poisoning,17,0
2024,2024-W47,Assam,Chickenpox,6,0
2024,2024-W47,Assam,Food Poisoning,93,0
2024,2024-W47,Assam,Japanese Encephalitis,1,1
2024,2024-W47,Assam,Malaria,957,1
2024,2024-W47,Bihar,Food Poisoning,68,0
2024,2024-W47,Chhattisgarh,Acute Diarrheal Disease,85,0
2024,2024-W47,Chhattisgarh,Malaria,142,0
2024,2024-W47,Chhattisgarh,Measles,49,0
2024,2024-W47,Gujarat,Acute Diarrheal Disease,86,0
2024,2024-W47,Jammu And Kashmir,Hepatitis A,21,0
2024,2024-W47,Jharkhand,Acute Diarrheal Disease,34,0
2024,2024-W47,Jharkhand,Chikungunya,5,0
2024,2024-W47,Jharkhand,Malaria,52,0
2024,2024-W47,Karnataka,Acute Diarrheal Disease,48,0
2024,2024-W47,Karnataka,Food Poisoning,64,0
2024,2024-W47,Karnataka,Mumps,13,0
2024,2024-W47,Kerala,Acute Diarrheal Disease,93,0
2024,2024-W47,Kerala,Chickenpox,188,0
2024,2024-W47,Kerala,Dengue,22,0
2024,2024-W47,Kerala,Food Poisoning,276,0
2024,2024-W47,Kerala,Hepatitis A,34,0
2024,2024-W47,Kerala,Mumps,97,0
2024,2024-W47,Madhya Pradesh,Acute Diarrheal Disease,119,0
2024,2024-W47,Madhya Pradesh,Food Poisoning,30,0
2024,2024-W47,Maharashtra,Dengue,5,1
2024,2024-W47,Manipur,Food Poisoning,119,0
2024,2024-W47,Meghalaya,Human Rabies,1,1
2024,2024-W47,Mizoram,Food Poisoning,80,0
2024,2024-W47,Odisha,Hepatitis A,6,0
2024,2024-W47,Tamil Nadu,Dengue,44,0
2024,2024-W47,Tamil Nadu,Hepatitis A,5,0
2024,2024-W47,Tamil Nadu,Mumps,22,0
2024,2024-W47,Uttar Pradesh,Fever,14,0
2024,2024-W47,West Bengal,Chikungunya,83,0
2024,2024-W48,Andhra Pradesh,Acute Diarrheal Disease,48,0
2024,2024-W48,Arunachal Pradesh,Chickenpox,29,0
2024,2024-W48,Assam,Acute Diarrheal Disease,32,0
2024,2024-W48,Assam,Measles,9,0
2024,2024-W48,Chhattisgarh,Acute Diarrheal Disease,42,0
2024,2024-W48,Gujarat,Acute Diarrheal Disease,12,0
2024,2024-W48,Jammu And Kashmir,Chikungunya,8,0
2024,2024-W48,Jharkhand,Malaria,11,0
2024,2024-W48,Karnataka,Acute Diarrheal Disease,41,0
2024,2024-W48,Karnataka,Food Poisoning,46,0
2024,2024-W48,Karnataka,Mumps,24,0
2024,2024-W48,Kerala,Food Poisoning,16,0
2024,2024-W48,Kerala,Hepatitis A,42,0
2024,2024-W48,Kerala,Mumps,82,0
2024,2024-W48,Madhya Pradesh,Food Poisoning,10,0
2024,2024-W48,Madhya Pradesh,Measles,37,1
2024,2024-W48,Maharashtra,Acute Diarrheal Disease,183,0
2024,2024-W48,Maharashtra,Chikungunya,26,0
2024,2024-W48,Maharashtra,Dengue,9,0
2024,2024-W48,Maharashtra,Hepatitis A,10,0
2024,2024-W48,Maharashtra,Leptospirosis,7,1
2024,2024-W48,Maharashtra,Zika Virus,1,0
2024,2024-W48,Meghalaya,Measles,34,0
2024,2024-W48,Odisha,Acute Diarrheal Disease,38,0
2024,2024-W48,Odisha,Food Poisoning,16,1
2024,2024-W48,Rajasthan,Malaria,41,3
2024,2024-W48,Tamil Nadu,Acute Diarrheal Disease,32,0
2024,2024-W48,Tamil Nadu,Dengue,16,0
2024,2024-W48,Tamil Nadu,Mumps,44,0
2024,2024-W48,Uttar Pradesh,Acute Diarrheal Disease,15,0
2024,2024-W48,Uttar Pradesh,Mumps,21,0
2024,2024-W48,Uttarakhand,Food Poisoning,32,0
2024,2024-W48,West Bengal,Acute Diarrheal Disease,27,0
2024,2024-W49,Assam,Acute Diarrheal Disease,26,0
2024,2024-W49,Assam,Human Rabies,2,2
2024,2024-W49,Assam,Malaria,14,0
2024,2024-W49,Bihar,Fever With Rash,58,0
2024,2024-W49,Gujarat,Hepatitis A,32,0
2024,2024-W49,Jharkhand,Malaria,34,0
2024,2024-W49,Karnataka,Cholera,470,0
2024,2024-W49,Karnataka,Japanese Encephalitis,2,2
2024,2024-W49,Karnataka,Typhoid,36,0
2024,2024-W49,Kerala,Acute Diarrheal Disease,144,0
2024,2024-W49,Kerala,Hepatitis A,40,0
2024,2024-W49,Kerala,Mumps,42,0
2024,2024-W49,Kerala,Scrub Typhus,6,2
2024,2024-W49,Madhya Pradesh,Chikungunya,130,0
2024,2024-W49,Madhya Pradesh,Mumps,58,0
2024,2024-W49,Maharashtra,Hepatitis A,18,0
2024,2024-W49,Meghalaya,Typhoid,242,0
2024,2024-W49,Odisha,Acute Diarrheal Disease,22,0
2024,2024-W49,Odisha,Food Poisoning,26,0
2024,2024-W49,Odisha,Hepatitis A,164,0
2024,2024-W49,Odisha,Measles,86,0
2024,2024-W49,Tamil Nadu,Acute Diarrheal Disease,146,0
2024,2024-W49,Tamil Nadu,Mumps,100,0
2024,2024-W49,Uttar Pradesh,Measles,8,0
2024,2024-W49,West Bengal,Acute Diarrheal Disease,62,0
2024,2024-W50,Andhra Pradesh,Acute Diarrheal Disease,33,0
2024,2024-W50,Andhra Pradesh,Food Poisoning,16,0
2024,2024-W50,Assam,Malaria,46,0
2024,2024-W50,Assam,Measles,94,0
2024,2024-W50,Assam,Typhoid,10,0
2024,2024-W50,Bihar,Chickenpox,11,0
2024,2024-W50,Bihar,Paratyphoid,130,0
2024,2024-W50,Bihar,Typhoid,5,0
2024,2024-W50,Chhattisgarh,Food Poisoning,106,2
2024,2024-W50,Chhattisgarh,Jaundice,13,0
2024,2024-W50,Goa,Scrub Typhus,12,0
2024,2024-W50,Gujarat,Food Poisoning,166,0
2024,2024-W50,Haryana,Chickenpox,15,0
2024,2024-W50,Jammu And Kashmir,Others,78,32
2024,2024-W50,Jharkhand,Food Poisoning,12,0
2024,2024-W50,Jharkhand,Malaria,146,0
2024,2024-W50,Jharkhand,Typhoid,16,0
2024,2024-W50,Kerala,Acute Diarrheal Disease,86,0
2024,2024-W50,Kerala,Chickenpox,42,0
2024,2024-W50,Kerala,Food Poisoning,64,0
2024,2024-W50,Kerala,Hepatitis A,36,0
2024,2024-W50,Kerala,Mumps,130,0
2024,2024-W50,Madhya Pradesh,Chikungunya,77,0
2024,2024-W50,Madhya Pradesh,Fever,4,4
2024,2024-W50,Madhya Pradesh,Food Poisoning,28,0
2024,2024-W50,Maharashtra,Acute Diarrheal Disease,10,2
2024,2024-W50,Maharashtra,Food Poisoning,78,0
2024,2024-W50,Maharashtra,Malaria,4,2
2024,2024-W50,Odisha,Food Poisoning,78,0
2024,2024-W50,Odisha,Measles,114,0
2024,2024-W50,Odisha,Mumps,20,0
2024,2024-W50,Odisha,Typhoid,42,0
2024,2024-W50,Rajasthan,Malaria,22,0
2024,2024-W50,Tamil Nadu,Acute Diarrheal Disease,20,0
2024,2024-W50,Tamil Nadu,Mumps,50,0
2024,2024-W50,Tamil Nadu,Pertussis,6,0
2024,2024-W50,Uttar Pradesh,Leptospirosis,42,0
2024,2024-W51,Assam,Acute Diarrheal Disease,28,0
2024,2024-W51,Assam,Food Poisoning,18,0
2024,2024-W51,Assam,Human Rabies,1,1
2024,2024-W51,Assam,Typhoid,10,0
2024,2024-W51,Bihar,Acute Diarrheal Disease,14,0
2024,2024-W51,Chhattisgarh,Jaundice,10,0
2024,2024-W51,Jammu And Kashmir,Acute Diarrheal Disease,41,0
2024,2024-W51,Jammu And Kashmir,Hepatitis A,48,0
2024,2024-W51,Jammu And Kashmir,Human Rabies,1,1
2024,2024-W51,Jharkhand,Human Rabies,1,1
2024,2024-W51,Jharkhand,Measles,4,0
2024,2024-W51,Jharkhand,Paratyphoid,11,0
2024,2024-W51,Karnataka,Chickenpox,26,0
2024,2024-W51,Karnataka,Cholera,21,0
2024,2024-W51,Kerala,Food Poisoning,377,0
2024,2024-W51,Kerala,Hepatitis A,95,0
2024,2024-W51,Kerala,Mpox,2,0
2024,2024-W51,Kerala,Mumps,40,0
2024,2024-W51,Madhya Pradesh,Chikungunya,57,0
2024,2024-W51,Madhya Pradesh,Food Poisoning,108,0
2024,2024-W51,Madhya Pradesh,Measles,28,0
2024,2024-W51,Madhya Pradesh,Scrub Typhus,13,0
2024,2024-W51,Maharashtra,Acute Diarrheal Disease,49,0
2024,2024-W51,Maharashtra,Food Poisoning,44,0
2024,2024-W51,Maharashtra,Leptospirosis,3,0
2024,2024-W51,Odisha,Fever With Rash,15,0
2024,2024-W51,Tamil Nadu,Acute Diarrheal Disease,15,0
2024,2024-W51,Tamil Nadu,Mumps,6,0
2024,2024-W51,Tamil Nadu,Scrub Typhus,27,0
2024,2024-W51,Uttar Pradesh,Food Poisoning,194,0
2024,2024-W51,West Bengal,Food Poisoning,112,0
2024,2024-W52,Andhra Pradesh,Acute Diarrheal Disease,122,0
2024,2024-W52,Assam,Malaria,1,1
2024,2024-W52,Assam,Typhoid,6,0
2024,2024-W52,Chhattisgarh,Acute Diarrheal Disease,20,0
2024,2024-W52,Goa,Food Poisoning,20,0
2024,2024-W52,Jammu And Kashmir,Hepatitis A,32,0
2024,2024-W52,Kerala,Acute Diarrheal Disease,33,0
2024,2024-W52,Kerala,Acute Gastroenteritis,319,0
2024,2024-W52,Kerala,Food Poisoning,43,0
2024,2024-W52,Kerala,Hepatitis A,226,0
2024,2024-W52,Madhya Pradesh,Chikungunya,50,0
2024,2024-W52,Madhya Pradesh,Typhoid,84,0
2024,2024-W52,Maharashtra,Chikungunya,5,0
2024,2024-W52,Maharashtra,Food Poisoning,93,0
2024,2024-W52,Maharashtra,Human Rabies,4,4
2024,2024-W52,Punjab,Hepatitis A,40,0
2024,2024-W52,Tamil Nadu,Acute Diarrheal Disease,25,0
2024,2024-W52,Tamil Nadu,Chickenpox,12,0
2024,2024-W52,Tamil Nadu,Mumps,34,0
2024,2024-W52,Uttar Pradesh,Acute Diarrheal Disease,111,2
2024,2024-W52,Uttar Pradesh,Chickenpox,18,0
2024,2024-W52,Uttar Pradesh,Scrub Typhus,48,0
2025,2025-W01,Assam,Acute Diarrheal Disease,32,0
2025,2025-W01,Bihar,Typhoid,74,0
2025,2025-W01,Chhattisgarh,Acute Diarrheal Disease,167,0
2025,2025-W01,Gujarat,Acute Diarrheal Disease,16,0
2025,2025-W01,Jammu And Kashmir,Hepatitis A,42,0
2025,2025-W01,Jharkhand,Enteric Fever,50,0
2025,2025-W01,Karnataka,Food Poisoning,72,0
2025,2025-W01,Kerala,Food Poisoning,868,0
2025,2025-W01,Kerala,Mumps,72,0
2025,2025-W01,Madhya Pradesh,Acute Diarrheal Disease,38,0
2025,2025-W01,Madhya Pradesh,Measles,11,0
2025,2025-W01,Maharashtra,Acute Diarrheal Disease,82,0
2025,2025-W01,Maharashtra,Chikungunya,17,0
2025,2025-W01,Odisha,Acute Diarrheal Disease,17,0
2025,2025-W01,Odisha,Malaria,83,0
2025,2025-W01,Tamil Nadu,Diphtheria,1,1
2025,2025-W01,Tamil Nadu,Mumps,12,0
2025,2025-W01,Uttar Pradesh,Acute Diarrheal Disease,104,0
2025,2025-W01,Uttar Pradesh,Fever With Rash,12,0
2025,2025-W02,Andhra Pradesh,Acute Diarrheal Disease,44,0
2025,2025-W02,Andhra Pradesh,Food Poisoning,46,0
2025,2025-W02,Arunachal Pradesh,Human Rabies,2,2
2025,2025-W02,Assam,Diphtheria,2,2
2025,2025-W02,Assam,Measles,16,0
2025,2025-W02,Bihar,Chickenpox,40,0
2025,2025-W02,Chhattisgarh,Food Poisoning,90,0
2025,2025-W02,Chhattisgarh,Mumps,30,0
2025,2025-W02,Haryana,Acute Diarrheal Disease,118,0
2025,2025-W02,Jammu And Kashmir,Acute Diarrheal Disease,32,0
2025,2025-W02,Jammu And Kashmir,Acute Hepatitis,32,0
2025,2025-W02,Jammu And Kashmir,Hepatitis A,26,0
2025,2025-W02,Jharkhand,Chickenpox,38,0
2025,2025-W02,Jharkhand,Malaria,30,0
2025,2025-W02,Karnataka,Forest Disease,10,0
2025,2025-W02,Kerala,Acute Gastroenteritis (Norovirus),68,0
2025,2025-W02,Kerala,Chickenpox,24,0
2025,2025-W02,Kerala,Hepatitis A,122,0
2025,2025-W02,Kerala,Mumps,30,0
2025,2025-W02,Madhya Pradesh,Acute Diarrheal Disease,180,0
2025,2025-W02,Madhya Pradesh,Measles,18,0
2025,2025-W02,Maharashtra,Leptospirosis,30,2
2025,2025-W02,Meghalaya,Malaria,12,0
2025,2025-W02,Meghalaya,Scrub Typhus,30,0
2025,2025-W02,Odisha,Measles,22,0
2025,2025-W02,Sikkim,Jaundice,272,0
2025,2025-W02,Tamil Nadu,Chickenpox,58,0
2025,2025-W02,Tamil Nadu,Chikungunya,40,0
2025,2025-W02,Tamil Nadu,Mumps,52,0
2025,2025-W02,West Bengal,Acute Diarrheal Disease,114,0
2025,2025-W03,Assam,Dysentery,17,0
2025,2025-W03,Bihar,Fever With Rash,44,0
2025,2025-W03,Bihar,Paratyphoid,16,0
2025,2025-W03,Jammu And Kashmir,Acute Diarrheal Disease,8,0
2025,2025-W03,Jammu And Kashmir,Hepatitis E,8,0
2025,2025-W03,Karnataka,Food Poisoning,29,0
2025,2025-W03,Karnataka,Leptospirosis,1,1
2025,2025-W03,Kerala,Chickenpox,42,0
2025,2025-W03,Kerala,Food Poisoning,171,0
2025,2025-W03,Kerala,Hepatitis A,12,0
2025,2025-W03,Kerala,Mpox,6,0
2025,2025-W03,Kerala,Mumps,44,0
2025,2025-W03,Madhya Pradesh,Chickenpox,38,0
2025,2025-W03,Maharashtra,Acute Diarrheal Disease,12,1
2025,2025-W03,Maharashtra,Food Poisoning,266,0
2025,2025-W03,Meghalaya,Chickenpox,11,0
2025,2025-W03,Odisha,Acute Diarrheal Disease,32,0
2025,2025-W03,Odisha,Food Poisoning,22,0
2025,2025-W03,Rajasthan,Hepatitis A,30,0
2025,2025-W03,Tamil Nadu,Acute Diarrheal Disease,9,0
2025,2025-W03,Uttar Pradesh,Chickenpox,6,0
2025,2025-W03,Uttar Pradesh,Human Rabies,2,2
2025,2025-W03,West Bengal,Food Poisoning,42,1
2025,2025-W04,Andhra Pradesh,Acute Diarrheal Disease,15,0
2025,2025-W04,Arunachal Pradesh,Human Rabies,1,1
2025,2025-W04,Assam,Acute Diarrheal Disease,1,1
2025,2025-W04,Assam,Hepatitis A,98,0
2025,2025-W04,Assam,Human Rabies,1,1
2025,2025-W04,Assam,Typhoid,74,0
2025,2025-W04,Bihar,Fever With Rash,42,0
2025,2025-W04,Bihar,Measles,16,0
2025,2025-W04,Gujarat,Food Poisoning,224,0
2025,2025-W04,Haryana,Typhoid,10,0
2025,2025-W04,Jammu And Kashmir,Hepatitis A,68,0
2025,2025-W04,Jharkhand,Acute Diarrheal Disease,8,0
2025,2025-W04,Jharkhand,Malaria,5,0
2025,2025-W04,Jharkhand,Measles,14,0
2025,2025-W04,Jharkhand,Typhoid,7,0
2025,2025-W04,Kerala,Acute Gastroenteritis (Norovirus),115,0
2025,2025-W04,Kerala,Dengue,1,1
2025,2025-W04,Kerala,Food Poisoning,909,0
2025,2025-W04,Kerala,Hepatitis A,18,0
2025,2025-W04,Kerala,Malaria,1,1
2025,2025-W04,Kerala,Mumps,62,0
2025,2025-W04,Madhya Pradesh,Acute Diarrheal Disease,13,0
2025,2025-W04,Madhya Pradesh,Chikungunya,11,0
2025,2025-W04,Maharashtra,Chickenpox,15,0
2025,2025-W04,Maharashtra,Chikungunya And Dengue,13,0
2025,2025-W04,Maharashtra,Food Poisoning,83,0
2025,2025-W04,Maharashtra,Measles,34,0
2025,2025-W04,Meghalaya,Human Rabies,1,1
2025,2025-W04,Odisha,Acute Diarrheal Disease,9,0
2025,2025-W04,Odisha,Acute Gastroenteritis (Norovirus),127,0
2025,2025-W04,Odisha,Food Poisoning,19,0
2025,2025-W04,Odisha,Hepatitis A,23,0
2025,2025-W04,Odisha,Malaria,18,0
2025,2025-W04,Tamil Nadu,Hepatitis A,73,0
2025,2025-W04,Tamil Nadu,Mumps,32,0
2025,2025-W04,West Bengal,Acute Diarrheal Disease,15,0
2025,2025-W05,Andhra Pradesh,Fever With Rash,15,0
2025,2025-W05,Assam,Acute Diarrheal Disease,38,0
2025,2025-W05,Assam,Food Poisoning,11,0
2025,2025-W05,Assam,Hepatitis A,11,0
2025,2025-W05,Assam,Human Rabies,1,1
2025,2025-W05,Bihar,Fever With Rash,79,0
2025,2025-W05,Chhattisgarh,Acute Diarrheal Disease,59,0
2025,2025-W05,Gujarat,Crimean-Congo Haemandrhagic Fever (Cchf),1,1
2025,2025-W05,Gujarat,Measles,2,0
2025,2025-W05,Jammu And Kashmir,Hepatitis A,9,0
2025,2025-W05,Jammu And Kashmir,Jaundice,19,0
2025,2025-W05,Jharkhand,Chickenpox,7,0
2025,2025-W05,Jharkhand,Food Poisoning,25,0
2025,2025-W05,Jharkhand,Japanese Encephalitis,2,0
2025,2025-W05,Jharkhand,Paratyphoid,28,0
2025,2025-W05,Karnataka,Acute Diarrheal Disease,8,0
2025,2025-W05,Karnataka,Chickenpox,15,0
2025,2025-W05,Karnataka,Chikungunya,5,0
2025,2025-W05,Kerala,Acute Diarrheal Disease,31,0
2025,2025-W05,Kerala,Food Poisoning,50,0
2025,2025-W05,Madhya Pradesh,Chickenpox,20,0
2025,2025-W05,Madhya Pradesh,Cholera,69,0
2025,2025-W05,Madhya Pradesh,Food Poisoning,98,0
2025,2025-W05,Maharashtra,Food Poisoning,54,0
2025,2025-W05,Manipur,Food Poisoning,28,0
2025,2025-W05,Odisha,Acute Diarrheal Disease,30,0
2025,2025-W05,Odisha,Chickenpox,18,0
2025,2025-W05,Odisha,Diarrhoea,31,0
2025,2025-W05,Odisha,Food Poisoning,64,0
2025,2025-W05,Odisha,Measles,108,0
2025,2025-W05,Punjab,Hepatitis A,54,0
2025,2025-W05,Tamil Nadu,Chickenpox,16,0
2025,2025-W05,Tamil Nadu,Hepatitis A,17,0
2025,2025-W05,Tamil Nadu,Leptospirosis,2,0
2025,2025-W05,Tamil Nadu,Mumps,86,0
2025,2025-W05,Uttar Pradesh,Food Poisoning,60,0
2025,2025-W05,West Bengal,Cholera,13,0
2025,2025-W06,Assam,Acute Diarrheal Disease,18,0
2025,2025-W06,Bihar,Measles,22,0
2025,2025-W06,Gujarat,Food Poisoning,50,0
2025,2025-W06,Jammu And Kashmir,Hepatitis A,58,0
2025,2025-W06,Jammu And Kashmir,Human Rabies,2,2
2025,2025-W06,Jharkhand,Chickenpox,80,0
2025,2025-W06,Jharkhand,Food Poisoning,36,0
2025,2025-W06,Jharkhand,Malaria,24,0
2025,2025-W06,Jharkhand,Measles,18,0
2025,2025-W06,Jharkhand,Typhoid,16,0
2025,2025-W06,Karnataka,Acute Diarrheal Disease,64,0
2025,2025-W06,Kerala,Acute Diarrheal Disease,38,0
2025,2025-W06,Kerala,Acute Gastroenteritis,3058,0
2025,2025-W06,Kerala,Chickenpox,24,0
2025,2025-W06,Kerala,Food Poisoning,532,0
2025,2025-W06,Kerala,Hepatitis A,132,0
2025,2025-W06,Kerala,Mumps,60,0
2025,2025-W06,Madhya Pradesh,Acute Diarrheal Disease,368,0
2025,2025-W06,Madhya Pradesh,Hepatitis A,22,2
2025,2025-W06,Madhya Pradesh,Measles,72,0
2025,2025-W06,Maharashtra,Acute Gastroenteritis,32,0
2025,2025-W06,Maharashtra,Chikungunya,30,0
2025,2025-W06,Maharashtra,Food Poisoning,1302,0
2025,2025-W06,Meghalaya,Human Rabies,2,2
2025,2025-W06,Odisha,Acute Diarrheal Disease,134,0
2025,2025-W06,Odisha,Acute Gastroenteritis,16,0
2025,2025-W06,Odisha,Chickenpox,26,0
2025,2025-W06,Punjab,Chickenpox,38,0
2025,2025-W06,Punjab,Hepatitis E,34,0
2025,2025-W06,Rajasthan,Food Poisoning,154,0
2025,2025-W06,Tamil Nadu,Acute Diarrheal Disease,56,0
2025,2025-W06,Tamil Nadu,Chikungunya,14,0
2025,2025-W06,Tamil Nadu,Food Poisoning,62,0
2025,2025-W06,Tamil Nadu,Mumps,22,0
2025,2025-W06,West Bengal,Typhoid,64,0
2025,2025-W07,Andhra Pradesh,Acute Diarrheal Disease,82,0
2025,2025-W07,Assam,Chickenpox,19,0
2025,2025-W07,Bihar,Chickenpox,10,0
2025,2025-W07,Bihar,Fever With Rash,14,0
2025,2025-W07,Chhattisgarh,Acute Diarrheal Disease,120,0
2025,2025-W07,Dadra And Nagar Haveli,Acute Diarrheal Disease,82,0
2025,2025-W07,Gujarat,Acute Diarrheal Disease,11,0
2025,2025-W07,Gujarat,Food Poisoning,229,0
2025,2025-W07,Jharkhand,Chickenpox,30,0
2025,2025-W07,Jharkhand,Fever With Rash,12,0
2025,2025-W07,Jharkhand,Scrub Typhus,38,0
2025,2025-W07,Karnataka,Acute Diarrheal Disease,66,0
2025,2025-W07,Karnataka,Food Poisoning,24,0
2025,2025-W07,Kerala,Chickenpox,44,0
2025,2025-W07,Kerala,Dengue,24,0
2025,2025-W07,Kerala,Food Poisoning,62,0
2025,2025-W07,Kerala,Hepatitis A,49,0
2025,2025-W07,Kerala,Jaundice,94,0
2025,2025-W07,Kerala,Mumps,10,0
2025,2025-W07,Madhya Pradesh,Hepatitis A,6,0
2025,2025-W07,Madhya Pradesh,Jaundice,5,0
2025,2025-W07,Madhya Pradesh,Rubella,1,1
2025,2025-W07,Maharashtra,Acute Diarrheal Disease,144,0
2025,2025-W07,Maharashtra,Fever,56,6
2025,2025-W07,Maharashtra,Food Poisoning,212,0
2025,2025-W07,Maharashtra,Measles,54,0
2025,2025-W07,Maharashtra,Typhoid,30,0
2025,2025-W07,Meghalaya,Acute Diarrheal Disease,11,0
2025,2025-W07,Odisha,Acute Diarrheal Disease,68,0
2025,2025-W07,Odisha,Food Poisoning,224,0
2025,2025-W07,Odisha,Measles,42,0
2025,2025-W07,Rajasthan,Acute Diarrheal Disease,44,0
2025,2025-W07,Tamil Nadu,Chickenpox,22,0
2025,2025-W07,Tamil Nadu,Hepatitis A,10,0
2025,2025-W07,Tamil Nadu,Mumps,6,0
2025,2025-W07,Uttar Pradesh,Acute Diarrheal Disease,668,0
2025,2025-W07,Uttar Pradesh,Chickenpox,44,0
2025,2025-W07,Uttar Pradesh,Food Poisoning,136,0
2025,2025-W07,West Bengal,Food Poisoning,42,0
2025,2025-W08,Andhra Pradesh,Food Poisoning,37,0
2025,2025-W08,Arunachal Pradesh,Rabies,2,2
2025,2025-W08,Assam,Acute Diarrheal Disease,16,0
2025,2025-W08,Assam,Chickenpox,16,0
2025,2025-W08,Assam,Food Poisoning,16,0
2025,2025-W08,Assam,Typhoid,5,0
2025,2025-W08,Bihar,Fever With Rash,50,0
2025,2025-W08,Chhattisgarh,Typhoid,22,0
2025,2025-W08,Gujarat,Food Poisoning,58,0
2025,2025-W08,Gujarat,Hepatitis A,57,0
2025,2025-W08,Gujarat,Measles,4,0
2025,2025-W08,Jharkhand,Chickenpox,40,0
2025,2025-W08,Karnataka,Chickenpox,7,0
2025,2025-W08,Karnataka,Food Poisoning,17,0
2025,2025-W08,Kerala,Acute Diarrheal Disease,8,0
2025,2025-W08,Kerala,Chickenpox,27,0
2025,2025-W08,Kerala,Food Poisoning,9,0
2025,2025-W08,Kerala,Gastroenteritis,51,0
2025,2025-W08,Kerala,Hepatitis A,266,1
2025,2025-W08,Kerala,Mpox,3,0
2025,2025-W08,Kerala,Mumps,66,0
2025,2025-W08,Kerala,Nile Fever,2,0
2025,2025-W08,Madhya Pradesh,Acute Diarrheal Disease,10,0
2025,2025-W08,Madhya Pradesh,Typhoid,59,0
2025,2025-W08,Maharashtra,Acute Hepatitis-A,12,0
2025,2025-W08,Maharashtra,Hepatitis A,25,0
2025,2025-W08,Meghalaya,Chickenpox,21,0
2025,2025-W08,Odisha,Acute Diarrheal Disease,13,0
2025,2025-W08,Odisha,Chickenpox,26,0
2025,2025-W08,Odisha,Food Poisoning,150,0
2025,2025-W08,Tamil Nadu,Acute Diarrheal Disease,52,0
2025,2025-W08,Tamil Nadu,Chickenpox,77,0
2025,2025-W08,Tamil Nadu,Chikungunya,20,0
2025,2025-W08,Uttar Pradesh,Food Poisoning,170,0
2025,2025-W09,Andhra Pradesh,Mumps,60,0
2025,2025-W09,Assam,Acute Diarrheal Disease,82,0
2025,2025-W09,Assam,Fever,81,0
2025,2025-W09,Assam,Rubella,38,0
2025,2025-W09,Bihar,Fever With Rash,40,0
2025,2025-W09,Bihar,Measles,32,0
2025,2025-W09,Chhattisgarh,Acute Diarrheal Disease,23,0
2025,2025-W09,Chhattisgarh,Food Poisoning,113,0
2025,2025-W09,Chhattisgarh,Measles And Rubella,13,0
2025,2025-W09,Goa,Acute Diarrheal Disease,13,0
2025,2025-W09,Gujarat,Acute Diarrheal Disease,53,0
2025,2025-W09,Jammu And Kashmir,Hepatitis A,22,0
2025,2025-W09,Jammu And Kashmir,Hepatitis A And E,10,0
2025,2025-W09,Jharkhand,Chickenpox,26,0
2025,2025-W09,Jharkhand,Scrub Typhus,10,0
2025,2025-W09,Karnataka,Acute Diarrheal Disease,30,0
2025,2025-W09,Karnataka,Chikungunya,5,0
2025,2025-W09,Karnataka,Food Poisoning,83,0
2025,2025-W09,Kerala,Acute Diarrheal Disease,239,1
2025,2025-W09,Kerala,Chickenpox,22,0
2025,2025-W09,Kerala,Food Poisoning,312,0
2025,2025-W09,Kerala,Hepatitis A,75,0
2025,2025-W09,Kerala,Mpox,3,0
2025,2025-W09,Kerala,Mumps,38,0
2025,2025-W09,Madhya Pradesh,Cholera,69,0
2025,2025-W09,Madhya Pradesh,Food Poisoning,18,0
2025,2025-W09,Madhya Pradesh,Measles,28,0
2025,2025-W09,Maharashtra,Acute Diarrheal Disease,46,0
2025,2025-W09,Maharashtra,Food Poisoning,115,0
2025,2025-W09,Maharashtra,Hepatitis A,34,0
2025,2025-W09,Maharashtra,Jaundice,24,0
2025,2025-W09,Meghalaya,Acute Diarrheal Disease,9,0
2025,2025-W09,Meghalaya,Typhoid,39,0
2025,2025-W09,Nagaland,Human Rabies,2,2
2025,2025-W09,Tamil Nadu,Chickenpox,20,0
2025,2025-W09,Tamil Nadu,Mumps,9,0
2025,2025-W09,Uttar Pradesh,Measles,36,0
2025,2025-W09,West Bengal,Chickenpox,15,0
2025,2025-W09,West Bengal,Cholera,22,0
2025,2025-W09,West Bengal,Food Poisoning,74,0
2025,2025-W10,Andhra Pradesh,Acute Diarrheal Disease,19,2
2025,2025-W10,Andhra Pradesh,Food Poisoning,14,0
2025,2025-W10,Assam,Acute Diarrheal Disease,10,0
2025,2025-W10,Assam,Human Rabies,4,4
2025,2025-W10,Bihar,Chickenpox,11,0
2025,2025-W10,Bihar,Fever With Rash,30,0
2025,2025-W10,Chhattisgarh,Food Poisoning,42,0
2025,2025-W10,Chhattisgarh,Jaundice,142,0
2025,2025-W10,Gujarat,Acute Diarrheal Disease,24,0
2025,2025-W10,Gujarat,Acute Hepatitis-A,32,0
2025,2025-W10,Jammu And Kashmir,Rabies,2,2
2025,2025-W10,Jharkhand,Fever With Rash,18,0
2025,2025-W10,Jharkhand,Paratyphoid,98,0
2025,2025-W10,Karnataka,Cholera,39,0
2025,2025-W10,Karnataka,Food Poisoning,114,0
2025,2025-W10,Kerala,Acute Gastroenteritis,213,0
2025,2025-W10,Kerala,Acute Hepatitis-A,34,0
2025,2025-W10,Kerala,Chickenpox,12,0
2025,2025-W10,Kerala,Dengue,18,0
2025,2025-W10,Kerala,Hepatitis A,90,0
2025,2025-W10,Kerala,Mumps,34,0
2025,2025-W10,Madhya Pradesh,Dengue,4,4
2025,2025-W10,Madhya Pradesh,Food Poisoning,40,0
2025,2025-W10,Madhya Pradesh,Measles,18,0
2025,2025-W10,Maharashtra,Acute Diarrheal Disease,231,0
2025,2025-W10,Maharashtra,Chickenpox,44,0
2025,2025-W10,Maharashtra,Chikungunya,14,0
2025,2025-W10,Meghalaya,Rabies,1,1
2025,2025-W10,Odisha,Acute Diarrheal Disease,20,2
2025,2025-W10,Odisha,Cholera,78,0
2025,2025-W10,Rajasthan,Food Poisoning,74,0
2025,2025-W10,Tamil Nadu,Acute Hepatitis-E,14,0
2025,2025-W10,Tamil Nadu,Chickenpox,64,0
2025,2025-W10,Tamil Nadu,Mumps,77,0
2025,2025-W10,Tamil Nadu,Pertussis,2,0
2025,2025-W10,Uttar Pradesh,Acute Diarrheal Disease,58,0
2025,2025-W10,Uttar Pradesh,Measles,10,0
2025,2025-W10,West Bengal,Acute Diarrheal Disease,272,0
2025,2025-W10,West Bengal,Acute Gastroenteritis,556,0
2025,2025-W10,West Bengal,Food Poisoning,198,0
2025,2025-W11,Andhra Pradesh,Acute Diarrheal Disease,38,0
2025,2025-W11,Assam,Fever,58,0
2025,2025-W11,Assam,Fever With Rash,15,0
2025,2025-W11,Assam,Mumps,8,0
2025,2025-W11,Bihar,Acute Diarrheal Disease,8,0
2025,2025-W11,Bihar,Fever With Rash,18,0
2025,2025-W11,Gujarat,Fever With Rash,14,0
2025,2025-W11,Jammu And Kashmir,Human Rabies,2,2
2025,2025-W11,Jharkhand,Chickenpox,144,0
2025,2025-W11,Jharkhand,Fever With Rash,16,0
2025,2025-W11,Karnataka,Acute Diarrheal Disease,45,0
2025,2025-W11,Karnataka,Chickenpox,7,0
2025,2025-W11,Karnataka,Food Poisoning,28,0
2025,2025-W11,Karnataka,Hepatitis A,16,0
2025,2025-W11,Kerala,Acute Diarrheal Disease,20,0
2025,2025-W11,Kerala,Food Poisoning,152,0
2025,2025-W11,Kerala,Hepatitis A,58,0
2025,2025-W11,Kerala,Meningitis,10,0
2025,2025-W11,Kerala,Mpox,2,0
2025,2025-W11,Kerala,Mumps,34,0
2025,2025-W11,Madhya Pradesh,Food Poisoning,102,0
2025,2025-W11,Madhya Pradesh,Malaria,18,0
2025,2025-W11,Madhya Pradesh,Measles,10,0
2025,2025-W11,Maharashtra,Acute Diarrheal Disease,48,0
2025,2025-W11,Maharashtra,Fever With Rash,26,0
2025,2025-W11,Maharashtra,Measles,6,0
2025,2025-W11,Mizoram,Measles,4,0
2025,2025-W11,Nagaland,Human Rabies,2,2
2025,2025-W11,Odisha,Food Poisoning,60,0
2025,2025-W11,Punjab,Chickenpox,54,0
2025,2025-W11,Rajasthan,Food Poisoning,44,0
2025,2025-W11,Tamil Nadu,Chickenpox,60,0
2025,2025-W11,Tamil Nadu,Human Rabies,1,1
2025,2025-W11,Tamil Nadu,Mumps,40,0
2025,2025-W11,Tripura,Food Poisoning,85,0
2025,2025-W11,West Bengal,Acute Diarrheal Disease,146,0
2025,2025-W11,West Bengal,Hepatitis A,128,0
2025,2025-W12,Assam,Chickenpox,8,0
2025,2025-W12,Assam,Human Rabies,2,2
2025,2025-W12,Bihar,Fever With Rash,42,0
2025,2025-W12,Chhattisgarh,Typhoid,11,0
2025,2025-W12,Gujarat,Cholera,71,0
2025,2025-W12,Gujarat,Hepatitis A,10,0
2025,2025-W12,Gujarat,Measles,4,0
2025,2025-W12,Jammu And Kashmir,Hepatitis A,10,0
2025,2025-W12,Jammu And Kashmir,Human Meta Pneumo Virus (Hmpv),1,1
2025,2025-W12,Jammu And Kashmir,Human Metapneumovirus (Hmpv),1,1
2025,2025-W12,Jharkhand,Chickenpox,32,0
2025,2025-W12,Jharkhand,Malaria,67,0
2025,2025-W12,Jharkhand,Measles,12,0
2025,2025-W12,Karnataka,Acute Diarrheal Disease,11,0
2025,2025-W12,Karnataka,Food Poisoning,192,2
2025,2025-W12,Kerala,Acute Diarrheal Disease,84,0
2025,2025-W12,Kerala,Chickenpox,18,0
2025,2025-W12,Kerala,Hepatitis A,151,0
2025,2025-W12,Kerala,Mpox,1,0
2025,2025-W12,Madhya Pradesh,Measles,14,0
2025,2025-W12,Madhya Pradesh,Mumps,4,0
2025,2025-W12,Maharashtra,Hepatitis A,15,1
2025,2025-W12,Manipur,Others,52,0
2025,2025-W12,Meghalaya,Human Rabies,1,1
2025,2025-W12,Sikkim,Typhoid,19,0
2025,2025-W12,Tamil Nadu,Chickenpox,6,0
2025,2025-W12,Tamil Nadu,Hepatitis A And E,22,0
2025,2025-W12,Tamil Nadu,Mumps,10,0
2025,2025-W12,Uttarakhand,Hepatitis A,12,0
2025,2025-W12,West Bengal,Acute Diarrheal Disease,15,0
2025,2025-W12,West Bengal,Acute Gastroenteritis,35,0
2025,2025-W12,West Bengal,Chickenpox,19,0
2025,2025-W12,West Bengal,Food Poisoning,177,0
2025,2025-W13,Andhra Pradesh,Cholera,18,0
2025,2025-W13,Assam,Acute Diarrheal Disease,13,0
2025,2025-W13,Assam,Food Poisoning,38,0
2025,2025-W13,Bihar,Food Poisoning,40,0
2025,2025-W13,Chhattisgarh,Measles,31,0
2025,2025-W13,Chhattisgarh,Typhoid,13,0
2025,2025-W13,Gujarat,Hepatitis A,49,0
2025,2025-W13,Haryana,Acute Diarrheal Disease,12,0
2025,2025-W13,Jammu And Kashmir,Hepatitis A,23,0
2025,2025-W13,Jharkhand,Acute Diarrheal Disease,20,0
2025,2025-W13,Jharkhand,Chickenpox,39,0
2025,2025-W13,Jharkhand,Fever With Rash,6,0
2025,2025-W13,Kerala,Acute Diarrheal Disease,74,0
2025,2025-W13,Kerala,Dengue,17,0
2025,2025-W13,Kerala,Food Poisoning,55,0
2025,2025-W13,Kerala,Hepatitis A,64,0
2025,2025-W13,Kerala,West Nile Fever,2,1
2025,2025-W13,Madhya Pradesh,Chickenpox,7,0
2025,2025-W13,Madhya Pradesh,Measles,42,0
2025,2025-W13,Madhya Pradesh,Scrub Typhus,17,0
2025,2025-W13,Manipur,Measles,37,0
2025,2025-W13,Meghalaya,Chickenpox,3,0
2025,2025-W13,Odisha,Hepatitis A,0,0
2025,2025-W13,Tamil Nadu,Acute Diarrheal Disease,51,0
2025,2025-W13,Tamil Nadu,Chickenpox,56,0
2025,2025-W13,Tamil Nadu,Food Poisoning,18,0
2025,2025-W13,West Bengal,Typhoid,18,0
2025,2025-W14,Assam,Food Poisoning,36,0
2025,2025-W14,Bihar,Chickenpox,14,0
2025,2025-W14,Bihar,Fever With Rash,48,0
2025,2025-W14,Gujarat,Acute Diarrheal Disease,40,0
2025,2025-W14,Gujarat,Food Poisoning,40,0
2025,2025-W14,Haryana,Food Poisoning,104,0
2025,2025-W14,Jharkhand,Chickenpox,42,0
2025,2025-W14,Karnataka,Hepatitis A,8,0
2025,2025-W14,Kerala,Acute Diarrheal Disease,156,0
2025,2025-W14,Kerala,Food Poisoning,65,0
2025,2025-W14,Kerala,Hepatitis A,54,0
2025,2025-W14,Kerala,Leishmaniasis,2,0
2025,2025-W14,Madhya Pradesh,Acute Diarrheal Disease,38,0
2025,2025-W14,Manipur,Human Rabies,3,3
2025,2025-W14,Meghalaya,Food Poisoning,32,0
2025,2025-W14,Meghalaya,Measles,12,0
2025,2025-W14,Odisha,Acute Diarrheal Disease,129,0
2025,2025-W14,Odisha,Food Poisoning,132,0
2025,2025-W14,Odisha,Hepatitis A,10,0
2025,2025-W14,Odisha,Measles,21,0
2025,2025-W14,Puducherry,Typhoid,40,0
2025,2025-W14,Tamil Nadu,Chickenpox,22,0
2025,2025-W14,Tamil Nadu,Dengue,22,0
2025,2025-W14,Tamil Nadu,Hepatitis A,95,0
2025,2025-W14,Tamil Nadu,Mumps,48,0
2025,2025-W14,Uttar Pradesh,Measles,25,0
2025,2025-W14,Uttarakhand,Food Poisoning,834,0
2025,2025-W14,West Bengal,Acute Diarrheal Disease,46,0
2025,2025-W15,Andhra Pradesh,Hepatitis B And C,612,0
2025,2025-W15,Assam,Food Poisoning,128,0
2025,2025-W15,Assam,Shigellosis,50,0
2025,2025-W15,Goa,Food Poisoning,86,0
2025,2025-W15,Gujarat,Acute Diarrheal Disease,236,0
2025,2025-W15,Gujarat,Acute Gastroenteritis,40,0
2025,2025-W15,Gujarat,Food Poisoning,240,0
2025,2025-W15,Jammu And Kashmir,Hepatitis A,36,0
2025,2025-W15,Jharkhand,Chickenpox,28,0
2025,2025-W15,Jharkhand,Measles,6,0
2025,2025-W15,Jharkhand,Scrub Typhus,52,0
2025,2025-W15,Karnataka,Food Poisoning,38,0
2025,2025-W15,Kerala,Food Poisoning,574,0
2025,2025-W15,Kerala,Hepatitis A,178,0
2025,2025-W15,Kerala,Typhoid,34,0
2025,2025-W15,Madhya Pradesh,Acute Diarrheal Disease,30,0
2025,2025-W15,Madhya Pradesh,Chickenpox,5,0
2025,2025-W15,Maharashtra,Acute Diarrheal Disease,22,0
2025,2025-W15,Maharashtra,Chikungunya,22,0
2025,2025-W15,Maharashtra,Food Poisoning,120,0
2025,2025-W15,Meghalaya,Chickenpox,60,0
2025,2025-W15,Meghalaya,Typhoid,30,0
2025,2025-W15,Odisha,Acute Diarrheal Disease,284,0
2025,2025-W15,Odisha,Measles,28,0
2025,2025-W15,Sikkim,Acute Diarrheal Disease,14,0
2025,2025-W15,Tamil Nadu,Acute Diarrheal Disease,384,0
2025,2025-W15,Tamil Nadu,Hepatitis A,20,0
2025,2025-W15,Tamil Nadu,Hepatitis A And E,16,0
2025,2025-W15,Tamil Nadu,Mumps,26,0
2025,2025-W15,Uttar Pradesh,Acute Diarrheal Disease,200,0
2025,2025-W15,Uttarakhand,Hepatitis A,16,0
2025,2025-W16,Andhra Pradesh,Acute Diarrheal Disease,22,0
2025,2025-W16,Andhra Pradesh,Food Poisoning,23,0
2025,2025-W16,Assam,Chickenpox,1,1
2025,2025-W16,Assam,Food Poisoning,16,0
2025,2025-W16,Bihar,Acute Diarrheal Disease,42,0
2025,2025-W16,Bihar,Chickenpox,17,1
2025,2025-W16,Bihar,Fever With Rash,5,0
2025,2025-W16,Chhattisgarh,Food Poisoning,12,0
2025,2025-W16,Gujarat,Acute Diarrheal Disease,13,0
2025,2025-W16,Gujarat,Measles,17,0
2025,2025-W16,Haryana,Chickenpox,28,0
2025,2025-W16,Haryana,Hepatitis A,18,0
2025,2025-W16,Jammu And Kashmir,Hepatitis A,26,0
2025,2025-W16,Jammu And Kashmir,Typhoid,47,0
2025,2025-W16,Jharkhand,Chickenpox,15,0
2025,2025-W16,Jharkhand,Fever With Rash,9,0
2025,2025-W16,Jharkhand,Malaria,64,0
2025,2025-W16,Kerala,Food Poisoning,157,0
2025,2025-W16,Kerala,Hepatitis A,89,0
2025,2025-W16,Kerala,Typhoid,12,0
2025,2025-W16,Madhya Pradesh,Acute Diarrheal Disease,40,0
2025,2025-W16,Madhya Pradesh,Chickenpox,23,0
2025,2025-W16,Madhya Pradesh,Food Poisoning,655,0
2025,2025-W16,Madhya Pradesh,Measles,7,0
2025,2025-W16,Maharashtra,Acute Diarrheal Disease,17,0
2025,2025-W16,Maharashtra,Food Poisoning,174,0
2025,2025-W16,Meghalaya,Chickenpox,64,0
2025,2025-W16,Odisha,Food Poisoning,51,0
2025,2025-W16,Tamil Nadu,Food Poisoning,129,0
2025,2025-W16,Tamil Nadu,Hepatitis A,10,0
2025,2025-W16,West Bengal,Acute Diarrheal Disease,11,0
2025,2025-W16,West Bengal,Chickenpox,12,0
2025,2025-W17,Andaman And Nicobar Islands,Acute Diarrheal Disease,71,0
2025,2025-W17,Andhra Pradesh,Acute Diarrheal Disease,47,0
2025,2025-W17,Assam,Chickenpox,6,0
2025,2025-W17,Assam,Hepatitis A,14,1
2025,2025-W17,Assam,Malaria,30,2
2025,2025-W17,Assam,Suspected Food Poisoning,20,1
2025,2025-W17,Chhattisgarh,Acute Diarrheal Disease,67,0
2025,2025-W17,Chhattisgarh,Food Poisoning,71,0
2025,2025-W17,Gujarat,Suspected Food Poisoning,9,0
2025,2025-W17,Haryana,Hepatitis A,40,0
2025,2025-W17,Jharkhand,Acute Diarrheal Disease,19,0
2025,2025-W17,Jharkhand,Chickenpox,28,0
2025,2025-W17,Jharkhand,Fever With Rash,15,0
2025,2025-W17,Karnataka,Suspected Food Poisoning,142,0
2025,2025-W17,Kerala,Acute Diarrheal Disease,13,0
2025,2025-W17,Kerala,Food Poisoning,78,0
2025,2025-W17,Kerala,Hepatitis A,29,0
2025,2025-W17,Kerala,Mpox,1,0
2025,2025-W17,Maharashtra,Food Poisoning,28,0
2025,2025-W17,Meghalaya,Human Rabies,1,1
2025,2025-W17,Odisha,Acute Diarrheal Disease,71,0
2025,2025-W17,Odisha,Food Poisoning,36,0
2025,2025-W17,Rajasthan,Acute Diarrheal Disease,57,0
2025,2025-W17,Tamil Nadu,Acute Diarrheal Disease,42,0
2025,2025-W17,Tamil Nadu,Acute Gastroenteritis,16,0
2025,2025-W17,Uttar Pradesh,Food Poisoning,40,2
2025,2025-W17,West Bengal,Acute Diarrheal Disease,67,0
2025,2025-W18,Andaman And Nicobar Islands,Food Poisoning,5,0
2025,2025-W18,Arunachal Pradesh,Acute Diarrheal Disease,6,0
2025,2025-W18,Assam,Acute Diarrheal Disease,93,0
2025,2025-W18,Assam,Food Poisoning (Mushroom Poisoning),10,0
2025,2025-W18,Bihar,Acute Diarrheal Disease,10,0
2025,2025-W18,Bihar,Fever With Rash,9,0
2025,2025-W18,Chhattisgarh,Acute Diarrheal Disease,11,0
2025,2025-W18,Chhattisgarh,Cholera,80,0
2025,2025-W18,Chhattisgarh,Hepatitis A,23,0
2025,2025-W18,Delhi,Food Poisoning,180,0
2025,2025-W18,Gujarat,Acute Diarrheal Disease,14,0
2025,2025-W18,Haryana,Food Poisoning,11,0
2025,2025-W18,Haryana,Typhoid And Hepatitis-E,78,0
2025,2025-W18,Jharkhand,Acute Diarrheal Disease,21,0
2025,2025-W18,Jharkhand,Chickenpox,26,0
2025,2025-W18,Jharkhand,Fever With Rash,32,0
2025,2025-W18,Jharkhand,Malaria,14,0
2025,2025-W18,Jharkhand,Suspected Food Poisoning,50,0
2025,2025-W18,Karnataka,Cholera,30,0
2025,2025-W18,Karnataka,Food Poisoning,40,0
2025,2025-W18,Karnataka,Suspected Food Poisoning,16,0
2025,2025-W18,Kerala,Acute Gastroenteritis,38,2
2025,2025-W18,Kerala,Dengue,94,0
2025,2025-W18,Kerala,Food Poisoning,184,0
2025,2025-W18,Kerala,Hepatitis A,275,0
2025,2025-W18,Madhya Pradesh,Acute Diarrheal Disease,9,0
2025,2025-W18,Madhya Pradesh,Chickenpox,14,0
2025,2025-W18,Madhya Pradesh,Human Rabies,2,2
2025,2025-W18,Madhya Pradesh,Measles,5,0
2025,2025-W18,Maharashtra,Food Poisoning,255,1
2025,2025-W18,Maharashtra,Suspected Food Poisoning,44,0
2025,2025-W18,Nagaland,Human Rabies,1,1
2025,2025-W18,Odisha,Acute Diarrheal Disease,50,0
2025,2025-W18,Tamil Nadu,Chickenpox,10,0
2025,2025-W18,Tamil Nadu,Hepatitis A,34,0
2025,2025-W18,Uttar Pradesh,Suspected Measles,15,0
2025,2025-W18,West Bengal,Acute Diarrheal Disease,48,0
2025,2025-W18,West Bengal,Food Poisoning,66,0
2025,2025-W18,West Bengal,Typhoid,144,0
2025,2025-W19,Andhra Pradesh,Acute Diarrheal Disease,33,0
2025,2025-W19,Arunachal Pradesh,Chickenpox,24,0
2025,2025-W19,Assam,Chickenpox,30,0
2025,2025-W19,Assam,Fever Of Unknown Origin,38,0
2025,2025-W19,Assam,Food Poisoning,232,0
2025,2025-W19,Assam,Human Rabies,2,2
2025,2025-W19,Bihar,Chickenpox,10,0
2025,2025-W19,Chhattisgarh,Acute Diarrheal Disease,46,0
2025,2025-W19,Chhattisgarh,Measles,64,0
2025,2025-W19,Gujarat,Acute Diarrheal Disease,210,0
2025,2025-W19,Jammu And Kashmir,Chickenpox,52,0
2025,2025-W19,Jammu And Kashmir,Hepatitis A,18,0
2025,2025-W19,Jharkhand,Chickenpox,10,0
2025,2025-W19,Karnataka,Acute Diarrheal Disease,239,0
2025,2025-W19,Kerala,Dengue,235,4
2025,2025-W19,Kerala,Hepatitis A,37,2
2025,2025-W19,Kerala,Nipah Virus,2,0
2025,2025-W19,Madhya Pradesh,Fever Of Unknown Origin,48,0
2025,2025-W19,Maharashtra,Suspected Food Poisoning,516,0
2025,2025-W19,Meghalaya,Food Poisoning,6,5
2025,2025-W19,Meghalaya,Human Rabies,4,4
2025,2025-W19,Odisha,Acute Diarrheal Disease,84,0
2025,2025-W19,Odisha,Suspected Food Poisoning,50,0
2025,2025-W19,Tamil Nadu,Acute Diarrheal Disease,26,0
2025,2025-W19,Tamil Nadu,Chickenpox,30,0
2025,2025-W19,Tamil Nadu,Mumps,14,0
2025,2025-W19,Uttar Pradesh,Acute Diarrheal Disease,20,0
2025,2025-W19,West Bengal,Acute Diarrheal Disease,54,0
2025,2025-W20,Assam,Chickenpox,20,0
2025,2025-W20,Assam,Food Poisoning,7,0
2025,2025-W20,Assam,Malaria,2,2
2025,2025-W20,Bihar,Fever With Rash,6,0
2025,2025-W20,Bihar,Measles,68,0
2025,2025-W20,Chhattisgarh,Hepatitis A,22,0
2025,2025-W20,Gujarat,Acute Gastroenteritis,78,0
2025,2025-W20,Gujarat,Cholera,345,0
2025,2025-W20,Jammu And Kashmir,Hepatitis A,58,0
2025,2025-W20,Jharkhand,Acute Diarrheal Disease,40,0
2025,2025-W20,Jharkhand,Fever With Rash,10,0
2025,2025-W20,Jharkhand,Paratyphoid,35,0
2025,2025-W20,Kerala,Acute Diarrheal Disease,93,0
2025,2025-W20,Kerala,Cholera,1,1
2025,2025-W20,Kerala,Dengue,179,0
2025,2025-W20,Kerala,Food Poisoning,50,0
2025,2025-W20,Kerala,Hepatitis A,101,0
2025,2025-W20,Kerala,Mumps,48,0
2025,2025-W20,Madhya Pradesh,Acute Diarrheal Disease,616,0
2025,2025-W20,Madhya Pradesh,Fever With Rash,7,0
2025,2025-W20,Madhya Pradesh,Food Poisoning,21,0
2025,2025-W20,Maharashtra,Dengue,20,0
2025,2025-W20,Meghalaya,Acute Diarrheal Disease,26,0
2025,2025-W20,Odisha,Food Poisoning,32,0
2025,2025-W20,Rajasthan,Food Poisoning,50,0
2025,2025-W20,Tamil Nadu,Acute Diarrheal Disease,133,0
2025,2025-W20,Tamil Nadu,Acute Gastroenteritis,9,0
2025,2025-W20,Tamil Nadu,Dengue,8,0
2025,2025-W20,Tamil Nadu,Suspected Food Poisoning,16,0
2025,2025-W20,Uttar Pradesh,Food Poisoning,11,0
2025,2025-W20,Uttar Pradesh,Leptospirosis,14,0
2025,2025-W20,West Bengal,Acute Diarrheal Disease,198,0
2025,2025-W20,West Bengal,Anthrax,3,3
2025,2025-W20,West Bengal,Food Poisoning,22,0
2025,2025-W21,Andhra Pradesh,Chikungunya,10,0
2025,2025-W21,Assam,Chickenpox,10,0
2025,2025-W21,Assam,Food Poisoning,191,0
2025,2025-W21,Assam,Hepatitis A,13,1
2025,2025-W21,Assam,Mumps,14,0
2025,2025-W21,Bihar,Acute Diarrheal Disease,8,0
2025,2025-W21,Bihar,Fever With Rash,5,0
2025,2025-W21,Chhattisgarh,Acute Diarrheal Disease,126,0
2025,2025-W21,Gujarat,Acute Diarrheal Disease,10,0
2025,2025-W21,Gujarat,Chikungunya,20,0
2025,2025-W21,Gujarat,Hepatitis A,40,0
2025,2025-W21,Jammu And Kashmir,Suspected Typhoid,11,0
2025,2025-W21,Jharkhand,Acute Diarrheal Disease,15,0
2025,2025-W21,Jharkhand,Chickenpox,45,0
2025,2025-W21,Karnataka,Acute Diarrheal Disease,76,0
2025,2025-W21,Karnataka,Chikungunya,37,0
2025,2025-W21,Kerala,Acute Diarrheal Disease,35,0
2025,2025-W21,Kerala,Dengue,113,0
2025,2025-W21,Kerala,Food Poisoning,42,0
2025,2025-W21,Kerala,Hepatitis A,32,2
2025,2025-W21,Ladakh,Chickenpox,8,0
2025,2025-W21,Madhya Pradesh,Acute Diarrheal Disease,15,2
2025,2025-W21,Madhya Pradesh,Fever With Rash,23,0
2025,2025-W21,Madhya Pradesh,Human Rabies,6,6
2025,2025-W21,Maharashtra,Dengue,22,0
2025,2025-W21,Maharashtra,Hepatitis A,38,0
2025,2025-W21,Odisha,Chikungunya,14,0
2025,2025-W21,Odisha,Hepatitis A,9,0
2025,2025-W21,Tamil Nadu,Acute Diarrheal Disease,40,0
2025,2025-W21,Uttar Pradesh,Food Poisoning,13,1
2025,2025-W21,West Bengal,Acute Diarrheal Disease,44,0
2025,2025-W21,West Bengal,Chickenpox,20,0
2025,2025-W22,Assam,Chickenpox,12,0
2025,2025-W22,Assam,Hepatitis A,36,0
2025,2025-W22,Assam,Malaria,23,1
2025,2025-W22,Chhattisgarh,Acute Diarrheal Disease,50,0
2025,2025-W22,Chhattisgarh,Food Poisoning,41,0
2025,2025-W22,Chhattisgarh,Hepatitis A,31,0
2025,2025-W22,Gujarat,Fever With Rash,18,0
2025,2025-W22,Gujarat,Food Poisoning,30,0
2025,2025-W22,Gujarat,Suspected Food Poisoning,21,0
2025,2025-W22,Jharkhand,Chickenpox,59,0
2025,2025-W22,Jharkhand,Food Poisoning,6,0
2025,2025-W22,Karnataka,Food Poisoning,15,0
2025,2025-W22,Kerala,Dengue,136,1
2025,2025-W22,Kerala,Hepatitis A,34,1
2025,2025-W22,Madhya Pradesh,Acute Diarrheal Disease,9,0
2025,2025-W22,Madhya Pradesh,Food Poisoning,13,0
2025,2025-W22,Maharashtra,Dengue,22,0
2025,2025-W22,Maharashtra,Human Rabies,1,1
2025,2025-W22,Maharashtra,Suspected Food Poisoning,9,0
2025,2025-W22,Meghalaya,Hepatitis A,32,0
2025,2025-W22,Meghalaya,Human Rabies,1,1
2025,2025-W22,Nagaland,Chickenpox,20,0
2025,2025-W22,Odisha,Acute Diarrheal Disease,34,3
2025,2025-W22,Odisha,Food Poisoning,68,0
2025,2025-W22,Punjab,Chickenpox,10,0
2025,2025-W22,Sikkim,Chickenpox,69,0
2025,2025-W22,Tamil Nadu,Dengue,12,0
2025,2025-W22,Uttar Pradesh,Human Rabies,2,2
2025,2025-W22,West Bengal,Acute Diarrheal Disease,72,0
2025,2025-W22,West Bengal,Food Poisoning,80,0
2025,2025-W22,West Bengal,Human Rabies,1,1
2025,2025-W23,Assam,Acute Diarrheal Disease,18,0
2025,2025-W23,Assam,Chickenpox,14,0
2025,2025-W23,Assam,Food Poisoning,228,0
2025,2025-W23,Chhattisgarh,Acute Diarrheal Disease,109,0
2025,2025-W23,Gujarat,Jaundice,30,0
2025,2025-W23,Gujarat,Measles,3,0
2025,2025-W23,Jammu And Kashmir,Acute Diarrheal Disease,118,0
2025,2025-W23,Jharkhand,Acute Diarrheal Disease,52,0
2025,2025-W23,Jharkhand,Chikeckenpox,46,0
2025,2025-W23,Jharkhand,Singhbum,20,0
2025,2025-W23,Kerala,Acute Diarrheal Disease,82,2
2025,2025-W23,Kerala,Dengue,526,0
2025,2025-W23,Kerala,Hepatitis A,20,0
2025,2025-W23,Kerala,Mpox,2,0
2025,2025-W23,Madhya Pradesh,Measles,10,0
2025,2025-W23,Maharashtra,Fever Of Unknown Origin,42,0
2025,2025-W23,Maharashtra,Food Poisoning,148,0
2025,2025-W23,Maharashtra,Malaria,10,2
2025,2025-W23,Odisha,Acute Diarrheal Disease,114,0
2025,2025-W23,Odisha,Fever,40,0
2025,2025-W23,Odisha,Suspected Food Poisoning,40,0
2025,2025-W23,Sikkim,Acute Diarrheal Disease,42,0
2025,2025-W23,Tamil Nadu,Acute Diarrheal Disease,70,0
2025,2025-W23,Telangana,Food Poisoning,184,0
2025,2025-W23,Uttar Pradesh,Acute Diarrheal Disease,100,8
2025,2025-W23,Uttarakhand,Acute Diarrheal Disease,154,0
2025,2025-W23,West Bengal,Cholera,20,0
2025,2025-W23,West Bengal,Suspected Food Poisoning,90,0
2025,2025-W24,Assam,Fever With Rash,12,0
2025,2025-W24,Assam,Food Poisoning,114,0
2025,2025-W24,Assam,Japanese Encephalitis,30,0
2025,2025-W24,Assam,Typhoid,7,0
2025,2025-W24,Chhattisgarh,Acute Diarrheal Disease,263,0
2025,2025-W24,Jammu And Kashmir,Acute Diarrheal Disease,20,0
2025,2025-W24,Jammu And Kashmir,Hepatitis A,152,0
2025,2025-W24,Jharkhand,Chickenpox,48,0
2025,2025-W24,Jharkhand,Measles,16,0
2025,2025-W24,Karnataka,Acute Diarrheal Disease,35,0
2025,2025-W24,Karnataka,Chikungunya And Dengue,52,0
2025,2025-W24,Karnataka,Malaria (P.Falciparum & P.Vivax),16,0
2025,2025-W24,Kerala,Acute Diarrheal Disease,52,0
2025,2025-W24,Kerala,Acute Hepatitis-A,26,0
2025,2025-W24,Kerala,Dengue,100,0
2025,2025-W24,Kerala,Food Poisoning,402,0
2025,2025-W24,Kerala,Hepatitis A,925,3
2025,2025-W24,Kerala,West Nile Fever,1,0
2025,2025-W24,Madhya Pradesh,Acute Diarrheal Disease,128,0
2025,2025-W24,Madhya Pradesh,Food Poisoning,10,8
2025,2025-W24,Maharashtra,Acute Diarrheal Disease,62,0
2025,2025-W24,Maharashtra,Dengue,28,4
2025,2025-W24,Maharashtra,Malaria,8,0
2025,2025-W24,Maharashtra,Malaria (P.Falciparum),6,2
2025,2025-W24,Maharashtra,Malaria (P.Vivax),54,0
2025,2025-W24,Maharashtra,Suspected Food Poisoning,73,0
2025,2025-W24,Odisha,Acute Diarrheal Disease,106,6
2025,2025-W24,Odisha,Cholera,95,0
2025,2025-W24,Odisha,Fever With Rash,12,0
2025,2025-W24,Odisha,Food Poisoning,269,0
2025,2025-W24,Odisha,Hepatitis A,154,0
2025,2025-W24,Odisha,Malaria (P.Falciparum And P.Vivax) And Dengue,14,0
2025,2025-W24,Tamil Nadu,Acute Diarrheal Disease,364,12
2025,2025-W24,Tamil Nadu,Acute Gastroenteritis,32,0
2025,2025-W24,Tamil Nadu,Chickenpox,6,0
2025,2025-W24,Tamil Nadu,Food Poisoning,290,0
2025,2025-W24,Uttarakhand,Typhoid,7,0
2025,2025-W24,West Bengal,Acute Diarrheal Disease,90,0
2025,2025-W24,West Bengal,Malaria,20,0
2025,2025-W24,West Bengal,Suspected Food Poisoning,34,0
2025,2025-W25,Andhra Pradesh,Suspected Food Poisoning,12,0
2025,2025-W25,Arunachal Pradesh,Pare,15,0
2025,2025-W25,Assam,Chickenpox,7,0
2025,2025-W25,Assam,Fever With Rash,27,0
2025,2025-W25,Assam,Suspected Food Poisoning,53,0
2025,2025-W25,Assam,Suspected Food Poisoning (Salmonella),39,0
2025,2025-W25,Chhattisgarh,Acute Diarrheal Disease,96,0
2025,2025-W25,Chhattisgarh,Cholera,28,0
2025,2025-W25,Gujarat,Acute Diarrheal Disease,55,0
2025,2025-W25,Jharkhand,Chickenpox,17,0
2025,2025-W25,Jharkhand,Hepatitis A,24,0
2025,2025-W25,Jharkhand,Paratyphoid,27,0
2025,2025-W25,Karnataka,Acute Diarrheal Disease,140,0
2025,2025-W25,Karnataka,Dengue,52,0
2025,2025-W25,Karnataka,Food Poisoning,23,0
2025,2025-W25,Karnataka,Leptospirosis,20,0
2025,2025-W25,Karnataka,Malaria,6,0
2025,2025-W25,Kerala,Chickenpox,28,0
2025,2025-W25,Kerala,Dengue,52,0
2025,2025-W25,Kerala,Food Poisoning,125,0
2025,2025-W25,Kerala,Hepatitis A,82,0
2025,2025-W25,Madhya Pradesh,Hepatitis A,13,0
2025,2025-W25,Madhya Pradesh,Suspected Food Poisoning,20,0
2025,2025-W25,Maharashtra,Acute Diarrheal Disease,48,0
2025,2025-W25,Mizoram,Suspected Typhoid,38,0
2025,2025-W25,Odisha,Acute Diarrheal Disease,74,0
2025,2025-W25,Odisha,Hepatitis A,18,0
2025,2025-W25,Odisha,Suspected Food Poisoning,14,0
2025,2025-W25,Odisha,Un Differentiated Fever,108,0
2025,2025-W25,Tamil Nadu,Acute Diarrheal Disease,12,0
2025,2025-W25,Tamil Nadu,Suspected Food Poisoning,81,0
2025,2025-W25,Uttar Pradesh,Chickenpox,22,0
2025,2025-W25,West Bengal,Acute Diarrheal Disease,53,0
2025,2025-W26,Andhra Pradesh,Acute Diarrheal Disease,64,0
2025,2025-W26,Andhra Pradesh,Suspected Food Poisoning,61,0
2025,2025-W26,Assam,Cholera,73,0
2025,2025-W26,Assam,Hepatitis A,6,0
2025,2025-W26,Assam,Japanese Encephalitis,4,4
2025,2025-W26,Assam,Suspected Food Poisoning,14,0
2025,2025-W26,Chhattisgarh,Acute Diarrheal Disease,123,0
2025,2025-W26,Gujarat,Acute Encephalitic Syndrome,3,3
2025,2025-W26,Gujarat,Dengue,7,0
2025,2025-W26,Gujarat,Measles,12,0
2025,2025-W26,Himachal Pradesh,Acute Diarrheal Disease,74,0
2025,2025-W26,Jammu And Kashmir,Acute Diarrheal Disease,138,0
2025,2025-W26,Jammu And Kashmir,Acute Gastroenteritis,209,3
2025,2025-W26,Jharkhand,Malaria,12,0
2025,2025-W26,Karnataka,Acute Diarrheal Disease,20,0
2025,2025-W26,Kerala,Acute Diarrheal Disease,80,0
2025,2025-W26,Kerala,Acute Gastroenteritis,50,0
2025,2025-W26,Kerala,Dengue,285,0
2025,2025-W26,Kerala,Food Poisoning,43,0
2025,2025-W26,Kerala,Hepatitis A,98,0
2025,2025-W26,Kerala,Mpox,1,0
2025,2025-W26,Kerala,Suspected Food Poisoning,140,0
2025,2025-W26,Madhya Pradesh,Acute Diarrheal Disease,86,0
2025,2025-W26,Madhya Pradesh,Acute Encephalitic Syndrome,1,1
2025,2025-W26,Madhya Pradesh,Chickenpox,14,0
2025,2025-W26,Madhya Pradesh,Cholera,25,0
2025,2025-W26,Madhya Pradesh,Dengue,43,0
2025,2025-W26,Madhya Pradesh,Measles,5,0
2025,2025-W26,Maharashtra,Acute Diarrheal Disease,20,0
2025,2025-W26,Maharashtra,Cholera,12,0
2025,2025-W26,Maharashtra,Malaria,31,0
2025,2025-W26,Maharashtra,Malaria (P.Falciparum & P.Vivax),4,1
2025,2025-W26,Maharashtra,Scrub Typhus,9,1
2025,2025-W26,Mizoram,Suspected Typhoid,48,0
2025,2025-W26,Odisha,Acute Diarrheal Disease,69,0
2025,2025-W26,Odisha,Hepatitis A,14,0
2025,2025-W26,Odisha,Suspected Food Poisoning,28,0
2025,2025-W26,Tamil Nadu,Food Poisoning,14,0
2025,2025-W26,Tripura,Acute Hepatitis-A,36,0
2025,2025-W26,Uttar Pradesh,Acute Diarrheal Disease,73,1
2025,2025-W26,Uttar Pradesh,Chickenpox,9,0
2025,2025-W26,West Bengal,Malaria,148,0
2025,2025-W27,Andhra Pradesh,Acute Diarrheal Disease,22,0
2025,2025-W27,Arunachal Pradesh,Acute Diarrheal Disease,27,0
2025,2025-W27,Assam,Japanese Encephalitis,24,6
2025,2025-W27,Assam,Suspected Food Poisoning,123,0
2025,2025-W27,Bihar,Acute Diarrheal Disease,40,0
2025,2025-W27,Bihar,Suspected Food Poisoning,12,0
2025,2025-W27,Chhattisgarh,Acute Diarrheal Disease,47,0
2025,2025-W27,Chhattisgarh,Measles,10,0
2025,2025-W27,Dadra And Nagar Haveli And Daman And Diu,Acute Diarrheal Disease,22,0
2025,2025-W27,Goa,Acute Diarrheal Disease (Shigellosis),182,0
2025,2025-W27,Goa,Typhoid,44,0
2025,2025-W27,Gujarat,Suspected Food Poisoning,180,0
2025,2025-W27,Jammu And Kashmir,Hepatitis A,20,0
2025,2025-W27,Jharkhand,Acute Diarrheal Disease,144,0
2025,2025-W27,Jharkhand,Chickenpox,18,0
2025,2025-W27,Jharkhand,Malaria,20,0
2025,2025-W27,Kerala,Acute Diarrheal Disease,68,0
2025,2025-W27,Kerala,Hepatitis A,216,0
2025,2025-W27,Kerala,Jaundice,32,0
2025,2025-W27,Kerala,Nipah Virus,2,0
2025,2025-W27,Kerala,Suspected Food Poisoning,424,0
2025,2025-W27,Madhya Pradesh,Acute Diarrheal Disease,36,0
2025,2025-W27,Madhya Pradesh,Leptospirosis,52,0
2025,2025-W27,Madhya Pradesh,Malaria (P.Vivax),6,0
2025,2025-W27,Madhya Pradesh,Suspected Food Poisoning,108,0
2025,2025-W27,Maharashtra,Acute Diarrheal Disease,27,0
2025,2025-W27,Maharashtra,Complicated Malaria (Plasmodium Falciparum),4,4
2025,2025-W27,Maharashtra,Mixed Malaria (Plasmodium Falciparum & Plasmodium Vivax),18,2
2025,2025-W27,Maharashtra,Suspected Food Poisoning,38,0
2025,2025-W27,Meghalaya,Suspected Typhoid,24,0
2025,2025-W27,Odisha,Acute Diarrheal Disease,218,0
2025,2025-W27,Odisha,Suspected Food Poisoning,20,0
2025,2025-W27,Tamil Nadu,Acute Diarrheal Disease,80,0
2025,2025-W27,Tamil Nadu,Chickenpox,14,0
2025,2025-W27,Tamil Nadu,Hepatitis A,14,0
2025,2025-W27,West Bengal,Acute Diarrheal Disease,46,0
2025,2025-W28,Andaman And Nicobar Islands,Acute Gastroenteritis,60,0
2025,2025-W28,Andhra Pradesh,Acute Diarrheal Disease,10,0
2025,2025-W28,Assam,Chickenpox,24,0
2025,2025-W28,Assam,Chikungunya,14,0
2025,2025-W28,Assam,Dysentery,86,0
2025,2025-W28,Assam,Japanese Encephalitis,6,4
2025,2025-W28,Assam,Mumps,40,0
2025,2025-W28,Chhattisgarh,Acute Diarrheal Disease,252,0
2025,2025-W28,Dadra And Nagar Haveli And Daman And Diu,Acute Diarrheal Disease,22,0
2025,2025-W28,Gujarat,Acute Encephalitic Syndrome (Suspected Chpv),2,0
2025,2025-W28,Gujarat,Acute Gastroenteritis,128,0
2025,2025-W28,Gujarat,Hepatitis E,8,0
2025,2025-W28,Haryana,Acute Diarrheal Disease,54,0
2025,2025-W28,Himachal Pradesh,"Hand, Foot And Mouth Disease (Hfmd)",26,0
2025,2025-W28,Himachal Pradesh,"Suspected Hand, Foot And Mouth Disease (Hfmd)",18,0
2025,2025-W28,Jammu And Kashmir,Acute Diarrheal Disease,272,0
2025,2025-W28,Jammu And Kashmir,Acute Hepatitis-A,12,0
2025,2025-W28,Jammu And Kashmir,Chickenpox,16,0
2025,2025-W28,Jharkhand,Acute Diarrheal Disease,122,0
2025,2025-W28,Jharkhand,Malaria (P.Falciparum & P.Vivax),12,0
2025,2025-W28,Karnataka,Food Poisoning,27,0
2025,2025-W28,Kerala,Acute Diarrheal Disease,20,0
2025,2025-W28,Kerala,Dengue,6,0
2025,2025-W28,Kerala,Hepatitis A,168,0
2025,2025-W28,Kerala,Nipah Virus,2,2
2025,2025-W28,Kerala,Suspected Food Poisoning,52,0
2025,2025-W28,Kerala,Suspected Hepatitis,108,0
2025,2025-W28,Madhya Pradesh,Acute Diarrheal Disease,526,4
2025,2025-W28,Madhya Pradesh,Dengue,32,0
2025,2025-W28,Madhya Pradesh,Diphtheria,8,4
2025,2025-W28,Madhya Pradesh,Food Poisoning,48,0
2025,2025-W28,Madhya Pradesh,Scrub Typhus,42,0
2025,2025-W28,Maharashtra,Acute Diarrheal Disease,390,0
2025,2025-W28,Maharashtra,Dengue & Malaria (P.Vivax),128,2
2025,2025-W28,Maharashtra,Malaria (P.Falciparum & P.Vivax),12,2
2025,2025-W28,Maharashtra,Malaria (P.Falciparum),8,2
2025,2025-W28,Maharashtra,Malaria (P.Vivax),11,0
2025,2025-W28,Nagaland,Japanese Encephalitis,2,2
2025,2025-W28,Odisha,Acute Diarrheal Disease,32,0
2025,2025-W28,Odisha,Chickenpox,29,0
2025,2025-W28,Odisha,Hepatitis A,40,0
2025,2025-W28,Odisha,Suspected Food Poisoning,16,0
2025,2025-W28,Puducherry,Dengue,20,0
2025,2025-W28,Punjab,Acute Diarrheal Disease,282,4
2025,2025-W28,Rajasthan,Typhoid,40,0
2025,2025-W28,Uttar Pradesh,Acute Diarrheal Disease,178,0
2025,2025-W28,Uttarakhand,Suspected Hepatitis,26,0
2025,2025-W28,West Bengal,Acute Diarrheal Disease,30,0
2025,2025-W29,Andhra Pradesh,Acute Diarrheal Disease,22,0
2025,2025-W29,Assam,Fever Of Unknown Origin,43,0
2025,2025-W29,Assam,Leptospirosis,7,0
2025,2025-W29,Bihar,Acute Diarrheal Disease,32,0
2025,2025-W29,Bihar,Fever With Rash,10,0
2025,2025-W29,Bihar,Malaria (Mixed),5,0
2025,2025-W29,Chhattisgarh,Acute Diarrheal Disease,117,0
2025,2025-W29,Gujarat,Acute Diarrheal Disease,43,1
2025,2025-W29,Gujarat,Hepatitis A,7,0
2025,2025-W29,Jammu And Kashmir,Hepatitis A,19,0
2025,2025-W29,Jammu And Kashmir,Human Rabies,2,2
2025,2025-W29,Jharkhand,Acute Diarrheal Disease,74,0
2025,2025-W29,Jharkhand,Dengue,36,0
2025,2025-W29,Jharkhand,Malaria,9,0
2025,2025-W29,Karnataka,Acute Diarrheal Disease,12,0
2025,2025-W29,Karnataka,Suspected Food Poisoning,118,0
2025,2025-W29,Kerala,Acute Diarrheal Disease,142,0
2025,2025-W29,Kerala,Hepatitis A,150,0
2025,2025-W29,Kerala,Nipah Virus,2,2
2025,2025-W29,Kerala,Suspected Food Poisoning,106,0
2025,2025-W29,Madhya Pradesh,Acute Diarrheal Disease,307,5
2025,2025-W29,Madhya Pradesh,Measles,11,0
2025,2025-W29,Maharashtra,Acute Diarrheal Disease,59,0
2025,2025-W29,Maharashtra,Hepatitis A,8,0
2025,2025-W29,Odisha,Acute Diarrheal Disease,98,0
2025,2025-W29,Odisha,Food Poisoning (Mushroom Poisoning),84,0
2025,2025-W29,Odisha,Hepatitis A,19,0
2025,2025-W29,Odisha,Suspected Food Poisoning,14,0
2025,2025-W29,Punjab,Acute Diarrheal Disease,21,0
2025,2025-W29,Tamil Nadu,Chickenpox,11,0
2025,2025-W29,Tamil Nadu,Chikungunya,46,0
2025,2025-W29,Uttar Pradesh,Acute Diarrheal Disease,23,0
2025,2025-W29,Uttar Pradesh,Food Poisoning,50,0
2025,2025-W29,West Bengal,Cholera,228,0
2025,2025-W30,Andhra Pradesh,Acute Diarrheal Disease,119,4
2025,2025-W30,Andhra Pradesh,Food Poisoning,46,0
2025,2025-W30,Assam,Japanese Encephalitis,13,4
2025,2025-W30,Chhattisgarh,Acute Diarrheal Disease,96,0
2025,2025-W30,Chhattisgarh,Malaria,9,0
2025,2025-W30,Gujarat,Acute Diarrheal Disease,37,1
2025,2025-W30,Gujarat,Hepatitis A,31,0
2025,2025-W30,Haryana,Acute Diarrheal Disease,23,0
2025,2025-W30,Jharkhand,Acute Diarrheal Disease,13,0
2025,2025-W30,Jharkhand,Chickenpox,11,0
2025,2025-W30,Karnataka,Acute Diarrheal Disease,52,0
2025,2025-W30,Karnataka,Suspected Food Poisoning,75,0
2025,2025-W30,Kerala,Acute Diarrheal Disease,48,0
2025,2025-W30,Kerala,Acute Gastroenteritis,44,0
2025,2025-W30,Kerala,Fever,85,0
2025,2025-W30,Kerala,Hepatitis A,15,0
2025,2025-W30,Kerala,Mpox,1,0
2025,2025-W30,Kerala,Suspected Food Poisoning,35,0
2025,2025-W30,Madhya Pradesh,Acute Diarrheal Disease,481,4
2025,2025-W30,Madhya Pradesh,Chikungunya,71,0
2025,2025-W30,Madhya Pradesh,Food Poisoning,14,0
2025,2025-W30,Madhya Pradesh,Measles,9,0
2025,2025-W30,Maharashtra,Measles,67,0
2025,2025-W30,Meghalaya,Human Rabies,2,2
2025,2025-W30,Meghalaya,Suspected Food Poisoning,21,1
2025,2025-W30,Nagaland,Japanese Encephalitis,4,2
2025,2025-W30,Odisha,Acute Diarrheal Disease,55,0
2025,2025-W30,Odisha,Chikungunya,107,0
2025,2025-W30,Odisha,Food Poisoning,24,0
2025,2025-W30,Odisha,Suspected Food Poisoning,12,0
2025,2025-W30,Rajasthan,Food Poisoning,117,0
2025,2025-W30,Tamil Nadu,Dengue,121,1
2025,2025-W30,Uttar Pradesh,Acute Diarrheal Disease,37,0
2025,2025-W30,West Bengal,Acute Diarrheal Disease,14,0
2025,2025-W30,West Bengal,Hepatitis A,50,0
2025,2025-W31,Andhra Pradesh,Acute Diarrheal Disease,54,0
2025,2025-W31,Andhra Pradesh,Food Poisoning,20,0
2025,2025-W31,Andhra Pradesh,Suspected Food Poisoning,10,0
2025,2025-W31,Arunachal Pradesh,Measles,24,0
2025,2025-W31,Bihar,Acute Diarrheal Disease,256,0
2025,2025-W31,Bihar,Acute Gastroenteritis,94,0
2025,2025-W31,Chhattisgarh,Acute Diarrheal Disease,30,0
2025,2025-W31,Gujarat,Cholera,63,0
2025,2025-W31,Jammu And Kashmir,Hepatitis A,47,0
2025,2025-W31,Jharkhand,Acute Diarrheal Disease,24,0
2025,2025-W31,Karnataka,Chikungunya,28,0
2025,2025-W31,Karnataka,Measles,27,0
2025,2025-W31,Kerala,Chickenpox,10,0
2025,2025-W31,Kerala,Fever Of Unknown Origin,119,0
2025,2025-W31,Kerala,Food Poisoning,38,0
2025,2025-W31,Kerala,Hepatitis A,15,0
2025,2025-W31,Kerala,Mumps,154,0
2025,2025-W31,Madhya Pradesh,Acute Diarrheal Disease,96,0
2025,2025-W31,Madhya Pradesh,Chikungunya,26,0
2025,2025-W31,Madhya Pradesh,Cholera,14,0
2025,2025-W31,Madhya Pradesh,Malaria,21,0
2025,2025-W31,Madhya Pradesh,Measles,28,0
2025,2025-W31,Maharashtra,Chikungunya And Dengue,20,0
2025,2025-W31,Maharashtra,Fever,20,0
2025,2025-W31,Manipur,Measles,35,0
2025,2025-W31,Odisha,Acute Diarrheal Disease,48,0
2025,2025-W31,Odisha,Hepatitis A,69,0
2025,2025-W31,Odisha,Hepatitis A And E,20,0
2025,2025-W31,Odisha,Measles,41,0
2025,2025-W31,Rajasthan,Acute Diarrheal Disease,87,0
2025,2025-W31,Sikkim,Typhoid,24,0
2025,2025-W31,Tamil Nadu,Food Poisoning,30,0
2025,2025-W31,Uttar Pradesh,Acute Diarrheal Disease,26,0
2025,2025-W31,Uttar Pradesh,Suspected Food Poisoning,36,0
2025,2025-W31,West Bengal,Acute Diarrheal Disease,146,0
2025,2025-W31,West Bengal,Cholera,28,0
2025,2025-W31,West Bengal,Scrub Typhus,15,0
2025,2025-W32,Arunachal Pradesh,Dengue,98,0
2025,2025-W32,Arunachal Pradesh,Suspected Typhoid,156,0
2025,2025-W32,Assam,Acute Diarrheal Disease,74,2
2025,2025-W32,Assam,Chickenpox,22,0
2025,2025-W32,Assam,Shigellosis,114,0
2025,2025-W32,Assam,Suspected Food Poisoning,27,0
2025,2025-W32,Bihar,Acute Diarrheal Disease,8,2
2025,2025-W32,Chhattisgarh,Acute Diarrheal Disease,194,2
2025,2025-W32,Chhattisgarh,Hepatitis A,128,0
2025,2025-W32,Goa,Cholera,72,0
2025,2025-W32,Gujarat,Dengue,20,0
2025,2025-W32,Gujarat,Hepatitis A And E,22,0
2025,2025-W32,Haryana,Acute Diarrheal Disease,56,0
2025,2025-W32,Haryana,Chickenpox,32,0
2025,2025-W32,Himachal Pradesh,Acute Diarrheal Disease,35,0
2025,2025-W32,Jammu And Kashmir,Acute Diarrheal Disease,20,0
2025,2025-W32,Jammu And Kashmir,Chickenpox,90,0
2025,2025-W32,Jammu And Kashmir,Hepatitis A,20,0
2025,2025-W32,Jharkhand,Acute Diarrheal Disease,20,0
2025,2025-W32,Jharkhand,Chickenpox,12,0
2025,2025-W32,Karnataka,Acute Diarrheal Disease,84,0
2025,2025-W32,Karnataka,Fever Of Unknown Origin,136,0
2025,2025-W32,Kerala,Chickenpox,60,0
2025,2025-W32,Kerala,Hepatitis A,42,0
2025,2025-W32,Madhya Pradesh,Acute Diarrheal Disease,84,0
2025,2025-W32,Madhya Pradesh,Cholera,66,0
2025,2025-W32,Madhya Pradesh,Suspected Scrub Typhus,22,0
2025,2025-W32,Maharashtra,Acute Diarrheal Disease,206,0
2025,2025-W32,Maharashtra,Fever Of Unknown Origin,116,0
2025,2025-W32,Maharashtra,Food Poisoning,54,0
2025,2025-W32,Maharashtra,Hepatitis A,166,0
2025,2025-W32,Maharashtra,Malaria,42,0
2025,2025-W32,Maharashtra,Measles,20,0
2025,2025-W32,Odisha,Food Poisoning,270,0
2025,2025-W32,Odisha,Hepatitis A,20,0
2025,2025-W32,Odisha,Suspected Food Poisoning,28,0
2025,2025-W32,Odisha,Suspected Typhoid,40,0
2025,2025-W32,Rajasthan,Acute Diarrheal Disease,18,0
2025,2025-W32,Tamil Nadu,Hepatitis A,116,0
2025,2025-W33,Andhra Pradesh,Acute Diarrheal Disease,42,0
2025,2025-W33,Arunachal Pradesh,Dengue,61,0
2025,2025-W33,Arunachal Pradesh,Measles,29,0
2025,2025-W33,Assam,Acute Diarrheal Disease,86,0
2025,2025-W33,Assam,Cholera,44,4
2025,2025-W33,Assam,Suspected Food Poisoning,76,3
2025,2025-W33,Chhattisgarh,Acute Diarrheal Disease,16,0
2025,2025-W33,Chhattisgarh,Dengue,18,0
2025,2025-W33,Chhattisgarh,Food Poisoning,79,0
2025,2025-W33,Gujarat,Crimean-Congo Haemandrhagic Fever (Cchf),1,1
2025,2025-W33,Haryana,Hepatitis A,140,0
2025,2025-W33,Jammu And Kashmir,Chickenpox,33,0
2025,2025-W33,Jammu And Kashmir,Dengue,46,0
2025,2025-W33,Jammu And Kashmir,Jaundice,24,0
2025,2025-W33,Jharkhand,Acute Diarrheal Disease,66,2
2025,2025-W33,Jharkhand,Scrub Typhus,18,0
2025,2025-W33,Karnataka,Fever,24,0
2025,2025-W33,Karnataka,Fever Of Unknown Origin,46,0
2025,2025-W33,Karnataka,Food Poisoning,46,0
2025,2025-W33,Kerala,Chickenpox,24,0
2025,2025-W33,Kerala,Hepatitis A,184,0
2025,2025-W33,Madhya Pradesh,Fever Of Unknown Origin,46,0
2025,2025-W33,Maharashtra,Acute Diarrheal Disease,80,0
2025,2025-W33,Maharashtra,Chikungunya,20,0
2025,2025-W33,Manipur,Chickenpox,34,0
2025,2025-W33,Manipur,Dengue,1251,0
2025,2025-W33,Odisha,Fever Of Unknown Origin,56,0
2025,2025-W33,Rajasthan,Dengue,53,0
2025,2025-W33,Uttar Pradesh,Acute Diarrheal Disease,72,0
2025,2025-W33,West Bengal,Cholera,25,0
2025,2025-W34,Arunachal Pradesh,Scrub Typhus,26,0
2025,2025-W34,Assam,Acute Diarrheal Disease,92,0
2025,2025-W34,Assam,Chickenpox,9,0
2025,2025-W34,Assam,Fever,263,0
2025,2025-W34,Assam,Suspected Food Poisoning,182,0
2025,2025-W34,Bihar,Cholera,55,0
2025,2025-W34,Gujarat,Dengue,169,1
2025,2025-W34,Jammu And Kashmir,Acute Diarrheal Disease,71,0
2025,2025-W34,Jammu And Kashmir,Chickenpox,7,0
2025,2025-W34,Jammu And Kashmir,Hepatitis A,40,0
2025,2025-W34,Jammu And Kashmir,Suspected Typhoid,28,0
2025,2025-W34,Jharkhand,Food Poisoning,30,0
2025,2025-W34,Karnataka,Acute Diarrheal Disease,66,0
2025,2025-W34,Karnataka,Dengue,31,0
2025,2025-W34,Karnataka,Fever Of Unknown Origin,21,0
2025,2025-W34,Kerala,Dengue,30,0
2025,2025-W34,Kerala,Fever,70,0
2025,2025-W34,Kerala,Food Poisoning,26,0
2025,2025-W34,Ladakh,Suspected Food Poisoning,127,0
2025,2025-W34,Madhya Pradesh,Acute Diarrheal Disease,124,0
2025,2025-W34,Madhya Pradesh,Chikungunya And Dengue,28,0
2025,2025-W34,Madhya Pradesh,Dengue,54,0
2025,2025-W34,Madhya Pradesh,Fever,56,0
2025,2025-W34,Madhya Pradesh,Fever With Rash,11,0
2025,2025-W34,Madhya Pradesh,Hepatitis A,20,0
2025,2025-W34,Madhya Pradesh,Scrub Typhus,28,0
2025,2025-W34,Maharashtra,Chikungunya,10,0
2025,2025-W34,Maharashtra,Hepatitis A,33,0
2025,2025-W34,Maharashtra,Malaria,21,0
2025,2025-W34,Odisha,Acute Diarrheal Disease,35,0
2025,2025-W34,Odisha,Hepatitis A,15,0
2025,2025-W34,Odisha,Suspected Food Poisoning,10,0
2025,2025-W34,Tamil Nadu,Fever,15,0
2025,2025-W34,Tamil Nadu,Hepatitis A,32,0
2025,2025-W34,Tamil Nadu,Suspected Food Poisoning,41,0
2025,2025-W34,Uttar Pradesh,Acute Diarrheal Disease,161,0
2025,2025-W34,Uttar Pradesh,Dengue,11,0
2025,2025-W34,West Bengal,Cholera,17,0
2025,2025-W34,West Bengal,Food Poisoning,89,1
2025,2025-W35,Andhra Pradesh,Food Poisoning,45,0
2025,2025-W35,Assam,Acute Diarrheal Disease,13,0
2025,2025-W35,Assam,Chikungunya,66,0
2025,2025-W35,Assam,Dengue,26,0
2025,2025-W35,Assam,Fever,16,0
2025,2025-W35,Assam,Food Poisoning,67,0
2025,2025-W35,Bihar,Food Poisoning,29,0
2025,2025-W35,Gujarat,Hepatitis A,77,0
2025,2025-W35,Haryana,Leptospirosis,24,0
2025,2025-W35,Jammu And Kashmir,Jaundice,21,0
2025,2025-W35,Jharkhand,Acute Diarrheal Disease,31,1
2025,2025-W35,Karnataka,Acute Diarrheal Disease,29,0
2025,2025-W35,Karnataka,Chikungunya,106,0
2025,2025-W35,Kerala,Acute Diarrheal Disease,101,0
2025,2025-W35,Kerala,Hepatitis A,10,0
2025,2025-W35,Kerala,Suspected Food Poisoning,28,0
2025,2025-W35,Madhya Pradesh,Acute Diarrheal Disease,24,0
2025,2025-W35,Madhya Pradesh,Dengue,87,0
2025,2025-W35,Madhya Pradesh,Fever Of Unknown Origin,30,0
2025,2025-W35,Madhya Pradesh,Measles,12,0
2025,2025-W35,Maharashtra,Dengue,149,0
2025,2025-W35,Maharashtra,Fever,49,0
2025,2025-W35,Meghalaya,Suspected Food Poisoning,44,0
2025,2025-W35,Mizoram,Chickenpox,95,0
2025,2025-W35,Mizoram,Suspected Typhoid,22,0
2025,2025-W35,Odisha,Acute Diarrheal Disease,15,0
2025,2025-W35,Odisha,Chikungunya,78,0
2025,2025-W35,Punjab,Acute Diarrheal Disease,264,0
2025,2025-W35,Rajasthan,Fever,718,0
2025,2025-W35,Rajasthan,Hepatitis A,40,0
2025,2025-W35,Tamil Nadu,Fever,12,0
2025,2025-W35,Tripura,Dengue,15,0
2025,2025-W35,Uttar Pradesh,Acute Diarrheal Disease,16,0
2025,2025-W35,West Bengal,Acute Diarrheal Disease,62,0
2025,2025-W36,Assam,Acute Diarrheal Disease,102,0
2025,2025-W36,Dadra And Nagar Haveli And Daman And Diu,Acute Diarrheal Disease,22,0
2025,2025-W36,Gujarat,Crimean-Congo Haemandrhagic Fever (Cchf),2,2
2025,2025-W36,Gujarat,Food Poisoning,28,0
2025,2025-W36,Haryana,Suspected Typhoid,30,0
2025,2025-W36,Jammu And Kashmir,Chickenpox,24,0
2025,2025-W36,Jammu And Kashmir,Hepatitis A,36,0
2025,2025-W36,Jharkhand,Acute Diarrheal Disease,104,0
2025,2025-W36,Jharkhand,Paratyphoid,12,4
2025,2025-W36,Karnataka,Chikungunya And Dengue,36,0
2025,2025-W36,Karnataka,Fever With Rash,60,0
2025,2025-W36,Kerala,Acute Gastroenteritis,62,0
2025,2025-W36,Kerala,Chickenpox,112,0
2025,2025-W36,Kerala,Hepatitis A,66,0
2025,2025-W36,Kerala,West Nile Fever,2,0
2025,2025-W36,Madhya Pradesh,Acute Diarrheal Disease,344,0
2025,2025-W36,Madhya Pradesh,Chikungunya,100,0
2025,2025-W36,Madhya Pradesh,Fever,142,0
2025,2025-W36,Madhya Pradesh,Fever With Rash,16,0
2025,2025-W36,Madhya Pradesh,Japanese Encephalitis,4,0
2025,2025-W36,Madhya Pradesh,Leptospirosis,18,0
2025,2025-W36,Meghalaya,Human Rabies,1,1
2025,2025-W36,Meghalaya,Suspected Food Poisoning,128,0
2025,2025-W36,Mizoram,Fever,284,0
2025,2025-W36,Odisha,Chikungunya,20,0
2025,2025-W36,Odisha,Fever,100,0
2025,2025-W36,Odisha,Suspected Food Poisoning,40,0
2025,2025-W36,Rajasthan,Suspected Scrub Typhus,20,0
2025,2025-W36,Tamil Nadu,Acute Diarrheal Disease,32,0
2025,2025-W36,Tamil Nadu,Dysentery,66,0
2025,2025-W36,Tamil Nadu,Fever,28,0
2025,2025-W36,Uttar Pradesh,Diphtheria,4,2
2025,2025-W36,West Bengal,Acute Diarrheal Disease,162,0
2025,2025-W36,West Bengal,Malaria,94,0
2025,2025-W36,West Bengal,Suspected Food Poisoning,16,0
2025,2025-W37,Andhra Pradesh,Acute Diarrheal Disease,100,0
2025,2025-W37,Andhra Pradesh,Cholera,716,0
2025,2025-W37,Andhra Pradesh,Dengue,26,0
2025,2025-W37,Andhra Pradesh,Suspected Food Poisoning,50,0
2025,2025-W37,Assam,Acute Diarrheal Disease,128,0
2025,2025-W37,Assam,Food Poisoning,74,0
2025,2025-W37,Chhattisgarh,Acute Diarrheal Disease,42,0
2025,2025-W37,Chhattisgarh,Food Poisoning,52,0
2025,2025-W37,Haryana,Acute Diarrheal Disease,30,0
2025,2025-W37,Jammu And Kashmir,Acute Diarrheal Disease,58,0
2025,2025-W37,Jammu And Kashmir,Chickenpox,17,0
2025,2025-W37,Jammu And Kashmir,Dengue,32,0
2025,2025-W37,Jammu And Kashmir,Human Rabies,2,2
2025,2025-W37,Jammu And Kashmir,Suspected Typhoid,114,0
2025,2025-W37,Jharkhand,Acute Diarrheal Disease,182,0
2025,2025-W37,Jharkhand,Malaria (P.Falciparum & P.Vivax),246,0
2025,2025-W37,Karnataka,Acute Diarrheal Disease,108,0
2025,2025-W37,Karnataka,Dengue,268,0
2025,2025-W37,Karnataka,Suspected Food Poisoning,244,0
2025,2025-W37,Kerala,Acute Diarrheal Disease,96,0
2025,2025-W37,Kerala,Acute Gastroenteritis,416,0
2025,2025-W37,Kerala,Dengue,44,2
2025,2025-W37,Kerala,Food Poisoning,92,0
2025,2025-W37,Kerala,Hepatitis A,110,0
2025,2025-W37,Kerala,Suspected Food Poisoning,59,0
2025,2025-W37,Madhya Pradesh,Acute Diarrheal Disease,63,0
2025,2025-W37,Madhya Pradesh,Fever,63,0
2025,2025-W37,Maharashtra,Dengue,20,0
2025,2025-W37,Maharashtra,Fever,22,2
2025,2025-W37,Maharashtra,Suspected Food Poisoning,68,0
2025,2025-W37,Odisha,Fever,76,0
2025,2025-W37,Odisha,Hepatitis A,80,0
2025,2025-W37,Puducherry,Cholera,120,0
2025,2025-W37,Puducherry,Mpox,2,0
2025,2025-W37,Punjab,Acute Diarrheal Disease,32,4
2025,2025-W37,Punjab,Hepatitis A,28,0
2025,2025-W37,Rajasthan,Acute Diarrheal Disease,100,0
2025,2025-W37,Tamil Nadu,Fever,16,0
2025,2025-W37,Tamil Nadu,Mumps,40,0
2025,2025-W37,West Bengal,Cholera,52,0
2025,2025-W38,Andhra Pradesh,Fever,32,0
2025,2025-W38,Andhra Pradesh,Food Poisoning,16,0
2025,2025-W38,Arunachal Pradesh,Dengue,26,0
2025,2025-W38,Arunachal Pradesh,Suspected Typhoid,62,0
2025,2025-W38,Assam,Food Poisoning,35,0
2025,2025-W38,Assam,Leptospirosis,2,2
2025,2025-W38,Assam,Suspected Food Poisoning,35,0
2025,2025-W38,Bihar,Acute Diarrheal Disease,108,2
2025,2025-W38,Bihar,Fever With Rash,10,0
2025,2025-W38,Delhi,Acute Diarrheal Disease,20,0
2025,2025-W38,Gujarat,Acute Diarrheal Disease,11,0
2025,2025-W38,Gujarat,Hepatitis A,11,0
2025,2025-W38,Gujarat,Mpox (Clade I),1,0
2025,2025-W38,Jammu And Kashmir,Acute Diarrheal Disease,22,0
2025,2025-W38,Jammu And Kashmir,Chickenpox,32,0
2025,2025-W38,Jammu And Kashmir,Dengue,65,0
2025,2025-W38,Jammu And Kashmir,Hepatitis A,77,1
2025,2025-W38,Jammu And Kashmir,Suspected Food Poisoning,10,0
2025,2025-W38,Jharkhand,Acute Diarrheal Disease,32,0
2025,2025-W38,Jharkhand,"Hand, Foot And Mouth Disease (Hfmd)",30,0
2025,2025-W38,Karnataka,Acute Diarrheal Disease,15,0
2025,2025-W38,Karnataka,Food Poisoning,88,0
2025,2025-W38,Kerala,Acute Diarrheal Disease,17,0
2025,2025-W38,Kerala,Hepatitis A,99,0
2025,2025-W38,Kerala,Shigellosis,40,0
2025,2025-W38,Kerala,Suspected Food Poisoning,14,0
2025,2025-W38,Madhya Pradesh,Acute Diarrheal Disease,15,0
2025,2025-W38,Madhya Pradesh,Chikungunya,60,0
2025,2025-W38,Madhya Pradesh,Fever,68,0
2025,2025-W38,Madhya Pradesh,Measles,11,0
2025,2025-W38,Maharashtra,Acute Encephalitic Syndrome,36,25
2025,2025-W38,Maharashtra,Acute Gastroenteritis,40,0
2025,2025-W38,Maharashtra,Cholera,21,0
2025,2025-W38,Maharashtra,Fever,13,1
2025,2025-W38,Maharashtra,Malaria,98,0
2025,2025-W38,Manipur,Dengue,45,0
2025,2025-W38,Odisha,Acute Diarrheal Disease,59,2
2025,2025-W38,Odisha,Fever,47,0
2025,2025-W38,Rajasthan,Scrub Typhus,10,0
2025,2025-W38,Tamil Nadu,Chickenpox,13,2
2025,2025-W38,Tamil Nadu,Fever,23,0
2025,2025-W38,Uttar Pradesh,Fever,56,0
2025,2025-W38,West Bengal,Acute Diarrheal Disease,33,0
2025,2025-W39,Andhra Pradesh,Chikungunya,28,0
2025,2025-W39,Arunachal Pradesh,Acute Diarrheal Disease,26,1
2025,2025-W39,Bihar,Acute Diarrheal Disease,50,7
2025,2025-W39,Chhattisgarh,Cholera,38,0
2025,2025-W39,Chhattisgarh,Food Poisoning,17,2
2025,2025-W39,Delhi,Acute Diarrheal Disease,213,0
2025,2025-W39,Delhi,Suspected Food Poisoning,233,0
2025,2025-W39,Gujarat,Hepatitis A,12,0
2025,2025-W39,Himachal Pradesh,Hepatitis A,25,0
2025,2025-W39,Jammu And Kashmir,Dengue,32,0
2025,2025-W39,Jharkhand,Acute Diarrheal Disease,52,0
2025,2025-W39,Jharkhand,Suspected Food Poisoning,12,0
2025,2025-W39,Kerala,Acute Gastroenteritis,107,0
2025,2025-W39,Kerala,Chickenpox,9,0
2025,2025-W39,Kerala,Hepatitis A,18,0
2025,2025-W39,Kerala,Mumps,90,0
2025,2025-W39,Kerala,Suspected Food Poisoning,69,0
2025,2025-W39,Madhya Pradesh,Dengue,12,0
2025,2025-W39,Madhya Pradesh,Scrub Typhus,44,0
2025,2025-W39,Madhya Pradesh,Suspected Food Poisoning,59,0
2025,2025-W39,Maharashtra,Acute Diarrheal Disease,38,0
2025,2025-W39,Maharashtra,Dengue,14,0
2025,2025-W39,Maharashtra,Suspected Food Poisoning,59,0
2025,2025-W39,Meghalaya,Hepatitis A,19,0
2025,2025-W39,Mizoram,Suspected Food Poisoning,22,0
2025,2025-W39,Odisha,Jaundice,13,0
2025,2025-W39,Puducherry,Cholera,27,0
2025,2025-W39,Tamil Nadu,Chickenpox,9,0
2025,2025-W39,Tamil Nadu,Dengue & Leptospirosis,14,0
2025,2025-W39,Tamil Nadu,Fever,53,0
2025,2025-W39,Tamil Nadu,Mumps,8,0
2025,2025-W39,Uttar Pradesh,Acute Diarrheal Disease,12,2
2025,2025-W40,Bihar,Acute Diarrheal Disease,60,0
2025,2025-W40,Chhattisgarh,Leptospirosis,10,0
2025,2025-W40,Gujarat,Food Poisoning,63,0
2025,2025-W40,Gujarat,Suspected Food Poisoning,7,0
2025,2025-W40,Haryana,Leptospirosis,68,0
2025,2025-W40,Jammu And Kashmir,Dengue,72,0
2025,2025-W40,Jharkhand,Acute Diarrheal Disease,134,0
2025,2025-W40,Kerala,Dengue,11,0
2025,2025-W40,Kerala,Hepatitis A,16,0
2025,2025-W40,Kerala,Suspected Food Poisoning,28,0
2025,2025-W40,Madhya Pradesh,Measles,10,0
2025,2025-W40,Maharashtra,Acute Diarrheal Disease,68,0
2025,2025-W40,Maharashtra,Dengue,17,0
2025,2025-W40,Maharashtra,Malaria,24,0
2025,2025-W40,Odisha,Acute Diarrheal Disease,46,0
2025,2025-W40,Punjab,Acute Diarrheal Disease,75,0
2025,2025-W40,Tamil Nadu,Dengue,26,0
2025,2025-W40,Uttar Pradesh,Fever,53,0
2025,2025-W40,West Bengal,Food Poisoning,15,2
2025,2025-W40,West Bengal,Malaria,42,0
2025,2025-W41,Andhra Pradesh,Acute Diarrheal Disease,36,0
2025,2025-W41,Andhra Pradesh,Jaundice,206,0
2025,2025-W41,Assam,Acute Diarrheal Disease,17,0
2025,2025-W41,Bihar,Acute Diarrheal Disease,86,0
2025,2025-W41,Chhattisgarh,Acute Diarrheal Disease,132,0
2025,2025-W41,Jammu And Kashmir,Chikungunya,14,0
2025,2025-W41,Jammu And Kashmir,Dengue,138,0
2025,2025-W41,Jharkhand,Acute Diarrheal Disease,70,0
2025,2025-W41,Jharkhand,Scrub Typhus,76,0
2025,2025-W41,Kerala,Acute Gastroenteritis,70,0
2025,2025-W41,Kerala,Hepatitis A,74,0
2025,2025-W41,Kerala,Mpox,2,0
2025,2025-W41,Madhya Pradesh,Acute Diarrheal Disease,164,0
2025,2025-W41,Maharashtra,Malaria,60,0
2025,2025-W41,Maharashtra,Measles,46,0
2025,2025-W41,Odisha,Acute Diarrheal Disease,36,0
2025,2025-W41,Rajasthan,Scrub Typhus,22,0
2025,2025-W41,Uttar Pradesh,Acute Diarrheal Disease,68,0
2025,2025-W41,Uttar Pradesh,Dengue,28,0
2025,2025-W41,Uttar Pradesh,Malaria,296,0
2025,2025-W41,West Bengal,Jaundice,126,0
2025,2025-W41,West Bengal,Suspected Food Poisoning,24,0
2025,2025-W42,Andhra Pradesh,Acute Diarrheal Disease,142,0
2025,2025-W42,Assam,Fever Of Unknown Origin,12,0
2025,2025-W42,Bihar,Acute Gastroenteritis,56,0
2025,2025-W42,Chhattisgarh,Cholera,25,0
2025,2025-W42,Chhattisgarh,Hepatitis A,13,0
2025,2025-W42,Dadra And Nagar Haveli And Daman And Diu,Acute Diarrheal Disease,68,0
2025,2025-W42,Haryana,Acute Diarrheal Disease,22,0
2025,2025-W42,Haryana,Hepatitis A,29,0
2025,2025-W42,Himachal Pradesh,Dengue,40,0
2025,2025-W42,Jammu And Kashmir,Dengue,68,0
2025,2025-W42,Jharkhand,Acute Diarrheal Disease,67,0
2025,2025-W42,Jharkhand,Cholera,28,0
2025,2025-W42,Jharkhand,Leptospirosis And Scrub Typhus,16,0
2025,2025-W42,Kerala,Acute Gastroenteritis,290,0
2025,2025-W42,Kerala,Chickenpox,57,0
2025,2025-W42,Kerala,Dengue,38,0
2025,2025-W42,Kerala,Hepatitis A,91,0
2025,2025-W42,Kerala,Suspected Food Poisoning,20,0
2025,2025-W42,Madhya Pradesh,Fever,25,0
2025,2025-W42,Madhya Pradesh,Measles,12,0
2025,2025-W42,Madhya Pradesh,Scrub Typhus,10,0
2025,2025-W42,Maharashtra,Acute Diarrheal Disease,395,0
2025,2025-W42,Maharashtra,Fever,21,0
2025,2025-W42,Manipur,Suspected Typhoid,12,0
2025,2025-W42,Odisha,Hepatitis A,11,0
2025,2025-W42,Tripura,Dengue,59,0
2025,2025-W42,Uttar Pradesh,Acute Diarrheal Disease,38,0
2025,2025-W42,Uttar Pradesh,Chikungunya And Dengue,29,0
2025,2025-W42,Uttar Pradesh,Fever,16,1
2025,2025-W42,Uttar Pradesh,Scrub Typhus,71,0
2025,2025-W42,Uttar Pradesh,Suspected Food Poisoning,21,0
2025,2025-W42,Uttar Pradesh,Suspected Typhoid,34,0
2025,2025-W42,West Bengal,Acute Diarrheal Disease,191,0
2025,2025-W42,West Bengal,Chikungunya,29,0
2025,2025-W43,Andhra Pradesh,Fever,20,0
2025,2025-W43,Arunachal Pradesh,Dengue,38,0
2025,2025-W43,Chhattisgarh,Acute Diarrheal Disease,25,5
2025,2025-W43,Chhattisgarh,Leptospirosis,43,0
2025,2025-W43,Goa,Suspected Food Poisoning,23,0
2025,2025-W43,Gujarat,Food Poisoning,172,0
2025,2025-W43,Jammu And Kashmir,Dengue,26,0
2025,2025-W43,Kerala,Acute Diarrheal Disease,13,0
2025,2025-W43,Kerala,Chickenpox,30,0
2025,2025-W43,Kerala,Hepatitis A,40,0
2025,2025-W43,Kerala,Mpox (Clade I),2,0
2025,2025-W43,Kerala,Suspected Food Poisoning,151,0
2025,2025-W43,Ladakh,Hepatitis A,60,0
2025,2025-W43,Madhya Pradesh,Acute Diarrheal Disease,41,0
2025,2025-W43,Madhya Pradesh,Acute Gastroenteritis,27,0
2025,2025-W43,Madhya Pradesh,Measles,17,0
2025,2025-W43,Maharashtra,Scrub Typhus,12,0
2025,2025-W43,Odisha,Jaundice,11,0
2025,2025-W43,Tamil Nadu,Suspected Food Poisoning,12,0
2025,2025-W43,Uttar Pradesh,Acute Diarrheal Disease,68,0
2025,2025-W43,Uttar Pradesh,Chickenpox,8,0
2025,2025-W43,Uttar Pradesh,Dengue,10,0
2025,2025-W43,Uttar Pradesh,Fever,37,1
2025,2025-W43,West Bengal,Acute Diarrheal Disease,19,0
2025,2025-W43,West Bengal,Food Poisoning,118,0
2025,2025-W43,West Bengal,Suspected Food Poisoning,59,0
2025,2025-W44,Andhra Pradesh,Acute Diarrheal Disease,11,0
2025,2025-W44,Andhra Pradesh,Food Poisoning,14,0
2025,2025-W44,Bihar,Acute Diarrheal Disease,48,0
2025,2025-W44,Bihar,Typhoid,31,0
2025,2025-W44,Jammu And Kashmir,Dengue,63,0
2025,2025-W44,Jharkhand,Acute Diarrheal Disease,75,0
2025,2025-W44,Jharkhand,Chickenpox,16,0
2025,2025-W44,Karnataka,Chikungunya,78,0
2025,2025-W44,Kerala,Chickenpox,80,0
2025,2025-W44,Kerala,Fever With Rash,14,0
2025,2025-W44,Kerala,Hepatitis A,159,0
2025,2025-W44,Kerala,Mumps,110,0
2025,2025-W44,Kerala,Suspected Food Poisoning,184,0
2025,2025-W44,Madhya Pradesh,Chikungunya,40,0
2025,2025-W44,Madhya Pradesh,Measles,15,0
2025,2025-W44,Madhya Pradesh,Suspected Food Poisoning,25,0
2025,2025-W44,Madhya Pradesh,Suspected Typhoid,104,0
2025,2025-W44,Maharashtra,Acute Diarrheal Disease,108,0
2025,2025-W44,Maharashtra,Dysentery,107,0
2025,2025-W44,Maharashtra,Malaria,13,0
2025,2025-W44,Maharashtra,Scrub Typhus,9,1
2025,2025-W44,Meghalaya,Suspected Typhoid,20,0
2025,2025-W44,Odisha,Acute Gastroenteritis,66,0
2025,2025-W44,Odisha,Hepatitis E,32,0
2025,2025-W44,Tamil Nadu,Acute Diarrheal Disease,20,0
2025,2025-W44,Tamil Nadu,Chickenpox,8,0
2025,2025-W44,Tamil Nadu,Scrub Typhus,52,0
2025,2025-W44,Tamil Nadu,Suspected Food Poisoning,159,0
2025,2025-W44,Uttar Pradesh,Dengue,14,0
2025,2025-W44,West Bengal,Suspected Food Poisoning,178,0
2025,2025-W45,Andhra Pradesh,Acute Diarrheal Disease,914,0
2025,2025-W45,Andhra Pradesh,Fever Of Unknown Origin,38,0
2025,2025-W45,Arunachal Pradesh,Suspected Typhoid,66,0
2025,2025-W45,Bihar,Acute Diarrheal Disease,54,0
2025,2025-W45,Bihar,Fever With Rash,5,0
2025,2025-W45,Bihar,Measles,4,0
2025,2025-W45,Chhattisgarh,Suspected Typhoid,72,0
2025,2025-W45,Gujarat,Acute Diarrheal Disease,90,0
2025,2025-W45,Gujarat,Fever,42,0
2025,2025-W45,Jammu And Kashmir,Chickenpox,12,0
2025,2025-W45,Jammu And Kashmir,Dengue,62,0
2025,2025-W45,Jammu And Kashmir,Jaundice,46,0
2025,2025-W45,Jharkhand,Malaria,70,0
2025,2025-W45,Karnataka,Suspected Food Poisoning,148,0
2025,2025-W45,Kerala,Acute Gastroenteritis,22,0
2025,2025-W45,Kerala,Chickenpox,42,0
2025,2025-W45,Kerala,"Hand, Foot And Mouth Disease (Hfmd)",22,0
2025,2025-W45,Kerala,Hepatitis A,94,0
2025,2025-W45,Kerala,Mpox (Clade Ii),2,0
2025,2025-W45,Kerala,Mumps,54,0
2025,2025-W45,Kerala,Suspected Food Poisoning,84,0
2025,2025-W45,Madhya Pradesh,Chikungunya,218,0
2025,2025-W45,Madhya Pradesh,Cholera,310,0
2025,2025-W45,Madhya Pradesh,Measles,12,0
2025,2025-W45,Maharashtra,Acute Diarrheal Disease,48,0
2025,2025-W45,Maharashtra,Chikungunya,22,0
2025,2025-W45,Maharashtra,Dengue,44,0
2025,2025-W45,Manipur,Suspected Food Poisoning,68,0
2025,2025-W45,Odisha,Acute Diarrheal Disease,26,0
2025,2025-W45,Odisha,Measles,102,0
2025,2025-W45,Sikkim,Fever With Rash,5,0
2025,2025-W45,Tamil Nadu,Acute Diarrheal Disease,40,0
2025,2025-W45,Tamil Nadu,Acute Gastroenteritis,28,0
2025,2025-W45,Tamil Nadu,Dengue,26,0
2025,2025-W45,Tamil Nadu,Mumps,74,0
2025,2025-W45,West Bengal,Hepatitis A,116,0
2025,2025-W45,West Bengal,Typhoid,40,0
2025,2025-W46,Andhra Pradesh,Acute Gastroenteritis,58,0
2025,2025-W46,Andhra Pradesh,Food Poisoning,14,0
2025,2025-W46,Andhra Pradesh,Suspected Food Poisoning,24,0
2025,2025-W46,Arunachal Pradesh,Fever,143,0
2025,2025-W46,Assam,Chickenpox,26,0
2025,2025-W46,Bihar,Acute Diarrheal Disease,42,0
2025,2025-W46,Chhattisgarh,Acute Diarrheal Disease,73,0
2025,2025-W46,Gujarat,Cholera,52,0
2025,2025-W46,Jammu And Kashmir,Human Rabies,2,2
2025,2025-W46,Jharkhand,Acute Diarrheal Disease,45,0
2025,2025-W46,Jharkhand,Suspected Typhoid,10,0
2025,2025-W46,Karnataka,Chikungunya,40,0
2025,2025-W46,Kerala,Acute Diarrheal Disease,48,0
2025,2025-W46,Kerala,Acute Gastroenteritis,384,0
2025,2025-W46,Kerala,Chickenpox,62,0
2025,2025-W46,Kerala,Food Poisoning,33,0
2025,2025-W46,Kerala,Hepatitis A,140,0
2025,2025-W46,Kerala,Mpox (Clade I),2,0
2025,2025-W46,Kerala,Mumps,58,0
2025,2025-W46,Kerala,Suspected Food Poisoning,40,0
2025,2025-W46,Madhya Pradesh,Acute Diarrheal Disease,64,0
2025,2025-W46,Madhya Pradesh,Fever,25,0
2025,2025-W46,Madhya Pradesh,Measles,7,0
2025,2025-W46,Maharashtra,Acute Diarrheal Disease,58,0
2025,2025-W46,Mizoram,Acute Diarrheal Disease,38,3
2025,2025-W46,Mizoram,Cholera,196,12
2025,2025-W46,Odisha,Hepatitis A,63,0
2025,2025-W46,Odisha,Suspected Food Poisoning,62,0
2025,2025-W46,Tamil Nadu,Acute Diarrheal Disease,24,0
2025,2025-W46,Tamil Nadu,Acute Gastroenteritis,119,0
2025,2025-W46,Uttar Pradesh,Acute Diarrheal Disease,44,0
2025,2025-W46,Uttar Pradesh,Fever Of Unknown Origin,152,2
2025,2025-W46,Uttar Pradesh,Malaria,11,0
2025,2025-W47,Andhra Pradesh,Acute Diarrheal Disease,13,0
2025,2025-W47,Assam,Suspected Food Poisoning,18,0
2025,2025-W47,Bihar,Acute Gastroenteritis,15,0
2025,2025-W47,Chhattisgarh,Acute Diarrheal Disease,35,0
2025,2025-W47,Chhattisgarh,Chickenpox,22,0
2025,2025-W47,Chhattisgarh,Suspected Typhoid,16,0
2025,2025-W47,Gujarat,Chandipura Vesiculovirus (Chpv),1,0
2025,2025-W47,Haryana,Suspected Food Poisoning,13,0
2025,2025-W47,Himachal Pradesh,Hepatitis A,50,0
2025,2025-W47,Jammu And Kashmir,Hepatitis A,30,0
2025,2025-W47,Jharkhand,Malaria,81,0
2025,2025-W47,Karnataka,Acute Diarrheal Disease,23,0
2025,2025-W47,Kerala,Dengue,21,0
2025,2025-W47,Kerala,Mpox,1,0
2025,2025-W47,Kerala,Mumps,100,0
2025,2025-W47,Kerala,Suspected Food Poisoning,81,0
2025,2025-W47,Madhya Pradesh,Acute Diarrheal Disease,11,0
2025,2025-W47,Maharashtra,Acute Gastroenteritis,12,0
2025,2025-W47,Maharashtra,Measles,14,0
2025,2025-W47,Manipur,Fever,63,0
2025,2025-W47,Manipur,Suspected Typhoid,61,0
2025,2025-W47,Nagaland,Malaria,24,0
2025,2025-W47,Odisha,Acute Diarrheal Disease,17,0
2025,2025-W47,Odisha,Hepatitis A,30,0
2025,2025-W47,Odisha,Suspected Food Poisoning,23,0
2025,2025-W47,Tamil Nadu,Chickenpox,8,0
2025,2025-W47,Tamil Nadu,Dengue,16,0
2025,2025-W47,Uttar Pradesh,Diphtheria,36,6
2025,2025-W47,Uttar Pradesh,Measles,22,0
2025,2025-W48,Andhra Pradesh,Suspected Food Poisoning,27,0
2025,2025-W48,Bihar,Measles,8,0
2025,2025-W48,Chhattisgarh,Cholera,32,0
2025,2025-W48,Chhattisgarh,Hepatitis A,34,0
2025,2025-W48,Gujarat,Acute Diarrheal Disease,10,0
2025,2025-W48,Gujarat,Acute Gastroenteritis,25,0
2025,2025-W48,Jammu And Kashmir,Suspected Food Poisoning,12,0
2025,2025-W48,Jharkhand,Chickenpox,6,0
2025,2025-W48,Jharkhand,Malaria,10,0
2025,2025-W48,Jharkhand,Suspected Food Poisoning,10,0
2025,2025-W48,Karnataka,Acute Diarrheal Disease,26,0
2025,2025-W48,Kerala,Chickenpox,41,0
2025,2025-W48,Kerala,Dengue,13,0
2025,2025-W48,Kerala,"Hand, Foot And Mouth Disease (Hfmd)",10,0
2025,2025-W48,Kerala,Hepatitis A,110,0
2025,2025-W48,Kerala,Mpox,2,0
2025,2025-W48,Kerala,Mumps,355,0
2025,2025-W48,Kerala,Suspected Food Poisoning,171,0
2025,2025-W48,Madhya Pradesh,Acute Diarrheal Disease,60,0
2025,2025-W48,Madhya Pradesh,Chikungunya,10,0
2025,2025-W48,Maharashtra,Cholera,10,0
2025,2025-W48,Maharashtra,Dengue,20,0
2025,2025-W48,Maharashtra,Fever,17,1
2025,2025-W48,Maharashtra,Hepatitis A,40,0
2025,2025-W48,Manipur,Dengue,16,0
2025,2025-W48,Meghalaya,Acute Diarrheal Disease,65,0
2025,2025-W48,Nagaland,Fever,21,0
2025,2025-W48,Odisha,Acute Gastroenteritis,7,1
2025,2025-W48,Rajasthan,Hepatitis E,34,0
2025,2025-W48,Tamil Nadu,Chickenpox,9,0
2025,2025-W48,Tamil Nadu,Fever,11,0
2025,2025-W49,Andhra Pradesh,Food Poisoning,22,0
2025,2025-W49,Andhra Pradesh,Suspected Food Poisoning (Klebsiella),24,0
2025,2025-W49,Bihar,Acute Diarrheal Disease,38,0
2025,2025-W49,Bihar,Chickenpox,12,0
2025,2025-W49,Bihar,Suspected Food Poisoning,230,0
2025,2025-W49,Chhattisgarh,Measles,7,0
2025,2025-W49,Gujarat,Acute Diarrheal Disease,78,0
2025,2025-W49,Gujarat,Hepatitis A,964,0
2025,2025-W49,Himachal Pradesh,Hepatitis A,136,0
2025,2025-W49,Jharkhand,Chickenpox,14,0
2025,2025-W49,Karnataka,Fever,34,2
2025,2025-W49,Kerala,Hepatitis A,70,0
2025,2025-W49,Kerala,Jaundice,58,0
2025,2025-W49,Kerala,Mumps,146,0
2025,2025-W49,Madhya Pradesh,Fever,34,0
2025,2025-W49,Madhya Pradesh,Measles,10,0
2025,2025-W49,Madhya Pradesh,Suspected Food Poisoning,104,0
2025,2025-W49,Madhya Pradesh,Suspected Typhoid,142,0
2025,2025-W49,Maharashtra,Acute Diarrheal Disease,460,0
2025,2025-W49,Maharashtra,Fever,72,0
2025,2025-W49,Maharashtra,Measles,34,0
2025,2025-W49,Maharashtra,Suspected Food Poisoning,816,0
2025,2025-W49,Manipur,Suspected Typhoid,54,0
2025,2025-W49,Mizoram,Chickenpox,24,0
2025,2025-W49,Nagaland,Malaria,74,0
2025,2025-W49,Odisha,Acute Diarrheal Disease,70,0
2025,2025-W49,Sikkim,Chickenpox,40,0
2025,2025-W49,Tamil Nadu,Acute Diarrheal Disease,196,0
2025,2025-W49,Tamil Nadu,Chickenpox,44,0
2025,2025-W49,Uttar Pradesh,Dengue,31,0
2025,2025-W49,West Bengal,Malaria,30,0
2025,2025-W50,Andhra Pradesh,Food Poisoning,204,0
2025,2025-W50,Assam,Acute Diarrheal Disease,30,0
2025,2025-W50,Assam,Food Poisoning,62,0
2025,2025-W50,Bihar,Measles,10,0
2025,2025-W50,Chhattisgarh,Suspected Typhoid,44,0
2025,2025-W50,Gujarat,Hepatitis A And E,76,0
2025,2025-W50,Gujarat,Suspected Food Poisoning,682,0
2025,2025-W50,Haryana,Acute Diarrheal Disease,45,0
2025,2025-W50,Jammu And Kashmir,Hepatitis A,30,2
2025,2025-W50,Jharkhand,Chickenpox,35,0
2025,2025-W50,Karnataka,Suspected Food Poisoning,74,0
2025,2025-W50,Kerala,Chickenpox,112,0
2025,2025-W50,Kerala,Hepatitis A,92,0
2025,2025-W50,Kerala,Mpox (Clade I),1,0
2025,2025-W50,Kerala,Suspected Food Poisoning,102,0
2025,2025-W50,Madhya Pradesh,Chikungunya,122,0
2025,2025-W50,Madhya Pradesh,Cholera,22,10
2025,2025-W50,Madhya Pradesh,Fever With Rash,8,0
2025,2025-W50,Maharashtra,Fever,28,2
2025,2025-W50,Maharashtra,Japanese Encephalitis,1,0
2025,2025-W50,Nagaland,Fever,10,0
2025,2025-W50,Odisha,Acute Gastroenteritis,24,0
2025,2025-W50,Odisha,Chickenpox,30,0
2025,2025-W50,Odisha,Measles,66,0
2025,2025-W50,Odisha,Suspected Food Poisoning,114,0
2025,2025-W50,Tamil Nadu,Chickenpox,112,0
2025,2025-W50,Tamil Nadu,Hepatitis A And E,20,0
2025,2025-W50,Tamil Nadu,Mumps,20,0
2025,2025-W50,Tamil Nadu,Suspected Food Poisoning,20,0
2025,2025-W50,Uttar Pradesh,Leptospirosis,21,3
2025,2025-W51,Bihar,Chickenpox,5,0
2025,2025-W51,Bihar,Measles,39,0
2025,2025-W51,Bihar,Suspected Food Poisoning,16,0
2025,2025-W51,Chhattisgarh,Acute Gastroenteritis,26,0
2025,2025-W51,Chhattisgarh,Chickenpox,11,0
2025,2025-W51,Gujarat,Acute Diarrheal Disease,12,0
2025,2025-W51,Gujarat,Food Poisoning,114,0
2025,2025-W51,Kerala,Acute Diarrheal Disease,35,1
2025,2025-W51,Kerala,Chickenpox,46,0
2025,2025-W51,Kerala,Dengue,12,0
2025,2025-W51,Kerala,Hepatitis A,99,0
2025,2025-W51,Kerala,Mpox (Clade I),1,0
2025,2025-W51,Madhya Pradesh,Acute Gastroenteritis,14,0
2025,2025-W51,Madhya Pradesh,Chikungunya,50,0
2025,2025-W51,Madhya Pradesh,Measles,10,0
2025,2025-W51,Nagaland,Fever,28,0
2025,2025-W51,Odisha,Food Poisoning,25,0
2025,2025-W51,Odisha,Suspected Food Poisoning,29,0
2025,2025-W51,Tamil Nadu,Chickenpox,22,0
2025,2025-W51,Tamil Nadu,Chikungunya,21,0
2025,2025-W51,West Bengal,Chickenpox,25,0
2025,2025-W51,West Bengal,Suspected Food Poisoning,28,0
2025,2025-W52,Arunachal Pradesh,Measles,5,0
2025,2025-W52,Bihar,Measles,19,0
2025,2025-W52,Gujarat,Acute Diarrheal Disease,18,0
2025,2025-W52,Gujarat,Suspected Food Poisoning,79,0
2025,2025-W52,Gujarat,Suspected Typhoid,24,0
2025,2025-W52,Jharkhand,Malaria,69,0
2025,2025-W52,Karnataka,Acute Diarrheal Disease,20,0
2025,2025-W52,Kerala,Acute Gastroenteritis,162,0
2025,2025-W52,Kerala,Hepatitis A,10,0
2025,2025-W52,Kerala,Jaundice,16,0
2025,2025-W52,Kerala,Mumps,9,0
2025,2025-W52,Madhya Pradesh,Measles,28,0
2025,2025-W52,Maharashtra,Acute Encephalitic Syndrome,10,0
2025,2025-W52,Odisha,Suspected Food Poisoning,42,0
2025,2025-W52,Tamil Nadu,Acute Diarrheal Disease,20,0
2025,2025-W52,Uttar Pradesh,Scrub Typhus,44,0
2025,2025-W52,Uttar Pradesh,Suspected Food Poisoning,9,0
2025,2025-W52,West Bengal,Suspected Food Poisoning,62,0
2026,2026-W01,Andhra Pradesh,Suspected Food Poisoning,32,0
2026,2026-W01,Assam,Suspected Food Poisoning,13,0
2026,2026-W01,Bihar,Measles,5,0
2026,2026-W01,Chhattisgarh,Chickenpox,8,0
2026,2026-W01,Gujarat,Acute Diarrheal Disease,45,0
2026,2026-W01,Gujarat,Crimean-Congo Haemandrhagic Fever (Cchf),1,1
2026,2026-W01,Gujarat,Measles,37,0
2026,2026-W01,Gujarat,Suspected Food Poisoning,11,0
2026,2026-W01,Gujarat,Suspected Typhoid,189,0
2026,2026-W01,Kerala,Acute Gastroenteritis,58,3
2026,2026-W01,Kerala,Dengue,19,0
2026,2026-W01,Kerala,Suspected Food Poisoning,44,0
2026,2026-W01,Madhya Pradesh,Acute Diarrheal Disease,227,0
2026,2026-W01,Madhya Pradesh,Acute Gastroenteritis,13,0
2026,2026-W01,Madhya Pradesh,Fever,11,0
2026,2026-W01,Maharashtra,Measles,6,0
2026,2026-W01,Maharashtra,Suspected Food Poisoning,173,0
2026,2026-W01,Odisha,Hepatitis A,63,0
2026,2026-W01,Odisha,Suspected Food Poisoning,33,0
2026,2026-W01,Tamil Nadu,Acute Diarrheal Disease,41,0
2026,2026-W01,Tamil Nadu,Chickenpox,26,0
2026,2026-W01,Tamil Nadu,Suspected Food Poisoning,41,0
2026,2026-W01,Uttar Pradesh,Measles,5,0
2026,2026-W01,West Bengal,Fever With Rash,9,0
2026,2026-W02,Andaman And Nicobar Islands,Measles,73,0
2026,2026-W02,Andhra Pradesh,Chickenpox,14,0
2026,2026-W02,Assam,Acute Diarrheal Disease,25,0
2026,2026-W02,Gujarat,Crimean-Congo Haemandrhagic Fever (Cchf),1,0
2026,2026-W02,Gujarat,Suspected Food Poisoning,48,0
2026,2026-W02,Jammu And Kashmir,Acute Diarrheal Disease,170,0
2026,2026-W02,Jharkhand,Chickenpox,13,0
2026,2026-W02,Karnataka,Chickenpox,15,0
2026,2026-W02,Kerala,Acute Gastroenteritis,38,0
2026,2026-W02,Kerala,Chickenpox,28,0
2026,2026-W02,Kerala,Mpox,1,0
2026,2026-W02,Kerala,Suspected Food Poisoning,37,0
2026,2026-W02,Madhya Pradesh,Measles,5,0
2026,2026-W02,Maharashtra,Acute Diarrheal Disease,97,0
2026,2026-W02,Odisha,Chickenpox,36,0
2026,2026-W02,Odisha,Suspected Food Poisoning,25,0
2026,2026-W02,Punjab,Chickenpox,5,0
2026,2026-W02,Tamil Nadu,Acute Diarrheal Disease,38,0
2026,2026-W02,Tamil Nadu,Chickenpox,27,0
2026,2026-W02,Tamil Nadu,Chikungunya,29,0
2026,2026-W02,West Bengal,Suspected Food Poisoning,185,0
2026,2026-W03,Arunachal Pradesh,Measles,4,0
2026,2026-W03,Assam,Dysentery,150,0
2026,2026-W03,Assam,Measles,30,0
2026,2026-W03,Delhi,Meningococcal Meningitis,1,0
2026,2026-W03,Himachal Pradesh,Acute Diarrheal Disease,29,0
2026,2026-W03,Jharkhand,Chickenpox,6,0
2026,2026-W03,Karnataka,Chickenpox,25,0
2026,2026-W03,Kerala,Acute Gastroenteritis,144,0
2026,2026-W03,Kerala,Chickenpox,5,0
2026,2026-W03,Kerala,Hepatitis A,52,0
2026,2026-W03,Madhya Pradesh,Chickenpox,9,0
2026,2026-W03,Madhya Pradesh,Measles,29,0
2026,2026-W03,Maharashtra,Acute Diarrheal Disease,36,0
2026,2026-W03,Odisha,Acute Gastroenteritis,15,0
2026,2026-W03,Odisha,Suspected Food Poisoning,27,0
2026,2026-W03,Tamil Nadu,Mumps,5,0
2026,2026-W03,West Bengal,Acute Diarrheal Disease,83,0
2026,2026-W03,West Bengal,Chickenpox,7,0
2026,2026-W03,West Bengal,Nipah Virus,2,1
2026,2026-W03,West Bengal,Suspected Food Poisoning,101,0
2026,2026-W04,Andhra Pradesh,Acute Diarrheal Disease,22,0
2026,2026-W04,Bihar,Measles,31,0
2026,2026-W04,Chhattisgarh,Acute Gastroenteritis,13,0
2026,2026-W04,Chhattisgarh,Measles,8,0
2026,2026-W04,Gujarat,Acute Gastroenteritis,67,0
2026,2026-W04,Gujarat,Measles,53,0
2026,2026-W04,Jharkhand,Chickenpox,50,0
2026,2026-W04,Jharkhand,Suspected Typhoid,30,0
2026,2026-W04,Karnataka,Chickenpox,28,0
2026,2026-W04,Karnataka,Chikungunya,47,0
2026,2026-W04,Kerala,Acute Gastroenteritis,14,0
2026,2026-W04,Kerala,Chickenpox,27,0
2026,2026-W04,Kerala,Hepatitis A,157,0
2026,2026-W04,Kerala,Jaundice,18,0
2026,2026-W04,Kerala,Mpox,1,0
2026,2026-W04,Kerala,Mumps,17,0
2026,2026-W04,Kerala,Suspected Food Poisoning,55,0
2026,2026-W04,Madhya Pradesh,Measles,24,0
2026,2026-W04,Maharashtra,Suspected Food Poisoning,80,0
2026,2026-W04,Odisha,Chickenpox,6,0
2026,2026-W04,Punjab,Suspected Food Poisoning,124,0
2026,2026-W04,Tamil Nadu,Acute Gastroenteritis,34,0
2026,2026-W04,Tamil Nadu,Chickenpox,52,0
2026,2026-W04,Tamil Nadu,Hepatitis A,24,0
2026,2026-W04,Uttar Pradesh,Acute Diarrheal Disease,63,0
2026,2026-W04,Uttar Pradesh,Acute Gastroenteritis,34,0
2026,2026-W05,Andaman And Nicobar Islands,Dengue,10,0
2026,2026-W05,Andhra Pradesh,Chickenpox,18,0
2026,2026-W05,Assam,Acute Gastroenteritis,137,0
2026,2026-W05,Bihar,Fever With Rash,19,0
2026,2026-W05,Bihar,Measles,20,0
2026,2026-W05,Chhattisgarh,Acute Diarrheal Disease,10,0
2026,2026-W05,Chhattisgarh,Chickenpox,12,0
2026,2026-W05,Gujarat,Measles,26,0
2026,2026-W05,Himachal Pradesh,Hepatitis A,180,0
2026,2026-W05,Jammu And Kashmir,Chickenpox,21,0
2026,2026-W05,Kerala,Chickenpox,77,0
2026,2026-W05,Kerala,Hepatitis A,44,0
2026,2026-W05,Kerala,Mpox,1,0
2026,2026-W05,Kerala,Mumps,40,0
2026,2026-W05,Kerala,Suspected Food Poisoning,263,0
2026,2026-W05,Madhya Pradesh,Acute Diarrheal Disease,41,0
2026,2026-W05,Madhya Pradesh,Chickenpox,17,0
2026,2026-W05,Madhya Pradesh,Measles,9,0
2026,2026-W05,Maharashtra,Measles,6,0
2026,2026-W05,Maharashtra,Suspected Food Poisoning,107,0
2026,2026-W05,Nagaland,Malaria,6,0
2026,2026-W05,Odisha,Chickenpox,28,0
2026,2026-W05,Odisha,Measles,8,0
2026,2026-W05,Odisha,Suspected Food Poisoning,55,0
2026,2026-W05,Tamil Nadu,Suspected Food Poisoning,164,0
2026,2026-W05,Telangana,Acute Diarrheal Disease,104,0
2026,2026-W05,Uttar Pradesh,Measles,15,0
2026,2026-W05,Uttarakhand,Jaundice,101,0
2026,2026-W05,West Bengal,Suspected Food Poisoning,53,0
2026,2026-W06,Assam,Human Rabies,1,1
2026,2026-W06,Bihar,Chickenpox,26,0
2026,2026-W06,Bihar,Fever With Rash,15,0
2026,2026-W06,Bihar,Measles,10,0
2026,2026-W06,Chhattisgarh,Chickenpox,5,0
2026,2026-W06,Gujarat,Measles,42,0
2026,2026-W06,Jharkhand,Chickenpox,5,0
2026,2026-W06,Jharkhand,Malaria (P.Falciparum & P.Vivax),97,0
2026,2026-W06,Karnataka,Acute Diarrheal Disease,13,0
2026,2026-W06,Karnataka,Chickenpox And Rubella,37,0
2026,2026-W06,Karnataka,Measles,38,0
2026,2026-W06,Kerala,Acute Diarrheal Disease,67,0
2026,2026-W06,Kerala,Acute Gastroenteritis,51,0
2026,2026-W06,Kerala,Chickenpox,14,0
2026,2026-W06,Kerala,Mumps,24,0
2026,2026-W06,Kerala,Suspected Food Poisoning,201,0
2026,2026-W06,Madhya Pradesh,Chickenpox,30,0
2026,2026-W06,Madhya Pradesh,Measles,5,0
2026,2026-W06,Maharashtra,Hepatitis A,12,0
2026,2026-W06,Meghalaya,Acute Gastroenteritis,20,0
2026,2026-W06,Odisha,Acute Diarrheal Disease,34,0
2026,2026-W06,Odisha,Chickenpox,38,0
2026,2026-W06,Odisha,Fever With Rash,6,0
2026,2026-W06,Odisha,Hepatitis A,89,0
2026,2026-W06,Odisha,Shigellosis,81,1
2026,2026-W06,Tamil Nadu,Chickenpox,17,0
2026,2026-W06,Tamil Nadu,Chikungunya,12,0
2026,2026-W06,Tamil Nadu,Suspected Food Poisoning,40,0
2026,2026-W06,Uttar Pradesh,Measles,5,0
2026,2026-W06,West Bengal,Acute Diarrheal Disease,33,0
2026,2026-W07,Assam,Pertussis,1,1
2026,2026-W07,Bihar,Fever With Rash,11,0
2026,2026-W07,Chhattisgarh,Chickenpox,11,0
2026,2026-W07,Chhattisgarh,Suspected Food Poisoning,32,0
2026,2026-W07,Goa,Chickenpox,17,0
2026,2026-W07,Gujarat,Cholera,22,0
2026,2026-W07,Gujarat,Suspected Food Poisoning,211,0
2026,2026-W07,Haryana,Acute Diarrheal Disease,52,0
2026,2026-W07,Himachal Pradesh,Acute Diarrheal Disease,203,0
2026,2026-W07,Jammu And Kashmir,Hepatitis A,17,0
2026,2026-W07,Jammu And Kashmir,Jaundice,38,0
2026,2026-W07,Jharkhand,Chickenpox,10,0
2026,2026-W07,Jharkhand,Suspected Typhoid,45,0
2026,2026-W07,Karnataka,Chickenpox,14,0
2026,2026-W07,Karnataka,Suspected Food Poisoning,273,0
2026,2026-W07,Kerala,Acute Gastroenteritis,153,0
2026,2026-W07,Kerala,Chickenpox,46,0
2026,2026-W07,Kerala,Measles,5,0
2026,2026-W07,Kerala,Mpox (Clade I),1,0
2026,2026-W07,Kerala,Suspected Food Poisoning,58,0
2026,2026-W07,Madhya Pradesh,Chickenpox,15,0
2026,2026-W07,Madhya Pradesh,Rubella,5,0
2026,2026-W07,Madhya Pradesh,Suspected Food Poisoning,22,0
2026,2026-W07,Maharashtra,Measles,15,0
2026,2026-W07,Maharashtra,Suspected Food Poisoning,36,0
2026,2026-W07,Odisha,Measles,21,0
2026,2026-W07,Odisha,Suspected Food Poisoning,10,0
2026,2026-W07,Tamil Nadu,Chickenpox,77,0
2026,2026-W08,Andhra Pradesh,Acute Gastroenteritis,204,0
2026,2026-W08,Andhra Pradesh,Suspected Food Poisoning,22,0
2026,2026-W08,Assam,Chickenpox,10,0
2026,2026-W08,Assam,Fever With Rash,12,0
2026,2026-W08,Assam,Suspected Food Poisoning,9,0
2026,2026-W08,Bihar,Chickenpox,14,0
2026,2026-W08,Bihar,Dysentery,98,0
2026,2026-W08,Bihar,Fever With Rash,13,0
2026,2026-W08,Bihar,Measles,17,0
2026,2026-W08,Chhattisgarh,Chickenpox,10,0
2026,2026-W08,Chhattisgarh,Jaundice,100,0
2026,2026-W08,Chhattisgarh,Measles,7,0
2026,2026-W08,Gujarat,Measles,18,0
2026,2026-W08,Gujarat,Suspected Typhoid,39,0
2026,2026-W08,Jharkhand,Chickenpox,38,0
2026,2026-W08,Karnataka,Suspected Food Poisoning,68,0
2026,2026-W08,Kerala,Acute Diarrheal Disease,32,0
2026,2026-W08,Kerala,Acute Gastroenteritis,72,0
2026,2026-W08,Kerala,Chickenpox,34,0
2026,2026-W08,Kerala,Mpox (Clade Ii),1,0
2026,2026-W08,Kerala,Mumps,22,0
2026,2026-W08,Kerala,Suspected Food Poisoning,58,2
2026,2026-W08,Kerala,Zika Virus,1,0
2026,2026-W08,Madhya Pradesh,Measles,40,0
2026,2026-W08,Maharashtra,Acute Diarrheal Disease,63,0
2026,2026-W08,Maharashtra,Hepatitis A,5,0
2026,2026-W08,Maharashtra,Suspected Food Poisoning,90,0
2026,2026-W08,Odisha,Acute Gastroenteritis,54,0
2026,2026-W08,Odisha,Hepatitis A,34,0
2026,2026-W08,Odisha,Jaundice,10,0
2026,2026-W08,Odisha,Measles,36,0
2026,2026-W08,Odisha,Suspected Food Poisoning,20,0
2026,2026-W08,Punjab,Hepatitis E,29,0
2026,2026-W08,Rajasthan,Suspected Food Poisoning,86,0
2026,2026-W08,Tamil Nadu,Acute Gastroenteritis,161,0
2026,2026-W08,Tamil Nadu,Chickenpox,80,0
2026,2026-W08,Uttar Pradesh,Measles,5,0
2026,2026-W08,Uttar Pradesh,Suspected Food Poisoning,90,0
2026,2026-W08,West Bengal,Acute Diarrheal Disease,428,0
2026,2026-W08,West Bengal,Measles,19,0
2026,2026-W09,Andhra Pradesh,Acute Diarrheal Disease,189,0
2026,2026-W09,Andhra Pradesh,Acute Gastroenteritis,25,0
2026,2026-W09,Andhra Pradesh,Chickenpox,34,0
2026,2026-W09,Andhra Pradesh,Fever With Rash,13,0
2026,2026-W09,Assam,Acute Diarrheal Disease,19,0
2026,2026-W09,Assam,Suspected Typhoid,25,0
2026,2026-W09,Bihar,Measles,25,0
2026,2026-W09,Chhattisgarh,Acute Diarrheal Disease,90,0
2026,2026-W09,Chhattisgarh,Chickenpox,12,0
2026,2026-W09,Dadra And Nagar Haveli And Daman And Diu,Acute Diarrheal Disease,44,0
2026,2026-W09,Dadra And Nagar Haveli And Daman And Diu,Fever With Rash,14,0
2026,2026-W09,Gujarat,Measles,5,0
2026,2026-W09,Haryana,Acute Diarrheal Disease,26,0
2026,2026-W09,Haryana,Hepatitis A & E,37,0
2026,2026-W09,Jammu And Kashmir,Hepatitis A,13,0
2026,2026-W09,Jharkhand,Chickenpox,6,0
2026,2026-W09,Karnataka,Acute Diarrheal Disease,11,0
2026,2026-W09,Karnataka,Chickenpox,51,0
2026,2026-W09,Kerala,Acute Diarrheal Disease,34,0
2026,2026-W09,Kerala,Acute Gastroenteritis,55,0
2026,2026-W09,Kerala,Chickenpox,33,0
2026,2026-W09,Kerala,Hepatitis A,61,0
2026,2026-W09,Kerala,Measles,11,0
2026,2026-W09,Kerala,Mumps,7,0
2026,2026-W09,Kerala,Suspected Food Poisoning,78,0
2026,2026-W09,Madhya Pradesh,Chickenpox,32,0
2026,2026-W09,Madhya Pradesh,Measles,29,0
2026,2026-W09,Maharashtra,Measles,15,0
2026,2026-W09,Meghalaya,Meningococcal Meningitis,2,2
2026,2026-W09,Odisha,Acute Diarrheal Disease,81,0
2026,2026-W09,Odisha,Suspected Food Poisoning,65,0
2026,2026-W09,Punjab,Acute Diarrheal Disease,11,0
2026,2026-W09,Punjab,Leptospirosis,37,1
2026,2026-W09,Rajasthan,Hepatitis A & E,30,0
2026,2026-W09,Tamil Nadu,Chickenpox,121,0
2026,2026-W09,Tamil Nadu,Fever,25,0
2026,2026-W09,Tamil Nadu,Measles,13,0
2026,2026-W09,Uttar Pradesh,Measles,18,0
2026,2026-W09,West Bengal,Acute Diarrheal Disease,107,0
2026,2026-W09,West Bengal,Measles,5,0
2026,2026-W09,West Bengal,Suspected Food Poisoning,47,0
2026,2026-W10,Arunachal Pradesh,Measles,14,0
2026,2026-W10,Assam,Measles,17,0
2026,2026-W10,Assam,Suspected Food Poisoning,21,0
2026,2026-W10,Bihar,Measles,12,0
2026,2026-W10,Chhattisgarh,Suspected Typhoid,22,0
2026,2026-W10,Gujarat,Acute Diarrheal Disease,20,0
2026,2026-W10,Gujarat,Measles,5,0
2026,2026-W10,Haryana,Chickenpox,13,0
2026,2026-W10,Jammu And Kashmir,Chickenpox,6,0
2026,2026-W10,Karnataka,Chickenpox,6,0
2026,2026-W10,Kerala,Acute Diarrheal Disease,12,0
2026,2026-W10,Kerala,Chickenpox,30,0
2026,2026-W10,Kerala,Dengue,48,0
2026,2026-W10,Kerala,Hepatitis A,11,0
2026,2026-W10,Kerala,Mpox,1,0
2026,2026-W10,Madhya Pradesh,Chikungunya,54,0
2026,2026-W10,Madhya Pradesh,Malaria,49,0
2026,2026-W10,Madhya Pradesh,Measles,42,0
2026,2026-W10,Maharashtra,Fever,25,0
2026,2026-W10,Maharashtra,Hepatitis A,37,0
2026,2026-W10,Maharashtra,Measles,14,0
2026,2026-W10,Odisha,Acute Diarrheal Disease,61,0
2026,2026-W10,Odisha,Measles,14,0
2026,2026-W10,Rajasthan,Hepatitis A,20,0
2026,2026-W10,Sikkim,Acute Diarrheal Disease,27,0
2026,2026-W10,Tamil Nadu,Chickenpox,38,0
2026,2026-W10,Tamil Nadu,Dengue,12,0
2026,2026-W10,Tamil Nadu,Fever,14,0
2026,2026-W10,Tamil Nadu,Food Poisoning,67,0
2026,2026-W10,Tamil Nadu,Measles,35,0
2026,2026-W10,Uttar Pradesh,Acute Gastroenteritis,23,0
2026,2026-W10,West Bengal,Acute Diarrheal Disease,18,0
2026,2026-W10,West Bengal,Chickenpox,11,0
2026,2026-W11,Arunachal Pradesh,Acute Gastroenteritis,10,0
2026,2026-W11,Assam,Acute Diarrheal Disease,10,0
2026,2026-W11,Bihar,Measles,5,0
2026,2026-W11,Chhattisgarh,Suspected Food Poisoning,47,0
2026,2026-W11,Chhattisgarh,Suspected Typhoid,19,0
2026,2026-W11,Gujarat,Suspected Typhoid,10,0
2026,2026-W11,Himachal Pradesh,Hepatitis A,45,0
2026,2026-W11,Jammu And Kashmir,Hepatitis A,12,0
2026,2026-W11,Jharkhand,Chickenpox,13,0
2026,2026-W11,Jharkhand,Fever With Rash,18,0
2026,2026-W11,Jharkhand,Measles,55,0
2026,2026-W11,Karnataka,Acute Diarrheal Disease,64,0
2026,2026-W11,Kerala,Acute Diarrheal Disease,179,0
2026,2026-W11,Kerala,Acute Gastroenteritis,195,0
2026,2026-W11,Kerala,Hepatitis A,41,0
2026,2026-W11,Madhya Pradesh,Chickenpox,5,0
2026,2026-W11,Madhya Pradesh,Scrub Typhus,10,0
2026,2026-W11,Madhya Pradesh,Suspected Food Poisoning,69,0
2026,2026-W11,Meghalaya,Suspected Typhoid,110,0
2026,2026-W11,Mizoram,Suspected Food Poisoning,11,0
2026,2026-W11,Odisha,Hepatitis A,16,0
2026,2026-W11,Odisha,Suspected Food Poisoning,61,0
2026,2026-W11,Rajasthan,Hepatitis A,12,0
2026,2026-W11,Tamil Nadu,Chickenpox,7,0
2026,2026-W11,Tamil Nadu,Measles,6,0
2026,2026-W11,Tamil Nadu,Suspected Food Poisoning,19,0
2026,2026-W11,Uttar Pradesh,Suspected Food Poisoning,17,0
2026,2026-W11,Uttarakhand,Measles,16,0
2026,2026-W11,West Bengal,Acute Diarrheal Disease,111,0
2026,2026-W11,West Bengal,Cholera,10,0
2026,2026-W11,West Bengal,Hepatitis A & E,38,0
2026,2026-W11,West Bengal,Suspected Food Poisoning,14,0
2026,2026-W12,Andhra Pradesh,Acute Diarrheal Disease (Klebsiella),65,0
2026,2026-W12,Assam,Measles,5,0
2026,2026-W12,Assam,Suspected Food Poisoning,21,0
2026,2026-W12,Bihar,Chickenpox,44,0
2026,2026-W12,Bihar,Fever With Rash,6,0
2026,2026-W12,Bihar,Measles,25,0
2026,2026-W12,Dadra And Nagar Haveli And Daman And Diu,Suspected Typhoid,19,0
2026,2026-W12,Goa,Acute Diarrheal Disease,86,0
2026,2026-W12,Gujarat,Acute Diarrheal Disease,20,0
2026,2026-W12,Gujarat,Acute Gastroenteritis,24,0
2026,2026-W12,Gujarat,Measles,6,0
2026,2026-W12,Jharkhand,Measles,47,0
2026,2026-W12,Jharkhand,Suspected Typhoid,49,0
2026,2026-W12,Karnataka,Acute Diarrheal Disease,106,0
2026,2026-W12,Kerala,Hepatitis A,28,0
2026,2026-W12,Kerala,Mumps,24,0
2026,2026-W12,Kerala,Shigellosis,63,1
2026,2026-W12,Madhya Pradesh,Measles,8,0
2026,2026-W12,Maharashtra,Acute Diarrheal Disease,27,0
2026,2026-W12,Maharashtra,Fever With Rash,6,0
2026,2026-W12,Maharashtra,Measles,11,0
2026,2026-W12,Maharashtra,Suspected Food Poisoning,46,0
2026,2026-W12,Odisha,Acute Diarrheal Disease,53,0
2026,2026-W12,Odisha,Suspected Food Poisoning,25,0
2026,2026-W12,Tamil Nadu,Chickenpox,15,0
2026,2026-W12,Tamil Nadu,Hepatitis A,12,0
2026,2026-W12,Tamil Nadu,Measles,7,0
2026,2026-W12,Uttar Pradesh,Measles,13,0
2026,2026-W12,West Bengal,Acute Diarrheal Disease,22,0
2026,2026-W13,Andhra Pradesh,Acute Diarrheal Disease,20,0
2026,2026-W13,Andhra Pradesh,Acute Gastroenteritis,19,0
2026,2026-W13,Andhra Pradesh,Dysentery,16,0
2026,2026-W13,Assam,Acute Diarrheal Disease,21,0
2026,2026-W13,Assam,Chickenpox,16,0
2026,2026-W13,Assam,Japanese Encephalitis,1,1
2026,2026-W13,Assam,Suspected Food Poisoning,235,0
2026,2026-W13,Bihar,Chickenpox,10,0
2026,2026-W13,Bihar,Fever With Rash,40,0
2026,2026-W13,Gujarat,Crimean-Congo Haemandrhagic Fever (Cchf),1,1
2026,2026-W13,Himachal Pradesh,Hepatitis A,10,0
2026,2026-W13,Jammu And Kashmir,Hepatitis A,7,0
2026,2026-W13,Jharkhand,Chickenpox,9,0
2026,2026-W13,Karnataka,Acute Diarrheal Disease,35,0
2026,2026-W13,Karnataka,Acute Gastroenteritis,49,0
2026,2026-W13,Kerala,Acute Diarrheal Disease,48,0
2026,2026-W13,Kerala,Hepatitis A,44,0
2026,2026-W13,Kerala,Jaundice,11,0
2026,2026-W13,Kerala,Meningitis,1,0
2026,2026-W13,Kerala,Suspected Food Poisoning,60,0
2026,2026-W13,Madhya Pradesh,Acute Gastroenteritis,21,0
2026,2026-W13,Madhya Pradesh,Human Rabies,1,1
2026,2026-W13,Madhya Pradesh,Measles,9,0
2026,2026-W13,Maharashtra,Dengue,11,0
2026,2026-W13,Maharashtra,Suspected Food Poisoning,52,0
2026,2026-W13,Meghalaya,Suspected Typhoid,56,0
2026,2026-W13,Odisha,Hepatitis A,50,0
2026,2026-W13,Odisha,Suspected Food Poisoning,46,0
2026,2026-W13,Tamil Nadu,Chickenpox,39,0
2026,2026-W13,Tamil Nadu,Dengue,8,0
2026,2026-W13,Tamil Nadu,Leptospirosis,20,0
2026,2026-W13,Tamil Nadu,Suspected Food Poisoning,52,0
2026,2026-W13,Uttar Pradesh,Suspected Food Poisoning,38,0
2026,2026-W13,West Bengal,Suspected Food Poisoning,13,0
