procedure_name,speciality_classification,cost_inr
11 Cells Panel for Antibody Identification,Laboratory Investigation,2298.067222222222
131-Iodine Therapy 15-50mCi,Radio-Isotope Therapy,11261.0895
131-Iodine Therapy 51-100mCi,Radio-Isotope Therapy,14243.919
131-Iodine Therapy <15mCi,Radio-Isotope Therapy,7441.736315789473
131-Iodine Therapy >100mCi,Radio-Isotope Therapy,19732.5425
17 Hydroxyprogesterone (17 OH Progesterone),Laboratory Investigation,759.9970000000001
1st trimester scan-dating scan/NT scan/Early pregnancy scan,Radiological Investigation,691.595
24 Hr urinary aldosterone,Laboratory Investigation,1487.3057894736842
"24 Hrs Urine for Proteins, Sodium, Creatinine",Laboratory Investigation,301.01894736842104
24-hour urinary free cortisol,Laboratory Investigation,745.7189999999999
2D Transoesophageal Echocardiography (TEE),Radiological Investigation,1643.122
2D echocardiography,Radiological Investigation,1474.2305555555556
3 Cell Panel- Antibody Screening for Pregnant Female,Laboratory Investigation,1042.1765
30% to 50% Burns 1st Dressing,Burns And Plastic Surgery Procedure,4977.703157894737
30% to 50% Burns Subsequent Dressing,Burns And Plastic Surgery Procedure,3506.1365
3D Transoesophageal Echocardiography (TEE),Radiological Investigation,1649.2400000000002
6 Minute Walk Test,Pulmonology Investigation,499.8545
90 D lens examination/Three mirror examination for retina - Both Eyes,Ophthalmology Investigation,148.70631578947368
"A, B, DR Molecular Typing PCR - SSP",Oncology Investigations,10298.299
"ABL Kinase Domain Mutation for Chronic Myeloid leukemia (TKI Resistance, Imatinib Resistance",Oncology Investigations,8049.738947368422
"ABL Kinase Domain Mutation for Ph Positive Acute Lymphoblastic leukemia (TKI Resistance, I",Oncology Investigations,8166.417777777777
ABO incompatible Transplantation,Nephrology And Urology Procedure,568335.5055
AC wash per eye,Ophthalmology Procedure,4997.321111111111
ADA( Adenosine deaminase),Laboratory Investigation,655.24
ALK -1,Oncology Investigations,4694.7605
ALK rearrangement: 2p23,Oncology Investigations,4705.018
ALT-Argon laser trabeculoplasty per eye,Ophthalmology Procedure,5003.1215
ALTK- Automated lamellar therapeutic keratoplasty per eye,Ophthalmology Procedure,40482.4895
AMA (Anti Mitochondrial Antibody),Laboratory Investigation,1006.9815
AMH (Anti- Mullerian Hormone),Laboratory Investigation,1003.9142105263156
ANA BLOT,Laboratory Investigation,3014.648947368421
ANA Profile,Laboratory Investigation,2989.1684210526314
AO Compression Procedures for Fracture Neck Femur,Orthopaedics Procedure,50604.3415
ASO Titre /ASLO Titre,Laboratory Investigation,542.5268421052632
Abbe Operation (Abbe flap in plastic surgery of lips),ENT Procedure,26228.96
Abdominal / Peritoneal Aspiration - Diagnostic/Ascitic tapping / Paracentesis -Diagnostic,General Procedure,697.1144999999999
Abdominal / Peritoneal Aspiration - Therapeutic/Ascitic tapping / Paracentesis - Therapeutic,General Procedure,753.142105263158
Abdominal Hysterectomy with or without salpingo-oophorectomy,Obstetrics And Gynaecology Procedure,40975.90294117647
Abdominal Mass Excision,Cancer Surgery,25271.5305
Abdominal Neuroblastoma Excision,Cancer Surgery,56964.65947368421
Abdominal Perineal Pull Through (Hirschsprung's Disease),Paediatric Surgery Procedure,50656.968
Abdomino Perineal urethroplasty,Nephrology And Urology Procedure,50639.127
Abdomino-Perineal Excision of Rectum,Abdomen/GI Surgery Procedure,50871.095
Abdominoperineal Resection,Cancer Surgery,31128.971052631576
Abdominosacral Resection,Cancer Surgery,57107.8855
Above Knee post-slab,Orthopaedics Procedure,2997.6625
Above elbow full plaster,Orthopaedics Procedure,3974.562222222222
Above knee full plaster,Orthopaedics Procedure,5081.19
Above knee full slab,Orthopaedics Procedure,3546.7405
Abscess - Drainage-Dental,Dental Procedure,1514.0365
Absolute Eosinophil Count (AEC),Laboratory Investigation,99.6815
Acetylcholine receptor (AChR) antibody titre,Laboratory Investigation,4476.3355
Achalasia Cardia Abdominal,Abdomen/GI Surgery Procedure,40722.424
Achalasia Cardia Transthoracic,Abdomen/GI Surgery Procedure,40429.49947368421
Acid Phosphatase,Laboratory Investigation,149.28
Activated Partial Thromboplastin Time (APTT),Laboratory Investigation,290.1868421052632
Acute Leukemia RUNX1 mutation detection,Oncology Investigations,5414.083684210526
Acute Leukemia TET2 mutation detection,Oncology Investigations,23137.902
Acute Leukemia TP53 mutation detection,Oncology Investigations,23321.72684210526
Acute Leukemia karyotyping,Oncology Investigations,5468.8665
Acute Leukemia mutation detection (per gene)ASXL1 /c-KIT/DNMT3A/ IDH1 and IDH2 /K RAS and N RAS mutation detection,Oncology Investigations,5354.494210526315
Acute Lymphoblastic Leukemia Mutation Detection,Oncology Investigations,11174.7465
Acute Lymphoblastic Leukemia Transcript Identification,Oncology Investigations,3040.2721052631578
Acute Lymphoblastic leukemia karyotyping,Oncology Investigations,5582.287
Acute Myeloid Leukemia (AML) Panel,Oncology Investigations,13151.0595
Acute Peritoneal Dialysis,Nephrology And Urology Procedure,5246.005999999999
Add Clasp to existing Partial Denture,Dental Procedure,501.1827777777778
Add Tooth to existing Partial Denture,Dental Procedure,395.9436842105263
Adenoidectomy,ENT Procedure,18994.385
Adjuvant Chemotherapy,Chemotherapy,2172.1130000000003
Adrenal Tumor Excision of Nephrectomy,Cancer Surgery,56325.903000000006
Adrenocorticotropic Hormone (ACTH),Laboratory Investigation,1210.5472222222222
After Mastectomy (Reconstruction) Mammoplasty,Burns And Plastic Surgery Procedure,40862.055
Albumin,Laboratory Investigation,49.6385
Alkaline Phosphatase,Laboratory Investigation,151.655
Allergic Bronchopulmonary Aspergillosis (ABPA) Panel,Laboratory Investigation,2896.8225
Allergy Food Screening Panel,Laboratory Investigation,5924.895
Alpha Fetoprotein (AFP),Laboratory Investigation,549.7535
Alveolectomy (Upper) Per Oral,Cancer Surgery,15828.004736842107
Alveoloplasty - Per Quadrant,Dental Procedure,1202.4385
Alveoloplasty - Per Tooth,Dental Procedure,298.9715
Alveolus - Closed Reduction stabilization of Teeth,Dental Procedure,3971.6895
Alveolus - Open Reduction stabilization of Teeth,Dental Procedure,5971.7755
Alveolus Composite resection/Commando,Cancer Surgery,31358.76789473684
Ambulatory BP monitoring per day,Cardiology Investigation,999.8375
Amniocentesis,Obstetrics And Gynaecology Procedure,13528.810999999998
Amniotic membrane grafting /symblepharon release with AMG per eye,Ophthalmology Procedure,12635.655
Amputation (Paediatric),Cancer Surgery,25100.915
Amputation Above Elbow/Below Elbow,Cancer Surgery,24948.885263157896
Amputation Above Knee/Below Knee,Cancer Surgery,25532.684
Amputation Forequarter,Cancer Surgery,31174.774
Amputation Of Fingers/Toes,Cancer Surgery,15610.515
Amputations - Above Elbow,Orthopaedics Procedure,40689.04842105264
Amputations - Above Knee,Orthopaedics Procedure,50097.0625
Amputations - Below Elbow,Orthopaedics Procedure,33417.15894736842
Amputations - Below Knee,Orthopaedics Procedure,40873.8195
Amputations - Forequarter,Orthopaedics Procedure,59939.447
Amputations -Hind Quarter and Hemipelvectomy,Orthopaedics Procedure,71906.8225
"Anaemia Profile (Hb, Serum Iron, TIBC, Ferritin, Transferrin Saturation,Stool Occult Blood, CBC, Reticulocyte Count)",Laboratory Investigation,1318.1365
Androstenedione,Laboratory Investigation,1008.75
Aneurysm coiling (Endovascular),Neuro-Surgery Procedure,59960.9535
Angiofibroma Excision,ENT Procedure,40973.9405
Angiotensin converting enzyme (ACE),Laboratory Investigation,1005.217
Ankle Arthrodesis,Cancer Surgery,31426.30789473684
Annual Health Check-up - CCS Group A Officer of above 40 years of age / Pensioner primary card holder 75 years of age and above - Female,Annual Health Check-up,2185.932777777778
"Annual Health Check-up - CCS Group A Officer of above 40 years of age / Pensioner primary card holder 75 years of age and above-Male,",Annual Health Check-up,2014.0631578947368
Anorectal manometry,Gastroenterology / Endoscopic Investigation,43266.237
Ant. Mediastinotomy,Cancer Surgery,25084.634736842105
Anterio Lateral Decompression of spine,Neuro-Surgery Procedure,77480.955
Anterior Cervical Discectomy,Neuro-Surgery Procedure,59875.299
Anterior Cervical Spine Surgery with fusion,Neuro-Surgery Procedure,72437.3435
Anterior Cruciate Ligament (ACL) Reconstruction,Orthopaedics Procedure,60241.2905
Anterior Resection of Rectum,Abdomen/GI Surgery Procedure,59407.35263157894
Anterior craniofacial excision,Cancer Surgery,44058.01263157895
Anterior retinal cryopexy per eye,Ophthalmology Procedure,5059.6495
Anterior vitrectomy per eye,Ophthalmology Procedure,8017.4205
Anterolateral Decompression and Spine Fusion,Orthopaedics Procedure,60018.5575
Anterolateral decompression for tuberculosis/ Costo-Transversectomy,Orthopaedics Procedure,41041.93947368421
Anti -Smooth Muscle Antibody Test (ASMA),Laboratory Investigation,1442.303
Anti GBM (Glomerular Basement Membrane) Antibody,Laboratory Investigation,1497.7485
Anti HAV IgM,Laboratory Investigation,737.79
Anti HEV IgM,Laboratory Investigation,994.655
Anti Intrinsic Factor Antibodies,Laboratory Investigation,1995.3505
Anti LKM (Liver Kidney Microsome) Ab,Laboratory Investigation,1515.1694444444445
Anti Parietal Cell Antibodies,Laboratory Investigation,1998.6785
Anti Sperm Antibodies.,Laboratory Investigation,902.516
Anti measles antibody titre (with serum antibody titre),Laboratory Investigation,1196.6063157894737
Anti muscle specific receptor tyrosine kinase (Anti MuSK) antibody titre,Laboratory Investigation,6698.3395
Anti-Cyclic Citrullinated Peptide (Anti CCP),Laboratory Investigation,889.633
Anti-Nuclear Antibodies - IFA,Laboratory Investigation,1615.448
Anti-double stranded DNA (anti-dsDNA),Laboratory Investigation,805.1859999999999
Anti-tissue Transglutaminase antibody (Anti TTG Antibody) / Tissue Transglutaminase IgA (tTg-IgA),Laboratory Investigation,806.3340000000001
"Antibody titre (Herpes simplex, cytomegalovirus, flavivirus, zoster varicella virus)",Laboratory Investigation,2123.35
Antinuclear Antibody (ANA),Laboratory Investigation,653.4595
Antrum Puncture,ENT Procedure,3015.648
Aorta Femoral Bypass,Cardiovascular And Cardiac Surgery Procedure,122784.15
Aortic Arch Replacement,Cardiovascular And Cardiac Surgery Procedure,259680.4435
Aortic Dissection,Cardiovascular And Cardiac Surgery Procedure,261589.5065
Aortic Valve Balloon Dilatation (AVBD) / Pulmonary Valve Balloon Dilatation (PVBD),Cardiology Procedure,59095.03684210526
Aortic stent grafting for aortic aneurysm,Cardiovascular And Cardiac Surgery Procedure,171103.408
Apexification with any bio-compatible material,Dental Procedure,1983.9605
Apicectomy-Multiple tooth,Dental Procedure,3020.277
Apicectomy-Single tooth,Dental Procedure,1992.947
Apolipoprotein A1 (ApoA1),Laboratory Investigation,396.8505
Apolipoprotein B (Apo B),Laboratory Investigation,404.794
Appendicectomy,Abdomen/GI Surgery Procedure,19846.5995
Appendicular Abscess - Drainage,Abdomen/GI Surgery Procedure,32935.66894736842
Application for CTEV per sitting,Orthopaedics Procedure,8393.7365
Application of Desensitizing Medicament,Dental Procedure,504.9045
Application of Functional Cast Brace,Orthopaedics Procedure,4058.3505263157895
Application of POP Casts for Upper & Lower Limbs,Orthopaedics Procedure,6034.421578947368
Application of POP Spices & Jackets,Orthopaedics Procedure,6044.963
Application of Skeletal Tractions,Orthopaedics Procedure,6011.6
Application of Skin Traction,Orthopaedics Procedure,2501.4547368421054
Applied Behaviour Analysis based behaviour therapy (ABA based Behaviour therapy) per session of at least 40 minutes,Behavioural therapy,397.9575
Arch bar fixation,Dental Procedure,5011.204736842105
Arcuate keratotomy for astigmatism /Limbal Relaxing Incision - Both Eyes,Ophthalmology Procedure,6766.327
Argon plasma coagulation,Gastroenterology / Endoscopic Procedures,9127.1045
Argon/diode laser for retinal detachment per eye,Ophthalmology Procedure,8319.014
Arterial Colour Doppler Bilateral,Radiological Investigation,1004.8445
Arterio Venous Prosthetic Graft,Nephrology And Urology Procedure,43549.6515
Arteriovenous Fistula for Haemodialysis,Nephrology And Urology Procedure,18876.71210526316
Arteriovenous Shunt for Haemodialysis,Nephrology And Urology Procedure,18999.146842105263
Arthrodesis of - Major Joints,Orthopaedics Procedure,40858.4385
Arthrodesis of - Minor Joints,Orthopaedics Procedure,33310.824
Arthrography,Orthopaedics Investigation,18986.322
Arthrolysis of knee,Orthopaedics Procedure,50529.599
Arthroscopy - Diagnostic,Orthopaedics Procedure,33353.366
Arthroscopy-therapeutic: with implant,Orthopaedics Procedure,50928.1135
Arthroscopy-therapeutic: without implant,Orthopaedics Procedure,40977.9585
Ascending Aorta Replacement,Cardiovascular And Cardiac Surgery Procedure,262145.4605
Aspergillus Fumigatus Specific IgE,Laboratory Investigation,1557.4285
Aspiration & Intra Articular Injections,Orthopaedics Procedure,4978.21
Aspiration Pleural Effusion - Diagnostic,General Procedure,703.7565
Aspiration Pleural Effusion - Therapeutic,General Procedure,699.5654999999999
Atresia of Oesophagus and Tracheo Oesophageal Fistula,Abdomen/GI Surgery Procedure,50413.22473684211
Atrial Septal Defect (ASD) closure excluding the cost of the Device,Cardiovascular And Cardiac Surgery Procedure,104318.28263157896
Atrioventricular(AV) Canal Repair,Cardiovascular And Cardiac Surgery Procedure,224432.34210526315
Augmentation Cystoplasty,Nephrology And Urology Procedure,50144.829000000005
Autograft Flap Reconstruction (Breast),Cancer Surgery,25138.195
Autoimmune Encephalitis Panel,Laboratory Investigation,17114.7595
Autoimmune Hepatitis Profile,Laboratory Investigation,2953.0595000000003
Autoimmune Liver Diseases Profile,Laboratory Investigation,5008.634
Automatic implantable cardioverter defibrillator (AICD) Dual Chamber excluding the cost of Device,Cardiology Procedure,54695.1645
Automatic implantable cardioverter defibrillator (AICD) Single Chamber - excluding the cost of Device,Cardiology Procedure,51265.2715
Axillary Dissection Alone,Cancer Surgery,31588.091
B-cell Acute Lymphoblastic Leukemia (B-ALL) Panel,Oncology Investigations,11680.4615
B.P. Fistula Repair,Cancer Surgery,31671.766842105262
BCL3 rearrangement 19q13.3 / BCL6 rearrangement: 3q27,Oncology Investigations,3492.588421052631
BCOR alteration,Oncology Investigations,6009.736
BCR-ABL by PCR-Quantitative,Oncology Investigations,4035.2989473684206
"BCR/ABL (Ph) duplication, trisomy 8, trisomy 21, TP53 deletion",Oncology Investigations,5976.371
BCR/ABL Ph: t(9;22),Oncology Investigations,3478.209
BD Glenn/Left Atrium Myxoma,Cardiovascular And Cardiac Surgery Procedure,169379.349
BERA (Brain stem evoked response audiometry),ENT Investigation,2518.398
BRAF,Oncology Investigations,8983.225263157894
BRCA1 & BRCA2,Oncology Investigations,20239.557500000003
Baclofen pump implantation for spasticity/Intra-thecal Pump Implantation,Neuro-Surgery Procedure,33137.4455
Baclofen pump implantation lesioning for movement disorder including Parkinsonism/Spinal Cord Stimulator Implantation,Neuro-Surgery Procedure,72785.742
Bacterial culture and sensitivity - Aerobic,Laboratory Investigation,457.367
Bacterial culture and sensitivity - Anaerobic,Laboratory Investigation,698.5622222222223
Ball bandage,Orthopaedics Procedure,800.049
Balloon Coronary Angioplasty / Percutaneous transluminal coronary angioplasty (PTCA) / Percutaneous coronary intervention (PCI) without Vascular closure device (VCD) excluding the cost of Stent.Cost of Drug Eluting Balloon allowed in lieu of Stent,Cardiology Procedure,79473.086
Balloon Coronary Angioplasty / Percutaneous transluminal coronary angioplasty (PTCA) /Percutaneous coronary intervention (PCI) with Vascular closure device (VCD) excluding the cost of Stent. Cost of Drug Eluting Balloon allowed in lieu of Stent,Cardiology Procedure,91683.60894736844
Balloon Kyphoplasty,Neuro-Surgery Procedure,60564.4705
Balloon Mitral Valvotomy / Percutaneous Transvenous Mitral Commissurotomy (PTMC),Cardiology Procedure,92211.7745
Balloon Septostomy,Cardiology Procedure,31171.786666666667
Balloon Tamponade for Post Partum Haemorrhage/Conservative management of PPH(Atonic/traumatic PPH),Obstetrics And Gynaecology Procedure,8054.368947368422
Balloon dilatation of achalasia cardia,Gastroenterology / Endoscopic Procedures,12683.8395
Balloon dilatation of papilla,Gastroenterology / Endoscopic Procedures,18892.856
Balloon-Occluded Retrograde Intravenous Obliteration (BRTO),Gastroenterology/Interventional Radiology Procedures,50627.995
Band ligation of oesophageal varices,Gastroenterology / Endoscopic Procedures,8522.457
Bandage & Strappings for Fractures,Orthopaedics Procedure,1994.2695
Bandage contact lenses for corneal perforation/PED per eye,Ophthalmology Procedure,1997.405
Bankart Repair Shoulder,Orthopaedics Procedure,59419.54842105263
Barium Enema (Single contrast/double contrast),Radiological Investigation,2005.0395
Barium Meal follow through,Radiological Investigation,2006.3084210526315
Barium Swallow,Radiological Investigation,1199.5645
Barium Upper GI study,Radiological Investigation,1496.681
Barium Upper GI study (Double contrast),Radiological Investigation,1998.1505
Battery Placement for Deep Brain Stimulation (DBS),Neuro-Surgery Procedure,33338.770000000004
Below Knee full plaster,Orthopaedics Procedure,4014.9555
Below Knee post-slab,Orthopaedics Procedure,5003.766315789474
Bence Jones Protein,Laboratory Investigation,99.1345
Benign Tumour Excisions of Head and Neck,Head and Neck Surgery,26046.485
Bentall Repair with Biologic Valve,Cardiovascular And Cardiac Surgery Procedure,225760.3955
Bentall Repair with Prosthetic Valve,Cardiovascular And Cardiac Surgery Procedure,262129.427
Beta 2 microglobulin (B2M) /_2 microglobulin,Laboratory Investigation,595.752
Beta-D-Glucan Assay,Laboratory Investigation,15000.684
Biceps Tenodesis,Orthopaedics Procedure,50440.759
Bilateral (single Lumen) Femoral Catheterization for Haemodialysis,Nephrology And Urology Procedure,5925.916842105263
Bilateral Mastectomy,Cancer Surgery,31640.647
Bilateral Orchiectomy,Cancer Surgery,15786.5855
Biliary Manometry,Gastroenterology / Endoscopic Investigation,42761.81789473684
Biliary stenting (plastic and metallic) by ERCP,Gastroenterology / Endoscopic Procedures,19302.0855
Biofeedback per session,Behavioural therapy,2984.7045
Biophysical score / Biophysical profile test (BPP test),Radiological Investigation,1491.6305
Biopsy Needle,Cancer Surgery,6918.5965
Biopsy Open,Cancer Surgery,15758.579000000002
Biopsy of Bladder (Cystoscopic) including (Cold Cup Biopsy),Nephrology And Urology Procedure,13428.214499999998
"Biopsy of Oral tissue - Hard (bone, tooth)",Dental Biopsy,2002.5945
Biopsy of Oral tissue- Soft,Dental Biopsy,1196.908
Bite Excision/Composite.,Cancer Surgery,31506.234000000004
Bladder Tumor Trans Urethral Resection,Cancer Surgery,31625.788
Blalock-Taussig Shunt (BT Shunt) / Coarctation,Cardiovascular And Cardiac Surgery Procedure,144147.15649999998
Bleb compression sutures per eye,Ophthalmology Procedure,6976.398421052632
Bleb needling with MMC/5-FU per eye,Ophthalmology Procedure,7910.916999999999
Bleb repair with conjunctival autograft per eye,Ophthalmology Procedure,14187.7775
"Bleeding Disorder Panel- PT, APTT, Thrombin Time Fibrinogen, D-Dimer/ Fibrinogen Degradation Products (FDP)",Laboratory Investigation,798.3215
Bleeding Time,Laboratory Investigation,50.367
Blood Component Charges - Cryoprecipitate,Blood Component Charges,248.4185
Blood Component Charges - Fresh Frozen Plasma,Blood Component Charges,402.218
Blood Component Charges - Packed Red Cell per Unit,Blood Component Charges,1556.7635
Blood Component Charges - Whole Blood per Unit,Blood Component Charges,1555.0855
Blood Glucose Random / Blood Glucose Fasting /Blood Glucose PP,Laboratory Investigation,40.029
Blood Group & Rh Type,Laboratory Investigation,89.301
Blood Urea Nitrogen (BUN) / Urea,Laboratory Investigation,99.78105263157894
Blood gas analysis / Arterial Blood Gas (ABG),Laboratory Investigation,553.289
Blood gas analysis / Arterial Blood Gas (ABG) with electrolytes,Laboratory Investigation,793.6445
"Body Fluid (CSF/Ascitic Fluid etc.) Sugar, Protein etc.",Laboratory Investigation,300.5125
Body Fluid for Malignant cells,Laboratory Investigation,350.982
Bone Grafting,Cancer Surgery,24967.125789473685
Bone Grafting,Orthopaedics Procedure,26092.9045
Bone Marrow Aspiration and Biopsy,Biopsies,8413.295263157894
Bone Marrow Smear Examination,Laboratory Investigation,349.701
Bone Marrow Smear Examination and Cytochemistry,Laboratory Investigation,11953.1745
Bone Marrow Smear Examination with Iron Stain,Laboratory Investigation,804.501
Bone replacement graft for ridge preservation - per site,Dental Procedure,2014.1055
Botulinum injection for blepharospasm or squint /epiphora/entropion/lid retraction (excluding cost of drug) per eye,Ophthalmology Procedure,4991.9235
Brachial Plexus Exploration and neurotization,Neuro-Surgery Procedure,59954.0085
Brachial plexus study,Neurology Investigation,1512.5305
Brain / Heart FDG PET CT Scan,Nuclear Medicine Investigation,14385.94157894737
Brain Abscess Tapping,Neuro-Surgery Procedure,26058.72157894737
Brain Biopsy,Neuro-Surgery Biopsy,40311.09052631579
Brain Mapping,Neuro-Surgery Investigation,27454.6565
Brain Perfusion SPECT Scan with Technetium 99m radiopharmaceuticals.,Nuclear Medicine Investigation,13432.2615
Breast Lumpectomy + Axilla Dissection,Cancer Surgery,31445.5685
Breast Lumpectomy Alone,Cancer Surgery,15651.327777777778
Breath Tests (Urea breath test/ H. pylori breath test)/RUT,Gastroenterology / Endoscopic Investigation,2890.5
Bridge/ Fixed Partial denture (per missing/ extracted tooth) metal crown,Dental Procedure,2022.6231578947368
Bridge/ Fixed Partial denture (per missing/ extracted tooth) metal crown with Ceramic facing,Dental Procedure,3004.058
Bronchial Sleeve Resection,Cancer Surgery,31686.840000000004
Bronchial Stent Placement,Cancer Surgery,25131.7435
Bronchial Vascular Sleeve,Cancer Surgery,44244.9005
Bronchoscopy Diagnostic,Cancer Surgery,6944.813684210526
Bronchoscopy Therapeutic,Cancer Surgery,15830.513684210528
Bronchoscopy with foreign body (FB) removal,ENT Procedure,13449.697368421052
Brucella serology,Laboratory Investigation,450.028
Buccal/Mucosa Composite resection/Commando.,Cancer Surgery,31310.27105263158
Buccal/Mucosa wide excision Cheek Flap,Cancer Surgery,25313.797
Buccal/Mucosa wide excision Peroral,Cancer Surgery,25098.228
Bucket handle procedure for lid tumours per eye (for non-malignant conditions),Ophthalmology Procedure,12861.9915
Buckle removal per eye,Ophthalmology Procedure,8448.157894736842
Bulla Stapling,Cancer Surgery,25155.8255
Burr hole evacuation of chronic subdural haematoma,Neuro-Surgery Procedure,59922.6865
Burst Abdomen Suturing,Cancer Surgery,25088.0205
Burst-Abdomen Repair,Obstetrics And Gynaecology Procedure,33607.8245
C ANCA-IFA,Laboratory Investigation,1498.7935
C-Peptide (Connecting Peptide),Laboratory Investigation,747.3172222222222
C-Reactive Protein (CRP),Laboratory Investigation,246.6568421052632
C-Reactive Protein (CRP) Quantitative,Laboratory Investigation,302.309
C1 Esterase inhibitor (Quantitative ),Laboratory Investigation,2398.7735
C3-COMPLEMENT,Laboratory Investigation,653.135
C3F8 GAS Injection intravitreal for descemetopexy/retinopexy/pneumatopexy (per eye),Ophthalmology Procedure,4999.6195
C3d Single Allele Antibody for HLA Class I (C3dLSA Class I) /C3d Single Allele Antibody for HLA Class II (C3dLSA Class II),Oncology Investigations,17460.758421052633
C4-COMPLEMENT,Laboratory Investigation,647.0326315789473
CABG without bypass.,Cardiovascular And Cardiac Surgery Procedure,221435.9845
CAN ASSIST,Oncology Investigations,49799.11
CCND1/IgH: t(11;14),Oncology Investigations,4680.169
CD 19 and CD 20,Oncology Investigations,1499.1105
"CD 3,4 and 8 Counts",Laboratory Investigation,1237.255263157895
"CD 3,4 and 8 Percentage",Laboratory Investigation,1501.043
CK MB Mass/CPK MB Mass,Laboratory Investigation,360.367
CLINICAL EXOME SEQUENCING,Oncology Investigations,15124.179500000002
CLL PANEL FISH,Oncology Investigations,9942.996
CML Blast Crisis karyotyping,Oncology Investigations,5470.5395
CMV Quantitative (Viral load) Test,Laboratory Investigation,2298.357
CPK MB/CK MB,Laboratory Investigation,361.3595
CSF Rhinorrhoea Repair,Neuro-Surgery Procedure,60006.378
"CSF/Any Body Fluid for Basic studies including cell count, protein, sugar, gram stain, India Ink preparation and smear for AFB",Laboratory Investigation,346.31157894736845
CT Angio-Neck Vessels,Radiological Investigation,5989.651666666667
CT Angiography Entire Aorta ( CT Aortogram),Radiological Investigation,10016.27947368421
CT Coronary Angiography including Calcium Score Test,Radiological Investigation,9167.348421052631
CT Guided Intervention -Percutaneous catheter drainage/tube placement excluding the cost of tube /catheter,Interventional Radiological Procedure,3473.182
CT Guided biopsy including all the consumables,Interventional Radiology Procedure,9133.6455
CT Scan / Cone Beam CT (CBCT) Dental,Radiological Investigation,1486.292105263158
CT Scan Angiography Abdomen,Radiological Investigation,5173.807368421052
CT Scan Angiography Chest,Radiological Investigation,5197.072
CT Scan Chest - without contrast (for lungs),Radiological Investigation,2016.9265
CT Scan Enteroclysis,Radiological Investigation,6895.025500000001
CT Scan Head / Brain- with Contrast -including CT angiography,Radiological Investigation,2231.5625
CT Scan Head/ Brain-Without Contrast / NCCT Head/Brain,Radiological Investigation,1038.6735
CT Scan Limbs -With Contrast including CT angiography,Radiological Investigation,5772.8675
CT Scan Limbs -Without Contrast,Radiological Investigation,2794.3225
CT Scan Lower Abdomen (Incl. Pelvis) Without Contrast / CT KUB without Contrast,Radiological Investigation,3508.2315000000003
CT Scan Lower Abdomen (incl. Pelvis) With Contrast/ CT KUB with Contrast,Radiological Investigation,4464.611111111111
CT Scan Neck - With Contrast,Radiological Investigation,3487.171
CT Scan Neck - Without Contrast,Radiological Investigation,2504.2670000000003
CT Scan Orbits - With Contrast,Radiological Investigation,3238.462
CT Scan Orbits - Without Contrast,Radiological Investigation,2185.34105263158
"CT Scan Spine (Cervical, Dorsal, Lumbar,Sacral)-without Contrast",Radiological Investigation,2784.905
CT Scan Temporal bone - without contrast,Radiological Investigation,2499.483
CT Scan Whole Abdomen With Contrast,Radiological Investigation,5116.171
CT Scan Whole Abdomen Without Contrast,Radiological Investigation,3460.284
CT Scan of Para Nasal Sinuses (CT PNS)- With Contrast,Radiological Investigation,3301.148333333333
CT Scan of Para Nasal Sinuses (CT PNS)- Without Contrast,Radiological Investigation,2287.1925
CT Urography,Radiological Investigation,4518.188
Caecostomy,Abdomen/GI Surgery Procedure,33401.72684210526
Caesarean Section(CS) with or without Sterilization including Routine New Born Care,Obstetrics And Gynaecology Procedure,50604.0965
Caesarian Delivery of High Risk Pregnancy(Preeclampsia/Eclampsia/GDM/Cardiac/Vascular/Renal/Pulmonary/Twin Pregnancy/RA/SLE/IVF Conception/Severe Anaemia),Obstetrics And Gynaecology Procedure,60143.7385
Calcidiol / 25-hydroxycholecalciferol / Vitamin D3 assay (Vit D3),Laboratory Investigation,1001.703
Calcitonin,Laboratory Investigation,1184.007368421053
Caldwel luc Operation TMH,Cancer Surgery,6931.443499999999
Canaliculoplasty per eye,Ophthalmology Procedure,5317.123684210526
Cancer Antigen 125 (CA 125),Laboratory Investigation,799.8025
Cancer Antigen 15.3 (CA 15.3),Laboratory Investigation,799.2615
Cancer Antigen 19.9 (CA 19.9),Laboratory Investigation,800.606
Cantholysis and canthotomy- Both Eyes,Ophthalmology Procedure,3542.408421052631
Capsule endoscopy excluding the cost of capsule,Gastroenterology / Endoscopic Procedures,12620.22789473684
Capsulotomy of Shoulder,Orthopaedics Procedure,50005.356
Carbamazepine.,Laboratory Investigation,706.0768421052632
Carcinoembryonic Antigen (CEA),Laboratory Investigation,595.86
Cardiac CT scan,Radiological Investigation,6483.856
Cardiac Catheterization (CATH),Cardiology Investigation,14964.6255
Cardiac PET,Radiological Investigation,9197.537
Carotid Doppler Bilateral,Radiological Investigation,1007.5425
Carotid Stenting excluding the cost of Stent,Neuro-Surgery Procedure,60121.355
Carpel Tunnel decompression,Neuro-Surgery Procedure,40923.88789473684
Cartilage Grafting,Burns And Plastic Surgery Procedure,40779.9425
Cataract extraction with IOL with capsular tension rings (Cionni-s ring)(cost of the ring included) excluding the cost of IOL per eye,Ophthalmology Procedure,33105.2105
Catheter cost of Intracoronary optical coherence tomography (OCT) / Intravascular optical coherence tomography (IVOCT) / Intravascular Ventricular Assist System excluding GST(Procedure cost is included in PTCA),Cardiology Add on Procedure,64515.998
Cauterization of ulcer/subconjunctival injection in both eyes,Ophthalmology Procedure,805.8475000000001
Cauterization of ulcer/subconjunctival injection in one eye,Ophthalmology Procedure,501.15578947368414
Cavernostomy,Nephrology And Urology Procedure,25984.405789473687
Cell line karyotyping,Oncology Investigations,10978.442105263155
Central Compartment clearance,Cancer Surgery,25557.6215
Centralization Of Ulna With Arthrodesis,Cancer Surgery,31457.621000000003
Cephalography,Radiological Investigation,350.068
Cervical Biopsy,Obstetrics And Gynaecology Procedure,9262.941
Cervical Esophagostomy,Cancer Surgery,25126.122
Cervical Laminoplasty,Neuro-Surgery Procedure,71821.109
Cervical Neuroblastoma Excision,Cancer Surgery,56839.934
Cervical Traction (per session),Physiotherapy,296.9611111111111
Cervical disc arthroplasty,Neuro-Surgery Procedure,60228.713
Cervical or Dorsal or Lumbar Laminectomy,Neuro-Surgery Procedure,50872.553
Chalazion incision and curettage in both eyes,Ophthalmology Procedure,3006.655555555556
Chalazion incision and curettage in one eye,Ophthalmology Procedure,1992.918
Cheek Advancement,ENT Procedure,33163.807368421054
Cheek rotation flap for lid tumours per eye (for non-malignant conditions),Ophthalmology Procedure,19244.1025
Chemical Cautery (s)/Cryotherapy,Skin Procedure,991.551
Chest Physiotherapy/ Breathing Exercise &Postural Drainage per Session/Post Covid Rehabilitation /Pulmonary Rehabilitation/Cardiac Rehabilitation (per session),Physiotherapy,299.0725
Chest Wall Excision With Any Lung Oper.,Cancer Surgery,31782.7595
Chest Wall Excision With Reconstruction,Cancer Surgery,31949.094444444443
Chest Wall Excision Without Reconstruct.,Cancer Surgery,25150.4745
Chest Wall Sinus Exploration,Cancer Surgery,15644.910500000002
Chikungunya Ig M,Laboratory Investigation,992.8568421052632
Chimerism Analysis,Oncology Investigations,1539.8915000000002
Chlamydia antibody,Laboratory Investigation,845.7905000000001
Chlamydia antigen,Laboratory Investigation,994.9145
Chloride,Laboratory Investigation,150.7345
Cholecystectomy,Abdomen/GI Surgery Procedure,32996.74444444445
Cholecystectomy,Cancer Surgery,25268.09368421053
Cholecystectomy & Exploration of CBD,Abdomen/GI Surgery Procedure,34583.1415
Cholecystectomy Radical,Cancer Surgery,31844.503000000004
Cholecysto-Jejunostomy,Cancer Surgery,25273.283157894737
Cholecystostomy,Abdomen/GI Surgery Procedure,25162.167
Choledocho-Duodenostomy,Cancer Surgery,25282.453
Choledochoduodenostomy for Atresia of Extra Hepatic Biliary Duct,Paediatric Surgery Procedure,49773.13105263158
Chromogranin A,Laboratory Investigation,5010.884
Chromosomal breakage (fragility) studies in Fanconi's Anemia/Aplastic Anemia,Oncology Investigations,5500.257894736843
Chronic Lymphocytic Leukemia (CLL) Panel,Oncology Investigations,11461.912
"Chronic Lymphocytic Leukemia Comprehensive Mutation Profile (IGVH Gene Mutation & Usage, T",Oncology Investigations,33153.701
Chronic Lymphocytic Leukemia IGVH Mutation Detection,Oncology Investigations,6353.11
Chronic Lymphoproliferative disorder IGVH Mutation Detection,Oncology Investigations,6391.424736842105
Chronic Lymphoproliferative disorder NOTCH1 mutation / NOTCH2 mutation,Oncology Investigations,5391.8985
Chronic Lymphoproliferative disorder SF3B1 mutation,Oncology Investigations,5364.9365
Chronic Lymphoproliferative disorder TP53 mutation,Oncology Investigations,22668.80789473684
Circumcision,Cancer Surgery,6861.072
Circumcision,Nephrology And Urology Procedure,12797.082
Citrate Urine 24 Hour,Laboratory Investigation,1150.212
Clavicle Excision,Cancer Surgery,25332.30526315789
Cleft Lip - Repair.,Burns And Plastic Surgery Procedure,33004.764500000005
Cleft Palate Repair,Burns And Plastic Surgery Procedure,40926.32777777778
Clipping of intracranial aneurysm,Neuro-Surgery Procedure,78029.31578947368
Close Reduction of Dislocations,Orthopaedics Procedure,18843.129
Close Reduction of Fractures of Limb & POP,Orthopaedics Procedure,13321.9855
Closure of Colostomy,Abdomen/GI Surgery Procedure,31087.807500000003
Closure of Urethral Fistula,Nephrology And Urology Procedure,33264.31842105263
Clotting Time,Laboratory Investigation,50.01157894736842
Coagulation profile,Laboratory Investigation,742.842
Coarctation dilatation / Balloon dilatation of Aortic coarctation -Excluding the cost of Balloon,Cardiovascular And Cardiac Surgery Procedure,75182.655
Coarctation dilatation with Stenting,Cardiovascular And Cardiac Surgery Procedure,59706.023157894735
Cold Calorie Test for Vestibular function,ENT Investigation,599.5899999999999
Colectomy Revision,Cancer Surgery,25456.051
Colectomy Subtotal,Cancer Surgery,31528.765789473688
Colectomy Total,Cancer Surgery,31550.06
Collar and cuff sling,Orthopaedics Procedure,500.0255
Colles Fracture - Below elbow,Orthopaedics Procedure,5941.538500000001
Colles Fracture - Full plaster,Orthopaedics Procedure,4480.63
Colles fracture Ant. Or post. slab,Orthopaedics Procedure,2981.6985
Colo-Rectal Anastomosis,Cancer Surgery,31531.2825
Colo-Whipple,Cancer Surgery,57016.5615
Colon (Left Hemicolectomy/Right,Cancer Surgery,25021.1845
Colon (Resection Anastomosis),Cancer Surgery,25272.146
Colon (Total Proctocolectomy),Cancer Surgery,43944.1305
Colon Replacement of Oesophagus,Paediatric Surgery Procedure,40728.71210526316
Colonic By-Pass (Multiple/Single),Cancer Surgery,25165.6465
Colonic manometry,Gastroenterology / Endoscopic Investigation,35219.0175
Colonic stenting excluding cost of the stent,Gastroenterology / Endoscopic Procedures,13400.8315
Colonic stricture dilatation,Gastroenterology / Endoscopic Procedures,8484.228500000001
Coloplasty,Cancer Surgery,31735.665500000003
Colostomy,Cancer Surgery,31544.703
Colostomy + Urinary Diversion,Cancer Surgery,31595.392
Colostomy Closure,Cancer Surgery,15851.5405
Colostomy Left Iliac,Paediatric Surgery Procedure,40923.4515
Colostomy Transverse,Paediatric Surgery Procedure,40710.7135
Colostomy With Closure,Cancer Surgery,25249.48
Colostomy/Ileostomy Closure,Cancer Surgery,25142.8405
"Colour Doppler, renal arteries/any other organ",Radiological Investigation,1004.952
ColposcoPy.,Cancer Surgery,6924.377
Colposcopy,Obstetrics And Gynaecology Procedure,5016.806315789473
Colpotomy/Post-Coital Tear Repair,Obstetrics And Gynaecology Procedure,9050.141
Combine Craniofacial Resection,Cancer Surgery,56498.79263157895
Combined High Sensitivity JAK2 V617F and Exon12 Mutation Detection,Oncology Investigations,6750.211578947368
Combined Trans-Oral Surgery & Craniovertebral (CV) Junction Fusion,Neuro-Surgery Procedure,59810.63249999999
Combo Device Implantation excluding the cost of Device,Cardiology Procedure,61544.2815
Common Bile Duct (CBD) stone extraction by ERCP,Gastroenterology / Endoscopic Procedures,18986.34842105264
Common Bile Duct (CBD) stricture dilatation by ERCP,Gastroenterology / Endoscopic Procedures,19080.84
Common Bile Duet Excision,Cancer Surgery,44352.22631578948
Complete Denture - Per Arch,Dental Procedure,10096.848421052631
"Complete Haemogram/CBC, Hb,RBC Count and Indices,TLC, DLC, Platelet, ESR, Peripheral Smear Examination)",Laboratory Investigation,300.639
Complete Perineal Tear-Repair,Obstetrics And Gynaecology Procedure,8761.842
Complicated Extraction per tooth under LA,Dental Procedure,799.9855
Composite - Occlusal Pit/Class I,Dental Procedure,508.9045
Composite -Class I with buccal extension/Class II Class III/Class IV/Class VI/Diastema Closure/MOD,Dental Procedure,997.227
Composite resection Tonsil.,Cancer Surgery,31724.537
Comprehensive Allergy Panel,Laboratory Investigation,6935.455
Comprehensive Molecular Testing,Oncology Investigations,19327.9
Comprehensive Myeloma Protein Panel,Laboratory Investigation,6991.2935
Comprehensive Next Generation sequencing assay for Hematolymphoid malignancies,Oncology Investigations,26835.2665
Compressed Air / Piped Oxygen per hour,Critical Care,99.47684210526316
Concretions removal- Both Eyes,Ophthalmology Procedure,494.2685
Concurrent-chemoradiation,Chemotherapy,1908.3325
Conduit Repair,Cardiovascular And Cardiac Surgery Procedure,224483.067
Congenital Atresia & Stenosis of Small Intestine,Paediatric Surgery Procedure,50885.766
Congenital Diaphragmatic Hernia,Abdomen/GI Surgery Procedure,41102.18
Congenital Hydrocele,Paediatric Surgery Procedure,33167.434
Congenital Pyloric Stenosis- operation,Paediatric Surgery Procedure,33082.01789473684
Conisation,Cancer Surgery,15706.0305
Conisation of cervix/Chemical Cautery of Cervical Ectopy/Erosion,Obstetrics And Gynaecology Procedure,9228.641500000002
Conjugal microscopy,Gastroenterology / Endoscopic Procedures,8391.252499999999
Conjunctival Peritomy per eye,Ophthalmology Procedure,1501.683
Conjunctival wound repair or exploration following blunt trauma per eye,Ophthalmology Procedure,8409.405999999999
Conservative Plaster of Paris (POP),Orthopaedics Procedure,3994.3675
Constitutional karyotyping,Oncology Investigations,5501.9275
Consultation OPD,Consultation,348.096
Consultation OPD- Super speciality/Psychiatry,Consultation,701.9668421052631
Consultation for Inpatients,Consultation,353.4155
Continent Urinary Diversion,Cancer Surgery,44409.707
Continuous Ambulatory Peritoneal Dialysis (CAPD) catheter insertion- Open method,Nephrology And Urology Procedure,18990.07526315789
Continuous Ambulatory Peritoneal Dialysis (CAPD) catheter insertion- Schlendinger/ Seldinger method,Nephrology And Urology Procedure,19100.6015
Continuous Glucose Monitoring for 2 Weeks,Laboratory Investigation,4002.849
Continuous Veno venous/Arteriovenous Haemofiltration /Haemofiltration/CRRT per day,Nephrology And Urology Procedure,17038.947
Contrast Enhanced Computed Tomograpy (CECT) Chest (Including CD),Radiological Investigation,2866.937
Contrast Hystero-Salpingography (HSG),Radiological Investigation,1984.6095
Coomb-s Test - Direct,Laboratory Investigation,202.54894736842104
Coomb-s Test - Indirect,Laboratory Investigation,249.7435
Core build-up/ Post and Core - Custom made /Inlay/onlay,Dental Procedure,1486.5115
Corneal endothelial cell count with specular microscopy- Both Eyes,Ophthalmology Investigation,594.9258823529411
Corneal grafting-Penetrating keratoplasty per eye,Ophthalmology Procedure,19019.9425
Corneal pachymetry (corneal thickness)/ CCT - Both Eyes,Ophthalmology Investigation,520.5605
Corneal topography /pentacam- Both Eyes,Ophthalmology Investigation,1995.662
Coronary Angiography,Cardiology Investigation,13322.891
Coronary Artery Bypass Graft surgery (CABG),Cardiovascular And Cardiac Surgery Procedure,171209.4655
Coronary Artery Bypass Graft surgery (CABG) + Intra-Aortic Balloon Pump (IABP),Cardiovascular And Cardiac Surgery Procedure,224927.3775
Coronary Artery Bypass Graft surgery (CABG) + Valve Replacement excluding the cost of the valve,Cardiovascular And Cardiac Surgery Procedure,261752.094
Corpus callostomy for Epilepsy,Neuro-Surgery Procedure,77627.526
Corrective Osteotomy & Internal Fixation- long bones,Orthopaedics Procedure,40648.015
Corrective Osteotomy & Internal Fixation- short bones,Orthopaedics Procedure,33656.6675
Cortisol,Laboratory Investigation,549.74
Cost of Fractional flow reserve (FFR) Catheter excluding GST (Procedure Charge included in PTCA),Cardiology Add on Procedure,32822.017
Cost of Intravascular ultrasound (IVUS) Catheter excluding GST(Procedure Charge included in PTCA),Cardiology Add on Procedure,54506.1755
Cost of the Glaucoma valve/Glaucoma Ahmed valve per eye,Ophthalmology Procedure,15040.547368421054
Covid Antibody Test,Laboratory Investigation,700.7163157894737
Cranio-Facial resection,ENT Procedure,40710.43473684211
Cranioplasty,Neuro-Surgery Procedure,59807.48150000001
Craniotomy and Evacuation of Haematoma - Extradural,Neuro-Surgery Procedure,78073.344
Craniotomy and Evacuation of Haematoma -Subdural,Neuro-Surgery Procedure,77261.886
Craniotomy for posterior fossa tumors with navigation,Cancer Surgery,56942.20649999999
Craniotomy for supratentorial tumors - without navigation,Cancer Surgery,56966.48526315789
Craniovertebral Junction (CVJ) Fusion procedures,Neuro-Surgery Procedure,72104.205
Creatine Phosphokinase (CPK)/Creatine Kinase (CK),Laboratory Investigation,230.1305
Creatinine Clearance,Laboratory Investigation,199.39263157894737
Cross Match,Laboratory Investigation,200.8685
Crown - All Metal-Nickel Free,Dental Procedure,1991.6625
Crown - Metal with Ceramic Facing,Dental Procedure,2983.4947368421053
Crown - PMMA Crown,Dental Procedure,1006.1165
Crown - Recementation,Dental Procedure,596.9505
Crown - Removal,Dental Procedure,499.2235
Crown lengthening - Per Tooth,Dental Procedure,499.4525
Cryoglobulins,Laboratory Investigation,1004.089
Cryptococcal antigen,Laboratory Investigation,1494.8947368421052
Curettage Cement / Bone Graft,Cancer Surgery,31647.7455
Curettage and Root Planning - Per Arch,Dental Procedure,2000.434
Curettage and Root Planning - Per Tooth,Dental Procedure,350.025
Custom Sequencing Assay,Oncology Investigations,11111.64894736842
Cyclocryotherapy /Trans scleral cyclophotocoagulation TSCPC per eye,Ophthalmology Procedure,5012.294
Cyclosporine,Laboratory Investigation,2514.2125
Cyst of Maxilla/mandible by enucleation/excision/marsupialization more than 4 cms under GA and admission,Dental Procedure,23734.4585
Cyst of Maxilla/mandible by enucleation/excision/marsupialization more than 4 cms under LA,Dental Procedure,5975.077
Cyst of Maxilla/mandible by enucleation/excision/marsupialization upto 4 cms under LA,Dental Procedure,4960.013333333333
Cystectomy Partial,Cancer Surgery,44259.293
Cystectomy Radical,Cancer Surgery,57253.137
Cysto-Gastrostomy,Cancer Surgery,31931.68894736842
Cysto-Litholapaxy,Nephrology And Urology Procedure,33280.17684210526
Cystojejunostomy or Cystogastrostomy,Abdomen/GI Surgery Procedure,41159.9445
Cystolithotomy -Suprapubic,Nephrology And Urology Procedure,26034.876
Cystoscopic Botulinum Toxin Injection ( Over active bladder/ Neurogenic bladder) -excluding cost of drug,Nephrology And Urology Procedure,12691.297
Cystoscopy,Cancer Surgery,15680.23
Cystoscopy + DJ Stenting,Cancer Surgery,25422.018
Cystoscopy with Retrograde Catheter - Bilateral/RGP,Nephrology And Urology Procedure,26239.909444444445
Cystoscopy with Retrograde Catheter -Unilateral/RGP,Nephrology And Urology Procedure,18848.296
Cystostomy Suprapubic,Cancer Surgery,25259.3915
Cytogenetics,Laboratory Investigation,5033.807368421052
Cytoreductive Surgery,Cancer Surgery,56292.747
D Xylose test,Laboratory Investigation,1112.4125
D-Dimer,Laboratory Investigation,500.378
DALK- Deep anterior lamellar keratoplasty per eye,Ophthalmology Procedure,40837.805
DCP (DES Gamma-Carboxy- Prothrombin),Laboratory Investigation,3387.3565000000003
DICER1 Mutation,Oncology Investigations,3896.2365
DJ stent removal,Nephrology And Urology Procedure,9603.5455
DSAEK Descemet-s stripping automated endothelial keratoplasty/DMEK-Descemet membrane endothelial keratoplasty per eye,Ophthalmology Procedure,40549.428
Dacryocystectomy per eye,Ophthalmology Procedure,9320.957
Dacryocystography - Bilateral,Ophthalmology Investigation,1997.4365000000005
Dacryocystorhinostomy-Plain,Ophthalmology Procedure,12735.2695
Dacryocystorhinostomy-Plain with intubation and/or with lacrimal implants excluding the cost of implant per eye,Ophthalmology Procedure,19001.2135
Dacryocystorhinostomy-conjunctival with implant excluding the cost of implant per eye,Ophthalmology Procedure,19206.181
Day Care Charges (Accomidation only ),Ward charges,1505.681
Debridement of Large wounds including Diabetic Wound under Anaesthesia,General Surgery,26257.927894736844
Debridement of wounds - Small,General Surgery,1653.0825
Decompressive craniotomy for hemispherical acute subdural haematoma/ brain swelling/large infarct,Neuro-Surgery Procedure,77262.80842105264
Dehydroepiandrosterone sulfate (DHEAS),Laboratory Investigation,1010.487
Dengue IgM and Ig G,Laboratory Investigation,800.293
Dengue NS1 Ag,Laboratory Investigation,396.4685
Depressed Fracture Elevation,Neuro-Surgery Procedure,50360.9775
Dermabrasion Face,Burns And Plastic Surgery Procedure,40391.79210526316
Desmoglein (DSG) 1 And 3 Antibody,Laboratory Investigation,5400.013684210526
"Dexa Scan Bone Densitometry - Three sites (Spine, Hip &extremity)",Radiological Investigation,2480.064210526316
Dexa Scan Bone Densitometry - Two sites,Radiological Investigation,2002.426
Dexa Scan Bone Densitometry Whole body,Radiological Investigation,3018.558
Diagnostic Angiography,Gastroenterology/Interventional Radiology Investigation,9206.2275
Diagnostic Cystoscopy,Nephrology And Urology Procedure,8484.243684210527
Diagnostic Digital Subtraction Angiography (DSA) cerebral vessels,Radiological Investigation,13508.4885
Diagnostic Electrophysiological studies conventional (Including catheter),Cardiology Investigation,72087.189
Diagnostic Hysteroscopy,Cancer Surgery,15753.939000000002
Diagnostic Hysteroscopy with or without endometrial Biopsy,Obstetrics And Gynaecology Procedure,20189.37052631579
Diagnostic Peritonioscopy/Laparoscopy,Abdomen/GI Surgery Procedure,19052.599
Diagnostic endoscopy under GA,ENT Procedure,4987.82052631579
Diagnostic hysterolaparoscopy(DHL) with or without chromopertubation/Adhesiolysis/ovarian drilling,Obstetrics And Gynaecology Procedure,18889.528
Diagnostic hysteroscopy with or without polypectomy/endometrial curettage,Obstetrics And Gynaecology Procedure,19061.877
Diaphragmatic Hernia Repair (Thoracic or Abdominal Approach),Paediatric Surgery Procedure,50404.50263157895
Differential Leucocytic Count (DLC),Laboratory Investigation,99.7705
Digital OPG with X ray film/ CD,Dental Investigation,494.15578947368414
Digital Subtraction Angiography- venogram,Cardiology Investigation,14692.7385
Digital Subtraction Angiography-Peripheral artery,Cardiology Investigation,14544.001
Dilantin (Phenytoin),Laboratory Investigation,602.8942105263158
Dilatation & Curettage,Cancer Surgery,6955.937894736842
Dilatation and Curettage(diagnostic/therapeutic) with or without Polypectomy,Obstetrics And Gynaecology Procedure,13549.35
Dilatation of Stricture Urethra under G.A.,Nephrology And Urology Procedure,4964.905789473684
Direct Immunofluorescence (Skin and Kidney Disease etc),Laboratory Investigation,1213.8526315789477
Direct Laryngoscopy including Biopsy under GA,ENT Procedure,13315.954500000002
Direct Operation on Oesophagus for Portal Hypertension,Abdomen/GI Surgery Procedure,49773.478500000005
Disarticulations - Major joint,Orthopaedics Procedure,40926.79368421053
Disarticulations - Minor joint,Orthopaedics Procedure,33351.3955
Discectomy/ Micro Discectomy,Orthopaedics Procedure,78575.92199999999
Distal biceps tendon repair,Orthopaedics Procedure,50668.688
Distraction osteogenesis of mandible or maxilla under GA,Dental Procedure,28808.818947368425
Diurnal variation of IOP - Both Eyes,Ophthalmology Investigation,1500.146
Diverticulectomy -Endoscopic incision of neck,Nephrology And Urology Procedure,33342.0855
Diverticulectomy -open,Nephrology And Urology Procedure,40831.370500000005
Diverticulectomy- Lap/Endoscopic,Nephrology And Urology Procedure,50559.1245
Donor Nephrectomy (Laparoscopic),Nephrology And Urology Procedure,104477.57842105265
Donor Nephrectomy (Open),Nephrology And Urology Procedure,60459.29349999999
Donor Specific Antibodies (DSA),Oncology Investigations,7886.233999999999
Dorsal column stimulation for backache in failed back syndrome,Neuro-Surgery Procedure,59962.31157894737
Double Hip spica,Orthopaedics Procedure,8491.3735
Double Lumen Femoral Catheterization for Haemodialysis,Nephrology And Urology Procedure,13435.35
"Double Marker (Beta-hCG,PAPP-A)",Laboratory Investigation,1978.0025
Double Switch Operation (DSO),Cardiovascular And Cardiac Surgery Procedure,223885.3055555556
Double Valve Replacement (DVR),Cardiovascular And Cardiac Surgery Procedure,222591.7975
Double balloon enteroscopy,Gastroenterology / Endoscopic Procedures,18789.1565
Drainage of abscess with anaesthesia,General Procedure,13381.938421052631
Dressings of wounds,General Procedure,299.625
Duodenal Atresia Operation,Paediatric Surgery Procedure,40650.1985
Duodenal Diverticulum,Abdomen/GI Surgery Procedure,50335.8685
Duodenal stricture dilation,Gastroenterology / Endoscopic Procedures,8493.584736842104
Duodenojejunostomy,Abdomen/GI Surgery Procedure,50524.0305
Duodenotomy,Cancer Surgery,25358.33
Dynamic Hip Screw (DHS) for Fracture Neck Femur,Orthopaedics Procedure,49503.909
Dynamic Renography with Captopril,Nuclear Medicine Investigation,6821.446000000001
Dynamic Renography with Diuretic.,Nuclear Medicine Investigation,3975.1815
Dynamic Renography.,Nuclear Medicine Investigation,3996.6063157894737
EDTA for band shaped keratopathy - Both Eyes,Ophthalmology Procedure,3018.8995
EGFR Mutation DETECTION,Oncology Investigations,9545.251
EGFR Resistance Mutation (T790m Mutation Analysis),Oncology Investigations,7974.546
EOG- Electrooculogram - Both Eyes,Ophthalmology Investigation,2053.558
ER PR Her2 Neu,Oncology Investigations,3157.123
"ER/PR/Her2neu, Ki67",Oncology Investigations,4983.806315789474
ERCP (Endoscopic Retrograde Cholangio -Pancreatography) Diagnostic,Gastro and Hepatobiliary Investigation,13344.753684210527
ERG- Electroretinogram- Both Eyes,Ophthalmology Investigation,1840.86
EUS (Endoscopic Ultrasound) guided FNAC Excluding the cost of the Needle,Gastroenterology / Endoscopic Procedures,16526.027
Ear Lobe Repair one side,ENT Procedure,4004.1925
Ectropion surgery- both lids,Ophthalmology Procedure,13263.3785
Ectropion surgery- one lid,Ophthalmology Procedure,8460.5835
Elbow Rplacement,Cancer Surgery,31592.0795
Electrical Muscle Stimulation/Cryotherapy/TENS (per session),Physiotherapy,401.617
Electrocardiogram (ECG),Cardiology Investigation,174.888
Electroencephalogram (EEG)/ Video EEG,Neurology Investigation,1000.09
Electrolysis (eye) - Both Eyes,Ophthalmology Procedure,1003.637894736842
Electromyography (EMG),Neurology Investigation,1505.8947368421052
Electronystagmography (ENG),ENT Investigation,1487.7885
Embolectomy,Cardiovascular And Cardiac Surgery Procedure,72457.76947368421
En Bloc Excision + Reconstruction,Cancer Surgery,44405.637
En Bloc Upper Humerus Excision,Cancer Surgery,31522.2495
Endarterectomy (Carotid),Neuro-Surgery Procedure,59586.61315789473
Endo bronchial Ultrasound (EBUS) -Trans bronchial needle aspiration (TBNA) -Excluding the cost of Needle,Pulmonology Procedure,19849.096
Endocyclophotocoagulation per eye,Ophthalmology Procedure,18011.745263157893
Endolymphatic sac decompression,ENT Procedure,41250.93421052631
Endometrial aspiration cytology/biopsy (including Pipelle Charges),Obstetrics And Gynaecology Procedure,2998.17
Endoscopic 3rd ventriculostomy,Neuro-Surgery Procedure,50005.0155
Endoscopic Bulking agent Inject (including cost of bulking agent),Nephrology And Urology Procedure,33384.1485
Endoscopic CSF rhinorrhoea repair,Neuro-Surgery Procedure,49974.21157894737
Endoscopic Dacryocystorhinostomy (DCR),ENT Procedure,33060.3575
Endoscopic Hypophysectomy,ENT Procedure,50381.03894736842
Endoscopic Laser excision for Hypopharynx,Cancer Surgery,31885.891578947365
Endoscopic Optic Nerve Decompression,ENT Procedure,50354.808000000005
Endoscopic Polypectomy - GIT,Gastroenterology / Endoscopic Procedures,18872.326
Endoscopic Removal of Stone in Bladder,Nephrology And Urology Procedure,33458.7025
Endoscopic Surgery (ENT),ENT Procedure,33088.01789473684
Endoscopic Sympathectomy,Neuro-Surgery Procedure,60344.976
Endoscopic aqueductoplasty,Neuro-Surgery Procedure,50263.022
Endoscopic aspiration of intracerebellar haematoma,Neuro-Surgery Procedure,72433.9047368421
Endoscopic cranial surgery/Biopsy/aspiration,Neuro-Surgery Procedure,59171.45849999999
Endoscopic cysto gastrostomy,Gastroenterology / Endoscopic Procedures,18863.35
"Endoscopic discectomy (Lumbar, Cervical)",Neuro-Surgery Procedure,59892.768500000006
Endoscopic mucosal resection,Gastroenterology / Endoscopic Procedures,12657.515
Endoscopic sphincterotomy by ERCP,Gastroenterology / Endoscopic Procedures,19017.327
Enteral stenting excluding cost of the stent,Gastroenterology / Endoscopic Procedures,19037.21
Entropion surgery- both lids,Ophthalmology Procedure,13429.64
Entropion surgery- one lid,Ophthalmology Procedure,8419.0255
Enucleation of the Eye.,Cancer Surgery,25197.492
Enucleation per eye(for non-malignant conditions),Ophthalmology Procedure,12704.902
Enucleation with orbital implants and artificial (Cost of implants included) per eye,Ophthalmology Procedure,19181.9185
Epicanthus correction - Both Eyes,Ophthalmology Procedure,8023.336999999999
Epididymectomy,Nephrology And Urology Procedure,19054.463157894737
Epigastric Hernia Repair - excluding the cost of mesh and tacker,Abdomen/GI Surgery Procedure,25978.6565
Epilepsy surgery other than at Code No. NS049 and NS050,Neuro-Surgery Procedure,91328.418
Epiretinal Membrane (ERM) Peeling (per eye),Ophthalmology Procedure,7062.3460000000005
Epiretinal Membrane (ERM) Removal (per eye),Ophthalmology Procedure,2992.517
Erythrocyte Sedimentation Rate (ESR),Laboratory Investigation,99.137
Esophagoscopic Stent,Cancer Surgery,25389.4225
Esophagoscopy-Diagnostic,Cancer Surgery,6926.3545
Esophagoscopy-Therapeutic,Cancer Surgery,16019.191
Esophagus R.A,Cancer Surgery,31451.284736842103
Estlander Operation (Estlander flap in plastic surgery of lips),ENT Procedure,33377.66368421053
Estradiol (E2),Laboratory Investigation,395.859
Ethmoidectomy,Cancer Surgery,25012.9665
Evacuation /Excision of Brain Abscess by craniotomy,Neuro-Surgery Procedure,77330.1635
Evaluation under anaesthcsia,Cancer Surgery,6895.9685
Evisceration per eye,Ophthalmology Procedure,13339.290526315788
Evisceration with orbital implants and artificial (Cost of implants included) prosthesis per eye,Ophthalmology Procedure,19095.2405
Examination under anaesthesia (EUA),Obstetrics And Gynaecology Procedure,4919.56
Exchange Transfusion,Critical Care,3501.080526315789
Excision Biopsy of Superficial Lumps,Biopsies,9150.407
Excision Biopsy of Ulcers,Biopsies,5039.818499999999
"Excision Biopsy of lid, conjunctiva, cornea per eye",Ophthalmology Procedure,9289.639
Excision Cholangio + Liver Resection,Cancer Surgery,56846.737368421054
Excision Cholangiocarcinoma,Cancer Surgery,43985.2055
Excision Gland/Nodule,Cancer Surgery,7070.9631578947365
Excision STS neck/Mass neck.,Cancer Surgery,25227.256
Excision of Axillary Lymph Node under General Anaesthesia,General Surgery,8553.189
Excision of Branchial Cyst,ENT Procedure,26186.792
Excision of Branchial Sinus,ENT Procedure,26145.371
Excision of Carotid Body / Carotid Body Tumours,ENT Procedure,41201.0055
Excision of Carotid Body tumour.,Cancer Surgery,44739.523
Excision of Cervical Lymph Node under Local Anaesthesia,General Surgery,3090.8925
Excision of Clivus tumour (skull base + Reconstruction),Cancer Surgery,44427.7975
Excision of Corns,Skin Procedure,990.849
Excision of Cystic Hygroma,ENT Procedure,19074.4115
Excision of Cystic Hygroma Extensive,ENT Procedure,26106.8235
Excision of Dermoid Cysts,General Surgery,5010.6945
Excision of Filarial Scrotum,Nephrology And Urology Procedure,25930.0275
Excision of Inguinal Lymph Node under Local Anaesthesia,General Surgery,3008.813888888889
Excision of Keloid,General Surgery,9162.022
Excision of Lingual Thyroid,ENT Procedure,32794.620500000005
Excision of Lobe (Frontal Temporal Cerebellum etc.),Neuro-Surgery Procedure,78504.451
Excision of Meckel-s Diverticulum,Paediatric Surgery Procedure,40662.9435
Excision of Moles,Skin Procedure,998.9355
Excision of Molluscum Contagiosum,Skin Procedure,989.742
Excision of Pharyngeal Diverticulum,ENT Procedure,26130.747
Excision of Pilonidal Sinus (open),Abdomen/GI Surgery Procedure,23141.8
Excision of Pilonidal Sinus with closure,Abdomen/GI Surgery Procedure,26188.2315
Excision of Pinna for non-cancerous Growth/Injuries - Skin Only,ENT Procedure,9145.9235
Excision of Pinna for non-cancerous/ Injuries - Skin and Cartilage,ENT Procedure,13234.407894736842
Excision of Salivary gland,Dental Procedure,15010.5675
Excision of Sebaceous Cysts,General Surgery,4982.712
Excision of Small Intestine Fistula,Abdomen/GI Surgery Procedure,46595.37157894737
Excision of Superficial Lipoma,General Surgery,5022.7480000000005
Excision of Superficial Neurofibroma,General Surgery,5001.445263157895
Excision of Thyroglossal Cyst/Duct/Fistula,ENT Procedure,33140.843
Excision of Undescended Testis Tumor,Cancer Surgery,31612.015000000003
Excision of Vaginal Cyst/Bartholin Cyst/Gartner Cyst,Obstetrics And Gynaecology Procedure,9211.608499999998
Excision of Vaginal/Uterus Septum,Obstetrics And Gynaecology Procedure,19142.5665
Excision of Venereal Warts,Skin Procedure,1000.069
Excision of Warts,Skin Procedure,1008.247
Excision of hyperplastic tissue - per arch,Dental Procedure,1197.441
Excision of lumps under anaesthesia,General Procedure,13414.26157894737
Excision of mammary fistula,General Surgery,25832.435
Excision of mandible-segmental,ENT Procedure,33215.5285
Excision of parapharyngeal mass.,Cancer Surgery,24922.071
Excision of pinna,Cancer Surgery,15749.488
Excision of skin Malignancy Head &s Neck.,Cancer Surgery,15595.874
Excision of the Maxilla,ENT Procedure,40677.198
Excision of transnasal angiofibroma,Cancer Surgery,44210.4905
Excision of urethral carbuncle,Obstetrics And Gynaecology Procedure,12589.256842105264
Excision or other Operations for Scaphoid Fractures,Orthopaedics Procedure,33139.211
Excision/Pericardiac Window Open,Cancer Surgery,25318.32
Exenteration Anterior/Posterior,Cancer Surgery,57320.768
Exenteration Total,Cancer Surgery,56365.135
Exenteration per eye,Ophthalmology Procedure,18958.95736842105
Exenteration with skin grafting per eye,Ophthalmology Procedure,33308.127368421054
Exercises /Post Natal Exercises/Prenatal Exercises/Therapeutic Exercises/Orthopaedic Rehabilitation (Joint Replacement/Post Surgery)/Hand Rehab (per session),Physiotherapy,302.2094736842105
Expansion plate,Dental Procedure,6555.872631578947
Exploration + Ileo/Colostomy,Cancer Surgery,43819.9547368421
Exploration Emergency,Cancer Surgery,25193.426
Exploration of abdominal Haematoma (after laparotomy/ LSCS),Obstetrics And Gynaecology Procedure,26278.3665
Exploration of perineal Haematoma & Repair,Obstetrics And Gynaecology Procedure,12919.939473684211
Exploratory Laparotomy,Cancer Surgery,15700.8275
Exploratory Laparotomy (Open),Abdomen/GI Surgery Procedure,26227.885789473687
Exploratory Laporatomy/Thoracotomy (Inoperable),Cancer Surgery,15821.084
Extended Immune subset for Post Allogenic Stem Cell Transplant Monitoring,Oncology Investigations,4962.795263157895
"Extended Lipid Profile. (Total cholesterol, LDL,HDL, Triglycerides Apo A1, Apo B,Lp (a) )",Laboratory Investigation,998.331
Extensive Burn -above 50% Frist Dressing,Burns And Plastic Surgery Procedure,6043.5375
Extensive Burn -above 50% Subsequent dressing,Burns And Plastic Surgery Procedure,3491.0195
External Fixation,Cancer Surgery,25405.622
External Loop/event recording - subsequent Days 1000/day (Maximum up to 6 days),Cardiology Investigation,1001.59
External Loop/event recording -first day Rs.1500,Cardiology Investigation,1506.8452631578948
External Ventricular Drainage (EVD),Neuro-Surgery Procedure,26271.17842105263
Extracapsular cataract extraction (ECCE) with IOL excluding the cost of IOL per eye,Ophthalmology Procedure,12805.115
Extracorporeal Irradiation,Cancer Surgery,25452.23157894737
Extracorporeal Shock Wave Lithotripsy (ESWL),Nephrology And Urology Procedure,41077.14315789474
Extracranial-Intracranial Bypass Procedures (EC-IC) bypass procedures,Neuro-Surgery Procedure,60754.3105
Extractable Nuclear Antigens (ENA) - Quantitative,Laboratory Investigation,4632.530000000001
Extraction - Normal Tooth,Dental Procedure,402.8675
Extraction - Orthodontic Extraction,Dental Procedure,750.3985
Extraction Impacted - Bony,Dental Procedure,5013.029
Extraction Impacted - Soft tissue/ 3rd Molar/wisdom tooth extraction,Dental Procedure,1986.9147368421047
"Eye Consultation(857,873,877 cannot be booked )",Consultation,347.807
Eye Lid Tumor Excision,Cancer Surgery,15860.29894736842
Eye laser pulse therapy /Lipiflow/IPL [Intense pulse light] per eye,Ophthalmology Procedure,3482.4275
Eye lid (upper/lower) Excision with reconstruction,Cancer Surgery,25097.188
Eyelid reconstruction with flap both eyes,Ophthalmology Procedure,24063.1585
Eyelid reconstruction with flap one eye,Ophthalmology Procedure,19163.356842105262
F-DOPA PET-CT scan,Nuclear Medicine Investigation,14881.8685
FDG Whole body PET CT Scan,Nuclear Medicine Investigation,14280.475263157894
FISH FOR HER2 Neu,Oncology Investigations,10048.2265
FISH PANEL FOR MYELOMA,Oncology Investigations,13875.46157894737
FISH Test for C19MC amplification,Oncology Investigations,12793.6045
FISH for 1p33/TAL1 deletion,Oncology Investigations,4935.301
FISH for t(10;11)(p12;q14)/MLLT10(AF10)/PICALM,Oncology Investigations,5006.657
FISH for t(11;19)(q23;p13.1)/KMT2A/ELL,Oncology Investigations,4947.153157894737
FISH for t(5;11)(q35;p15.5) NUP98/NSD1,Oncology Investigations,4945.300499999999
FISH for t(6;14)(p21;q32) IGH/CCND3,Oncology Investigations,4939.081
FISH on Bone marrow Smear( 1 marker),Oncology Investigations,3493.2647368421053
FISH on FFPE - Block /Slide (2 markers),Oncology Investigations,4777.9475
FISH on bone marrow smear( 2 markers),Oncology Investigations,5455.951
FISH test for CDKN2A,Oncology Investigations,7422.785263157895
FISH test for CEN 10 loss - on Tissue,Oncology Investigations,4144.7295
FISH test for ETV6 break-apart analysis - On Tissue,Oncology Investigations,6932.582
FISH test for MAML2 break-apart analysis - On Tissue,Oncology Investigations,7128.195
Facial Nerve Decompression,ENT Procedure,40784.789
Facial Space Abscess,Dental Procedure,4942.0185
Facial bones - Complicated Reduction with fixation,Dental Procedure,42672.0885
Facial nerve reconstruction,Neuro-Surgery Procedure,73415.8625
Factor Assays-Factor IX,Laboratory Investigation,1500.1225
Factor Assays-Factor VIII,Laboratory Investigation,1493.9273684210525
Factor V Leiden Mutation Detection,Oncology Investigations,6515.957
Faecal / Faecal fat test/ faecal chymotrypsin/ faecal elastase,Laboratory Investigation,999.8905
Faecal calprotectin,Laboratory Investigation,2714.5195
FeNO Breathing Test,Pulmonology Investigation,718.807
Feeding appliance for Cleft Palate,Dental Procedure,4956.218
Femoral Hernia Repair - excluding the cost of mesh and tacker,Abdomen/GI Surgery Procedure,33411.6575
Fetal Echo,Radiological Investigation,1616.1355
Fibreoptic examination of Larynx (FOL) under LA,ENT Investigation,5020.842
Fibrinogen,Laboratory Investigation,504.751
Fibro optic Nasal Endoscopy,ENT Investigation,2292.1665000000003
Fibroscan Liver,Radiological Investigation,1146.98
Fibula Lower End Reconstruction,Cancer Surgery,25094.135
Fibulectomy,Cancer Surgery,25187.596
Figure of 8 bandage,Orthopaedics Procedure,995.7855555555556
Fingers (post slab),Orthopaedics Procedure,996.8625
Fingers full plaster,Orthopaedics Procedure,1473.6225
Fissure in Ano - Fissurectomy,Abdomen/GI Surgery Procedure,26096.657
Fissure in Ano with Internal sphincterotomy with fissurectomy.,Abdomen/GI Surgery Procedure,32877.715000000004
Fistula in Ano - High Fistulectomy,Abdomen/GI Surgery Procedure,33266.0625
Fistula in Ano - Low Fistulectomy,Abdomen/GI Surgery Procedure,24084.267
Fistula stenosis dilation,Nephrology And Urology Procedure,12649.07
Fistulogram for Arteriovenous Fistula,Nephrology And Urology Investigation,9317.3175
Fixed orthodontic per arch,Dental Procedure,15000.003
Flap Reconstructive Surgery - Head and Neck,Burns and Plastic Surgery,60353.7755
Flap Surgery and Bone Graft per quadrant,Dental Procedure,3037.6694736842105
Flap Surgery- Per Quadrant,Dental Procedure,2003.9265
Flap Surgery- Per Tooth,Dental Procedure,452.2395
Floor of the Mouth -Composition resection.,Cancer Surgery,31693.0685
Floor of the Mouth Wide excision.,Cancer Surgery,25189.9485
Fluorescein angiography for fundus or iris- Both Eyes,Ophthalmology Investigation,2003.7825
Fluorescent PCR + fragment length analysis per Amplicon,Oncology Investigations,350.78684210526313
Fluoride Application for Children,Dental Procedure,1010.9644444444444
Foetal Haemoglobin (HbF),Laboratory Investigation,497.39400000000006
Folic Acid Assay.,Laboratory Investigation,651.508
Follicle stimulating hormone (FSH),Laboratory Investigation,400.0678947368421
Fontan Procedure,Cardiovascular And Cardiac Surgery Procedure,260336.2723529412
Foramen magnum decompression for Chiari Malformation,Neuro-Surgery Procedure,122275.6025
Formation of an Ileal Conduit,Nephrology And Urology Procedure,50578.5865
Fracture Reduction of Nasal Bone,ENT Procedure,12569.3615
Fracture orbital repair per eye,Ophthalmology Procedure,33176.30368421053
Free Grafts - Large Area 10%,Burns And Plastic Surgery Procedure,33342.974
Free Grafts - Thiersch- Small Area 5%,Burns And Plastic Surgery Procedure,19051.9915
Free Grafts - Very Large Area 20% and above.,Burns And Plastic Surgery Procedure,41093.968
Free Grafts - Wolfe Grafts,Burns And Plastic Surgery Procedure,18933.52368421053
Free Thyroxine (FT4),Laboratory Investigation,122.393
Free Triiodothyronine (FT3),Laboratory Investigation,125.607
Frenectomy,Dental Procedure,2509.6694736842105
Fructosamine,Laboratory Investigation,500.0915
Functional Endoscopic Sinus Surgery (FESS) for Antrochoanal polyp,ENT Procedure,33495.4185
Functional Endoscopic Sinus Surgery (FESS) for Ethmoidal polyp,ENT Procedure,33414.87
Functional orthodontic appliance,Dental Procedure,6039.8
Fundus Photo Test /disc photo for glaucoma- Both Eyes,Ophthalmology Investigation,499.818
Fungal culture,Laboratory Investigation,496.32842105263154
Fusion Surgery Cervical/ Lumbar Spine up to 2 Level,Orthopaedics Procedure,60271.21684210527
Gait Assessment (per session),Physiotherapy,596.6522222222222
Gait Training (per session),Physiotherapy,301.458
Galactomannan,Laboratory Investigation,3113.6535
Gallium-68 Peptide PET / CT imaging for Neuroendocrine Tumour,Nuclear Medicine Investigation,14331.688421052631
Gamma-Glutamyl Transpeptidase (GGTP),Laboratory Investigation,149.753
Gaping Abdominal Wound Secondary Suturing,Obstetrics And Gynaecology Procedure,8457.5755
Gaping Perineal Wound Secondary Suturing,Obstetrics And Gynaecology Procedure,4993.0765
Gastrectomy (Bilroth-1)/(Bilroth-2) Distal Radical,Cancer Surgery,31548.36421052632
Gastrectomy (Radical) + Extended Lymphad,Cancer Surgery,56408.86949999999
Gastrectomy Partial,Cancer Surgery,31554.797
Gastrectomy Proximal Radical,Cancer Surgery,31283.992631578945
Gastrectomy Total,Cancer Surgery,43815.053
Gastric By-Pass,Cancer Surgery,25051.341
Gastric Emptying,Gastro and Hepatobiliary/Nuclear Medicine Investigation,2510.3352941176468
Gastric Wedge Resection,Cancer Surgery,25093.3725
Gastro Oesophageal Reflux Study (GER Study),Gastro and Hepatobiliary Investigation,2993.145
Gastro-Jejunostomy,Cancer Surgery,25170.916
Gastrointestinal (GIT) Foreign body removal,Gastroenterology / Endoscopic Procedures,18858.2505
Gastrointestinal Bleed (GloB.) Study with Technetium 99m labeled RBCs.,Gastro and Hepatobiliary/Nuclear Medicine Investigation,5926.3215
Gastroschisis Repair,Paediatric Surgery Procedure,40849.401
Gastroscopy,Cancer Surgery,6899.5455
Gastroscopy/Upper GI Endoscopy with or without Biopsy,Gastroenterology / Endoscopic Procedures,3997.8365
Gastrostomy,Abdomen/GI Surgery Procedure,26056.6585
Gastrostomy,Cancer Surgery,15720.9375
Gastrotomy,Cancer Surgery,15738.631
GeneCORE Somatic 161 Gene Panel (NGS),Oncology Investigations,30150.356
GeneXpert Test (Tuberculosis),Laboratory Investigation,1046.056
General:Fistulography / Sinography/Sialography/Dacrocystography/ T-Tube cholangiogram/Nephrostogram,Radiological Investigation,1262.66
Genioplasty,ENT Procedure,33164.084
Gingivectomy - Per Quadrant,Dental Procedure,1203.8629999999998
Gingivoplasty - Per Quadrant,Dental Procedure,994.5
Glass ionomer Cement Restoration,Dental Procedure,601.615
Glaucoma surgery with Glaucoma valves (Cost of Valve extra) per eye,Ophthalmology Procedure,19220.52
Globe exploration per eye,Ophthalmology Procedure,9530.664
Glosectomy-Anterior 2/3rd,Cancer Surgery,31842.121000000003
"Glossectomy Total,",Cancer Surgery,31510.3225
Glucose (Fasting & PP),Laboratory Investigation,79.44550000000001
Glucose Tolerance Test (GTT),Laboratory Investigation,300.404
Glucose-6-Phosphate Dehydrogenase (G6PD),Laboratory Investigation,299.6305
Glue injection of varices,Gastroenterology / Endoscopic Procedures,13381.839000000002
Glutamic Acid Decarboxylase Autoantibodies test (GAD antibodies),Laboratory Investigation,1994.6175
Glycosylated Haemoglobin (HbA1c),Laboratory Investigation,297.822
Gonioscopy- Both Eyes,Ophthalmology Investigation,302.61947368421056
Goniotomy per eye,Ophthalmology Procedure,4944.8035
Green Light Laser for Prostate,Nephrology And Urology Procedure,71873.3315
Groin + liac Node Dissection,Cancer Surgery,25249.941
Groin Node Dissection,Cancer Surgery,25174.09947368421
Groin Node Dissection (Bilateral),Cancer Surgery,56542.8585
Groin Node Dissection (Uni),Cancer Surgery,24931.715
Growth Hormone,Laboratory Investigation,598.258
"Growth scan (including BPP, AFI, Doppler)",Radiological Investigation,2018.9731578947367
H pylori serology for Coeliac disease /Celiac disease,Laboratory Investigation,1200.5955
H1N1 (RT-PCR),Laboratory Investigation,1100.041
HBV genotyping,Laboratory Investigation,2866.344
HBeAb (Hepatitis B envelope Antibody),Laboratory Investigation,360.666
HBeAg (Hepatitis B envelope Antigen),Laboratory Investigation,358.83421052631576
HBsAg Quantitative,Laboratory Investigation,655.3145
HCV RNA Quantitative,Laboratory Investigation,1841.5755
HCV genotyping,Laboratory Investigation,5641.4245
HIAA 24 Hours Urinary,Laboratory Investigation,2310.713684210526
HIV Viral Load by PCR,Laboratory Investigation,5010.4025
HLA B27 (PCR),Laboratory Investigation,577.364
"HLA C, DQB Molecular Typing PCR - SSP",Oncology Investigations,7401.336999999999
HLA Disease Association Next Generation Sequencing HLA-A/B/DRB1/G,Oncology Investigations,4701.134
HLA Disease Association Sequence based Typing HLA A/B/DRB1,Oncology Investigations,4789.99
HLA Drug Hypersensitivity Next Generation Sequencing HLA-A/B/DRB1 HLA-A/B/DRB1/G,Oncology Investigations,4689.836499999999
HLA Drug Hypersensitivity Typing HLA-A/B/DRB1,Oncology Investigations,4846.746499999999
HLA Loss Chimerism,Oncology Investigations,12030.4235
"HLA-A, B, C, DRB1, DQB1, DPB1 (Sequence Based Typing - SBT)",Oncology Investigations,14968.116
"HLA-A, B, DRB1 (Sequence Based Typing - SBT)",Oncology Investigations,10001.238
"HLA-A, B, DRB1(Sequence Specific Oligonucleotide - SSO)",Oncology Investigations,7803.786999999999
"HLA-C, DQB1(Sequence Specific Oligonucleotide - SSO)",Oncology Investigations,5237.349444444444
HRR Gene Test,Oncology Investigations,31006.1915
HSV 1 & 2 IgG,Laboratory Investigation,813.836
Haemodialysis / Haemodialysis for Sero Positive cases including Dialyser and all other Consumables,Nephrology And Urology Procedure,3009.2485
Haemodialysis / Haemodialysis for Sero negative cases including Dialyser and all other Consumables,Nephrology And Urology Procedure,2497.9894444444444
Haemoglobin (Hb),Laboratory Investigation,50.0042105263158
Haemorrhoidectomy,General Surgery,31234.894736842107
Hairy Cell Leukemia Mutation (BRAF V600E) Detection,Oncology Investigations,3516.981
Head & Neck-contd,Cancer Surgery,25019.8305263158
Head Up Tilt Test (HUTT),Cardiology Investigation,9201.173
Hearing Aid Trail,ENT Investigation,198.7435
Heart Transplant Surgery,Cardiovascular And Cardiac Surgery Procedure,1435269.5115
Heller-s Operation,Abdomen/GI Surgery Procedure,40995.165
Hematolymphoid Malignancy At Diagnosis- Cancer Cytogenetics Testing,Oncology Investigations,16907.0135
Hematolymphoid Malignancy Follow-up- Cancer Cytogenetics Testing,Oncology Investigations,15162.151500000002
Hemiarthroplasty- Hip,Orthopaedics Procedure,59841.1835
Hemiarthroplasty- Shoulder,Orthopaedics Procedure,50973.2015
Hemicolectomy/Sigmoid Colectomy/transverse-colectomy),Cancer Surgery,25065.592631578947
Hemiglossectomy Peroral.,Cancer Surgery,25223.2415
Hemiglossectomy peroral neck dissection.,Cancer Surgery,31458.674
Hemipelvectomy (Paediatric),Cancer Surgery,31272.07736842105
Hemipelvectomy External,Cancer Surgery,56720.6265
Hemipelvectomy Internal,Cancer Surgery,56480.696
Hemispherotomy for Epilepsy,Neuro-Surgery Procedure,76885.20300000001
Hemithyroidectomy,ENT Procedure,33438.87368421053
Heostomy,Cancer Surgery,15946.952
Heostomy Closure,Cancer Surgery,15823.236
Hepatectomy Left Extended,Cancer Surgery,56606.8435
Hepatectomy Left Lateral,Cancer Surgery,44072.89175
Hepatectomy Right,Cancer Surgery,43301.1645
Hepatectomy Right Extended,Cancer Surgery,56915.806
Hepatic Excision,Cancer Surgery,25147.79105263158
Hepatic Metastatectomy,Cancer Surgery,31243.54947368421
Hepatic Port Placement/Port Removal,Cancer Surgery,25192.8505
Hepatic Resections (Lobectomy /Hepatectomy),Abdomen/GI Surgery Procedure,34344.091578947366
Hepatic Wedge Excision,Cancer Surgery,31631.835263157893
Hepatico-Jejunostomy,Cancer Surgery,31190.13105263158
Hepatitis B Core Antibody (HBcAb) Level (Hepatitis B Core IgM Antibody),Laboratory Investigation,470.9795
Hepatitis B Surface Antigen (HBsAg),Laboratory Investigation,302.1705
Hepatitis B Virus (HBV) DNA Qualitative,Laboratory Investigation,2509.931666666667
Hepatitis B Virus (HBV) DNA Quantitative.,Laboratory Investigation,3509.6245000000004
Hepatitis B surface antibody (anti HBs),Laboratory Investigation,649.6635
Hepatitis C Virus (HCV),Laboratory Investigation,498.791
Hepatitis C Virus (HCV) RNA Qualitative.,Laboratory Investigation,2959.997894736842
Hepatobiliary Scintigraphy.,Gastro and Hepatobiliary/Nuclear Medicine Investigation,3948.9915
Hepatosplenic scintigraphy with Technetium-99m radiopharmaceuticals,Gastro and Hepatobiliary/Nuclear Medicine Investigation,5010.069
Hereditary Cancer Panel,Oncology Investigations,12123.0135
Hiatus Hernia Repair- Abdominal (excluding cost of mesh and tacker if used),Abdomen/GI Surgery Procedure,34925.7465
Hiatus Hernia Repair- Transthoracic (excluding cost of mesh and tacker if used),Abdomen/GI Surgery Procedure,34441.8495
Hickman Cath. Removal,Cancer Surgery,6855.2125
Hickman Catheterisation,Cancer Surgery,15830.236
High Orchiectomy,Cancer Surgery,25274.175263157897
High Orchiectomy + Serotectomy,Cancer Surgery,31276.5165
High Resolution computed Tomography (HRCT Chest),Radiological Investigation,1985.6705
High Sensitivity JAK2 Mutation Detection (V617F),Oncology Investigations,4606.9465
Highly Selective Vagotomy,Abdomen/GI Surgery Procedure,50095.8365
Hip Arthrodesis,Cancer Surgery,31289.166
Hip Disarticulation,Cancer Surgery,31246.418
Histone Mutation Detection Assay,Oncology Investigations,9238.693684210526
Histopathology Examination (HPE) - Frozen Section,Laboratory Investigation,1510.0515
Histopathology Examination (HPE) - Paraffin Section,Laboratory Investigation,502.155
Holmium YAG Core through internal Urethrotomy,Nephrology And Urology Procedure,50672.03333333333
Holmium YAG Optical Internal Urethrotomy (OIU),Nephrology And Urology Procedure,40913.3225
Holmium YAG Prostate Surgery,Nephrology And Urology Procedure,71547.298
Holmium YAG Stone Lithotripsy,Nephrology And Urology Procedure,71217.9515
Holter analysis per day,Cardiology Investigation,2487.106
Homocysteine,Laboratory Investigation,653.242
Hot Pack/ Cold Pack/Wax Bath/Moist Heat (per session),Physiotherapy,299.14736842105265
Hot biopsy forceps procedures,Gastroenterology / Endoscopic Procedures,8509.306
Human Chorionic Gonadotropin (HCG)/ Beta HCG,Laboratory Investigation,451.62299999999993
Human Immunodeficiency Virus- HIV I and II,Laboratory Investigation,377.716
Human papillomavirus (HPV) Serology,Laboratory Investigation,1590.3225
Hydatid Serology,Laboratory Investigation,831.8965000000001
Hydrocele of Cord,Paediatric Surgery Procedure,26361.299
Hyoid Suspension,ENT Procedure,25938.1585
Hypersensitive Pneumonitis Panel,Laboratory Investigation,7212.874000000001
Hysteroscopy Removal of Intra-Uterine Contraceptive Device (IUCD),Obstetrics And Gynaecology Procedure,19882.338
Hysteroscopy Transcervical Resection of Endometrium (TCRE),Obstetrics And Gynaecology Procedure,33156.4995
ICD Placement,Cancer Surgery,6920.714
"ICU/CCU/PICU/MICU/HDU (For all categories of ward entitlement, inclusive of Room Rent)",Critical Care,5401.139
"IGH Characterization IGH/CCND1:t(11;14), IGH/BCL2:t(14;18),BCL6(3q27), MYC(8q24) (4markers",Oncology Investigations,5328.875
IGHV Gene Mutation,Oncology Investigations,7555.852105263158
IOL exchange [excluding IOL cost] per eye,Ophthalmology Procedure,10062.45052631579
IOL explantation per eye,Ophthalmology Procedure,7938.250999999999
IOL reposition per eye,Ophthalmology Procedure,5999.6585
IOP measurement with Schiotz - Both Eyes,Ophthalmology Investigation,100.3475
IOP measurement with applanation tonometry - Both Eyes,Ophthalmology Investigation,199.083
IRFA/DUSP22 gene rearrangement by FISH,Oncology Investigations,15710.99
"IVL (Coronary Intra vascular Lithotripsy / Shock wave Lithotripsy - Including GST (Approval of Director, CGHS in consultation with Special Technical Committee (STC) is required for this procedure)",Cardiology Add on Procedure,267955.3695
IgG4,Laboratory Investigation,2014.0315
IgH/BCL2 :t(14;18),Oncology Investigations,4706.7355
Ileal Conduit (Bladder),Cancer Surgery,44315.6925
Ileosigmoidostomy and related resection,Abdomen/GI Surgery Procedure,50647.391
Ileostomy,Abdomen/GI Surgery Procedure,33095.813500000004
Ileotransverse Colostomy and related resection,Abdomen/GI Surgery Procedure,49949.733
Ilizarov Procedure,Cancer Surgery,31482.7405
Ilizarov's External Fixator,Orthopaedics Procedure,50312.40526315789
Illizarov-s / External Fixation for Trauma,Orthopaedics Procedure,50041.135
Illizarov/ external fixation for limb lengthening/deformity correction,Orthopaedics Procedure,60006.293000000005
Image Guided Craniotomy,Neuro-Surgery Procedure,77872.0815
Immunoglobulin A(IgA),Laboratory Investigation,399.0955
Immunoglobulin G (IgG),Laboratory Investigation,399.9905
Immunoglobulin M(IgM),Laboratory Investigation,400.58
Impedance with stapedial reflex / Impedance Audiometry,ENT Investigation,598.6614999999999
Imperforate Anus High Anomaly - Closure of Colostomy,Paediatric Surgery Procedure,32795.5875
Imperforate Anus High Anomaly -Sacroabdomino Perineal Pull Through,Paediatric Surgery Procedure,50470.802
Imperforate Anus Low Anomaly - Perineal Anoplasty,Paediatric Surgery Procedure,32737.921
Imperforate Anus Low Anomaly -Cut Back Operation,Paediatric Surgery Procedure,25921.734736842107
Implant Reconstruction (Breast),Cancer Surgery,25041.069
Implantation of Deep Brain Stimulation (DBS) -One electrode (as per guidelines mentioned in OM.No.Z15025/44/2023/DIR/CGHS/EHS Dated 09.09.2024),Neuro-Surgery Procedure,59387.81578947369
Implantation of Deep Brain Stimulation (DBS) -two electrodes (as per guidelines mentioned in OM.No.Z15025/44/2023/DIR/CGHS/EHS Dated 09.09.2024),Neuro-Surgery Procedure,71361.81899999999
Imprint Smear from Endoscopy,Laboratory Investigation,995.09
Incision & Drainage,Cancer Surgery,6861.8240000000005
Incision & Drainage under local Anaesthesia (Large),General Procedure,2298.826
Incision Biopsy of Growths/Ulcers,Biopsies,5001.607
Incubator charges (Per day),Critical Care,1517.3215
Indirect (anti ds DNA Anti Smith ANCA),Laboratory Investigation,1203.0310526315789
Indirect Ophthalmoscopy (Fundoscopy) - Both Eyes,Ophthalmology Investigation,302.8345
Indium labelled octreotide Scan,Nuclear Medicine Investigation,72757.23842105264
Indocyanine green angiography - Both Eyes,Ophthalmology Investigation,2001.8955
Inferior Vena Cava (IVC) Venography and Hepatic Vein (HV Venography),Gastroenterology/Interventional Radiology Procedures,40717.77157894737
Inferior Vena Cava (IVC) filter implantation- excluding the cost of filter,Cardiovascular And Cardiac Surgery Procedure,31323.714736842103
Influenza A serology,Laboratory Investigation,1010.9685
Infratemporal fossa clearance.,Cancer Surgery,44512.6645
Inguinal Hernia - Hernioplasty excluding the cost of mesh and tacker,Abdomen/GI Surgery Procedure,32914.365263157895
Inguinal Hernia Herniorrhaphy,Abdomen/GI Surgery Procedure,27096.266842105262
Inguinal Herniotomy,Paediatric Surgery Procedure,33029.1265
Inguinal Node Biopsy,Cancer Surgery,15741.843333333332
Inhibin A,Laboratory Investigation,903.7855
Inhibin B,Laboratory Investigation,1903.319
Injection for Varicose Veins (cost of drug/sclerotherapy agent extra),General Surgery,699.46
Injection of Keloids - Ganglion,Burns And Plastic Surgery Procedure,4007.2065
Injection of Keloids - Haemangioma,Burns And Plastic Surgery Procedure,4004.25
Inoperable Laparotomy,Cancer Surgery,15639.5595
Insertion of IUD/IUCD/Pessary,Obstetrics And Gynaecology Procedure,3990.7285
Instrumentation Revision of Shoulder/Knee Replacement,Cancer Surgery,43631.91947368421
Insulin,Laboratory Investigation,493.246
Insulin associated antibody,Laboratory Investigation,971.218947368421
Insulin-like growth factor binding protein 3 (IGF- BP3),Laboratory Investigation,2278.644210526316
Insulin-like growth factor-1 (IGF-1),Laboratory Investigation,2210.2275
Interceptive Orthodontic Treatment of the Primary Dentition/Transition Dentition,Dental Procedure,6926.977894736841
Intercostal Drainage,General Procedure,3523.027368421053
Interferon Gamma Release Assay (IGRA),Laboratory Investigation,2993.6655
Interleukin 6 (IL 6),Laboratory Investigation,1611.2645
Internal Fixation of Fractures,Cancer Surgery,31641.073
Internal Iliac Artery ligation,Obstetrics And Gynaecology Procedure,8089.416842105264
Internal limiting membrane (ILM) peeling (per eye),Ophthalmology Procedure,3015.084
Internal urethrotomy -Core through urethroplasty,Nephrology And Urology Procedure,41275.4225
Internal urethrotomy -optical,Nephrology And Urology Procedure,25869.8915
Interphase FISH test for Chr. 1 copy number variations,Oncology Investigations,10709.9075
Interpolated Flap Reconstruction-Extremity.,Cancer Surgery,25222.9995
Interval Sterilization(minilap)-BAT / Male Sterilization(Vasectomy),Obstetrics And Gynaecology Procedure,18976.8275
Interventional Ultrasonography- Chorionic villus sampling (CVS),Obstetrics And Gynaecology Procedure,5017.621
Interventional radiographic arterial embolization/Uterine artery embolization(UAE),Obstetrics And Gynaecology Procedure,33161.667
Intra Nasal Diathermy,ENT Procedure,6009.587
Intra Uterine Insemination,Obstetrics And Gynaecology Procedure,5021.2915
Intra vascular coiling excluding cost of the coils,Cardiology Procedure,72209.766
Intra-aortic balloon pump (IABP) excluding the cost of the balloon,Cardiology Procedure,32973.551
Intra-arterial thrombolysis with Tissue Plasminogen Activator (TPA) (for ischemic stroke ),Neuro-Surgery Procedure,33155.316999999995
Intra-uterine fetal blood transfusion,Obstetrics And Gynaecology Procedure,49790.1865
Intracytoplasmic sperm injection (ICSI),Obstetrics And Gynaecology Procedure,19819.736666666668
Intradermal (ID) Injection Keloid (Intralesional Injection) including the cost of the drug,Skin Procedure,993.0541176470588
Intralase application for keratoconus /CAIRS Corneal allogenic intrastromal ring segments per eye excluding the cost of the rings,Ophthalmology Procedure,18880.564
Intraocular foreign body removal per eye,Ophthalmology Procedure,8535.422
Intraoral Occlusal/Bite Wing X-Ray,Dental Investigation,297.623
Intraoral Periapical (IOPA) Radiograph X-ray/RVG(Single Film),Dental Investigation,198.8585
Intravenous Pyelography (IVP),Radiological Investigation,1654.4505263157896
Intravesical Instillation of BCG excluding the cost of BCG,Chemotherapy,3023.726
Intravitreal Injection of drugs (Ranibizumab/ Aflibercept etc) excluding the cost of the drug per eye,Ophthalmology Procedure,4989.548947368421
"Intravitreal Insertion of Drug Implant excluding cost of the Drug Implant (Ozurdex,...etc) per eye",Ophthalmology Procedure,5964.1885
Intravitreal injections of antibiotics excluding the cost of the antibiotic per eye,Ophthalmology Procedure,4990.3330000000005
Intussusception Operation,Paediatric Surgery Procedure,41167.3385
Inversion of Uterus - Abdominal Reposition,Obstetrics And Gynaecology Procedure,5660.487
Inversion of Uterus - Vaginal Reposition,Obstetrics And Gynaecology Procedure,5612.216842105263
Iodine-131 Whole Body Scan,Nuclear Medicine Investigation,13391.073
Iridodialysis repair or pupillary reconstruction /Cyclodialysis repair per eye,Ophthalmology Procedure,13450.5635
Iris cyst removal /synechiolysis/surgical iridectomy per eye,Ophthalmology Procedure,4934.2545
Islet cell antibody,Laboratory Investigation,1200.1725
Ivor Lewis,Cancer Surgery,44072.3205
JAK2 Exon 12 Mutation Detection,Oncology Investigations,4653.33
"JAK2V617 MUTATION, WITH REFLEX TO JAK2 EX-12,CALR EX-9 MUTATION AND MPL W515, S505 MUTATION",Oncology Investigations,11587.085
Jaw Tumour excision,Cancer Surgery,25426.015263157893
Jaw cyst Enucleation,Cancer Surgery,15705.1935
Jejunal Transposition,Cancer Surgery,56849.016500000005
Jejunostomy,Abdomen/GI Surgery Procedure,33294.321500000005
Jejunostomy/Gastrostomy,Cancer Surgery,25280.767894736844
Joints Aspiration,Orthopaedics Procedure,1607.2715789473684
Jugular Catheterization for Haemodialysis,Nephrology And Urology Procedure,6019.25947368421
Junction biopsy,Gastroenterology / Endoscopic Procedures,4993.231578947368
KI67,Oncology Investigations,1304.152
KIR Typing,Oncology Investigations,5858.118
KMT2A Characterization for AML,Oncology Investigations,7899.463000000001
KMT2A Characterization for B-ALL,Oncology Investigations,6152.9015
KOH Mount,Laboratory Investigation,150.977
KRAS + NRAS + BRAF + Mutation Profile,Oncology Investigations,13676.8165
"Kappa Lambda Light Chains, Free, Serum/ Serum free light chains (SFLC)",Laboratory Investigation,4051.3865
Keratoconus correction with therapeutic contact lenses - Both Eyes,Ophthalmology Procedure,8454.3475
Keratoprosthesis stage I and II per eye,Ophthalmology Procedure,40678.3355
"Kidney Function Test (KFT)- (Sr.Creatinine,Blood Urea,BUN,Sr.Uric Acid,Sr.Sodium,Sr.Potassium,Urine R/E)",Laboratory Investigation,495.1805263157895
Kidney Transplant Graft Nephrectomy,Nephrology And Urology Procedure,76866.4345
Kidney Transplantation (Cadaver),Nephrology And Urology Procedure,334503.307
Kidney Transplantation (Spousal/ unrelated) Including immunosuppressant therapy,Nephrology And Urology Procedure,403977.4925
Kidney Transplantation (related),Nephrology And Urology Procedure,357340.827368421
Knee Arthrodesis,Cancer Surgery,25192.1955
Knee Arthrodesis with Turnoplasty/Allograft Spinal Decompression + Reconstruction/,Cancer Surgery,44524.31052631579
Knee Collateral Ligament Reconstruction,Orthopaedics Procedure,71678.778
Knife/Punch/ Excision Biopsy of Tumaur.,Cancer Surgery,6949.584
Kyphoplasty excluding the cost of implants,Neuro-Surgery Procedure,50010.604736842106
Labyrinthectomy,ENT Procedure,33367.0047368421
Lactate dehydrogenase (LDH),Laboratory Investigation,220.89947368421053
Laminectomy for intramedullary tumors,Cancer Surgery,55959.64599999999
Laparoscopic Adrenalectomy,Abdomen/GI Surgery Procedure,60919.76157894736
Laparoscopic Anterior Resection (of Intestine/Rectum),Abdomen/GI Surgery Procedure,58708.321
Laparoscopic Appendectomy,Abdomen/GI Surgery Procedure,31534.8115
Laparoscopic Broad Ligament Hematoma Drainage with repair,Obstetrics And Gynaecology Procedure,12796.869
Laparoscopic Cholecystectomy,Abdomen/GI Surgery Procedure,34668.5835
Laparoscopic Excenteration (Anterior),Cancer Surgery,57069.02099999999
Laparoscopic Excenteration (Posterior),Cancer Surgery,56457.914736842096
Laparoscopic Excenteration (Total),Cancer Surgery,56537.1655
Laparoscopic Fundoplication,Abdomen/GI Surgery Procedure,59908.29
Laparoscopic GI bypass operation,Abdomen/GI Surgery Procedure,59430.3605
Laparoscopic Hemicolectomy,Abdomen/GI Surgery Procedure,50583.4575
Laparoscopic Hernia - Inguinoplasty (excluding the cost of Tacker and Mesh),Abdomen/GI Surgery Procedure,36505.4345
Laparoscopic Hysterectomy,Cancer Surgery,44065.312
Laparoscopic Nephrectomy,Cancer Surgery,57194.65263157895
Laparoscopic Nephrectomy,Nephrology And Urology Procedure,60000.3355
Laparoscopic Nephroureterectomy,Nephrology And Urology Procedure,49887.6555
Laparoscopic Paraumbilical Hernia Repair (excluding the cost of Tacker and Mesh),Abdomen/GI Surgery Procedure,36658.624
Laparoscopic Pelvic Node Dissection,Cancer Surgery,56783.312
Laparoscopic Pyeloplasty,Nephrology And Urology Procedure,59965.41684210526
Laparoscopic Radical Hysterectomy,Cancer Surgery,55984.59555555556
Laparoscopic Removal of hydatid cyst,Abdomen/GI Surgery Procedure,60215.513
Laparoscopic Retroperitoneal Node Dissection,Cancer Surgery,57620.58052631579
Laparoscopic Splenectomy,Abdomen/GI Surgery Procedure,60173.94300000001
Laparoscopic Total Colectomy,Abdomen/GI Surgery Procedure,60244.888
Laparoscopic Treatment of Ectopic Pregnancy-Milking/Salpingotomy/Salpingectomy,Obstetrics And Gynaecology Procedure,40902.643
Laparoscopic Treatment of Pseudo Pancreatic cyst,Abdomen/GI Surgery Procedure,59371.5615
Laparoscopic Ventral Hernia Repair (excluding the cost of Tacker and Mesh),Abdomen/GI Surgery Procedure,36980.05842105263
Laparoscopic Whipple's operation (Laparoscopic Pancreaticoduodenectomy),Abdomen/GI Surgery Procedure,50258.0995
Laparoscopic abdominal colpopexy/sacro-colpopexy,Obstetrics And Gynaecology Procedure,50203.21947368421
Laparoscopic pyelolithotomy,Nephrology And Urology Procedure,60119.7295
Laparoscopic recanalization of Fallopian tubes-(Tuboplasty),Obstetrics And Gynaecology Procedure,50467.163
Laparoscopic sling operations for prolapse uterus,Obstetrics And Gynaecology Procedure,41267.320555555554
Laparoscopic surgery for Renal cyst,Nephrology And Urology Procedure,60341.13999999999
Laparoscopic treatment for stress incontinence,Obstetrics And Gynaecology Procedure,40390.3965
Laparoscopic ureterolithotomy,Nephrology And Urology Procedure,60122.5995
Laparoscopically Assisted Vaginal Hysterectomy (LAVH) with or without BSO,Obstetrics And Gynaecology Procedure,59215.35736842106
Laparoscopy,Cancer Surgery,43956.742
Laparoscopy Diagnostic,Cancer Surgery,15803.630526315788
Laparoscopy Sterilization/Laproscopic tubal occlusion(LTO),Obstetrics And Gynaecology Procedure,26332.655
Laparoscopy Therapeutic/ Exploratory,Cancer Surgery,25316.95388888889
Laparotomy For Staging,Cancer Surgery,25290.352
Laparotomy abdominal sacro-colpopexy,Obstetrics And Gynaecology Procedure,50461.2465
Laparotomy for Ectopic Pregnancy,Obstetrics And Gynaecology Procedure,33434.504
Laparotomy peritonitis Lavage and Drainage,Obstetrics And Gynaecology Procedure,33145.84684210526
Laparotomy recanalization of Fallopian tubes-(Tuboplasty),Obstetrics And Gynaecology Procedure,50949.7865
Laryngectomy,ENT Procedure,49918.603
Laryngectomy Near total,Cancer Surgery,31488.27947368421
Laryngectomy-Partial,Cancer Surgery,31803.2955
Laryngectomy-Total.,Cancer Surgery,31232.85
Laryngofissure,ENT Procedure,40813.9015
Laryngopharyngectomy Total with Gast.pullup.,Cancer Surgery,44309.69421052632
Laryngoscopy Direct.,Cancer Surgery,6867.8485
Laser Ablation of Varicose Veins,Cardiovascular And Cardiac Surgery Procedure,41728.36052631579
Laser Aretynoidectomy.,Cancer Surgery,25153.14736842105
Laser Fulguration for rccurrent lesions.,Cancer Surgery,6919.363
Laser Subglottic Tracheal Stenosis,Cancer Surgery,25225.035
Laser Trabeculoplasty Gonioplasty - Both Eyes,Ophthalmology Procedure,15942.301578947368
Laser exciston-Supraglottic.,Cancer Surgery,25041.70315789473
Laser fulguration Respiratory Papilloma,Cancer Surgery,24940.6505
Laser fulguration/Excision Trachea.,Cancer Surgery,31428.835789473684
Lateral Rhinotomy,ENT Procedure,19093.6545
Lateral mass C1-C2 screw fixation,Neuro-Surgery Procedure,72113.016
Lees- charting or Hess- charting- Both Eyes,Ophthalmology Investigation,298.60315789473685
Left Hemicolectomy,Abdomen/GI Surgery Procedure,33264.6265
Leptospira Ig M,Laboratory Investigation,994.815
"Lesioning procedures for Parkinson-s disease,Dystonia etc.",Neuro-Surgery Procedure,50448.82888888889
Level 1- Brachytherapy (Eye Plaque or SIVA or CVS per insertion or application),Radiotherapy,7039.207
Level 1- Radiation Therapy (1-10 fractions on Cobalt),Radiotherapy,14941.625
"Level 2- Brachytherapy (Simple ICA with Xray based 2D planning, ILRT, Endobilliary BCT)",Radiotherapy,10052.300555555556
Level 2- Radiation Therapy(More than 10 fractions on Cobalt OR Upto 10 fractions on LA clinical (without CT or TPS planning) without IGRT OR Hemibody palliative RT (1-2 fractions weekly)),Radiotherapy,27961.2535
"Level 3- Brachytherapy(Surface Mould, Radical Interstitial BCT, Intraoperative Template or interstitial brachytherapy catheter insertion)",Radiotherapy,25171.0475
Level 3- Radiation Therapy (LA 3D with conventional fractionation of 2-5 Gy OR Weekly hypofractionation of >5 Gy with 3D CRT plan in 1-2 fractions. No IGRT allowed.),Radiotherapy,50577.6275
Level 4- Brachytherapy (ICA with CT based Planning),Radiotherapy,30158.070526315787
Level 4- Radiation therapy (LA 3D with IGRT conventional fractionation of 2- 5 Gy OR Weekly hypofractionation >5 Gy with 3D CRT plan in 1-2 fractions. with IGRT),Radiotherapy,62840.43111111111
Level 5- Brachytherapy (Complex ICA with interstitial with CT or MR based planning),Radiotherapy,40790.041000000005
Level 5- Radiation Therapy (LA IMRT/ Rapid Arc/VMAT with < 5Gy per fraction and <10 IGRT (CBCT or MVCT or EPID) OR Cobalt Radical with LA boost including electron boost OR TSET OR TBI),Radiotherapy,150492.43600000002
Level 6- Radiation Therapy (LA 4D/DE or DIBH with 3D CRT/ IMRT/ Rapid Arc/VMAT with >10 IGRT (CBCT or MVCT or EPID) OR LA IMRT/ Rapid Arc/VMAT with <5Gy per fraction and >10 IGRT (CBCT or MVCT or EPID) OR Adaptive RT OR CSI OR Multisite treatment outside one FOV or one plan OR SBRT OR SRS OR SRT (per fraction dose >5Gy)),Radiotherapy,179651.008
Lid Abscess incision and Drainage per eye,Ophthalmology Procedure,4982.206
Lid retraction repair per eye,Ophthalmology Procedure,8354.073333333334
Limited Orthodontic Treatment of the Primary Dentition,Dental Procedure,5100.813
"Lineage specific Chimerism - B Cell, T Cell and NK Cells",Oncology Investigations,7221.088000000001
Lintas Machles Tube Tempode,Gastroenterology / Endoscopic Procedures,5991.7255
Lipi View Both Eyes,Ophthalmology Investigation,1478.876
Lipi View One Eye,Ophthalmology Investigation,904.8765
"Lipid Profile (Total cholesterol ,Triglycerides, LDL, HDL,VLDL)",Laboratory Investigation,494.7435
Lipoprotein A / Lp A,Laboratory Investigation,402.692
Liquid Biopsy (Onco),Oncology Investigations,30048.497000000003
Lithium,Laboratory Investigation,347.9168421052632
Liver Biopsy,Biopsies,8512.57
Liver Function Test (LFT),Laboratory Investigation,501.84333333333336
Lobectomy/Bi-lobectomy (Pulmonary),Cancer Surgery,31091.671
Local Flap Reconstruction (Extremity),Cancer Surgery,25260.23421052632
Loop Colostomy Transverse Sigmoid,Abdomen/GI Surgery Procedure,40706.344
Low Density Lipoprotein (LDL),Laboratory Investigation,148.5088888888889
Lower GI Endoscopy(Colonoscopy/Sigmoidoscopy) with or without Biopsy,Gastroenterology / Endoscopic Procedures,5983.4915
Lumbar Discectomy,Neuro-Surgery Procedure,59651.64578947369
Lumbar Pressure Monitoring,Neuro-Surgery Investigation,9137.1265
Lumbar Puncture,Neuro-Surgery Procedure,2963.2275
Lumbar Traction (per session),Physiotherapy,296.5825
Lumbar disc arthroplasty,Neuro-Surgery Procedure,50339.884
Lung Basic Panel By NGS,Oncology Investigations,29771.125
Lung Perfusion Scan,Pulmonology Investigation,5023.388947368421
Lung Ventilation & Perfusion Scan (V/Q Scan),Pulmonology Investigation,5960.144736842105
Lung Wedge Resection,Cancer Surgery,25036.14789473684
Luteinizing hormone (LH),Laboratory Investigation,395.5355
Lymph Node Biopsy Superficial,Cancer Surgery,6987.993684210526
Lymphadenectomy,Cancer Surgery,57469.97578947368
Lymphangiography,Cardiology Investigation,5054.4855
Lymphocoele Drainage,Cancer Surgery,24851.201176470586
Lymphoma Panel,Oncology Investigations,6942.36052631579
Lymphoplasmacytic Leukemia / Waldenstroms Macroglobulinemia Mutation (MYD88 L265P) Detection,Oncology Investigations,3467.728
MDS Panel,Oncology Investigations,6929.6825
MECOM (EVI1) rearrangement: inv(3)(q21.3q26.2)/t(3;3),Oncology Investigations,4695.291052631579
MGMT PCR,Oncology Investigations,8136.5545
MLPA per gene,Oncology Investigations,4014.2968421052633
MPN (Myelo Proliferative Neoplasm)PANEL,Oncology Investigations,11919.057894736845
MR Enteroclysis,Radiological Investigation,4963.1885
MR Temporal Bone/ Inner ear with contrast,Radiological Investigation,5027.505789473685
MR cholecysto-pancreatography (MRCP),Radiological Investigation,8429.667368421053
MR for Salivary Glands with Sialography/Maxillofacial MRI,Radiological Investigation,4956.0275
MRI Abdomen - With Contrast,Radiological Investigation,5761.65
MRI Abdomen - Without Contrast,Radiological Investigation,3506.542105263158
MRI Angiography - with contrast,Radiological Investigation,5729.4215
MRI Ankle Single joint - Without contrast,Radiological Investigation,3528.814210526316
MRI Ankle both joints - With contrast,Radiological Investigation,6466.8205
MRI Ankle both joints - Without contrast,Radiological Investigation,3516.745789473684
MRI Ankle single joint - With contrast,Radiological Investigation,4965.463157894737
MRI Breast - With Contrast,Radiological Investigation,4969.759
MRI Breast - Without Contrast,Radiological Investigation,3489.2580000000003
MRI Cardiac,Radiological Investigation,8016.255999999999
MRI Cervical/ Cervico Dorsal Spine - With Contrast,Radiological Investigation,5012.157499999999
MRI Chest - With Contrast,Radiological Investigation,5035.491052631579
MRI Chest - Without Contrast,Radiological Investigation,3543.465
MRI DEFECOGRAPHY,Radiological Investigation,6989.094999999999
MRI Dorsal/ Dorso Lumbar Spine - With Contrast,Radiological Investigation,4993.5165
MRI Dorsal/ Dorso Lumbar Spine/Cervical/ Cervico Dorsal Spine - Without Contrast,Radiological Investigation,3515.487
MRI Extremities - With contrast,Radiological Investigation,5785.375
MRI Extremities - Without contrast,Radiological Investigation,3484.964
MRI FISTULOGRAM,Radiological Investigation,4506.917
MRI Head / Brain - Without Contrast,Radiological Investigation,2768.6315
MRI Head / Brain- With Contrast,Radiological Investigation,5025.832
MRI Hip - With contrast,Radiological Investigation,4995.267
MRI Hip - without contrast,Radiological Investigation,3501.6925
MRI Lumbar/ Lumbo-Sacral Spine - With Contrast,Radiological Investigation,5771.584000000001
MRI Lumbar/ Lumbo-Sacral Spine - Without Contrast,Radiological Investigation,3450.32
MRI Mammography,Radiological Investigation,4985.416315789474
MRI Nasopharynx and PNS - With Contrast,Radiological Investigation,4981.806
MRI Nasopharynx and PNS - Without Contrast,Radiological Investigation,3513.7699999999995
MRI Neck - Without Contrast,Radiological Investigation,3525.2650000000003
MRI Neck- with contrast,Radiological Investigation,5745.097368421053
MRI Orbits - With Contrast,Radiological Investigation,5007.7725
MRI Orbits - Without Contrast,Radiological Investigation,1851.4865
MRI Pelvis - Without Contrast,Radiological Investigation,3505.792105263158
MRI Pelvis - with contrast,Radiological Investigation,5738.826
MRI SPECTROSCOPY,Radiological Investigation,3013.9335
MRI Shoulder - With contrast,Radiological Investigation,4977.382105263157
MRI Shoulder - Without contrast,Radiological Investigation,3498.0550000000003
MRI Shoulder both joints - With contrast,Radiological Investigation,6051.503500000001
MRI Temporal Bone/ Inner ear without contrast,Radiological Investigation,3523.949
MRI Temporomandibular - B/L - With contrast / MRI TMJ (Double Joint) with contrast,Radiological Investigation,5040.38947368421
MRI Temporomandibular - B/L - Without contrast / MRI -TMJ(Double Joint) without contrast,Radiological Investigation,3497.341578947369
MRI Whole spine - Without Contrast,Radiological Investigation,4388.4285
MRI Wrist Both joints - With contrast,Radiological Investigation,5688.0625
MRI Wrist Single joint - With contrast,Radiological Investigation,5012.351052631579
MRI Wrist Single joint - Without contrast,Radiological Investigation,3269.5305
MRI Wrist both joints - Without contrast,Radiological Investigation,3959.0942105263152
MRI knee Single joint - With contrast,Radiological Investigation,5774.115789473684
MRI knee Single joint - Without contrast,Radiological Investigation,2976.4705000000004
MRI knee both joints - With contrast,Radiological Investigation,5722.3105000000005
MRI knee both joints - Without contrast,Radiological Investigation,4011.367
MRI shoulder both Joints - Without contrast,Radiological Investigation,4028.2094736842105
MRI whole Spine Screening- Without Contrast,Radiological Investigation,1995.710526315789
MRI-Prostate (Multi-parametric) (Including CD),Radiological Investigation,6942.606666666667
MSI ( Micro Satellite Instability) and MMR (Mis Match Repair),Oncology Investigations,6479.99052631579
MYD88 L265 Mutation Detection Test,Oncology Investigations,6802.672500000001
Macular hole surgery- Vitrectomy +membrane peeling + ILM peeling+ fluid air exchange+endolaser+ gas/silicon oil tamponade per eye,Ophthalmology Procedure,39244.308000000005
Malar and/or Zygomatic arch - Closed Reduction,Dental Procedure,6050.587368421053
Malar and/or Zygomatic arch - Open Reduction,Dental Procedure,10037.2105
Malrotation & Volvulus of the Midgut,Paediatric Surgery Procedure,40789.07684210526
Malrotation of Intestines Operation,Paediatric Surgery Procedure,41106.814
Malyugin Ring /pupil dilator/iris expander per eye,Ophthalmology Procedure,9954.767368421051
Manchester/Fothergill-s operation,Obstetrics And Gynaecology Procedure,33091.0245
Mandible - Closed Reduction,Dental Procedure,5975.219999999999
Mandible - Open Reduction,Dental Procedure,10044.624736842105
Mandible Curettage.,Cancer Surgery,15888.0925
"Mandibulectomy- Hemi.,/Marginal/Segmental including",Cancer Surgery,31459.241
Mantoux Test,Laboratory Investigation,198.8555
Manual Removal of Placenta,Obstetrics And Gynaecology Procedure,8687.078
Mastoidectomy,ENT Procedure,33178.10842105263
Mastoidectomy plus Ossiculoplasty including TORP (Total Ossicular Replacement Prosthesis) or PORP (Partial Ossicular Replacement Prosthesis),ENT Procedure,33207.4525
Maxila Curettage.,Cancer Surgery,15774.016842105264
Maxilla - Closed Reduction,Dental Procedure,5953.878947368421
Maxilla - Open Reduction,Dental Procedure,10011.472105263158
Maxillectomy- partial with graft,Dental Procedure,23639.303
Maxillectomy- partial without graft,Dental Procedure,18876.09210526316
Maxillectomy-Median/Partial/Total/Total with exenteration.,Cancer Surgery,31753.18631578948
Maxillectomy/Mandibulectomy- Total with graft,Dental Procedure,33223.64842105263
Maxillectomy/Mandibulectomy- Total without graft,Dental Procedure,28593.021
Maxillofacial Prosthesis -Sal/auricular/orbital/Nasal/Palatal/facial lost/ Speech Aid,Dental Procedure,6989.477000000001
Meatoplasty,Cancer Surgery,15584.6745
Meatoplasty,Nephrology And Urology Procedure,12717.968
Meatotomy,Nephrology And Urology Procedure,8029.8245
Mechanical lithotripsy of CBD stones by ERCP,Gastroenterology / Endoscopic Procedures,33431.575263157894
Mechanical lithotripsy of pancreatic stones,Gastroenterology / Endoscopic Procedures,32824.3045
Meckel's Scan,Gastro and Hepatobiliary/Nuclear Medicine Investigation,3000.9385
Meconium Ileus Operation,Paediatric Surgery Procedure,41550.148
Median Nerve Decompression,Neuro-Surgery Procedure,41101.371
Mediastinal Lymph Node Dissection,Cancer Surgery,25458.997894736844
Mediastinal Tumor Excision,Cancer Surgery,44208.990000000005
Mediastinoscopy,Cancer Surgery,25432.45894736842
Mediatsinal Neuroblastoma Excision,Cancer Surgery,56621.96736842105
Medical Termination of Pregnancy (MTP) - 2nd Trimester /Suction and Evacuation/Dilatation and Curettage/Dilatation and expulsion,Obstetrics And Gynaecology Procedure,18869.161
Medical Termination of Pregnancy (MTP)- 1st Trimester with Medicine /Manual Vacuum Aspiration /Check Curettage,Obstetrics And Gynaecology Procedure,13341.8345
Medication -intracanal medicament (only lesion cases),Dental Procedure,499.5536842105264
Membranectomy both eyes,Ophthalmology Procedure,15042.819
Membranectomy one eye,Ophthalmology Procedure,12020.2785
Meningoencephalocele excision and repair,Neuro-Surgery Procedure,72041.864
Meningomyelocele Repair,Neuro-Surgery Procedure,59656.942
Meniscectomy,Orthopaedics Procedure,50557.0215
Meniscus Repair,Orthopaedics Procedure,59961.101
Mesenteric Cyst- Excision,Abdomen/GI Surgery Procedure,33338.3805
Mesentericocaval Anastomosis,Abdomen/GI Surgery Procedure,40803.295263157896
Metastatectomy (Both Lungs),Cancer Surgery,31099.0235
Metastatectomy (Single Lung),Cancer Surgery,25444.028
Methylprednisolone Injection IV Infusion per day Excluding the cost of the drug,Ophthalmology Procedure,2496.0222222222224
Micro laryngoscopy Chord stripping (Laser)/Laser,Cancer Surgery,25117.845
Micro vascular Breast Reconstruction,Cancer Surgery,57112.76899999999
Micro-surgical Vasovasostomy /Vaso epididymal anastomosis .,Nephrology And Urology Procedure,26145.389000000003
Microdochectomy,Cancer Surgery,15791.2155
Microincisional trabeculectomy(MIT) per eye,Ophthalmology Procedure,23629.3
Microlaryngeal Surgery,ENT Procedure,25880.1385
Microsurgical decompression for Trigeminal nerve,Neuro-Surgery Procedure,60010.23684210526
Microsurgical decompression for hemifacial spasm,Neuro-Surgery Procedure,59315.73421052632
Microvascular Reconstruction (Extremity),Cancer Surgery,31567.19842105263
Micturating Cystourethrography (MCU),Radiological Investigation,1119.696
Minerva Jacket,Orthopaedics Procedure,9164.8765
Mini Fixator for Hand/Foot,Orthopaedics Procedure,33353.425
Minor Treatment to Control Habits-Fixed Appliance Therapy,Dental Procedure,4034.042
Minor Treatment to Control Habits-Removable Appliance Therapy,Dental Procedure,2483.082
"Minor oral surgery, cyst, granuloma, residual infection, mucocele, epulis under LA",Dental Procedure,2002.735
Miscellaneous Profile I(1 marker),Oncology Investigations,3459.5125
Miscellaneous profile II(2 markers),Oncology Investigations,5477.7795
Mitral valve (MV) Repair + Aortic valve (AV) Repair / Tricuspid Valve (TV) Repair + Pulmonary valve (PV) repair,Cardiovascular And Cardiac Surgery Procedure,170864.33789473685
Mitral valve Replacement(MVR)/ Aortic valve Replacement (AVR)/ Tricuspid Valve Replacement (TVR) / Pulmonary valve replacement (PVR),Cardiovascular And Cardiac Surgery Procedure,171675.9425
Monosomy 5/deletion 5q,Oncology Investigations,3470.5726315789475
Monosomy 7/deletion 7q,Oncology Investigations,3483.0621052631577
More than 2 Intermediate Procedures,Cancer Surgery,25321.642
Mucous membrane grafting MMG one eyelid,Ophthalmology Procedure,19178.27157894737
Mucous membrane grafting MMG two eyelids,Ophthalmology Procedure,24004.38
Multi Organ Excision,Cancer Surgery,44327.621
Multigene NGS Germline Panel,Oncology Investigations,17928.579
"Multiple Extraction and Treatment Procedures for Special Children, Patients with Systemic Diseases, Patient with Special Needs Which Requires Admission and Treatment Under GA",Dental Procedure,5988.8115
Multiple Myeloma (MM) Panel,Oncology Investigations,14938.722105263156
Multiple Myeloma High Risk Markers (4 Markers),Oncology Investigations,5356.313
Multiple Myeloma Screening Panel,Oncology Investigations,7939.178421052632
Multiple Pinning Fracture Neck Femur,Orthopaedics Procedure,50714.12052631579
Multiple drugs Chemotherapy/Targeted therapy/Immunotherapy,Chemotherapy,2315.292105263158
Multiple hearing assessment test to Adults,ENT Investigation,400.9585
Muscle Biopsy,Biopsies,2484.8875
Muscle Group Excision,Cancer Surgery,25544.83052631579
Muscular Stenting,Gastroenterology / Endoscopic Procedures,50107.81263157894
Mycobacterial culture and sensitivity,Laboratory Investigation,554.948947368421
Myelin basic protein (MBP),Laboratory Investigation,3497.7075000000004
Myelodysplastic Syndromes karyotyping,Oncology Investigations,5522.0345
Myelography,Radiological Investigation,2481.6305
Myocutaneous and Fasciocutaneous Flap Procedures for Limbs,Orthopaedics Procedure,50395.3465
Myomectomy -laparoscopic,Obstetrics And Gynaecology Procedure,40632.455
Myomectomy -laparotomy,Obstetrics And Gynaecology Procedure,33247.507
Myositis Profile (Up to 16 Antigens),Laboratory Investigation,8036.9065
Myringoplasty,ENT Procedure,25979.527777777777
Myringotomy with Grommet Insertion,ENT Procedure,13439.60210526316
N-terminal pro BNP (NT-pro BNP / Brain natriuretic peptide (BNP),Laboratory Investigation,2091.4994736842104
NGS HLA Typing,Oncology Investigations,9996.1585
NGS Platform-extended Panel >50 gene,Oncology Investigations,36403.815
NGS Platform-limited Panel(10 Genes),Oncology Investigations,17902.43
NRAS (Neuroblastoma RAS ) Gene,Oncology Investigations,3515.815
Nasal Packing-Posterior,ENT Procedure,3010.5950000000003
Nasal Packing-anterior,ENT Procedure,2506.0675
Nebulization Per Session,Critical Care,50.04210526315789
Neck Biopsy-excisional.,Cancer Surgery,6897.521578947369
Neck Dissection-Bilateral.,Cancer Surgery,31561.6115
Neck Dissection-Functional/Modified/ supra omohyoid,Cancer Surgery,25082.92
Neck Exploration.,Cancer Surgery,15704.236
Neoadjuvant Chemotherapy,Chemotherapy,2697.7075
Neobladder,Cancer Surgery,43628.66842105263
Neonatal ICU charges (Per day) inclusive of incubator,Critical Care,5377.0725
Neostigmine test - Both Eyes,Ophthalmology Investigation,5060.292
Nephrectomy Partial,Cancer Surgery,56774.6755
Nephrectomy Radical,Cancer Surgery,44436.144
Nephrectomy Radical + IVC Thrombectomy,Cancer Surgery,43837.3665
Nephrectomy Simple -Open,Nephrology And Urology Procedure,60266.31111111112
Nephrectomy for - Hydronephrosis,Paediatric Surgery Procedure,40710.80578947368
Nephrectomy for -Pyonephrosis,Paediatric Surgery Procedure,40053.1965
Nephrolithotomy -Laparoscopic/endoscopic,Nephrology And Urology Procedure,49660.2495
Nephrolithotomy -open,Nephrology And Urology Procedure,41331.7185
Nephrostomy -Lap/Endoscopic,Nephrology And Urology Procedure,33150.759999999995
Nephrostomy -Open,Nephrology And Urology Procedure,33189.35421052631
Nephroureterectomy,Cancer Surgery,43642.740000000005
Nephroureterectomy open,Nephrology And Urology Procedure,50553.261
Nerve Biopsy,Neuro-Surgery Biopsy,18960.2775
Nerve Repair with Grafting,Orthopaedics Procedure,59717.786
"Nerve conduction velocity (NCV), -two or more limbs",Neurology Investigation,1503.23
Neuro Rehabilitation Advanced (per session),Physiotherapy,800.4157894736842
Neurolysis/Nerve repair,Orthopaedics Procedure,40985.0055
Next Generation sequencing assay for Minimal residual disease(MRD) for NPM mutated AML,Oncology Investigations,27154.390000000003
Next generation RNA sequencing assay for Chimeric Trancript in Hematolymphod malignancies,Oncology Investigations,16991.667500000003
Night Guard,Dental Procedure,1997.555625
Node Biopsy,Cancer Surgery,6891.9295
Non Contact tonometry (NCT) - Both Eyes,Ophthalmology Investigation,149.525
Non Stress Test,Obstetrics Investigation,1487.4615
Non invasive Ventilator charges (Per day)( inclusive of associated disposables),Critical Care,598.2149999999999
Non-descent Vaginal Hysterectomy (NDVH) with or without BSO,Obstetrics And Gynaecology Procedure,41117.08157894737
Nonresectable Esophageal Ca Exploration,Cancer Surgery,15952.5415
"Normal Delivery of High Risk Pregnancy(Preeclampsia/Eclampsia/GDM/Cardiac/Vascular/Renal/Pulmonary/Twin Pregnancy/RA/SLE/IVF Conception/Severe Anaemia,)",Obstetrics And Gynaecology Procedure,40738.923
Normal delivery with or without Episiotomy & P.repair/ forceps delivery /Vacuum delivery/assisted breech delivery including Routine New Born Care,Obstetrics And Gynaecology Procedure,33365.555
OAE (Otoacoustic Emission Test),ENT Investigation,1261.891
OCT (Optical Coherence Tomography) /Ocular OCT Angiography - Both Eyes,Ophthalmology Investigation,2088.1335
Obturator Prosthesis - Surgical/Definitive/Modification,Dental Procedure,4945.051578947368
Occlusion Analysis/Adjustment/Occlusal Equilibration,Dental Procedure,500.9505
Occupational Therapy per session of at least 40 minutes,Behavioural therapy,399.556
Odontoplasty /Enameloplasty,Dental Procedure,502.2978947368421
Oesophageal Intubation (Mousseau Barbin Tube),Abdomen/GI Surgery Procedure,26069.965789473685
Oesophageal Manometry,Gastroenterology / Endoscopic Procedures,9189.143
Oesophageal Stricture dilatation,Gastroenterology / Endoscopic Procedures,9206.642631578949
Oesophageal pH metry,Gastroenterology / Endoscopic Procedures,8709.8785
Oesophageal stenting excluding the cost of stent,Gastroenterology / Endoscopic Procedures,13395.1555
Oesophagoscopy with foreign body removal from Oesophagus,ENT Procedure,13348.9325
Of Internal Stenting,Cancer Surgery,15652.627
Oligoclonal bands (OCBs),Laboratory Investigation,2249.976
Omphalocele 1st Stage (Hernia Repair),Paediatric Surgery Procedure,32926.00894736842
Omphalocele 2nd Stage (Hernia Repair),Paediatric Surgery Procedure,33457.428947368426
Omphalomesenteric Cyst Excision,Paediatric Surgery Procedure,40948.8915
Omphalomesenteric Duct- Excision,Paediatric Surgery Procedure,40495.06526315789
One Sided (single Lumen) Femoral Catheterization for Haemodialysis,Nephrology And Urology Procedure,4001.4373684210527
Open Biopsy Of Vertebra,Cancer Surgery,24905.68
Open Drainage of Perinephric Abscess,Nephrology And Urology Procedure,33407.57111111112
Open Reduction & Internal Fixation (ORIF) of Fingers & Toes,Orthopaedics Procedure,19123.33
Open Reduction & Internal Fixation (ORIF) of Fracture Dislocation,Orthopaedics Procedure,41139.966
Open Reduction of Dislocations,Orthopaedics Procedure,33156.9995
Open Reduction of Fracture Neck Femur Muscle Pedicle Graft and Internal Fixations,Orthopaedics Procedure,49703.76578947368
Open Reduction of fracture of Long Bones of Upper / Lower Limb -Nailing & External Fixation,Orthopaedics Procedure,40307.4225
Open Reduction of fracture of Long Bones of Upper /Lower Limb -AO Procedures,Orthopaedics Procedure,41190.277
Open Retropubic Prostatectomy,Nephrology And Urology Procedure,40701.0085
Open Suprapubic Prostatectomy,Nephrology And Urology Procedure,40867.813157894736
Operation for Bleeding Peptic Ulcer,Abdomen/GI Surgery Procedure,40812.592
Operation for Cervical Rib,ENT Procedure,33817.92210526316
Operation for Gastrojejunal Ulcer,Abdomen/GI Surgery Procedure,40652.15263157895
Operation for Hydatid Cyst of Liver,Abdomen/GI Surgery Procedure,28683.68
"Operation for Intestinal Obstruction including resection , anastomosis, Adhesiolysis",Abdomen/GI Surgery Procedure,50093.02055555556
"Operation for Intestinal perforation including resection, anastomosis , Adhesiolysis",Abdomen/GI Surgery Procedure,50030.288
Operation for Torsion of Testis,Nephrology And Urology Procedure,25994.178
Operation of Choledochal Cyst,Paediatric Surgery Procedure,50204.116
Operation on Adrenal Glands - Bilateral,Abdomen/GI Surgery Procedure,59749.7655
Operation on Adrenal Glands - Unilateral,Abdomen/GI Surgery Procedure,40581.459
Operations for Benign Tumours of Small Intestine,Abdomen/GI Surgery Procedure,50692.87157894737
Operations for Brachial Plexus & Cervical Rib,Orthopaedics Procedure,71993.375
Operations for Crippled Hypospadias,Nephrology And Urology Procedure,40549.551
Operations for Cyst of the Kidney -open,Nephrology And Urology Procedure,41237.2695
Operations for Cyst of the Kidney Lap/endoscopic,Nephrology And Urology Procedure,50756.2685
Operations for Epispadias -primary repair,Nephrology And Urology Procedure,40587.83736842105
Operations for Epispadias-crippled epispadias,Nephrology And Urology Procedure,50531.90894736842
Operations for Exstrophy of the Bladder- Multistage repair,Nephrology And Urology Procedure,40723.8185
Operations for Exstrophy of the Bladder- Single stage repair,Nephrology And Urology Procedure,40979.958
Operations for Exstrophy of the Bladder- simple cystectomy with urinary diversion,Nephrology And Urology Procedure,60367.133157894736
Operations for GI Bleed,Abdomen/GI Surgery Procedure,50651.97684210527
Operations for Haemorrhage of Small Intestines,Abdomen/GI Surgery Procedure,50152.876
Operations for Hydrocele - Bilateral,Nephrology And Urology Procedure,33494.0405
Operations for Hydrocele - Unilateral,Nephrology And Urology Procedure,25971.24947368421
Operations for Hydronephrosis -pyeloplasty Lap/endoscopic,Nephrology And Urology Procedure,59963.726
Operations for Hydronephrosis -pyeloplasty open,Nephrology And Urology Procedure,50290.2775
Operations for Hydronephrosis Endopyelotomy antegrade,Nephrology And Urology Procedure,41036.69157894737
Operations for Hydronephrosis Endopyelotomy retrograde,Nephrology And Urology Procedure,41078.69210526316
Operations for Hydronephrosis ureterocalicostomy,Nephrology And Urology Procedure,40926.01421052632
Operations for Hydronephrosis-Ileal ureter,Nephrology And Urology Procedure,50194.7325
Operations for Hypospadias + Chordee Correction,Nephrology And Urology Procedure,33144.188
Operations for Hypospadias - One Stage Repair,Nephrology And Urology Procedure,40996.6495
Operations for Hypospadias - Second Stage,Nephrology And Urology Procedure,40768.32684210526
Operations for Incontinence of Urine - Female -Open,Nephrology And Urology Procedure,40866.45
Operations for Incontinence of Urine - Female-Bulking agent,Nephrology And Urology Procedure,40898.16263157895
Operations for Incontinence of Urine - Female-Sling,Nephrology And Urology Procedure,50169.63736842105
Operations for Incontinence of Urine - Male -Open,Nephrology And Urology Procedure,40860.79052631579
Operations for Incontinence of Urine - Male -Sling,Nephrology And Urology Procedure,50804.38263157895
Operations for Incontinence of Urine - Male-Bulking agent,Nephrology And Urology Procedure,40696.221000000005
Operations for Injuries of the Bladder,Nephrology And Urology Procedure,41038.55842105263
Operations for Recurrent Intestinal Obstruction (Noble Plication & Other Operations for Adhesions),Abdomen/GI Surgery Procedure,50486.32842105263
Operations for Replacement of Oesophagus by Colon / Colon-Inter position or Replacement of Oesophagus,Abdomen/GI Surgery Procedure,50162.71055555556
Operations for Sigmoid Diverticulitis,Abdomen/GI Surgery Procedure,41216.2635
Operations for Ureter -for Ectopia of Single Ureter,Nephrology And Urology Procedure,41148.446
Operations for Ureter for -Double Ureters,Nephrology And Urology Procedure,50325.7605
Operations for Varicocele Bilateral --Microsurgical,Nephrology And Urology Procedure,40625.5625
Operations for Varicocele Palomo-s Bilateral - Laparoscopic,Nephrology And Urology Procedure,40959.4235
Operations for Varicocele Palomo-s Unilateral -Laparoscopic,Nephrology And Urology Procedure,33479.2095
Operations for Varicocele Unilateral Microsurgical,Nephrology And Urology Procedure,33301.3675
Operations for Vesicoureteral Reflux (VUR) -Open,Nephrology And Urology Procedure,41078.85421052631
Operations for Vesicoureteral Reflux (VUR)-Lap/Endoscopic,Nephrology And Urology Procedure,50952.8845
Operations for Vesicoureteral Reflux (VUR)/ Urinary incontinence with bulking agents,Nephrology And Urology Procedure,40535.276666666665
Operations for Volvulus of Large Bowel,Abdomen/GI Surgery Procedure,50630.716
Operations of the Duplication of the Intestines - including Exploratory Laparotomy,Abdomen/GI Surgery Procedure,42661.196500000005
Operative Hysteroscopy,Cancer Surgery,24668.5335
Operculectomy- Pericoronal flap excision,Dental Procedure,2006.1515789473683
Oral Cavity Fulguration (Laser),Cancer Surgery,6920.3435
Oral cavity excision-Large lesion Laser.,Cancer Surgery,25135.747222222224
Oral cavity excision-Smnall lesion -Laser.,Cancer Surgery,15706.376500000002
Orbital Abscess incision and Drainage per eye,Ophthalmology Procedure,8487.656500000001
Orbital Angiographical Studies - Bilateral,Ophthalmology Investigation,5010.226842105263
Orbital Exenteration (Paediatric),Cancer Surgery,31085.49
Orbital decompression /with incision or excision biopsy per eye,Ophthalmology Procedure,33442.069
Orbital mass biopsy.,Cancer Surgery,6934.767
Orbital mass excision,Cancer Surgery,25320.8765
Orbitotomy per eye,Ophthalmology Procedure,26162.466
Orchidectomy-Simple,Nephrology And Urology Procedure,25768.80421052632
Orchidopexy - Bilateral -Lap/Endoscopic,Nephrology And Urology Procedure,50779.454
Orchidopexy - Bilateral -Open,Nephrology And Urology Procedure,40843.5415
Orchidopexy - Unilateral -Open,Nephrology And Urology Procedure,33486.138
Orchidopexy - Unilateral- Lap/Endoscopic,Nephrology And Urology Procedure,40423.1835
Oroantral Fistula closure,Dental Procedure,5012.862
Ortho Scanogram,Radiological Investigation,1687.494
Orthoptic check-up- with synoptophore- Both Eyes,Ophthalmology Investigation,199.743
Orthoptic exercises per session,Ophthalmology Physiotherapy,251.594
Osmolality serum,Laboratory Investigation,446.074
Osmolality urine,Laboratory Investigation,453.5068421052631
Osmotic Fragility Test,Laboratory Investigation,295.619
"Osseous, Oste periosteal, or Cartilage graft of the Mandible or Maxilla - autogenous or non-autogenous bone graft",Dental Procedure,2997.8165
Osteoplasty - for Orthognathic deformities/ Mandibular Rami/ Body of Mandible,Dental Procedure,28522.617
Otoplasty,ENT Procedure,32969.651
Ovarian Cystectomy - Laparoscopic.,Obstetrics And Gynaecology Procedure,41026.0595
Ovarian Cystectomy - Laparotomy.,Obstetrics And Gynaecology Procedure,33251.20684210526
Ovarian Mass/Cyst Excision of,Cancer Surgery,25098.531
P ANCA-IFA,Laboratory Investigation,1486.7889473684208
PCR + Sanger Sequencing per Amplicon,Oncology Investigations,850.45
PCR for Herpes simplex,Laboratory Investigation,1403.183
PCR for Human immunodeficiency virus (HIV),Laboratory Investigation,1795.5552631578948
PCR for Tuberculosis (TB),Laboratory Investigation,1199.6861111111111
"PDGFRA (4q12), PDGFRB (5q33), FGFR1 (8p11.2) rearrangement",Oncology Investigations,6039.6720000000005
PDGFRA rearrangement: 4q12,Oncology Investigations,4739.474
PDGFRB rearrangement: 5q33,Oncology Investigations,4699.226000000001
PDL 1,Oncology Investigations,5023.133
PDL-1-28-8 (FDA Approved),Oncology Investigations,7529.806500000001
PFCL Injection Per Eye Including Cost of The Drug,Ophthalmology Procedure,2747.967894736842
PICC Line Removal,Critical Care,996.1131578947368
PICC line (peripherally inserted Central Cannulisation),Critical Care,4998.7085
PIK3CA GENE MUTATION,Oncology Investigations,5425.041
PIK3CA Mutation Testing,Oncology Investigations,5797.714
PLA2 receptor antibody quantitative,Laboratory Investigation,4192.4625
"PML-RARA t(15;17), variants",Oncology Investigations,5261.9935
PRA Screen,Oncology Investigations,2998.3605
PSMA PET CT Scan,Nuclear Medicine Investigation,14865.918421052633
PTH(Parathormone),Laboratory Investigation,1006.6894736842104
PTK- Phototherapeutic keratectomy /PRK for keratoconus per eye,Ophthalmology Procedure,13425.321
PTPRT: Deletion 20q,Oncology Investigations,4709.247
Packed Cell Volume (PCV),Laboratory Investigation,50.388
Paediatric Rehabilitation (per session),Physiotherapy,300.75894736842105
Paediatric cataract surgery +parsplana capsulotomy + anterior vitrectomy excluding the cost of IOL - Both Eyes,Ophthalmology Procedure,23668.970500000003
Paediatric cataract surgery +parsplana capsulotomy + anterior vitrectomy excluding the cost of IOL - one eye,Ophthalmology Procedure,18919.404
Palatopharyngoplasty,ENT Procedure,33377.206
Palliative Bowel Bypass,Cancer Surgery,25232.4155
Pan endoscopy.,Cancer Surgery,15796.285
Pancreas Triple Bypass,Cancer Surgery,25175.313157894736
Pancreas Tumor Enucleation,Cancer Surgery,31794.778
Pancreatectomy Distal,Cancer Surgery,31828.36
Pancreatectomy Subtotal,Cancer Surgery,44931.8585
Pancreatectomy Total,Cancer Surgery,56036.85799999999
Pancreatectomy Whipple's Procedure,Cancer Surgery,56723.68894736843
Pancreatic Fistula Closure,Cancer Surgery,31755.487222222226
Pancreatic Ring Operation,Paediatric Surgery Procedure,49901.4665
Pancreatic sphincterotomy by ERCP,Gastroenterology / Endoscopic Procedures,18983.264000000003
Pancreatic stone extraction by ERCP,Gastroenterology / Endoscopic Procedures,19109.94842105263
Pancreatic stricture dilatation by ERCP,Gastroenterology / Endoscopic Procedures,19032.3155
Pancreaticoduodenctomy,Cancer Surgery,56281.131
Pancreaticoduodenectomy (Whipple's procedure),Abdomen/GI Surgery Procedure,50216.3775
Panel Reactive Antibodies (PRA) class I,Oncology Investigations,3008.6205
Panel Reactive Antibodies (PRA) class II,Oncology Investigations,3081.78
Pap Smear,Laboratory Investigation,397.981
Paracentesis (eye) per eye,Ophthalmology Procedure,5047.867
Paraneoplastic Panel,Laboratory Investigation,9950.393
Paraspinal Tumor Excision,Cancer Surgery,31325.932631578948
Parathyroid Scan,Nuclear Medicine Investigation,7333.1175
Parathyroid excision.,Cancer Surgery,25149.78052631579
Parotidectomy - Superficial,ENT Procedure,33250.005263157895
Parotidectomy - Total,ENT Procedure,41372.43473684211
Parotidectomy with neck dissection.,Cancer Surgery,30980.335
Parotidectomy-Radical/Superficial/ Total.,Cancer Surgery,31469.2305
"Paroxysmal Nocturnal Haemoglobinuria (PNH) Panel- CD55, CD59",Laboratory Investigation,1510.8705555555557
Pars plana lensectomy with/without IOL excluding the cost of IOL per eye,Ophthalmology Procedure,16282.295789473685
Partial Amputation of Pinna,ENT Procedure,13328.748499999998
Partial Amputation of the Penis,Nephrology And Urology Procedure,33212.29
Partial Cystectomy,Nephrology And Urology Procedure,50483.0085
Partial Nephrectomy -open,Nephrology And Urology Procedure,41211.0047368421
Partial Nephrectomy-Laparoscopic/Endoscopic,Nephrology And Urology Procedure,50486.651
Partial Ostectomy / sequestrectomy for removal of non-vital bone,Dental Procedure,2008.0535
Partial Thyroidectomy (lobectomy),ENT Procedure,33211.16
Partial/Subtotal Gastrectomy for Ulcer,Abdomen/GI Surgery Procedure,50663.1
Patent Ductus Arteriosus (PDA)-Device Closure,Cardiovascular And Cardiac Surgery Procedure,105639.984
Pelvi-acetabular fracture -Internal fixation,Orthopaedics Procedure,60064.85
Pelvic Exenteration Total,Cancer Surgery,56783.89578947369
Pelvic Floor Repair(Rectocele +/- Cystocele +/- Enterocele),Obstetrics And Gynaecology Procedure,33335.0565
Pelvic Neuroblastoma Excision,Cancer Surgery,56849.763
Pelvic Posterior Exenteration,Cancer Surgery,56933.878500000006
"Pelvic USG (gynae, infertility, prostate , KUB with post- void residual (PVR) etc ).",Radiological Investigation,500.3295
Penetrating keratoplasty with IOL implantation per eye,Ophthalmology Procedure,33405.77333333334
Penetrating keratoplasty with glaucoma surgery per eye,Ophthalmology Procedure,33367.009473684215
Penetrating keratoplasty with vitrectomy per eye,Ophthalmology Procedure,33195.50578947368
Peneumonectomy Partial/Total,Cancer Surgery,15785.386111111113
Penile Reconstruction,Cancer Surgery,31739.9965
Per Day Ward charges,Ward charges,1512.4795
Percutaneous Drainage of Perinephric Abscess -Ultrasound guided,Nephrology And Urology Procedure,13524.459
Percutaneous Nephrolithotomy (PCNL) - Bilateral,Nephrology And Urology Procedure,59484.16111111111
Percutaneous Nephrolithotomy (PCNL) - Unilateral,Nephrology And Urology Procedure,50380.996
Percutaneous Transhepatic Biliary Drainage (PTBD),Gastroenterology/Interventional Radiology Procedures,19103.7565
Percutaneous Vertebral Biopsy,Cancer Surgery,25498.961
Percutaneous transhepatic cholangiography (PTC),Interventional Radiological Procedure,1795.7485
Perforating injury repair (eye) per eye,Ophthalmology Procedure,12653.516
Perforation of Uterus after D/E Laparotomy & Closure,Obstetrics And Gynaecology Procedure,18821.096
Pericardial Tap,Cancer Surgery,6941.6765
Pericardiectomy,Cancer Surgery,24942.7795
Pericardiectomy,Cardiovascular And Cardiac Surgery Procedure,142675.191
Pericardiocentesis,Cardiovascular And Cardiac Surgery Procedure,10009.0255
Perimetry (Visual Field Testing) -Goldman- Both Eyes,Ophthalmology Investigation,495.4147368421053
Perimetry /Humphrey Visual Field (HVF ) test- Automated- Both Eyes,Ophthalmology Investigation,801.9795
Perineal Urethrostomy,Nephrology And Urology Procedure,32997.9305
Peripheral Angioplasty with Vascular Closure Device (VCD) excluding the cost of Stent,Cardiology Procedure,58024.2295
Peripheral Angioplasty without Vascular Closure Device (VCD) excluding the cost of Stent,Cardiology Procedure,50201.61578947369
Peripheral Nerve Surgery - Major,Neuro-Surgery Procedure,59888.3155
Peripheral Nerve Surgery Minor,Neuro-Surgery Procedure,49622.824
Peripheral Smear Examination,Laboratory Investigation,100.6585
Peritoneal Dialysis,Nephrology And Urology Procedure,3619.717368421053
Peritonsillar abscess Drainage under LA,ENT Procedure,8500.3015
Permanent pacemaker implantation (PPI)- Biventricular excluding the cost of pacemaker,Cardiology Procedure,51786.9625
Permanent pacemaker implantation (PPI)- Single Chamber excluding the cost of Pacemaker,Cardiology Procedure,33475.96631578948
Permanent pacemaker implantation- Dual Chamber excluding the cost of Pacemaker,Cardiology Procedure,44409.668
Permcath Insertion excluding the cost of the catheter,Nephrology And Urology Procedure,8536.5435
Peustow's Procedure,Cancer Surgery,31479.21315789474
Peyronie-s Disease - Plaque excision with grafting,Nephrology And Urology Procedure,33020.079
Ph-like ALL Panel (4 Markers),Oncology Investigations,5319.4835
Ph: t(9;22) karyotyping,Oncology Investigations,3991.380526315789
Phaco with foldable IOL (silicone and acrylic)/PMMA IOL / MICS surgery excluding the cost of IOL per eye,Ophthalmology Procedure,16162.778
Pharyngeactomy-Partial.,Cancer Surgery,25376.4445
Pharyngoplasty,ENT Procedure,40739.16052631579
Phimosis Under LA,General Surgery,5976.617894736843
Phonosurgery,ENT Procedure,25878.39157894737
Phosphorus-32 therapy for metastatic bone pain palliation,Radio-Isotope Therapy,14281.535999999998
Phototherapy per session (up to 6 Hours),Critical Care,401.412
Piles banding,Gastroenterology / Endoscopic Procedures,4986.342631578948
Placement of Intracranial pressure (ICP) Monitor,Neuro-Surgery Procedure,26051.7085
Plaque brachytherapy-intraocular affected eye,Ophthalmology Procedure,19990.0075
Plaque brachytherapy-surface affected eye,Ophthalmology Procedure,14964.695499999998
Plasma Exchange/ Plasmapheresis,Nephrology And Urology Procedure,19028.1475
Plasma Free Normetanephrine,Laboratory Investigation,2272.714
Plasma Metanephrines,Laboratory Investigation,2294.4735
Plasma renin activity,Laboratory Investigation,1589.13
Plaster Jacket,Orthopaedics Procedure,5962.3755
Plaster Work,Orthopaedics Procedure,4972.5455
Plastic Surgery for Facial Paralysis (Support with Reanimation),Burns And Plastic Surgery Procedure,41176.233
Plastic Surgery of Different Regions of the Ear -Major,Burns And Plastic Surgery Procedure,40362.1465
Plastic Surgery of Different Regions of the Ear -Minor,Burns And Plastic Surgery Procedure,33142.482
Plastic Surgery of the Nose - Major,Burns And Plastic Surgery Procedure,41276.9405
Plastic Surgery of the Nose - Minor,Burns And Plastic Surgery Procedure,26133.61578947369
Plate Fixations for Fracture Neck Femur,Orthopaedics Procedure,50385.257
Platelet Concentrate - Single Donor Platelet (SDP)- Apheresis per unit,Blood Component Charges,10909.8365
Platelet Concentrate Test,Laboratory Investigation,992.262
Platelet Concentrate- Random Donor Platelet (RDP),Blood Component Charges,395.27263157894737
Platelet Count,Laboratory Investigation,99.3865
Platelet Function Tests,Laboratory Investigation,1275.5745000000002
Pleoptic exercises per session,Ophthalmology Physiotherapy,250.6335
Pleural Tap,Cancer Surgery,6971.8285000000005
Pleurodesis Talc,Cancer Surgery,15600.45052631579
Ploidy analysis,Oncology Investigations,3960.064210526316
Pneumonectomy,Cancer Surgery,44045.788
Pneupac Ventilator in Nursery (Per day),Critical Care,2588.9378947368423
Polyp removal Nose (Septal polyp),ENT Procedure,8496.21052631579
Polyp removal ear,ENT Procedure,4937.8675
Polyp removal under GA (Larynx),ENT Procedure,9298.648
Polyp removal under LA (Larynx),ENT Procedure,5046.8925
Polysomnography (PSG) / Level I Sleep study including Room Rent and Titration,Neurology Investigation,9029.3985
Popliteal Clearance of Nodes,Cancer Surgery,25390.681
Portal Haemodynamic Studies,Gastroenterology/Interventional Radiology Procedures,8522.8915
Portocaval Anastomosis,Abdomen/GI Surgery Procedure,60186.062
Post Coital Smear Examination,Laboratory Investigation,397.4985
Post-Transplant Collection drainage for Lymphocele (Laparoscopic),Nephrology And Urology Procedure,19054.23421052632
Post-Transplant Collection drainage for Lymphocele (open),Nephrology And Urology Procedure,9139.19052631579
Post-Transplant Collection drainage for Lymphocele (percutaneous),Nephrology And Urology Procedure,13184.761000000002
Posterior Cruciate Ligament (PCL) Reconstruction,Orthopaedics Procedure,72339.00421052631
Posterior Urethral Valve fulguration.,Nephrology And Urology Procedure,33489.3835
Premaxillectomy.,Cancer Surgery,25227.5505
Primary Bone Grafting for Alveolar Cleft in Cleft Lip,Burns And Plastic Surgery Procedure,40848.8045
Probing and Syringing of lacrimal sac- in both eye,Ophthalmology Procedure,1488.438
Probing and Syringing of lacrimal sac- in one eye,Ophthalmology Procedure,1002.9563157894736
Procalcitonin,Laboratory Investigation,2069.932105263158
Progesterone,Laboratory Investigation,394.938
Programmable Ventriculo-Peritoneal (VP) shunt excluding the cost of the Device,Neuro-Surgery Procedure,60079.32526315789
Prolactin,Laboratory Investigation,402.61
Prolapse Rectum - Rectopexy,Abdomen/GI Surgery Procedure,14681.868
Prolapse Rectum - Thiersch Wiring,Abdomen/GI Surgery Procedure,25949.50894736842
Prostate Biopsy,Cancer Surgery,15761.2215
Prostate Specific Antigen (PSA)- Total,Laboratory Investigation,476.3135
Prostate Transurethral Resection of Ureter Resection Anastomosis,Cancer Surgery,44482.4405
Prostate-Specific Antigen (PSA) - Free,Laboratory Investigation,799.4805
Prostatectomy Radical,Cancer Surgery,44272.511666666665
Prosthetic Surgery for urinary incontinence,Nephrology And Urology Procedure,40705.1335
"Protein Creatinine Ratio (PCR), Urine / Albumin Creatinine Ratio (ACR), Urine",Laboratory Investigation,151.6438888888889
Prothrombin Time (PT)/ International normalized ratio (INR),Laboratory Investigation,249.0005
Proximal Femur Nail (PFN) for IT fracture (Intertrochanteric Fractures),Orthopaedics Procedure,49686.01736842105
Pterygium surgery with auto conjunctival graft per eye,Ophthalmology Procedure,13330.0835
Ptosis surgery with Fasanella-Servat procedure /Ptosis surgery with LPS resection one lid Ptosis surgery with Sling surgery one lid,Ophthalmology Procedure,19061.4995
Pull Through Abdominal Resection,Abdomen/GI Surgery Procedure,50270.005
Pulmonary Artery Banding (PA Banding) Septostomy,Cardiovascular And Cardiac Surgery Procedure,144284.535
Pulmonary Function Test (PFT) / (Spirometry with Diffusing Capacity of the Lungs for Carbon monoxide (DLCO),Pulmonology Investigation,500.40263157894736
Pulpectomy (Anterior Tooth),Dental Procedure,1989.9215
Pulpectomy (Posterior Tooth),Dental Procedure,2983.9673684210525
Pulpotomy,Dental Procedure,1004.884705882353
Punch/Wedge biopsy,Biopsies,2958.5585
Punctal plug(Collagen/silicone) per eye,Ophthalmology Procedure,4012.0027777777777
Punctal plugs for dry eyes - Both Eyes,Ophthalmology Procedure,449.3475
Punctoplasty (per eye),Ophthalmology Procedure,6423.198
Pure Tone Audiogram / Pure Tone Audiometry / PTA,ENT Investigation,450.017
Pyelolithotomy -Laparoscopic/endoscopic,Nephrology And Urology Procedure,50355.818
Pyelolithotomy-open,Nephrology And Urology Procedure,59862.433
Pyloric balloon dilatation,Gastroenterology / Endoscopic Procedures,8556.780526315788
Pyloromyotomy,Abdomen/GI Surgery Procedure,25994.276842105264
"Quadruple test (AFP,HCG,UE3,Inhibin A)",Laboratory Investigation,2382.888947368421
QuantiFERON TB Gold,Laboratory Investigation,2512.7905
RARA Variant - ZBTB16 / RARA : t(11;17) (1 marker),Oncology Investigations,2984.2265
RB TTT/ Cryotherapy affected eye,Ophthalmology Procedure,4498.642
RB intravitreal/intravenous/subtenons chemotherapy affected eye excluding the cost of the chemotherapy drug,Ophthalmology Procedure,3512.041052631579
RCT Multiple root and/ canal tooth,Dental Procedure,2998.0015
RCT-Single Rooted tooth,Dental Procedure,1997.77
RHOA Mutation Detection Assay,Oncology Investigations,7039.4215
RNS( Repetitive Nerve stimulation),Neurology Investigation,1605.683
ROS 1,Oncology Investigations,9821.935
RQ PCR based assay for MRD monitoring of Acute Leukaemia,Oncology Investigations,9540.338
RQ-PCR BCR-ABL (P210),Oncology Investigations,11010.495
RQ-PCR PML-RARA,Oncology Investigations,10883.391500000002
"RT-PCR Multiplex, Acute Leukaemia Panel",Oncology Investigations,7353.363684210526
"RT-PCR Multiplex, BCR-ABL (P190, P210)",Oncology Investigations,6372.402
"RT-PCR Nested, IGH Chain Gene Rearrangement /TCR Gene Rearrangement",Oncology Investigations,4602.345263157895
Radical Cystectomy,Cancer Surgery,56290.4605
Radical Hysterectomy + Pelvic Lymphadecectomy (Wertheims),Cancer Surgery,44397.293
Radical Nephrectomy (Paed.) + Bowel Excl.,Cancer Surgery,43563.67736842105
Radical Nephrectomy (Paediatric),Cancer Surgery,31747.701
Radical/Simple Mastectomy,Cancer Surgery,31413.21736842105
Radio Ablation of Varicose Veins (RFA Ablation) excluding the cost of RFA Catheter,Cardiovascular And Cardiac Surgery Procedure,9378.179
Radiofrequency (RF) Ablation Atrial Tachycardia/CARTO,Cardiology Procedure,167884.194
Radiofrequency (RF) Ablation Conventional,Cardiology Procedure,92635.6794736842
Radiofrequency (RF) Lesion for Trigeminal Neuralgia,Neuro-Surgery Procedure,50010.95105263158
Radiofrequency (RF) lesion for facet joint pain syndrome,Neuro-Surgery Procedure,60010.4775
Radionuclide Cisternography for CSF leak,Nuclear Medicine Investigation,6847.761
Radiosynovectomy with Yttrium,Radio-Isotope Therapy,25087.7475
Radius Lower End Excision,Cancer Surgery,25070.2835
Radius Lower End Excision + Wrist Fusion,Cancer Surgery,31493.194736842102
Ranula Excision,ENT Procedure,18929.5405
Rapid Test for Malaria (Card Test)/QBC Malaria Test,Laboratory Investigation,99.42842105263158
"Rare Hernias Repair (Spigelian, Obturator, Lumbar, Sciatic) - excluding the cost of mesh and tacker",Abdomen/GI Surgery Procedure,40548.6725
Ray Amputation,Cancer Surgery,25298.0915
Re-Exploration,Cancer Surgery,31079.245000000003
Re-RCT - Anterior,Dental Procedure,2489.1885
Re-RCT - Posterior,Dental Procedure,2965.9263157894734
Re-suturing (Primary suturing) of corneal wound per eye,Ophthalmology Procedure,5006.0115
Reconstruct. With Interpolation. Composite Flap,Cancer Surgery,31451.7655
Reconstruct. With Local Skin/Mucosal Flap,Cancer Surgery,25373.044
Reconstruct. With Single Flap (H & N),Cancer Surgery,25037.621578947368
Reconstruct. With Skin/Mucosal Graft,Cancer Surgery,15723.708421052632
Reconstruction With Anatomical Closure,Cancer Surgery,25345.905789473687
Reconstruction With Double Flaps (Head and Neck),Cancer Surgery,31536.826500000003
Reconstruction With Flap (Chest & Abdominal),Cancer Surgery,43825.874
Reconstruction of Eyelid Defects - Major,Burns And Plastic Surgery Procedure,33320.995500000005
Reconstruction of Eyelid Defects - Minor,Burns And Plastic Surgery Procedure,26151.297777777778
Rectal Biopsy (Megacolon),Paediatric Surgery Procedure,19072.707777777778
Rectal Polyp-Excision,Abdomen/GI Surgery Procedure,14248.88
Rectovaginal Fistula (RVF) Repair,Obstetrics And Gynaecology Procedure,40740.4555
Rectum Anterior Resection,Cancer Surgery,31289.1585
Rectum Local Excision,Cancer Surgery,25050.28842105263
Rectum Post Exenteration,Cancer Surgery,44338.0815
Reduction of Paraphimosis,Nephrology And Urology Procedure,6036.6578947368425
Refraction with auto refraction - Both Eyes,Ophthalmology Investigation,202.1065
Release of fibrous bands & grafting in (OSMF) treatment under GA,Dental Procedure,19200.1615
Removable Partial Denture - Acrylic Up to 3 teeth,Dental Procedure,2001.8905263157887
Removable Partial Denture - Cast Metal (additional Per tooth),Dental Procedure,299.0
Removable Partial Denture - Cast Metal Up to 3 Teeth,Dental Procedure,4050.9695
Removable Partial Denture - Flexible Per Arch,Dental Procedure,7544.811500000001
Removable Partial Denture - Tooth Addition (per tooth),Dental Procedure,297.48
Removable orthodontic appliance / Post Orthodontic R O A -per arch,Dental Procedure,2501.1655
Removal Of Foreign Bodies -without C-ARM,General Surgery,1502.036
Removal of - Lateral Exostosis/Torus Mandibularis/Torus Palatines/Surgical reduction of Osseous Tuberosity,Dental Procedure,2993.1275
Removal of IUD/IUCD/Pessary,Obstetrics And Gynaecology Procedure,1005.249
Removal of Plates,Orthopaedics Procedure,26143.9905
Removal of Submandibular Salivary gland,ENT Procedure,26136.0005
Removal of Sutures (All),General Procedure,198.73263157894732
Removal of Wires & Screw,Orthopaedics Procedure,12761.724210526316
Removal of corneal foreign body,Ophthalmology Procedure,404.814
Removal of foreign body From Ear/otoscopy diagnostic or therapeutic,ENT Procedure,693.0640000000001
Removal of foreign body From Nose,ENT Procedure,701.988
Renal Angioplasty excluding the cost of Stent,Cardiology Procedure,57620.91684210526
Renal Cortical Scintigraphy with Technetium 99m Dimercaptosuccinic acid (DMSA)/DTPA,Nuclear Medicine Investigation,3981.6395
Repair of Common Bile Duct (CBD),Abdomen/GI Surgery Procedure,40947.672
Repair of Parotid Duct,ENT Procedure,26093.316
Repair of Ureterocele -Endoscopic incision,Nephrology And Urology Procedure,33300.68736842106
Repair of Ureterocele -Lap/Endoscopic,Nephrology And Urology Procedure,40958.83
Repair of Ureterocele -Open,Nephrology And Urology Procedure,40503.268
Repetitive nerve stimulation (RNS)-Decremental response (before and after neostigmine),Neurology Investigation,1510.4025
Repetitive nerve stimulation (RNS)-Incremental response,Neurology Investigation,1489.5568421052633
Resection & Anastomosis of Small Intestine,Abdomen/GI Surgery Procedure,49719.7025
Resection Bladder Neck Endoscopic / Bladder neck incision / transurethral incision on prostrate,Nephrology And Urology Procedure,40818.618
Resection Enucleation of thyroid Adenoma,ENT Procedure,26038.8485
Rest Thallium / Myocardial Perfusion Scintigraphy,Cardiology Investigation,9595.502
Resuscitation/CPR/Intubation,Critical Care,1501.9665
Reticulocyte Count,Laboratory Investigation,100.99736842105264
Retinal detachment surgery (RDS) per eye,Ophthalmology Procedure,26314.609000000004
Retinal detachment surgery (RDS) with scleral buckling per eye,Ophthalmology Procedure,33105.044210526314
"Retinal laser procedures -green laser for PRP,retinal tears, ROP,endolaser per eye",Ophthalmology Procedure,3469.8315789473686
Retinoblastoma Excision (Paediatric),Cancer Surgery,25183.754
Retinoblastoma[RB] EUA both eyes,Ophthalmology Procedure,3015.0605
Retro Peritoneal Tumour Removal,Abdomen/GI Surgery Procedure,50896.09684210526
Retrograde Intrarenal Surgery (RIRS)/ Flexible Ureteroscopy,Nephrology And Urology Procedure,60075.962
Retrograde Urethrography (RGU),Radiological Investigation,1132.6585
Retromastoid Craniotomy,Cancer Surgery,56549.36899999999
Retroperitoneal Lymph Node Biopsy (Exploration),Cancer Surgery,25049.07105263157
Retroperitoneal Lymph Node Diss. Nerve Sp,Cancer Surgery,57016.728
Retroperitoneal Lymphadenectomy,Cancer Surgery,57261.58722222222
Retroperitoneal Sarcoma,Cancer Surgery,43819.235
Retroperitoneal Sarcoma + Visceral Exc.,Cancer Surgery,57231.33150000001
Retroperitoneal Tumor + Bowel Excision,Cancer Surgery,43805.5805
Retroperitoneal Tumor + Ureter Excision of,Cancer Surgery,56385.80684210527
Retroperitoneal Tumor Excision,Cancer Surgery,56539.4495
Rh Antibody Titre,Laboratory Investigation,300.0115
Rheumatoid Factor / Rh Factor Test,Laboratory Investigation,741.6921052631578
Rhinoplasty- Non-cosmetic,ENT Procedure,33224.31
Rib Excision Only,Cancer Surgery,25051.7095
Right Hemicolectomy,Abdomen/GI Surgery Procedure,33458.398
Rigid Sigmoidoscopy,Cancer Surgery,6877.306500000001
Root end resection and Retro grade filling,Dental Procedure,2996.804
Rota Virus serology,Laboratory Investigation,401.044
Rotablation excluding the cost of Rotablator Burr/Advancer,Cardiology Procedure,58424.7225
Rotationplasty,Cancer Surgery,44378.6175
Rotator cuff repair / RC repair,Orthopaedics Procedure,59793.41736842105
Routine - H & E,Laboratory Investigation,547.6510000000001
Rupture Uterus Closure & Repair with Tubal Ligation,Obstetrics And Gynaecology Procedure,40682.4975
Ryles Tube Insertion,Critical Care,899.9174999999999
S/C Fossa Gland Dissection,Cancer Surgery,15756.657
SCL 70 Antibody,Laboratory Investigation,1689.837894736842
SSA- Antibody Ro Serum Test,Laboratory Investigation,1450.1664705882354
SSB- Antibody La Serum Test,Laboratory Investigation,1466.864
STR Panel studies,Oncology Investigations,4468.61
STS Excision (Paediatric),Cancer Surgery,25302.1395
Sacral Chordomas,Cancer Surgery,31490.9395
Sacral Tumors,Cancer Surgery,44082.10263157894
Sacral tumors excision (combined approach),Cancer Surgery,56283.16315789474
Sacro-Coccygeal Teratoma Excision,Paediatric Surgery Procedure,40861.7715
Samarium-153 therapy for metastatic bone pain palliation,Radio-Isotope Therapy,19750.326500000003
Scalene Node Biopsy,Biopsies,9189.7565
Scaling,Dental Procedure,1009.279
Scalp tumor+skull bone excision.,Cancer Surgery,25233.9455
Scapulectomy Partial/Total,Cancer Surgery,25186.0195
Schirmer Test,Ophthalmology Investigation,299.95
Scintimammography.,Nuclear Medicine Investigation,6011.4215
Scleral Fixation Tissue glue /fibrin glue per eye,Ophthalmology Procedure,8459.980000000001
Scleral graft for scleral melting or perforation per eye,Ophthalmology Procedure,12759.015
Scleral grafting or conjunctival flap for corneal perforation per eye,Ophthalmology Procedure,8647.780555555555
Sclerotherapy Injection / Banding of Haemorrhoids (cost of drug/sclerotherapy agent/band extra),General Surgery,695.6795
Sclerotherapy of oesophageal varices,Gastroenterology / Endoscopic Procedures,8543.342
Scoliosis Surgery/ Deformity Correction of Spine,Orthopaedics Procedure,92840.917
Scrotal Exploration,Nephrology And Urology Procedure,25979.1865
Scrotectomy,Cancer Surgery,25173.855
Scrub Typhus IgM,Laboratory Investigation,1598.0084210526315
Second Look Laparoscopy,Cancer Surgery,25227.42894736842
Second Look Laparotomy,Cancer Surgery,25386.0325
Secondary IOL implantation- AC IOL PC IOL or scleral fixated IOL excluding the cost of IOL per eye,Ophthalmology Procedure,18881.4805
Secondary Surgery for Cleft Lip Deformity,Burns And Plastic Surgery Procedure,40379.487
Secondary Surgery for Cleft Palate,Burns And Plastic Surgery Procedure,41216.555
Secondary Suturing (Thoracic),Cancer Surgery,15795.96894736842
Secondary suture of wounds,General Surgery,4360.603684210527
Segmental / Hemi Mandibulectomy with graft,Dental Procedure,23971.388
Segmental /Hemi Mandibulectomy without graft,Dental Procedure,18896.314736842105
Segmental Hepatecomy,Cancer Surgery,31350.805
Segmental Resection Lower Limb + Replacemen,Cancer Surgery,31044.822
Selective Vagotomy & Drainage,Abdomen/GI Surgery Procedure,50578.703
Semen Analysis (Automated/Manual),Laboratory Investigation,252.125
Sengstaken Blakemore (SB) Tube Tamponade,Gastroenterology / Endoscopic Procedures,9260.344736842104
Senning/Arterial Switch Operation (ASO) with graft,Cardiovascular And Cardiac Surgery Procedure,171394.6325
Septal Perforation Repair,ENT Procedure,26105.756
Septo-Rhinoplasty,ENT Procedure,40869.557368421054
Septoplasty,ENT Procedure,26187.9595
Septostomy- Blade,Cardiovascular And Cardiac Surgery Procedure,59890.225
Sequestrectomy & Saucerisation,Orthopaedics Procedure,33244.394
Sequestrectomy & Saucerizations -Arthrotomy,Orthopaedics Procedure,32804.87631578947
Serum AMA M2 (IFA Method),Laboratory Investigation,2000.7585
Serum Ammonia,Laboratory Investigation,668.869
Serum Amylase,Laboratory Investigation,301.2955
Serum Bicarbonate,Laboratory Investigation,200.069
Serum Bilirubin total & direct,Laboratory Investigation,150.2545
Serum Calcium - Ionic,Laboratory Investigation,600.3405
Serum Calcium -Total,Laboratory Investigation,148.9155
Serum Ceruloplasmin,Laboratory Investigation,646.7694736842105
Serum Cholesterol,Laboratory Investigation,151.69894736842105
Serum Chromogranin A,Laboratory Investigation,3836.151
Serum Copper,Laboratory Investigation,649.6247368421052
Serum Creatinine,Laboratory Investigation,100.73526315789474
Serum Electrophoresis,Laboratory Investigation,697.368
Serum Erythropoietin,Laboratory Investigation,1199.0755
Serum Ferritin,Laboratory Investigation,351.1695
Serum Gastrin,Laboratory Investigation,1189.193
Serum Glutamic Oxaloacetic Transaminase (SGOT) /Aspartate Aminotransferase (AST),Laboratory Investigation,100.1757894736842
Serum Glutamic Pyruvic Transaminase (SGPT) / Alanine Aminotransferase (ALT),Laboratory Investigation,100.088
Serum Haptoglobin Levels,Laboratory Investigation,987.3925
Serum IgE Level,Laboratory Investigation,380.2805
Serum Iron,Laboratory Investigation,249.55052631578948
Serum Lactate,Laboratory Investigation,494.0994736842105
Serum Lipase,Laboratory Investigation,403.3725
Serum Magnesium,Laboratory Investigation,300.065
Serum Phosphorus,Laboratory Investigation,148.8435
Serum Potassium,Laboratory Investigation,121.23736842105264
Serum Protein electrophoresis with immunofixation electrophoresis (IFE),Laboratory Investigation,696.7104999999999
Serum Sodium,Laboratory Investigation,120.485
Serum Testosterone,Laboratory Investigation,398.3535
Serum Uric Acid,Laboratory Investigation,150.49200000000002
Serum aldosterone,Laboratory Investigation,1812.7235
Serum aldosterone/renin ratio,Laboratory Investigation,1481.463
Serum phenobarbitone level,Laboratory Investigation,596.617
Sex hormone binding globulin,Laboratory Investigation,1548.075
Shirodkar-s sling Operation or other sling operations for prolapse uterus,Obstetrics And Gynaecology Procedure,18953.042
Shirodkar/ McDonald stitch//Cervical Stitch(Cerclage),Obstetrics And Gynaecology Procedure,12701.375
Shock Wave Therapy/Matrix Rhythm Therapy/Laser/PEMF -Pulse Electro Magnetic Therapy (per session),Physiotherapy,394.9942105263158
Short Increment Sensitivity Index (SISI) Tone Decay,ENT Investigation,405.0984210526316
Shoulder Disarticulation,Cancer Surgery,25466.30421052632
Shoulder spica,Orthopaedics Procedure,8520.9705
Shoulder/Elbow Arthrodesis,Cancer Surgery,31775.5
Sialolithotomy/Sialodocotomy/ Closure of Salivary Fistula,Dental Procedure,2004.8085
Silicone Oil injection (per eye),Ophthalmology Procedure,4997.142105263158
Silicone oil removal per eye,Ophthalmology Procedure,9278.916
Simple Closure of Perforated peptic Ulcer,Abdomen/GI Surgery Procedure,33076.783500000005
Simple Cystectomy,Nephrology And Urology Procedure,40355.197
Simple limbal stem cell transplant SLET per eye,Ophthalmology Procedure,19911.86421052632
Simple/Radical/Modified radical Mastectomy.,Cancer Surgery,31444.5735
Single Antigen Class I,Oncology Investigations,12951.978
Single Antigen Class II,Oncology Investigations,12886.2485
Single Hip spica,Orthopaedics Procedure,7126.0740000000005
Single balloon enteroscopy,Gastroenterology / Endoscopic Procedures,13358.2315
Single drug Chemotherapy,Chemotherapy,1668.7311111111112
Single lumen Jugular Catheterization,Nephrology And Urology Procedure,5026.586842105263
Single lumen Subclavian Catheterization,Nephrology And Urology Procedure,5009.738888888889
Sinogram,Cardiology Investigation,1996.2445
Skeletal Reconstruction (Extremity),Cancer Surgery,31378.4065
Skeletal Reconstruction (Head & Neck),Cancer Surgery,56103.68421052631
Skin Biopsy,Biopsies,1250.64
Skin Flaps - Abdominal,Burns And Plastic Surgery Procedure,32710.2535
Skin Flaps - Advancement Flaps,Burns And Plastic Surgery Procedure,33068.63578947368
Skin Flaps - Arm Etc.,Burns And Plastic Surgery Procedure,26098.63736842105
Skin Flaps - Cross Finger,Burns And Plastic Surgery Procedure,33279.20894736842
Skin Flaps - Direct- cross Leg Flaps- Cross Arm Flap,Burns And Plastic Surgery Procedure,40748.576
Skin Flaps - Rotation Flaps,Burns And Plastic Surgery Procedure,25703.0345
Skin Flaps - Thoracic,Burns And Plastic Surgery Procedure,26387.518
Skin Prick Test for Allergy,Laboratory Investigation,1811.1285
Skull Base Surgery,ENT Procedure,50546.16263157895
Skull Traction Application,Neuro-Surgery Procedure,9133.435
Slide / Images for Second Opinion- Cancer Cytogenetics,Oncology Investigations,929.807894736842
Slow continuous Ultrafiltration,Nephrology And Urology Procedure,8478.634
Small Bowel By-Pass (Multiple)/(Single),Cancer Surgery,25198.2615
Small Bowel Manometry,Gastroenterology / Endoscopic Procedures,9916.837
Small Bowel Resection Anastomosis,Cancer Surgery,25176.5065
Small Incision Cataract Surgery (SICS) with IOL excluding the cost of IOL per eye,Ophthalmology Procedure,12775.43
Small bowel enteroclysis,Radiological Investigation,1984.319
Smear for Malaria/Filaria Parasite,Laboratory Investigation,100.18052631578948
Soft Tissue Operation on Joints -Large,Orthopaedics Procedure,41100.783
Soft Tissue Operation on Joints -Small,Orthopaedics Procedure,26003.7935
Soft Tissue Operations for Congenital Talipes Equinovarus (CTEV),Orthopaedics Procedure,32939.11555555555
Soft Tissue Operations for Polio/ Cerebral Palsy,Orthopaedics Procedure,33261.78
Soft Tissue Wide Excision,Cancer Surgery,25148.883684210527
Soft Tissue Wide Excision + Implant,Cancer Surgery,25197.3655
Soft Tissue Wide Excision + SSG,Cancer Surgery,25218.569
Soft Tissue Wide Excision Reconstruction,Cancer Surgery,31531.524
Somatosensory evoked potentials (SSEP),Neurology Investigation,1512.2055
Space Maintainers - Fixed,Dental Procedure,4016.4105
Spasticity Surgery,Neuro-Surgery Procedure,50741.6015
Special Stain,Laboratory Investigation,201.865
Special education per session of at least 40 minutes,Behavioural therapy,403.743
Speech Assessment,ENT Investigation,398.6505
Speech Discrimination Score,ENT Investigation,403.2845
Speech Therapy per session of at least 40 minutes,Behavioural Therapy,397.4635
Spinal Bifida Surgery Major,Neuro-Surgery Procedure,59158.53631578947
Spinal Bifida Surgery Minor,Neuro-Surgery Procedure,50548.845
Spinal Decompression,Cancer Surgery,31538.4005
Spinal Fixation Cervical/dorsolumbar/ lumbosacral,Orthopaedics Procedure,145344.1795
Spinal Fusion Procedure,Neuro-Surgery Procedure,72548.977
Spinal Fusion Surgery Cervical/ Lumbar Spine -More than 2 Level,Orthopaedics Procedure,77847.75
Spinal Injections,Orthopaedics Procedure,4702.1005
Spinal Osteotomy,Orthopaedics Procedure,50569.405
Splenectomy,Cancer Surgery,25151.9655
Splenectomy - For Hypersplenism,Abdomen/GI Surgery Procedure,59983.8965
Splenectomy - For Trauma,Abdomen/GI Surgery Procedure,50309.32105263157
Splenorenal Anastomosis,Abdomen/GI Surgery Procedure,50671.881
Splinting - Periodontally weak teeth,Dental Procedure,1779.5576470588237
Split Osteotomy and Internal Fixations,Orthopaedics Procedure,50909.343
Squint correction for both eyes,Ophthalmology Procedure,20099.524
Squint correction for one eye,Ophthalmology Procedure,13406.075
Stapedectomy,ENT Procedure,26224.7945
Stapler haemorrhoidectomy excluding the cost of Stapler,General Surgery,33401.316999999995
Stereotactic Radiosurgery for brain pathology (X knife / Gamma knife -Two or more sessions),Neuro-Surgery Procedure,71613.574
Stereotactic Radiosurgery for brain pathology (X knife/Gamma) - ONE session,Neuro-Surgery Procedure,50017.593
Stereotactic aspiration of intracerebral haematoma,Neuro-Surgery Procedure,71613.81947368421
Stereotaxic Procedures- biopsy/aspiration of cyst,Neuro-Surgery Procedure,41069.9325
Sterilization (minilap)-post partum/post abortion,Obstetrics And Gynaecology Procedure,8662.9525
Sternal puncture,General Procedure,2010.483
Stool Routine and Microscopy,Laboratory Investigation,79.9075
Stool for Clostridium difficile Toxin,Laboratory Investigation,2848.1355
Stool for Occult Blood,Laboratory Investigation,99.121
Strapping of Ankle,Orthopaedics Procedure,797.1763157894737
Strapping of Chest,Orthopaedics Procedure,1499.548
Strapping of Elbow,Orthopaedics Procedure,1504.2810526315789
Strapping of Finger,Orthopaedics Procedure,500.9245
Strapping of Knee,Orthopaedics Procedure,992.5785
Strapping of Shoulder,Orthopaedics Procedure,1508.441052631579
Strapping of Toes,Orthopaedics Procedure,596.4225
Strapping of Wrist,Orthopaedics Procedure,756.1
Stress Cardiac MRI,Radiological Investigation,9179.8405
Stress Echo- exercise,Radiological Investigation,2395.934
Stress Echo- pharmacological / D Stress Echo,Radiological Investigation,3015.0215
Stress Myocardial Perfusion Imaging (MPI) - pharmacological,Radiological Investigation,9086.909
Stress Myocardial Perfusion Imaging (MPI)- exercise,Radiological Investigation,9273.375789473685
Stress Thallium / Myocardial Perfusion Scintigraphy,Cardiology Investigation,13408.138
Styloidectomy,ENT Procedure,18988.87210526316
Sub Mandibular Duct Lithotomy,ENT Procedure,6814.0289473684215
Sub-Total mandibulectomy with graft,Dental Procedure,33023.73631578947
Sub-Total mandibulectomy without graft,Dental Procedure,28528.667
Subclavian Catheterization for Haemodialysis,Nephrology And Urology Procedure,6035.603
Subconjunctival/sub-tenon-s injections in both eyes,Ophthalmology Procedure,799.671
Subconjunctival/sub-tenon-s injections in one eye,Ophthalmology Procedure,498.239
Subcutaneous Pedicle Flaps Delay,Burns And Plastic Surgery Procedure,26140.735
Subcutaneous Pedicle Flaps Raising,Burns And Plastic Surgery Procedure,25937.2395
Subcutaneous Pedicle Flaps Transfer,Burns And Plastic Surgery Procedure,26090.52578947368
Subdural Tapping,Neuro-Surgery Procedure,12805.7215
Submandibular gland excision.,Cancer Surgery,15716.44
Submucous Resection,ENT Procedure,12801.08
Subtotal Thyroidectomy,ENT Procedure,40907.8465
Suction Evacuation Vesicular Mole,Obstetrics And Gynaecology Procedure,26254.073
Suprapubic Drainage (Cystostomy/vesicostomy),Nephrology And Urology Procedure,19168.7285
Surface Marker Complete Panel,Oncology Investigations,12186.873
Surface Marker Individual,Oncology Investigations,1884.083157894737
Surgery for Scalp Arteriovenous Malformations (AVMs),Neuro-Surgery Procedure,59875.967500000006
Surgery for Skull Fractures,Neuro-Surgery Procedure,72504.2225
Surgery for intracranial Arteriovenous malformations (AVM),Neuro-Surgery Procedure,92517.721
Surgery for recurrent disc prolapse/epidural fibrosis,Neuro-Surgery Procedure,59100.1535
Surgical - Apicectomy/ Periapical surgery without bone grafting,Dental Procedure,702.0260000000001
Surgical Augmentation/Alveolectomy per Arch,Dental Procedure,3480.8410000000003
Surgical management of PPH (Uterine compression stitches/stepwise devascularisation)/peripartum hysterectomy,Obstetrics And Gynaecology Procedure,18886.31736842105
Surgical posterior capsulotomy one eye,Ophthalmology Procedure,10059.462
Sustained low efficiency haemodialysis /haemodialysis,Nephrology And Urology Procedure,9208.779
Suturing of lid lacerations- Both Eyes,Ophthalmology Procedure,5021.969
Suturing of small wounds,General Surgery,1375.4105
Syndactyly Repair,Burns And Plastic Surgery Procedure,33407.700000000004
Syringing (Ear),ENT Procedure,496.349
T-cell Acute Lymphoblastic Leukemia (T-ALL) Panel,Oncology Investigations,15279.007999999998
"T3, T4, TSH -Thyroid Function Test (TFT)",Laboratory Investigation,454.53
TAH (Total Abdominal Hysterectomy,Cancer Surgery,25215.0135
TAH + BSO + Node Sampling,Cancer Surgery,25218.5805
TAH + BSO + Omento + Node Dissection,Cancer Surgery,56861.578
TAH + BSO + Pelvic Lymphadenectomy + Para-aortic,Cancer Surgery,56603.9505
TAH+ BSO + Omentectomy,Cancer Surgery,31560.3665
TAH+ Bil. Salpingo-Oopherectomy,Cancer Surgery,24702.383
TAVI / TAVR Implant (cost of implant only),Cardiology Implant(Valve),1286681.425
TCR-A rearrangement: 14q11,Oncology Investigations,4672.446842105263
TERT Promoter Mutation Assay,Oncology Investigations,5824.077894736842
TFE-3 FISH,Oncology Investigations,12054.49
TORCH Test,Laboratory Investigation,1269.0975
TPHA,Laboratory Investigation,399.8855
TPMT (Thiopurine Methyl Transferase) Genotyping,Oncology Investigations,5131.471
TSH Receptor Antibody,Laboratory Investigation,1188.3105
TTT- Transpupillary thermal therapy per eye,Ophthalmology Procedure,8497.9035
Tacrolimus Level,Laboratory Investigation,2618.4555
Talar/Calcaneal Resection,Cancer Surgery,25286.3135
Tarsorrhaphy- Both Eyes,Ophthalmology Procedure,2977.5115
Telecanthus correction- Both Eyes,Ophthalmology Procedure,12706.1505
Temporal Bone Subtotal Resection,Head and Neck Surgery,40346.08842105263
Temporal bone resection.,Cancer Surgery,43683.2415
Temporary Pacemaker Implantation (TPI) (Temporary Cardiac Pacing) Single Chamber,Cardiology Procedure,19998.8065
Temporary restoration,Dental Procedure,148.7521052631579
Temporomandibular(TM) joint ankylosis- under GA/Open /Closed Reduction,Dental Procedure,18818.3655
Tendon Lengthening/Tendon repair,Orthopaedics Procedure,26192.309
Tendon Transfer,Orthopaedics Procedure,33505.6495
Tendon with Transplant or Graft,Orthopaedics Procedure,40887.173
Tension Band Wirings,Orthopaedics Procedure,26293.4395
Terminal Colostomy,Abdomen/GI Surgery Procedure,31038.6475
Testicular Biopsy,Cancer Surgery,6940.424000000001
Testicular Biopsy,Nephrology And Urology - Biopsy,13491.1015
Testicular Scan with Technetium 99m Pertechnetate,Nuclear Medicine Investigation,1685.006
"Tests for Antiphospholipid Antibody IgG, IgM (for Cardiolipin and B2 Glycoprotein 1)",Laboratory Investigation,1001.4475
"Tests for Hypercoagulable States- Protein C, Protein S, Antithrombin",Laboratory Investigation,3403.9655
Tests for Lupus Anticoagulant,Laboratory Investigation,1314.308
Tests for Sickling / Hb HPLC),Laboratory Investigation,1004.193
Tetralogy of Fallot (TOF)/TAPVC/TCPC/REV/RSOV repair,Cardiovascular And Cardiac Surgery Procedure,171167.12900000002
Thalassemia Studies (Red Cell Indices and Hb HPLC),Laboratory Investigation,1005.762105263158
Thermal balloon ablation.,Obstetrics And Gynaecology Procedure,33182.5225
Thoracic & Paediatrics,Cancer Surgery,56858.8585
Thoracic Surgery (Comb. Of two or more),Cancer Surgery,57032.583
Thoraco Abdominal Aneurysm Repair,Cardiovascular And Cardiac Surgery Procedure,223978.1685
Thoracoscopic Excision,Cancer Surgery,31452.735
Thoracoscopic Lobectomy/ Pneumonectomy,Cancer Surgery,56697.681
Thoracoscopic Pleurectomy,Cancer Surgery,31515.4655
Thoracoscopic Pleurodesis,Cancer Surgery,15825.02
Thoracoscopy-Diagnostic,Cancer Surgery,15963.0875
Thoracoscopy-Therapeutic,Cancer Surgery,25170.081578947367
Thoracotomy-Inoperable,Cancer Surgery,15738.37789473684
Thorax (Trucut Biopsy),Cancer Surgery,6895.236500000001
Thorax Re-Exploration,Cancer Surgery,25151.791
Three phase whole body Bone Scan,Nuclear Medicine Investigation,6032.653
Thymectomy,Cancer Surgery,44308.452000000005
Thymectomy with Vascular Surgery/Lung,Cancer Surgery,56617.7775
Thyroglobulin antibody,Laboratory Investigation,696.353
Thyroglobulin.,Laboratory Investigation,703.711
Thyroid Scan with Technetium 99m Pertechnetate,Nuclear Medicine Investigation,1900.5805
Thyroid Uptake measurements with 131-Iodine.,Nuclear Medicine Investigation,2451.537
Thyroid binding globulin,Laboratory Investigation,1113.015
Thyroid peroxidase antibody (TPO),Laboratory Investigation,696.6863157894737
Thyroid stimulating hormone (TSH),Laboratory Investigation,199.9668421052632
Thyroid-Hemi/Subtotal/Total-thyroidectomy.,Cancer Surgery,25162.524736842104
Thyroidectomy (-Hemi/subtotal/ Total) with neck,Cancer Surgery,31214.9965
Thyroidectomy with Tracheal Resection,Cancer Surgery,56655.59684210527
Tikhoff Lindberg,Cancer Surgery,31227.017
Tilt Training/Neuro-Rehab Basic (per session),Physiotherapy,302.6215
"Tissue Conditioning, Maxillary/Mandibular",Dental Procedure,300.10526315789474
Toe Nail Removal,General Surgery,988.2715789473684
Tongue Tie excision,ENT Procedure,8558.40894736842
Tongue composite resection/Commando Tracheal resection with anastomosis.,Cancer Surgery,31522.14210526316
Tongue wide excision per oral with neck dissection.,Cancer Surgery,25174.87210526316
Tongue wide excision per oral.,Cancer Surgery,15746.064210526314
Tongue/Floor of the Mouth-Pull through necck.,Cancer Surgery,31126.702
Tonsillectomy,ENT Procedure,26065.413
Tonsillectomy.,Cancer Surgery,15600.482999999998
Tooth Splinting -General,Dental Procedure,1512.3205
Tooth Supported Overdenture Per Arch,Dental Procedure,7544.621499999999
Torsion Testis Operation,Paediatric Surgery Procedure,33411.747
Total Amputation & Excision of External Auditory Meatus,ENT Procedure,18870.113
Total Amputation of Pinna,ENT Procedure,19051.524
Total Ankle Joint Replacement (TAR) - Unilateral,Orthopaedics Procedure,122287.2935
Total Colectomy,Abdomen/GI Surgery Procedure,41872.8825
Total Elbow Joint Replacement - Unilateral,Orthopaedics Procedure,104064.9052631579
Total Esophagectomy (Trans Thoracic),Cancer Surgery,56883.438
Total Esophagectomy (Transhiatal),Cancer Surgery,43961.2485
Total Finger Joint Replacement,Orthopaedics Procedure,59833.673
Total Hip Replacement (THR),Orthopaedics Procedure,121153.106
Total Hip Replacement (THR) Revision Stage-I,Orthopaedics Procedure,92537.8965
Total Hip Replacement (THR) Revision Stage-II,Orthopaedics Procedure,122003.8305
Total Iron Binding Capacity (TIBC),Laboratory Investigation,297.69
Total Knee Joint Replacement (TKR) - Unilateral,Orthopaedics Procedure,145342.24263157893
Total Knee Replacement (TKR) Revision Stage-I,Orthopaedics Procedure,93008.5994736842
Total Knee Replacement (TKR) Revision Stage-II,Orthopaedics Procedure,123023.01
Total Laparoscopic Hysterectomy with or without BSO,Obstetrics And Gynaecology Procedure,59718.0705
Total Leucocytic Count (TLC),Laboratory Investigation,50.036
Total Protein Albumin/Globulin Ratio (A/G Ratio),Laboratory Investigation,70.8225
"Total Red Cell count with MCV,MCH,MCHC,DRW",Laboratory Investigation,50.4625
Total Shoulder Joint Replacement - Unilateral,Orthopaedics Procedure,121856.48736842105
Total Thyroidectomy,ENT Procedure,50299.58894736842
Total Wrist Joint Replacement - Unilateral,Orthopaedics Procedure,122040.926
Total amputation of the Penis,Nephrology And Urology Procedure,40776.6735
Trabeculectomy per eye,Ophthalmology Procedure,18956.0925
Trabeculectomy with Trabeculotomy- Both Eyes,Ophthalmology Procedure,33217.03842105263
Trabeculotomy /kahook dual blade goniotomy excluding blade cost per eye,Ophthalmology Procedure,19131.5985
Tracheal Resection,Cancer Surgery,56963.66315789474
Tracheal Stenosis Excision,ENT Procedure,40662.512
Tracheal Stent,Cancer Surgery,31541.438
Tracheal wall partial resection.,Cancer Surgery,25125.349
Tracheoesophageal Fistula (Correction Surgery),Paediatric Surgery Procedure,50500.692
Tracheostom-y,Cancer Surgery,6916.446000000001
Tracheostomy,ENT Procedure,13396.2605
Trans Oral Surgery,Neuro-Surgery Procedure,50224.9665
Trans Sphenoidal Surgery,Neuro-Surgery Procedure,50512.681
Trans Thoracic Needle Biopsy Genitourinary/,Cancer Surgery,6826.349499999999
Trans-obturator tapes for Stress incontinence,Obstetrics And Gynaecology Procedure,40470.2055
Trans-sphenoidal surgery,Cancer Surgery,56534.831000000006
Transarterial Chemoembolization (TACE),Interventional Radiological Procedure,53167.61894736842
"Transcatheter Aortic Valve Implantation (TAVI) / Transcatheter Aortic Valve Replacement (TAVR) - Procedure Cost. (Approval of Director, CGHS in consultation with Special Technical Committee (STC) is required for this procedure)",Cardiology Procedure,95676.9935
Transcervical/Hysteroscopic Polypectomy,Obstetrics And Gynaecology Procedure,12503.1
Transjugular Intrahepatic Portosystemic Shunt (TIPS),Gastroenterology/Interventional Radiology Procedures,50674.952000000005
Transrectal Ultrasound (TRUS) guided prostate biopsy,Nephrology And Urology - Biopsy,9086.3575
Transurethral Resection of Prostate (TURP),Nephrology And Urology Procedure,59854.712
Transurethral Resection of Prostate (TURP) with Cystolithotripsy,Nephrology And Urology Procedure,60019.4495
Transvaginal tapes for Stress incontinence,Obstetrics And Gynaecology Procedure,33326.0065
Treadmill Test (TMT),Cardiology Investigation,1120.9355
Triglycerides,Laboratory Investigation,149.7865
"Triple Marker Test (AFP,HCG,UE3)",Laboratory Investigation,1513.0025
Triple Phase CT abdomen,Radiological Investigation,5137.8115
Trisomy 12,Oncology Investigations,2455.3247368421053
Trisomy 21,Oncology Investigations,2415.125
"Trisomy 4, 10 & 17",Oncology Investigations,3488.0550000000003
Trisomy 8,Oncology Investigations,2407.492777777778
Troponin I,Laboratory Investigation,692.066
Troponin T,Laboratory Investigation,697.1168421052631
Trucut Needle Biopsy- (excluding the cost of Needle/Biopsy Gun if used),Biopsies,3812.2755
Tube Plaster (or plaster cylinder),Orthopaedics Procedure,4923.5775
Tubular external fixator,Orthopaedics Procedure,33053.657
Turbinectomy,ENT Procedure,12759.832105263158
Twist Drill Craniostomy,Neuro-Surgery Procedure,40812.65052631579
Tympanoplasty,ENT Procedure,33525.8305
Tympanotomy,ENT Procedure,26155.1375
Typhidot IgM,Laboratory Investigation,400.831
UBM- Ultrasound bio microscopy- Both Eyes,Ophthalmology Investigation,1000.753
UGT1A1 Gene Analysis,Laboratory Investigation,6097.0535
USG Breast including relevant Lymph nodes- Bilateral/Unilateral,Radiological Investigation,799.7336842105263
USG Colour Doppler Pregnancy / Fetal Doppler/Umbilical Doppler/Uterine Vessel Doppler,Radiological Investigation,1677.4705263157894
USG Guided Intervention - Specialized Procedures excluding cost of Catheter or biopsy gun,Interventional Radiological Procedure,2995.943
USG Guided Intervention -Therapeutic,Interventional Radiological Procedure,1994.28
USG Guided Intervention- Diagnostic,Interventional Radiological Procedure,1009.807
USG Hysterosalpingography (HSG),Radiological Investigation,2392.75
"USG Large Parts (Joints/Chest,...etc)",Radiological Investigation,798.0435
USG Neonatal spine,Radiological Investigation,995.7494736842106
USG Obstetrics for Anomalies scan,Radiological Investigation,2009.706
"USG Small parts (scrotum, thyroid, parathyroid etc)",Radiological Investigation,768.941
USG Transvaginal sonography (TVS for Follicular monitoring /aspiration) /TVS for follicular monitoring/pelvic pathology/ET measurement,Radiological Investigation,1002.595
USG Whole Abdomen Including Pelvis and post Void urine,Radiological Investigation,791.8430000000001
Ulna Lower End Excision,Cancer Surgery,25282.434
Ultra Sonic Therapy /Short Wave Diathermy / Microwave/ Long Wave Diathermy /Infrared/IFT) (per session),Physiotherapy,301.3063157894737
Ultrasonographic myolysis,Obstetrics And Gynaecology Procedure,25814.7715
"Ultrasound A- Scan/optical biometry[lenstar, IOL master] - Both Eyes",Ophthalmology Investigation,1005.541
Ultrasound B- Scan - Both Eyes,Ophthalmology Investigation,496.419
Ultrasound Guided Percutaneous Nephrostomy (PCN),Nephrology And Urology Procedure,19234.4545
Ultrasound guided kidney Biopsy,Nephrology And Urology - Biopsy,9203.4955
Ultraviolet (UV) radiation for cross-linking for keratoconus /C3R/KXL - Both Eyes,Ophthalmology Procedure,20010.502
Umbilical Hernia Repair - excluding the cost of mesh and tacker,Abdomen/GI Surgery Procedure,33114.90894736842
Ureter(s) Reimplantation of Ureterectomy + Bladder Cuff,Cancer Surgery,43893.21
Ureteric Catheterisation/DJ Stenting,Nephrology And Urology Procedure,18940.185
Ureteric Reimplant for Megaureter / Vesicoureteric reflux/ ureterocele (Laparoscopic),Nephrology And Urology Procedure,40900.755
Ureteric Reimplant for Megaureter/ Vesicoureteric reflux/ureterocele (Open),Nephrology And Urology Procedure,41140.361
Uretero-Colic anastomosis,Nephrology And Urology Procedure,41009.2255
Ureterolithotomy -open,Nephrology And Urology Procedure,41083.97631578948
Ureterolithotomy-Lap/Endoscopic,Nephrology And Urology Procedure,50130.95684210526
Ureteroscopic Resection,Cancer Surgery,44494.1625
Ureteroscopic Surgery,Nephrology And Urology Procedure,33128.1925
Ureteroscopy,Cancer Surgery,44284.84210526316
Ureterostomy - Cutaneous,Nephrology And Urology Procedure,33553.155
Urethral Dilatation,Cancer Surgery,15883.736
Urethral Reconstruction - substitution urethroplasty (Transpubic urethroplasty),Nephrology And Urology Procedure,50122.8515
Urethral Reconstruction -End to end anastomosis,Nephrology And Urology Procedure,40220.9665
Urethrectomy,Cancer Surgery,43457.9535
Urethroplasty,Cancer Surgery,56205.628
Urethroplasty 1st Stage,Nephrology And Urology Procedure,41268.886
Urethroscopy/ Cystopanendoscopy,Nephrology And Urology Procedure,13203.9775
Urethrotomy Visual Internal,Cancer Surgery,31456.033000000003
Urinary Chloride,Laboratory Investigation,150.7915789473684
Urinary Vanillylmandelic Acid (VMA),Laboratory Investigation,2177.9155
Urinary bladder Catheterisation,General Procedure,700.4125
Urinary calcium,Laboratory Investigation,149.47
Urinary copper,Laboratory Investigation,844.4547368421053
Urinary free catecholamine,Laboratory Investigation,2488.34
Urinary metanephrine/Normetanephrine,Laboratory Investigation,2885.7325
Urinary potassium,Laboratory Investigation,149.44
Urinary sodium,Laboratory Investigation,149.77105263157895
Urine Bile Pigment and Salt,Laboratory Investigation,70.7678947368421
Urine For Myoglobin,Laboratory Investigation,548.7565000000001
Urine Ketones,Laboratory Investigation,69.446
Urine Microalbumin,Laboratory Investigation,243.9435
Urine Occult Blood,Laboratory Investigation,69.6225
Urine Pregnancy Test(UPT),Laboratory Investigation,99.83894736842106
"Urine Routine- pH, Specific Gravity, Sugar, Protein and Microscopy",Laboratory Investigation,100.24
Urine Total Proteins,Laboratory Investigation,69.15789473684211
Urine Urobilinogen,Laboratory Investigation,70.3845
Urodynamic Study (Cystometry),Nephrology And Urology Investigation,3024.283
Uroflow Study (Uroflowmetry),Nephrology And Urology Investigation,993.632
Uvulo-palatoplasty,ENT Procedure,33386.572499999995
V Beta Repertoire Analysis by Flow Cytometry for T-Cell Clonality,Oncology Investigations,12171.1105
VAC Therapy/Dressing including all Consumables,Burns And Plastic Surgery Procedure,10035.5835
VEP- visually evoked potential - Both Eyes,Ophthalmology Investigation,1779.7485
Vaginal Colpopexy/colpopexy-abdominal,Obstetrics And Gynaecology Procedure,41252.047
Vaginal Hysterectomy ( including of BSO) with or without repairs,Obstetrics And Gynaecology Procedure,40543.574
Vaginal Reconstruction,Cancer Surgery,55774.493
Vaginal Vesicovaginal Fistula (VVF) Repair,Obstetrics And Gynaecology Procedure,60069.9005263158
Vaginal/Cervical Myomectomy,Obstetrics And Gynaecology Procedure,40682.5425
Vaginoplasty,Obstetrics And Gynaecology Procedure,40731.485
Vagotomy Pyloroplasty / Gastro Jejunostomy,Abdomen/GI Surgery Procedure,41024.445
Valproic acid.,Laboratory Investigation,604.6189999999999
Vanillylmandelic Acid (VMA),Laboratory Investigation,1602.9485
Varicose vein Surgery-Trendelenburg Operation with Suturing or Ligation,Cardiovascular And Cardiac Surgery Procedure,24225.022222222226
Vascular Embolization,Gastroenterology/Interventional Radiology Procedures,40630.8685
Vascular Malformations,Neuro-Surgery Procedure,92246.8865
Vascular Repair,Cardiovascular And Cardiac Surgery Procedure,73125.6975
Veneer - Ceramic paediatric,Dental Procedure,2985.2215
Venereal Disease Research Laboratory Test (VDRL),Laboratory Investigation,100.7325
Venesection,General Procedure,705.6094736842106
Venography,Cardiology Investigation,5023.228
Venous Colour Doppler Bilateral,Radiological Investigation,1008.5375
Ventilator charges (Per day) inclusive of associated disposables,Critical Care,2999.877
Ventral /incisional Hernia Repair - excluding the cost of mesh and tacker,Abdomen/GI Surgery Procedure,33115.02526315789
Ventricular Septal Defect (VSD) with Graft / VSD Device Closure excluding the cost of the Device,Cardiovascular And Cardiac Surgery Procedure,114417.53800000002
Ventricular Tapping,Neuro-Surgery Procedure,33146.76684210526
Ventriculoatrial /Ventriculoperitoneal Shunt,Neuro-Surgery Procedure,49906.6505
Vertebroplasty,Orthopaedics Procedure,72364.84157894737
Vesicovaginal Fistula (VVF) Repair (Laparoscopic),Nephrology And Urology Procedure,50688.30055555556
Vesicovaginal Fistula (VVF) Repair (Open),Nephrology And Urology Procedure,40528.353500000005
Vestibular Evoked Myogenic Potential (VEMP),ENT Investigation,2733.08
Video Assisted Thoracoscopic Surgery (VATS) for Decortication of Lungs/Thymectomy/Other Major Surgeries,Cardiovascular And Cardiac Surgery Procedure,172812.81736842106
Video Bronchoscopy with BAL,Pulmonology Procedure,11078.7425
Video Laryngoscopy,ENT investigation,6081.5305
Videonystagmography(VNG),ENT Investigation,2484.6115
Videostroboscopy,ENT Investigation,5506.558
Vidian neurectomy for vasomotor Rhinitis,ENT Procedure,26073.8305263158
Viral culture,Laboratory Investigation,597.346
Vitamin B12 Assay.,Laboratory Investigation,599.8979999999999
Vitrectomy +membrane peeling +fluid air exchange+endolaser+ gas/silicon oil tamponade per eye,Ophthalmology Procedure,38082.5675
Vitrectomy +phaco fragmentation/ IOL drop +/- secondary IOL per eye,Ophthalmology Procedure,23686.54555555556
Vitrectomy- pars plana including Fluid air exchange (per eye),Ophthalmology Procedure,33499.152500000004
Vitreous biopsy per eye,Ophthalmology Biopsy,4965.8285
Voiding-cysto-urethrogram and retrograde urethrogram (Nephrostogram),Nephrology And Urology Investigation,8544.061
Vulva Hemivulvectomy,Cancer Surgery,25200.644736842107
Vulva Wide Excision,Cancer Surgery,25105.7615
Vulvectomy -Simple,Obstetrics And Gynaecology Procedure,32930.256
Vulvectomy Radical,Cancer Surgery,31776.2125
Vulvectomy Total,Cancer Surgery,31528.8
Warren Shunt (Distal Splenorenal Shunt),Abdomen/GI Surgery Procedure,49949.136
Weil Felix Agglutination Test,Laboratory Investigation,502.03100000000006
Whole Body Bone Scan with SPECT.,Nuclear Medicine Investigation,5056.322105263158
Whole Body Scan with MIBG,Nuclear Medicine Investigation,13551.214736842108
Whole body MRI (For oncological workup),Radiological Investigation,9147.308
Widal Test,Laboratory Investigation,69.30105263157895
Wide excision -Lip and Neck.,Cancer Surgery,25342.15263157895
Wide excision Lip lesion.,Cancer Surgery,15714.3705
Wide excision floor of the mouth/Neck,Cancer Surgery,25306.633
X Ray Abdomen & Pelvis for KUB,Radiological Investigation,233.0305
X Ray Abdomen AP Supine or Erect (One film),Radiological Investigation,251.2905
X Ray Abdomen Lateral view (one film),Radiological Investigation,210.84
X Ray Chest Lateral (one film),Radiological Investigation,228.8625
X Ray Chest PA /AP/ Oblique view (one film),Radiological Investigation,228.89
"X Ray Extremities (Hand/Leg/Feet/Finger/Toe) bones & Joints (Hip/ Knee/Ankle / shoulder/ Wrist / fingers/Toes, etc) AP & Lateral views (standing or weight bearing)(Two films)",Radiological Investigation,377.5875
X Ray Mammography - Bilateral/Unilateral,Radiological Investigation,1374.391
"X Ray Mastoids: Towne view, oblique views (3 films)",Radiological Investigation,502.0026315789473
X Ray Paranasal sinuses (PNS) view (1 film),Radiological Investigation,199.382
X Ray Pelvis AP (one film),Radiological Investigation,201.9245
"X Ray Skull AP & Lateral (2 films)/ Extra oral radiographs - All skull views, TMJ, Lateral oblique [Dental]",Radiological Investigation,400.7463157894737
X Ray Spine AP & Lateral (2 films),Radiological Investigation,399.5152631578947
X Ray Temporomandibular (TM) Joints (one film),Radiological Investigation,250.74894736842109
X Ray orbit -Bilateral,Ophthalmology Investigation,351.8657894736842
X ray Arthrography,Radiological Investigation,1988.9005
XX/XY (Chimerism Studies) in Sex mismatch Bone Marrow Transplantation (BMT),Oncology Investigations,2441.318
YAG Laser capsulotomy per eye,Ophthalmology Procedure,4935.275
YAG Laser iridotomy / Hyaloidotomy/Laser suture lysis post trabeculectomy per eye,Ophthalmology Procedure,5016.7735
Young's operation for Atrophic rhinitis,ENT Procedure,18859.417
dissection.,Cancer Surgery,31561.87842105263
excision Chordectomy.,Cancer Surgery,25555.36736842105
hysteroscopic resection of uterine septum,Obstetrics And Gynaecology Procedure,33519.5925
iStent Inject per eye including the cost of consumables and implant,Ophthalmology Procedure,75683.43950000001
middle 1/3rd,Cancer Surgery,31442.863
t(1;22) and Trisomy 21 in Acute Megakaryoblastic Leukemia (AML -M7) (2 Markers),Oncology Investigations,4755.8325
up to 30% Burns 1st Dressing,Burns And Plastic Surgery Procedure,3007.98
up to 30% Burns Subsequent Dressing,Burns And Plastic Surgery Procedure,2507.6594736842103
