sno,procedure_name,speciality,tier,facility,ward,cghs_code,rate
1,11 Cells Panel for Antibody Identification,Laboratory Investigation,TIER I,NABH,GENERAL WARD,LB041,2285.0
2,131-Iodine Therapy 15-50mCi,Radio-Isotope Therapy,TIER,NABH,GENERAL,IT006,11160.0
3,131-Iodine Therapy 51-100mCi,Radio-Isotope Therapy,TIER,NABH,GENERAL,IT002,14320.0
4,131-Iodine Therapy <15mCi,Radio-Isotope Therapy,TIER,NABH,GENERAL,IT005,7410.0
5,131-Iodine Therapy >100mCi,Radio-Isotope Therapy,TIER,NABH,GENERAL,IT003,19775.0
6,17 Hydroxyprogesterone (17 OH Progesterone),Laboratory Investigation,TIER I,NABH,GENERAL WARD,LB170,750.0
7,1st trimester scan-dating scan/NT scan/Early pregnancy scan,Radiological Investigation,TIER I,NABH,GENERAL WARD,RI016,700.0
8,24 Hr urinary aldosterone,Laboratory Investigation,TIER I,NABH,GENERAL WARD,LB222,1500.0
9,"24 Hrs Urine for Proteins, Sodium, Creatinine",Laboratory Investigation,TIER I,NABH,GENERAL WARD,LB056,300.0
10,24-hour urinary free cortisol,Laboratory Investigation,TIER I,NABH,GENERAL WARD,LB232,750.0
11,2D Transoesophageal Echocardiography (TEE),Radiological Investigation,TIER I,NABH,GENERAL WARD,RI003,1650.0
12,2D echocardiography,Radiological Investigation,TIER I,NABH,GENERAL WARD,RI001,1475.0
13,3 Cell Panel- Antibody Screening for Pregnant Female,Laboratory Investigation,TIER I,NABH,GENERAL WARD,LB040,1050.0
14,30% to 50% Burns 1st Dressing,Burns And Plastic Surgery Procedure,TIER I,NABH,GENERAL WARD,BP036,5000.0
15,30% to 50% Burns Subsequent Dressing,Burns And Plastic Surgery Procedure,TIER I,NABH,GENERAL WARD,BP037,3500.0
16,3D Transoesophageal Echocardiography (TEE),Radiological Investigation,TIER I,NABH,GENERAL WARD,RI004,1650.0
17,6 Minute Walk Test Pulmonology Investigation,,TIER I,NABH,GENERAL WARD,PI004,500.0
18,90 D lens examination/Three mirror examination for retina - Both Eyes,Ophthalmology Investigation,TIER I,NABH,GENERAL WARD,OI021,150.0
19,"A, B, DR Molecular Typing PCR - SSP",Oncology Investigations,TIER I,NABH,GENERAL WARD,CA001,10315.0
20,"ABL Kinase Domain Mutation for Chronic Myeloid leukemia (TKI Resistance, Imatinib Resistance",Oncology Investigations,TIER I,NABH,GENERAL WARD,CA002,8100.0
21,"ABL Kinase Domain Mutation for Ph Positive Acute Lymphoblastic leukemia (TKI Resistance, I",Oncology Investigations,TIER I,NABH,GENERAL WARD,CA003,8100.0
22,ABO incompatible Transplantation,Nephrology And Urology Procedure,TIER I,NABH,GENERAL WARD,NU099,570000.0
23,AC wash per eye,Ophthalmology Procedure,TIER I,NABH,GENERAL WARD,OP078,5000.0
24,ADA( Adenosine deaminase),Laboratory Investigation,TIER I,NABH,GENERAL WARD,LB184,650.0
25,ALK -1,Oncology Investigations,TIER I,NABH,GENERAL WARD,CA013,4690.0
26,ALK rearrangement: 2p23,Oncology Investigations,TIER I,NABH,GENERAL WARD,CA014,4690.0
27,ALT-Argon laser trabeculoplasty per eye,Ophthalmology Procedure,TIER I,NABH,GENERAL WARD,OP083,5000.0
28,ALTK- Automated lamellar therapeutic keratoplasty per eye,Ophthalmology Procedure,TIER I,NABH,GENERAL WARD,OP023,40850.0
29,AMA (Anti Mitochondrial Antibody),Laboratory Investigation,TIER I,NABH,GENERAL WARD,LB280,1000.0
30,AMH (Anti- Mullerian Hormone),Laboratory Investigation,TIER I,NABH,GENERAL WARD,LB281,1000.0
31,ANA BLOT,Laboratory Investigation,TIER I,NABH,GENERAL WARD,LB282,3000.0
32,ANA Profile,Laboratory Investigation,TIER I,NABH,GENERAL WARD,LB283,3000.0
33,AO Compression Procedures for Fracture Neck Femur,Orthopaedics Procedure,TIER I,NABH,GENERAL WARD,OR049,50350.0
34,ASO Titre /ASLO Titre,Laboratory Investigation,TIER I,NABH,GENERAL WARD,LB288,540.0
35,Abbe Operation (Abbe flap in plastic surgery of lips),ENT Procedure,TIER I,NABH,GENERAL WARD,EP070,26125.0
36,Abdominal / Peritoneal Aspiration - Diagnostic/Ascitic tapping / Paracentesis -Diagnostic,General Procedure,TIER I,NABH,GENERAL WARD,GP004,700.0
37,Abdominal / Peritoneal Aspiration - Therapeutic/Ascitic tapping / Paracentesis - Therapeutic,General Procedure,TIER I,NABH,GENERAL WARD,GP005,750.0
38,Abdominal Mass Excision (TMH - G.I. Surgery) (G3S30),Cancer Surgery,TIER I,NABH,GENERAL WARD,TMH107,18000.0
39,Abdominal Perineal Pull Through (Hirschsprung's Disease),Paediatric Surgery Procedure,TIER I,NABH,GENERAL WARD,PS021,50350.0
40,Abdomino Perineal urethroplasty,Nephrology And Urology Procedure,TIER I,NABH,GENERAL WARD,NU065,50350.0
41,Abdomino-Perineal Excision of Rectum,Abdomen/GI Surgery Procedure,TIER I,NABH,GENERAL WARD,AG081,50350.0
42,Abdominoperineal Resection (TMH - G.I. Surgery) (G4S23),Cancer Surgery,TIER I,NABH,GENERAL WARD,TMH222,22500.0
43,Abdominosacral Resection (TMH - G.I. Surgery) (G6S9),Cancer Surgery,TIER I,NABH,GENERAL WARD,TMH356,40500.0
44,Above Knee post-slab,Orthopaedics Procedure,TIER I,NABH,GENERAL WARD,OR009,3000.0
45,Above elbow full plaster,Orthopaedics Procedure,TIER I,NABH,GENERAL WARD,OR008,4000.0
46,Above knee full plaster,Orthopaedics Procedure,TIER I,NABH,GENERAL WARD,OR013,5000.0
47,Above knee full slab,Orthopaedics Procedure,TIER I,NABH,GENERAL WARD,OR014,3500.0
48,Abscess - Drainage-Dental,Dental Procedure,TIER I,NABH,GENERAL WARD,DP001,1500.0
49,Absolute Eosinophil Count (AEC),Laboratory Investigation,TIER I,NABH,GENERAL WARD,LB015,100.0
50,Acetylcholine receptor (AChR) antibody titre,Laboratory Investigation,TIER I,NABH,GENERAL WARD,LB193,4500.0
51,Achalasia Cardia Abdominal,Abdomen/GI Surgery Procedure,TIER I,NABH,GENERAL WARD,AG006,40850.0
52,Achalasia Cardia Transthoracic,Abdomen/GI Surgery Procedure,TIER I,NABH,GENERAL WARD,AG005,40850.0
53,Acid Phosphatase,Laboratory Investigation,TIER I,NABH,GENERAL WARD,LB108,150.0
54,Activated Partial Thromboplastin Time (APTT),Laboratory Investigation,TIER I,NABH,GENERAL WARD,LB025,290.0
55,Acute Leukemia RUNX1 mutation detection,Oncology Investigations,TIER I,NABH,GENERAL WARD,CA006,5390.0
56,Acute Leukemia TET2 mutation detection,Oncology Investigations,TIER I,NABH,GENERAL WARD,CA007,23020.0
57,Acute Leukemia TP53 mutation detection,Oncology Investigations,TIER I,NABH,GENERAL WARD,CA008,23020.0
58,Acute Leukemia karyotyping,Oncology Investigations,TIER I,NABH,GENERAL WARD,CA004,5545.0
59,Acute Leukemia mutation detection (per gene)ASXL1 /c-KIT/DNMT3A/ IDH1 and IDH2 /K RAS and N RAS mutation detection,Oncology Investigations,TIER I,NABH,GENERAL WARD,CA005,5390.0
60,Acute Lymphoblastic Leukemia Mutation Detection,Oncology Investigations,TIER I,NABH,GENERAL WARD,CA010,11040.0
61,Acute Lymphoblastic Leukemia Transcript Identification,Oncology Investigations,TIER I,NABH,GENERAL WARD,CA011,3020.0
62,Acute Lymphoblastic leukemia karyotyping,Oncology Investigations,TIER I,NABH,GENERAL WARD,CA009,5545.0
63,Acute Myeloid Leukemia (AML) Panel,Oncology Investigations,TIER I,NABH,GENERAL WARD,CA012,13370.0
64,Acute Peritoneal Dialysis,Nephrology And Urology Procedure,TIER I,NABH,GENERAL WARD,NU124,5300.0
65,Add Clasp to existing Partial Denture,Dental Procedure,TIER I,NABH,GENERAL WARD,DP066,500.0
66,Add Tooth to existing Partial Denture,Dental Procedure,TIER I,NABH,GENERAL WARD,DP067,400.0
67,Adenoidectomy,ENT Procedure,TIER I,NABH,GENERAL WARD,EP049,19000.0
68,Adjuvant Chemotherapy,Chemotherapy,TIER I,NABH,GENERAL WARD,CT004,2200.0
69,Adrenocorticotropic Hormone (ACTH),Laboratory Investigation,TIER I,NABH,GENERAL WARD,LB159,1200.0
70,After Mastectomy (Reconstruction) Mammoplasty,Burns And Plastic Surgery Procedure,TIER I,NABH,GENERAL WARD,BP030,40850.0
71,Albumin,Laboratory Investigation,TIER I,NABH,GENERAL WARD,LB072,50.0
72,Alkaline Phosphatase,Laboratory Investigation,TIER I,NABH,GENERAL WARD,LB107,150.0
73,Allergic Bronchopulmonary Aspergillosis (ABPA) Panel,Laboratory Investigation,TIER I,NABH,GENERAL WARD,LB278,2900.0
74,Allergy Food Screening Panel,Laboratory Investigation,TIER I,NABH,GENERAL WARD,LB279,6000.0
75,Alpha Fetoprotein (AFP),Laboratory Investigation,TIER I,NABH,GENERAL WARD,LB144,550.0
76,Alveolectomy (Upper) Per Oral (TMH - Head & Neck) (G2S1),Cancer Surgery,TIER I,NABH,GENERAL WARD,TMH029,11250.0
77,Alveoloplasty - Per Quadrant,Dental Procedure,TIER I,NABH,GENERAL WARD,DP018,1200.0
78,Alveoloplasty - Per Tooth,Dental Procedure,TIER I,NABH,GENERAL WARD,DP017,300.0
79,Alveolus - Closed Reduction stabilization of Teeth,Dental Procedure,TIER I,NABH,GENERAL WARD,DP086,4000.0
80,Alveolus - Open Reduction stabilization of Teeth,Dental Procedure,TIER I,NABH,GENERAL WARD,DP087,6000.0
81,Alveolus Composite Resection/Commando (TMH - Head & Neck) (G4S1),Cancer Surgery,TIER I,NABH,GENERAL WARD,TMH200,22500.0
82,Ambulatory BP monitoring per day,Cardiology Investigation,TIER I,NABH,GENERAL WARD,CI004,1000.0
83,Amniocentesis,Obstetrics And Gynaecology Procedure,TIER I,NABH,GENERAL WARD,OG057,13400.0
84,Amniotic membrane grafting /symblepharon release with AMG per eye,Ophthalmology Procedure,TIER I,NABH,GENERAL WARD,OP116,12730.0
85,Amputation (Paediatric) (TMH - Thoracic & Paediatric) (G3S75),Cancer Surgery,TIER I,NABH,GENERAL WARD,TMH152,18000.0
86,Amputation - Forequarter (TMH - Bone & Soft Tissue) (G4S45),Cancer Surgery,TIER I,NABH,GENERAL WARD,TMH244,22500.0
87,Amputation Above Elbow/Below Elbow (TMH - Bone & Soft Tissue) (G3S51),Cancer Surgery,TIER I,NABH,GENERAL WARD,TMH128,18000.0
88,Amputation Above Knee/Below Knee (TMH - Bone & Soft Tissue) (G3S52),Cancer Surgery,TIER I,NABH,GENERAL WARD,TMH129,18000.0
89,Amputation Of Fingers/Toes (TMH - Bone & Soft Tissue) (G2S23),Cancer Surgery,TIER I,NABH,GENERAL WARD,TMH051,11250.0
90,Amputations - Above Elbow,Orthopaedics Procedure,TIER I,NABH,GENERAL WARD,OR073,40850.0
91,Amputations - Above Knee,Orthopaedics Procedure,TIER I,NABH,GENERAL WARD,OR072,50350.0
92,Amputations - Below Elbow,Orthopaedics Procedure,TIER I,NABH,GENERAL WARD,OR071,33250.0
93,Amputations - Below Knee,Orthopaedics Procedure,TIER I,NABH,GENERAL WARD,OR070,40850.0
94,Amputations - Forequarter,Orthopaedics Procedure,TIER I,NABH,GENERAL WARD,OR074,59850.0
95,Amputations -Hind Quarter and Hemipelvectomy,Orthopaedics Procedure,TIER I,NABH,GENERAL WARD,OR075,72200.0
96,"Anaemia Profile (Hb, Serum Iron, TIBC, Ferritin, Transferrin Saturation,Stool Occult Blood, CBC, Reticulocyte Count)",Laboratory Investigation,TIER I,NABH,GENERAL WARD,LB097,1320.0
97,Anaesthesia Fees - Grade I,Cancer Surgery,TIER I,NABH,GENERAL WARD,TMH404,2430.0
98,Anaesthesia Fees - Grade II,Cancer Surgery,TIER I,NABH,GENERAL WARD,TMH405,4500.0
99,Anaesthesia Fees - Grade III,Cancer Surgery,TIER I,NABH,GENERAL WARD,TMH406,7200.0
100,Anaesthesia Fees - Grade IV,Cancer Surgery,TIER I,NABH,GENERAL WARD,TMH407,9000.0
101,Anaesthesia Fees - Grade V,Cancer Surgery,TIER I,NABH,GENERAL WARD,TMH408,12600.0
102,Anaesthesia Fees - Grade VI,Cancer Surgery,TIER I,NABH,GENERAL WARD,TMH409,16200.0
103,Androstenedione,Laboratory Investigation,TIER I,NABH,GENERAL WARD,LB172,1000.0
104,Aneurysm coiling (Endovascular),Neuro-Surgery Procedure,TIER I,NABH,GENERAL WARD,NS069,59850.0
105,Angiofibroma Excision,ENT Procedure,TIER I,NABH,GENERAL WARD,EP030,40850.0
106,Angiotensin converting enzyme (ACE),Laboratory Investigation,TIER I,NABH,GENERAL WARD,LB253,1000.0
107,Ankle Arthrodesis (TMH - Bone & Soft Tissue) (G4S63),Cancer Surgery,TIER I,NABH,GENERAL WARD,TMH262,22500.0
108,Annual Health Check-up - CCS Group A Officer of above 40 years of age / Pensioner primary card holder 75 years of age and above - Female,Annual Health Check-up,TIER I,NABH,GENERAL WARD,HC002,2200.0
109,"Annual Health Check-up - CCS Group A Officer of above 40 years of age / Pensioner primary card holder 75 years of age and above-Male,",Annual Health Check-up,TIER I,NABH,GENERAL WARD,HC001,2000.0
110,Anorectal manometry Gastroenterology / Endoscopic Investigation,,TIER I,NABH,GENERAL WARD,GI011,43000.0
111,Anterio Lateral Decompression of spine,Neuro-Surgery Procedure,TIER I,NABH,GENERAL WARD,NS027,77900.0
112,Anterior Cervical Discectomy,Neuro-Surgery Procedure,TIER I,NABH,GENERAL WARD,NS020,59850.0
113,Anterior Cervical Spine Surgery with fusion,Neuro-Surgery Procedure,TIER I,NABH,GENERAL WARD,NS026,72200.0
114,Anterior Craniofacial Excision (TMH - Head & Neck) (G5S1),Cancer Surgery,TIER I,NABH,GENERAL WARD,TMH298,31500.0
115,Anterior Cruciate Ligament (ACL) Reconstruction,Orthopaedics Procedure,TIER I,NABH,GENERAL WARD,OR099,59850.0
116,Anterior Mediastinotomy (TMH - Thoracic & Paediatric) (G3S76),Cancer Surgery,TIER I,NABH,GENERAL WARD,TMH153,18000.0
117,Anterior Resection of Rectum,Abdomen/GI Surgery Procedure,TIER I,NABH,GENERAL WARD,AG082,59850.0
118,Anterior retinal cryopexy per eye,Ophthalmology Procedure,TIER I,NABH,GENERAL WARD,OP067,5000.0
119,Anterior vitrectomy per eye,Ophthalmology Procedure,TIER I,NABH,GENERAL WARD,OP092,8000.0
120,Anterolateral Decompression and Spine Fusion,Orthopaedics Procedure,TIER I,NABH,GENERAL WARD,OR061,59850.0
121,Anterolateral decompression for tuberculosis/ Costo-Transversectomy,Orthopaedics Procedure,TIER I,NABH,GENERAL WARD,OR060,40850.0
122,Anti -Smooth Muscle Antibody Test (ASMA),Laboratory Investigation,TIER I,NABH,GENERAL WARD,LB250,1460.0
123,Anti GBM (Glomerular Basement Membrane) Antibody,Laboratory Investigation,TIER I,NABH,GENERAL WARD,LB284,1500.0
124,Anti HAV IgM,Laboratory Investigation,TIER I,NABH,GENERAL WARD,LB261,750.0
125,Anti HEV IgM,Laboratory Investigation,TIER I,NABH,GENERAL WARD,LB260,1000.0
126,Anti Intrinsic Factor Antibodies,Laboratory Investigation,TIER I,NABH,GENERAL WARD,LB287,2000.0
127,Anti LKM (Liver Kidney Microsome) Ab,Laboratory Investigation,TIER I,NABH,GENERAL WARD,LB285,1500.0
128,Anti Parietal Cell Antibodies,Laboratory Investigation,TIER I,NABH,GENERAL WARD,LB286,2000.0
129,Anti Sperm Antibodies.,Laboratory Investigation,TIER I,NABH,GENERAL WARD,LB177,900.0
130,Anti measles antibody titre (with serum antibody titre),Laboratory Investigation,TIER I,NABH,GENERAL WARD,LB207,1200.0
131,Anti muscle specific receptor tyrosine kinase (Anti MuSK) antibody titre,Laboratory Investigation,TIER I,NABH,GENERAL WARD,LB194,6700.0
132,Anti-Cyclic Citrullinated Peptide (Anti CCP),Laboratory Investigation,TIER I,NABH,GENERAL WARD,LB156,900.0
133,Anti-Nuclear Antibodies - IFA,Laboratory Investigation,TIER I,NABH,GENERAL WARD,LB316,1600.0
134,Anti-double stranded DNA (anti-dsDNA),Laboratory Investigation,TIER I,NABH,GENERAL WARD,LB085,800.0
135,Anti-tissue Transglutaminase antibody (Anti TTG Antibody) / Tissue Transglutaminase IgA (tTg-IgA),Laboratory Investigation,TIER I,NABH,GENERAL WARD,LB157,800.0
136,"Antibody titre (Herpes simplex, cytomegalovirus, flavivirus, zoster varicella virus)",Laboratory Investigation,TIER I,NABH,GENERAL WARD,LB209,2100.0
137,Antinuclear Antibody (ANA),Laboratory Investigation,TIER I,NABH,GENERAL WARD,LB084,655.0
138,Antrum Puncture,ENT Procedure,TIER I,NABH,GENERAL WARD,EP027,3000.0
139,Aorta Femoral Bypass,Cardiovascular And Cardiac Surgery Procedure,TIER I,NABH,GENERAL WARD,CV021,122550.0
140,Aorta Femoral Bypass Graft,Cardiovascular And Cardiac Surgery,TIER I,NABH,GENERAL WARD,IMCV14U100,0.0
141,Aortic Arch Replacement,Cardiovascular And Cardiac Surgery Procedure,TIER I,NABH,GENERAL WARD,CV028,260300.0
142,Aortic Dissection,Cardiovascular And Cardiac Surgery Procedure,TIER I,NABH,GENERAL WARD,CV029,260300.0
143,Aortic Graft(Ascending Aorta/Arch of Aorta/Descending Aorta(Thoracic/Abdominal),Cardiovascular And Cardiac Surgery,TIER I,NABH,GENERAL WARD,IMCV15U100,0.0
144,"Aortic Stent Graft (expandable, bifurcated and including delivery system)",Cardiovascular And Cardiac Surgery,TIER I,NABH,GENERAL WARD,IMCV16,440960.0
145,Aortic Valve - Biological,Cardiovascular And Cardiac Surgery,TIER I,NABH,GENERAL WARD,IMCV06U100,0.0
146,Aortic Valve - Mechanical,Cardiovascular And Cardiac Surgery,TIER I,NABH,GENERAL WARD,IMCV05U100,0.0
147,Aortic Valve Balloon Dilatation (AVBD) / Pulmonary Valve Balloon Dilatation (PVBD),Cardiology Procedure,TIER I,NABH,GENERAL WARD,CP017,58938.0
148,Aortic stent grafting for aortic aneurysm,Cardiovascular And Cardiac Surgery Procedure,TIER I,NABH,GENERAL WARD,CV038,171000.0
149,Apexification with any bio-compatible material,Dental Procedure,TIER I,NABH,GENERAL WARD,DP037,2000.0
150,Apicectomy-Multiple tooth,Dental Procedure,TIER I,NABH,GENERAL WARD,DP036,3000.0
151,Apicectomy-Single tooth,Dental Procedure,TIER I,NABH,GENERAL WARD,DP035,2000.0
152,Apolipoprotein A1 (ApoA1),Laboratory Investigation,TIER I,NABH,GENERAL WARD,LB130,400.0
153,Apolipoprotein B (Apo B),Laboratory Investigation,TIER I,NABH,GENERAL WARD,LB131,400.0
154,Appendicectomy,Abdomen/GI Surgery Procedure,TIER I,NABH,GENERAL WARD,AG045,19855.0
155,Appendicular Abscess - Drainage,Abdomen/GI Surgery Procedure,TIER I,NABH,GENERAL WARD,AG046,33250.0
156,Application for CTEV per sitting,Orthopaedics Procedure,TIER I,NABH,GENERAL WARD,OR109,8500.0
157,Application of Desensitizing Medicament,Dental Procedure,TIER I,NABH,GENERAL WARD,DP024,500.0
158,Application of Functional Cast Brace,Orthopaedics Procedure,TIER I,NABH,GENERAL WARD,OR032,4000.0
159,Application of POP Casts for Upper & Lower Limbs,Orthopaedics Procedure,TIER I,NABH,GENERAL WARD,OR031,6000.0
160,Application of POP Spices & Jackets,Orthopaedics Procedure,TIER I,NABH,GENERAL WARD,OR037,6000.0
161,Application of Skeletal Tractions,Orthopaedics Procedure,TIER I,NABH,GENERAL WARD,OR034,6000.0
162,Application of Skin Traction,Orthopaedics Procedure,TIER I,NABH,GENERAL WARD,OR033,2500.0
163,Applied Behaviour Analysis based behaviour therapy (ABA based Behaviour therapy) per session of at least 40 minutes,Behavioural therapy,TIER I,NABH,GENERAL WARD,BT003,400.0
164,Arch bar fixation,Dental Procedure,TIER,NABH,GENERAL,DP088,5000.0
165,Arcuate keratotomy for astigmatism /Limbal Relaxing Incision - Both Eyes,Ophthalmology Procedure,TIER I,NABH,GENERAL WARD,OP015,6800.0
166,Argon plasma coagulation,Gastroenterology / Endoscopic Procedures,TIER I,NABH,GENERAL WARD,MG012,9200.0
167,Argon/diode laser for retinal detachment per eye,Ophthalmology Procedure,TIER I,NABH,GENERAL WARD,OP086,8500.0
168,Arterial Colour Doppler Bilateral,Radiological Investigation,TIER I,NABH,GENERAL WARD,RI029,1000.0
169,Arterio Venous Prosthetic Graft,Nephrology And Urology Procedure,TIER I,NABH,GENERAL WARD,NU114,43000.0
170,Arteriovenous Fistula for Haemodialysis,Nephrology And Urology Procedure,TIER I,NABH,GENERAL WARD,NU106,19000.0
171,Arteriovenous Shunt for Haemodialysis,Nephrology And Urology Procedure,TIER I,NABH,GENERAL WARD,NU107,19000.0
172,Arthrodesis of - Major Joints,Orthopaedics Procedure,TIER I,NABH,GENERAL WARD,OR065,40850.0
173,Arthrodesis of - Minor Joints,Orthopaedics Procedure,TIER I,NABH,GENERAL WARD,OR064,33250.0
174,Arthrography,Orthopaedics Investigation,TIER I,NABH,GENERAL WARD,OR078,19000.0
175,Arthrolysis of knee,Orthopaedics Procedure,TIER I,NABH,GENERAL WARD,OR106,50350.0
176,Arthroscopy - Diagnostic,Orthopaedics Procedure,TIER I,NABH,GENERAL WARD,OR079,33250.0
177,Arthroscopy-therapeutic: with implant,Orthopaedics Procedure,TIER I,NABH,GENERAL WARD,OR081,50350.0
178,Arthroscopy-therapeutic: without implant,Orthopaedics Procedure,TIER I,NABH,GENERAL WARD,OR080,40850.0
179,Ascending Aorta Replacement,Cardiovascular And Cardiac Surgery Procedure,TIER I,NABH,GENERAL WARD,CV017,260300.0
180,Aspergillus Fumigatus Specific IgE,Laboratory Investigation,TIER I,NABH,GENERAL WARD,LB289,1550.0
181,Aspiration & Intra Articular Injections,Orthopaedics Procedure,TIER I,NABH,GENERAL WARD,OR036,5000.0
182,Aspiration Pleural Effusion - Diagnostic,General Procedure,TIER I,NABH,GENERAL WARD,GP002,700.0
183,Aspiration Pleural Effusion - Therapeutic,General Procedure,TIER I,NABH,GENERAL WARD,GP003,700.0
184,Atrial Septal Defect (ASD) Closure Device,Cardiovascular And Cardiac Surgery,TIER I,NABH,GENERAL WARD,IMCV02U100,0.0
185,Atrial Septal Defect (ASD) closure excluding the cost of the Device,Cardiovascular And,TIER,NABH,GENERAL,CV004,104500.0
186,Atrioventricular(AV) Canal Repair,Cardiovascular And Cardiac Surgery Procedure,TIER I,NABH,GENERAL WARD,CV010,224200.0
187,Augmentation Cystoplasty,Nephrology And Urology Procedure,TIER I,NABH,GENERAL WARD,NU048,50350.0
188,Autograft Flap Reconstruction (Breast) (TMH - Plastic & Reconstructive) (G3S115),Cancer Surgery,TIER I,NABH,GENERAL WARD,TMH192,18000.0
189,Autoimmune Encephalitis Panel,Laboratory Investigation,TIER I,NABH,GENERAL WARD,LB290,17000.0
190,Autoimmune Hepatitis Profile,Laboratory Investigation,TIER I,NABH,GENERAL WARD,LB291,2960.0
191,Autoimmune Liver Diseases Profile,Laboratory Investigation,TIER I,NABH,GENERAL WARD,LB317,5000.0
192,Automatic implantable cardioverter defibrillator (AICD) Dual Chamber excluding the cost of Device,Cardiology Procedure,TIER I,NABH,GENERAL WARD,CP010,54706.0
193,Automatic implantable cardioverter defibrillator (AICD) Single Chamber - excluding the cost of Device,Cardiology Procedure,TIER I,NABH,GENERAL WARD,CP009,52250.0
194,Axillary Dissection Alone (TMH - Breast) (G4S95),Cancer Surgery,TIER I,NABH,GENERAL WARD,TMH294,22500.0
195,B-cell Acute Lymphoblastic Leukemia (B-ALL) Panel,Oncology Investigations,TIER I,NABH,GENERAL WARD,CA015,11570.0
196,B.P. Fistula Repair (TMH - Thoracic & Paediatric) (G4S67),Cancer Surgery,TIER I,NABH,GENERAL WARD,TMH266,22500.0
197,BCL3 rearrangement 19q13.3 / BCL6 rearrangement: 3q27,Oncology Investigations,TIER I,NABH,GENERAL WARD,CA016,3485.0
198,BCOR alteration,Oncology Investigations,TIER I,NABH,GENERAL WARD,CA017,6050.0
199,BCR-ABL by PCR-Quantitative,Oncology Investigations,TIER I,NABH,GENERAL WARD,CA020,4000.0
200,"BCR/ABL (Ph) duplication, trisomy 8, trisomy 21, TP53 deletion",Oncology Investigations,TIER I,NABH,GENERAL WARD,CA018,6095.0
201,BCR/ABL Ph: t(9;22),Oncology Investigations,TIER I,NABH,GENERAL WARD,CA019,3485.0
202,BD Glenn/Left Atrium Myxoma,Cardiovascular And Cardiac Surgery Procedure,TIER I,NABH,GENERAL WARD,CV007,171000.0
203,BERA (Brain stem evoked response audiometry),ENT Investigation,TIER I,NABH,GENERAL WARD,EI007,2500.0
204,BRAF,Oncology Investigations,TIER I,NABH,GENERAL WARD,CA021,9000.0
205,BRCA1 & BRCA2,Oncology Investigations,TIER I,NABH,GENERAL WARD,CA022,20000.0
206,Baclofen pump implantation for spasticity/Intra-thecal Pump Implantation,Neuro-Surgery Procedure,TIER I,NABH,GENERAL WARD,NS084,33250.0
207,Baclofen pump implantation lesioning for movement disorder including Parkinsonism,Neuro-Surgery,TIER I,NABH,GENERAL WARD,IMNS25U100,0.0
208,Baclofen pump implantation lesioning for movement disorder including Parkinsonism/Spinal Cord Stimulator Implantation,Neuro-Surgery Procedure,TIER I,NABH,GENERAL WARD,NS061,72200.0
209,Bacterial culture and sensitivity - Aerobic,Laboratory Investigation,TIER I,NABH,GENERAL WARD,LB203,460.0
210,Bacterial culture and sensitivity - Anaerobic,Laboratory Investigation,TIER I,NABH,GENERAL WARD,LB204,700.0
211,Ball bandage,Orthopaedics Procedure,TIER I,NABH,GENERAL WARD,OR030,800.0
212,Balloon Coronary Angioplasty / Percutaneous transluminal coronary,Cardiology Procedure,TIER,NABH,GENERAL,CP002,79539.0
213,Balloon Coronary Angioplasty / Percutaneous transluminal coronary,Cardiology Procedure,TIER,NABH,GENERAL,CP001,92150.0
214,Balloon Kyphoplasty,Neuro-Surgery Procedure,TIER I,NABH,GENERAL WARD,NS087,59850.0
215,Balloon Mitral Valvotomy / Percutaneous Transvenous Mitral,Cardiology Procedure,TIER,NABH,GENERAL,CP004,92150.0
216,Balloon Septostomy,Cardiology Procedure,TIER I,NABH,GENERAL WARD,CP016,31350.0
217,Balloon Tamponade for Post Partum Haemorrhage/Conservative management of PPH(Atonic/traumatic PPH),Obstetrics And Gynaecology Procedure,TIER I,NABH,GENERAL WARD,OG045,8075.0
218,Balloon dilatation of achalasia cardia,Gastroenterology / Endoscopic Procedures,TIER I,NABH,GENERAL WARD,MG006,12730.0
219,Balloon dilatation of papilla,Gastroenterology / Endoscopic Procedures,TIER I,NABH,GENERAL WARD,MG036,19000.0
220,Balloon-Occluded Retrograde Intravenous Obliteration (BRTO),Gastroenterology/ Interventional Radiology Procedures,TIER I,NABH,GENERAL WARD,MG042,50350.0
221,Band ligation of oesophageal varices,Gastroenterology / Endoscopic Procedures,TIER I,NABH,GENERAL WARD,MG009,8500.0
222,Bandage & Strappings for Fractures,Orthopaedics Procedure,TIER I,NABH,GENERAL WARD,OR035,2000.0
223,Bandage contact lenses for corneal perforation/PED per eye,Ophthalmology Procedure,TIER I,NABH,GENERAL WARD,OP010,2000.0
224,Bankart Repair Shoulder Orthopaedics Procedure,,TIER I,NABH,GENERAL WARD,OR102,59850.0
225,Bare Metal Coronary stents (cobalt and other coated stents),Cardiology,TIER I,NABH,GENERAL WARD,IMCP02,12000.0
226,Barium Enema (Single contrast/double contrast),Radiological Investigation,TIER I,NABH,GENERAL WARD,RI048,2000.0
227,Barium Meal follow through,Radiological Investigation,TIER I,NABH,GENERAL WARD,RI047,2000.0
228,Barium Swallow,Radiological Investigation,TIER I,NABH,GENERAL WARD,RI044,1200.0
229,Barium Upper GI study,Radiological Investigation,TIER I,NABH,GENERAL WARD,RI045,1500.0
230,Barium Upper GI study (Double contrast),Radiological Investigation,TIER I,NABH,GENERAL WARD,RI046,2000.0
231,Battery Placement for Deep Brain Stimulation (DBS),Neuro-Surgery Procedure,TIER I,NABH,GENERAL WARD,NS083,33250.0
232,Below Knee full plaster,Orthopaedics Procedure,TIER I,NABH,GENERAL WARD,OR010,4000.0
233,Below Knee post-slab,Orthopaedics Procedure,TIER I,NABH,GENERAL WARD,OR011,5000.0
234,Bence Jones Protein,Laboratory Investigation,TIER I,NABH,GENERAL WARD,LB065,100.0
235,Benign Tumour Excisions of Head and Neck,Head and Neck Surgery,TIER I,NABH,GENERAL WARD,HN002,26125.0
236,Bentall Repair with Biologic Valve,Cardiovascular And Cardiac Surgery Procedure,TIER I,NABH,GENERAL WARD,CV034,224200.0
237,Bentall Repair with Prosthetic Valve,Cardiovascular And Cardiac Surgery Procedure,TIER I,NABH,GENERAL WARD,CV033,260300.0
238,Beta 2 microglobulin (B2M) /_2 microglobulin,Laboratory Investigation,TIER I,NABH,GENERAL WARD,LB141,600.0
239,Beta-D-Glucan Assay,Laboratory Investigation,TIER I,NABH,GENERAL WARD,LB292,15000.0
240,Bi-Ventricular Pacemaker (CRT-P),Cardiology,TIER I,NABH,GENERAL WARD,IMCP10,195000.0
241,Biceps Tenodesis,Orthopaedics Procedure,TIER I,NABH,GENERAL WARD,OR104,50350.0
242,Bilateral (single Lumen) Femoral Catheterization for Haemodialysis,Nephrology And Urology Procedure,TIER I,NABH,GENERAL WARD,NU111,6000.0
243,Bilateral Mastectomy (TMH - Breast) (G4S94),Cancer Surgery,TIER I,NABH,GENERAL WARD,TMH293,22500.0
244,Bilateral Orchidectomy (TMH - Genitourinary / Gynaecology) (G2S41),Cancer Surgery,TIER I,NABH,GENERAL WARD,TMH069,11250.0
245,Biliary Manometry,Gastroenterology / Endoscopic Investigation,TIER I,NABH,GENERAL WARD,GI013,43000.0
246,Biliary stenting (plastic and metallic) by ERCP,Gastroenterology / Endoscopic Procedures,TIER I,NABH,GENERAL WARD,MG029,19000.0
247,Biofeedback per session,Behavioural therapy,TIER I,NABH,GENERAL WARD,BT005,3000.0
248,Biophysical score / Biophysical profile test (BPP test),Radiological Investigation,TIER I,NABH,GENERAL WARD,RI018,1500.0
249,Biopsy Needle (TMH - Bone & Soft Tissue) (G1S12),Cancer Surgery,TIER I,NABH,GENERAL WARD,TMH012,4500.0
250,Biopsy Open (TMH - Bone & Soft Tissue) (G2S24),Cancer Surgery,TIER I,NABH,GENERAL WARD,TMH052,11250.0
251,Biopsy of Bladder (Cystoscopic) including (Cold Cup Biopsy),Nephrology And Urology Procedure,TIER I,NABH,GENERAL WARD,NU040,13400.0
252,"Biopsy of Oral tissue - Hard (bone, tooth)",Dental Biopsy,TIER I,NABH,GENERAL WARD,DI005,2000.0
253,Biopsy of Oral tissue- Soft,Dental Biopsy,TIER I,NABH,GENERAL WARD,DI004,1200.0
254,Bladder Tumor Trans Urethral Resection (TMH - Genitourinary / Gynaecology) (G4S83),Cancer Surgery,TIER I,NABH,GENERAL WARD,TMH282,22500.0
255,Blalock-Taussig Shunt (BT Shunt) / Coarctation,Cardiovascular And Cardiac Surgery Procedure,TIER I,NABH,GENERAL WARD,CV022,144400.0
256,Bleb compression sutures per eye,Ophthalmology Procedure,TIER I,NABH,GENERAL WARD,OP025,7000.0
257,Bleb needling with MMC/5-FU per eye,Ophthalmology Procedure,TIER I,NABH,GENERAL WARD,OP026,8000.0
258,Bleb repair with conjunctival autograft per eye,Ophthalmology Procedure,TIER I,NABH,GENERAL WARD,OP024,14250.0
259,"Bleeding Disorder Panel- PT, APTT, Thrombin Time Fibrinogen, D-Dimer/ Fibrinogen Degradation Products (FDP)",Laboratory Investigation,TIER I,NABH,GENERAL WARD,LB027,800.0
260,Bleeding Time,Laboratory Investigation,TIER I,NABH,GENERAL WARD,LB019,50.0
261,Blood Component Charges - Cryoprecipitate,Blood Component Charges,TIER I,NABH,GENERAL WARD,BC005,250.0
262,Blood Component Charges - Fresh Frozen Plasma,Blood Component Charges,TIER I,NABH,GENERAL WARD,BC003,400.0
263,Blood Component Charges - Packed Red Cell per Unit,Blood Component Charges,TIER I,NABH,GENERAL WARD,BC002,1550.0
264,Blood Component Charges - Whole Blood per Unit,Blood Component Charges,TIER I,NABH,GENERAL WARD,BC001,1550.0
265,Blood Glucose Random / Blood Glucose Fasting /Blood Glucose PP,Laboratory Investigation,TIER I,NABH,GENERAL WARD,LB055,40.0
266,Blood Group & Rh Type,Laboratory Investigation,TIER I,NABH,GENERAL WARD,LB036,90.0
267,Blood Urea Nitrogen (BUN) / Urea,Laboratory Investigation,TIER I,NABH,GENERAL WARD,LB057,100.0
268,Blood gas analysis / Arterial Blood Gas (ABG),Laboratory Investigation,TIER I,NABH,GENERAL WARD,LB119,560.0
269,Blood gas analysis / Arterial Blood Gas (ABG) with electrolytes,Laboratory Investigation,TIER I,NABH,GENERAL WARD,LB120,800.0
270,"Body Fluid (CSF/Ascitic Fluid etc.) Sugar, Protein etc.",Laboratory Investigation,TIER I,NABH,GENERAL WARD,LB071,300.0
271,Body Fluid for Malignant cells,Laboratory Investigation,TIER I,NABH,GENERAL WARD,LB053,350.0
272,Bone Grafting,Orthopaedics Procedure,TIER I,NABH,GENERAL WARD,OR043,26125.0
273,Bone Grafting (TMH - Bone & Soft Tissue) (G3S73),Cancer Surgery,TIER I,NABH,GENERAL WARD,TMH150,18000.0
274,Bone Marrow Aspiration and Biopsy,Biopsies,TIER I,NABH,GENERAL WARD,BY006,8500.0
275,Bone Marrow Smear Examination,Laboratory Investigation,TIER I,NABH,GENERAL WARD,LB022,350.0
276,Bone Marrow Smear Examination and Cytochemistry,Laboratory Investigation,TIER I,NABH,GENERAL WARD,LB024,12000.0
277,Bone Marrow Smear Examination with Iron Stain,Laboratory Investigation,TIER I,NABH,GENERAL WARD,LB023,800.0
278,Bone replacement graft for ridge preservation - per site,Dental Procedure,TIER I,NABH,GENERAL WARD,DP022,2000.0
279,Botulinum injection for blepharospasm or squint /epiphora/entropion/ lid retraction (excluding cost of drug) per eye,Ophthalmology Procedure,TIER I,NABH,GENERAL WARD,OP120,5000.0
280,Brachial Plexus Exploration and neurotization,Neuro-Surgery Procedure,TIER I,NABH,GENERAL WARD,NS021,59850.0
281,Brachial plexus study,Neurology Investigation,TIER I,NABH,GENERAL WARD,NI008,1500.0
282,Brain / Heart FDG PET CT Scan,Nuclear Medicine Investigation,TIER I,NABH,GENERAL WARD,NM018,14375.0
283,Brain Abscess Tapping,Neuro-Surgery Procedure,TIER I,NABH,GENERAL WARD,NS012,26125.0
284,Brain Biopsy,Neuro-Surgery Biopsy,TIER I,NABH,GENERAL WARD,NS004,40850.0
285,Brain Mapping,Neuro-Surgery Investigation,TIER I,NABH,GENERAL WARD,NS002,27500.0
286,Brain Perfusion SPECT Scan with Technetium 99m radiopharmaceuticals.,Nuclear Medicine Investigation,TIER I,NABH,GENERAL WARD,NM003,13400.0
287,Breast Lumpectomy + Axilla Dissection (TMH - Breast) (G4S96),Cancer Surgery,TIER I,NABH,GENERAL WARD,TMH295,22500.0
288,Breast Lumpectomy Alone (TMH - Breast) (G2S50),Cancer Surgery,TIER I,NABH,GENERAL WARD,TMH078,11250.0
289,Breath Tests (Urea breath test/ H. pylori breath test)/RUT,Gastroenterology / Endoscopic Investigation,TIER I,NABH,GENERAL WARD,GI014,2890.0
290,Bridge/ Fixed Partial denture (per missing/ extracted tooth) metal crown,Dental Procedure,TIER I,NABH,GENERAL WARD,DP059,2000.0
291,Bridge/ Fixed Partial denture (per missing/ extracted tooth) metal crown with Ceramic facing,Dental Procedure,TIER I,NABH,GENERAL WARD,DP060,3000.0
292,Bronchial + Vascular Sleeve (TMH - Thoracic & Paediatric) (G5S23),Cancer Surgery,TIER I,NABH,GENERAL WARD,TMH320,31500.0
293,Bronchial Sleeve Resection (TMH - Thoracic & Paediatric) (G4S68),Cancer Surgery,TIER I,NABH,GENERAL WARD,TMH267,22500.0
294,Bronchial Stent Placement (TMH - Thoracic & Paediatric) (G3S77),Cancer Surgery,TIER I,NABH,GENERAL WARD,TMH154,18000.0
295,Bronchoscopy +Esophagoscopy (Diagnostic) (TMH - Thoracic & Paediatric) (G2S25),Cancer Surgery,TIER I,NABH,GENERAL WARD,TMH053,11250.0
296,Bronchoscopy - Therapeutic (TMH - Thoracic & Paediatric) (G2S26),Cancer Surgery,TIER I,NABH,GENERAL WARD,TMH054,11250.0
297,Bronchoscopy Diagnostic (TMH - Thoracic & Paediatric) (G1S13),Cancer Surgery,TIER I,NABH,GENERAL WARD,TMH013,4500.0
298,Bronchoscopy with foreign body (FB) removal,ENT Procedure,TIER I,NABH,GENERAL WARD,EP055,13400.0
299,Brucella serology,Laboratory Investigation,TIER I,NABH,GENERAL WARD,LB191,450.0
300,Buccal/Mucosa Composite Resection/Commando (TMH - Head & Neck) (G4S3),Cancer Surgery,TIER I,NABH,GENERAL WARD,TMH202,22500.0
301,Buccal/Mucosa wide excision - Peroral (TMH - Head & Neck) (G3S22),Cancer Surgery,TIER I,NABH,GENERAL WARD,TMH099,18000.0
302,Buccal/Mucosa wide excision Cheek Flap (TMH - Head & Neck) (G3S1),Cancer Surgery,TIER I,NABH,GENERAL WARD,TMH079,18000.0
303,Bucket handle procedure for lid tumours per eye (for non-malignant conditions),Ophthalmology Procedure,TIER I,NABH,GENERAL WARD,OP048,12730.0
304,Buckle removal per eye,Ophthalmology Procedure,TIER I,NABH,GENERAL WARD,OP065,8500.0
305,Bulla Stapling (TMH - Thoracic & Paediatric) (G3S78),Cancer Surgery,TIER I,NABH,GENERAL WARD,TMH155,18000.0
306,Burr hole evacuation of chronic subdural haematoma,Neuro-Surgery Procedure,TIER I,NABH,GENERAL WARD,NS052,59850.0
307,Burst Abdomen Suturing (TMH - Thoracic & Paediatric) (G3S97),Cancer Surgery,TIER I,NABH,GENERAL WARD,TMH174,18000.0
308,Burst-Abdomen Repair,Obstetrics And Gynaecology Procedure,TIER I,NABH,GENERAL WARD,OG017,33250.0
309,C ANCA-IFA,Laboratory Investigation,TIER I,NABH,GENERAL WARD,LB251,1500.0
310,C-Peptide (Connecting Peptide),Laboratory Investigation,TIER I,NABH,GENERAL WARD,LB167,750.0
311,C-Reactive Protein (CRP),Laboratory Investigation,TIER I,NABH,GENERAL WARD,LB069,250.0
312,C-Reactive Protein (CRP) Quantitative,Laboratory Investigation,TIER I,NABH,GENERAL WARD,LB070,300.0
313,C1 Esterase inhibitor (Quantitative ),Laboratory Investigation,TIER I,NABH,GENERAL WARD,LB293,2400.0
314,C3-COMPLEMENT,Laboratory Investigation,TIER I,NABH,GENERAL WARD,LB257,650.0
315,C3F8 GAS Injection intravitreal for descemetopexy/retinopexy/ pneumatopexy (per eye),Ophthalmology Procedure,TIER I,NABH,GENERAL WARD,OP121,5000.0
316,C3d Single Allele Antibody for HLA Class I (C3dLSA Class I) /C3d Single Allele Antibody for HLA Class II (C3dLSA Class II),Oncology Investigations,TIER I,NABH,GENERAL WARD,CA023,17500.0
317,C4-COMPLEMENT,Laboratory Investigation,TIER I,NABH,GENERAL WARD,LB258,650.0
318,CABG without bypass.,Cardiovascular And Cardiac Surgery Procedure,TIER I,NABH,GENERAL WARD,CV016,224200.0
319,CAN ASSIST,Oncology Investigations,TIER I,NABH,GENERAL WARD,CA024,50000.0
320,CCND1/IgH: t(11;14),Oncology Investigations,TIER I,NABH,GENERAL WARD,CA025,4690.0
321,CD 19 and CD 20,Oncology Investigations,TIER I,NABH,GENERAL WARD,CA026,1500.0
322,"CD 3,4 and 8 Counts",Laboratory Investigation,TIER I,NABH,GENERAL WARD,LB133,1240.0
323,"CD 3,4 and 8 Percentage",Laboratory Investigation,TIER I,NABH,GENERAL WARD,LB134,1510.0
324,CK MB Mass/CPK MB Mass,Laboratory Investigation,TIER I,NABH,GENERAL WARD,LB110,360.0
325,CLINICAL EXOME SEQUENCING,Oncology Investigations,TIER I,NABH,GENERAL WARD,CA037,15000.0
326,CLL PANEL FISH,Oncology Investigations,TIER I,NABH,GENERAL WARD,CA038,10000.0
327,CML Blast Crisis karyotyping,Oncology Investigations,TIER I,NABH,GENERAL WARD,CA039,5545.0
328,CMV Quantitative (Viral load) Test,Laboratory Investigation,TIER I,NABH,GENERAL WARD,LB294,2300.0
329,CPK MB/CK MB,Laboratory Investigation,TIER I,NABH,GENERAL WARD,LB109,360.0
330,CSF Rhinorrhoea Repair,Neuro-Surgery Procedure,TIER I,NABH,GENERAL WARD,NS018,59850.0
331,"CSF/Any Body Fluid for Basic studies including cell count, protein, sugar, gram stain, India Ink preparation and smear for AFB",Laboratory Investigation,TIER I,NABH,GENERAL WARD,LB201,350.0
332,CT Angio-Neck Vessels,Radiological Investigation,TIER I,NABH,GENERAL WARD,RI079,6000.0
333,CT Angiography Entire Aorta ( CT Aortogram),Radiological Investigation,TIER I,NABH,GENERAL WARD,RI075,10000.0
334,CT Coronary Angiography including Calcium Score Test,Radiological Investigation,TIER I,NABH,GENERAL WARD,RI009,9200.0
335,CT Guided Intervention - Percutaneous catheter drainage/tube placement excluding the cost of tube /catheter,Interventional Radiology,TIER I,NABH,GENERAL WARD,IMRP02U100,0.0
336,CT Guided Intervention -Percutaneous catheter drainage/tube placement excluding the cost of tube /catheter,Interventional Radiological Procedure,TIER I,NABH,GENERAL WARD,RP005,3500.0
337,CT Guided biopsy including all the consumables,Interventional Radiology Procedure,TIER I,NABH,GENERAL WARD,RP004,9200.0
338,CT Scan / Cone Beam CT (CBCT) Dental,Radiological Investigation,TIER I,NABH,GENERAL WARD,RI086,1500.0
339,CT Scan Angiography Abdomen,Radiological Investigation,TIER I,NABH,GENERAL WARD,RI074,5175.0
340,CT Scan Angiography Chest,Radiological Investigation,TIER I,NABH,GENERAL WARD,RI073,5175.0
341,CT Scan Chest - without contrast (for lungs),Radiological Investigation,TIER I,NABH,GENERAL WARD,RI064,2000.0
342,CT Scan Enteroclysis,Radiological Investigation,TIER I,NABH,GENERAL WARD,RI076,6900.0
343,CT Scan Head / Brain- with Contrast -including CT angiography,Radiological Investigation,TIER I,NABH,GENERAL WARD,RI063,2200.0
344,CT Scan Head/ Brain-Without Contrast / NCCT Head/Brain,Radiological Investigation,TIER I,NABH,GENERAL WARD,RI062,1035.0
345,CT Scan Limbs -With Contrast including CT angiography,Radiological Investigation,TIER I,NABH,GENERAL WARD,RI088,5800.0
346,CT Scan Limbs -Without Contrast,Radiological Investigation,TIER I,NABH,GENERAL WARD,RI087,2800.0
347,CT Scan Lower Abdomen (Incl. Pelvis) Without Contrast / CT KUB without Contrast,Radiological Investigation,TIER I,NABH,GENERAL WARD,RI068,3500.0
348,CT Scan Lower Abdomen (incl. Pelvis) With Contrast/ CT KUB with Contrast,Radiological Investigation,TIER I,NABH,GENERAL WARD,RI067,4500.0
349,CT Scan Neck - With Contrast,Radiological Investigation,TIER I,NABH,GENERAL WARD,RI078,3500.0
350,CT Scan Neck - Without Contrast,Radiological Investigation,TIER I,NABH,GENERAL WARD,RI077,2500.0
351,CT Scan Orbits - With Contrast,Radiological Investigation,TIER I,NABH,GENERAL WARD,RI081,3200.0
352,CT Scan Orbits - Without Contrast,Radiological Investigation,TIER I,NABH,GENERAL WARD,RI080,2200.0
353,"CT Scan Spine (Cervical, Dorsal, Lumbar,Sacral)-without Contrast",Radiological Investigation,TIER I,NABH,GENERAL WARD,RI084,2800.0
354,CT Scan Temporal bone - without contrast,Radiological Investigation,TIER I,NABH,GENERAL WARD,RI085,2500.0
355,CT Scan Whole Abdomen With Contrast,Radiological Investigation,TIER I,NABH,GENERAL WARD,RI070,5175.0
356,CT Scan Whole Abdomen Without Contrast,Radiological Investigation,TIER I,NABH,GENERAL WARD,RI069,3450.0
357,CT Scan of Para Nasal Sinuses (CT PNS)- With Contrast,Radiological Investigation,TIER I,NABH,GENERAL WARD,RI083,3300.0
358,CT Scan of Para Nasal Sinuses (CT PNS)- Without Contrast,Radiological Investigation,TIER I,NABH,GENERAL WARD,RI082,2300.0
359,CT Urography,Radiological Investigation,TIER I,NABH,GENERAL WARD,RI072,4500.0
360,Caecostomy,Abdomen/GI Surgery Procedure,TIER I,NABH,GENERAL WARD,AG063,33250.0
361,Caesarean Section(CS) with or without Sterilization including Routine New Born Care,Obstetrics And Gynaecology Procedure,TIER I,NABH,GENERAL WARD,OG004,50350.0
362,Caesarian Delivery of High Risk Pregnancy(Preeclampsia/Eclampsia/ GDM/Cardiac/Vascular/Renal/Pulmonary/Twin Pregnancy/RA/SLE/IVF Conception/Severe Anaemia),Obstetrics And Gynaecology Procedure,TIER I,NABH,GENERAL WARD,OG005,59850.0
363,Calcidiol / 25-hydroxycholecalciferol / Vitamin D3 assay (Vit D3),Laboratory Investigation,TIER I,NABH,GENERAL WARD,LB154,1000.0
364,Calcitonin,Laboratory Investigation,TIER I,NABH,GENERAL WARD,LB150,1200.0
365,Caldwell Luc Operation (TMH - Head & Neck) (G1S1),Cancer Surgery,TIER I,NABH,GENERAL WARD,TMH001,4500.0
366,Canaliculoplasty per eye,Ophthalmology Procedure,TIER I,NABH,GENERAL WARD,OP032,5290.0
367,Cancer Antigen 125 (CA 125),Laboratory Investigation,TIER I,NABH,GENERAL WARD,LB146,800.0
368,Cancer Antigen 15.3 (CA 15.3),Laboratory Investigation,TIER I,NABH,GENERAL WARD,LB148,800.0
369,Cancer Antigen 19.9 (CA 19.9),Laboratory Investigation,TIER I,NABH,GENERAL WARD,LB147,800.0
370,Cantholysis and canthotomy- Both Eyes,Ophthalmology Procedure,TIER I,NABH,GENERAL WARD,OP041,3500.0
371,Capsule endoscopy excluding the cost of capsule,Gastroenterology / Endoscopic Procedures,TIER I,NABH,GENERAL WARD,MG018,12730.0
372,Capsulotomy of Shoulder,Orthopaedics Procedure,TIER I,NABH,GENERAL WARD,OR107,50350.0
373,Carbamazepine.,Laboratory Investigation,TIER I,NABH,GENERAL WARD,LB116,700.0
374,Carcinoembryonic Antigen (CEA),Laboratory Investigation,TIER I,NABH,GENERAL WARD,LB151,600.0
375,Cardiac CT scan,Radiological Investigation,TIER I,NABH,GENERAL WARD,RI010,6500.0
376,Cardiac Catheterization (CATH),Cardiology,TIER,NABH,GENERAL,CI017,14900.0
377,Cardiac PET,Radiological Investigation,TIER I,NABH,GENERAL WARD,RI013,9200.0
378,Carotid Doppler Bilateral,Radiological Investigation,TIER I,NABH,GENERAL WARD,RI028,1000.0
379,Carotid Stenting excluding the cost of Stent,Neuro-Surgery Procedure,TIER I,NABH,GENERAL WARD,NS046,59850.0
380,Carpel Tunnel decompression,Neuro-Surgery Procedure,TIER I,NABH,GENERAL WARD,NS071,40850.0
381,Cartilage Grafting Burns And Plastic Surgery Procedure,,TIER I,NABH,GENERAL WARD,BP017,40850.0
382,Cataract extraction with IOL with capsular tension rings (Cionni-s ring) (cost of the ring included) excluding the cost of IOL per eye,Ophthalmology Procedure,TIER I,NABH,GENERAL WARD,OP103,33250.0
383,Catheter cost of Intracoronary optical coherence tomography (OCT) /,Cardiology Add on,TIER,NABH,GENERAL,CP025,65000.0
384,Cauterization of ulcer/subconjunctival injection in both eyes,Ophthalmology Procedure,TIER I,NABH,GENERAL WARD,OP008,800.0
385,Cauterization of ulcer/subconjunctival injection in one eye,Ophthalmology Procedure,TIER I,NABH,GENERAL WARD,OP007,500.0
386,Cavernostomy,Nephrology And Urology Procedure,TIER I,NABH,GENERAL WARD,NU024,26125.0
387,Cell line karyotyping,Oncology Investigations,TIER I,NABH,GENERAL WARD,CA027,11100.0
388,Central Compartment Clearance (TMH - Head & Neck) (G3S2),Cancer Surgery,TIER I,NABH,GENERAL WARD,TMH080,18000.0
389,Centralization Of Ulna With Arthrodesis (TMH - Bone & Soft Tissue) (G4S46),Cancer Surgery,TIER I,NABH,GENERAL WARD,TMH245,22500.0
390,Cephalography,Radiological Investigation,TIER I,NABH,GENERAL WARD,RI057,350.0
391,Cervical Biopsy,Obstetrics And Gynaecology Procedure,TIER I,NABH,GENERAL WARD,OG038,9200.0
392,Cervical Esophagostomy (TMH - Thoracic & Paediatric) (G3S79),Cancer Surgery,TIER I,NABH,GENERAL WARD,TMH156,18000.0
393,Cervical Laminoplasty,Neuro-Surgery Procedure,TIER I,NABH,GENERAL WARD,NS055,72200.0
394,Cervical Neuroblastoma Excision (TMH - Head & Neck) (G6S1),Cancer Surgery,TIER I,NABH,GENERAL WARD,TMH348,40500.0
395,Cervical Traction (per session),Physiotherapy,TIER,NABH,GENERAL,PT001,300.0
396,Cervical disc arthroplasty,Neuro-Surgery Procedure,TIER I,NABH,GENERAL WARD,NS047,59850.0
397,Cervical or Dorsal or Lumbar Laminectomy,Neuro-Surgery Procedure,TIER I,NABH,GENERAL WARD,NS028,50350.0
398,Chalazion incision and curettage in both eyes,Ophthalmology Procedure,TIER I,NABH,GENERAL WARD,OP036,3000.0
399,Chalazion incision and curettage in one eye,Ophthalmology Procedure,TIER I,NABH,GENERAL WARD,OP035,2000.0
400,Cheek Advancement,ENT Procedure,TIER I,NABH,GENERAL WARD,EP071,33250.0
401,Cheek rotation flap for lid tumours per eye (for non-malignant conditions),Ophthalmology Procedure,TIER I,NABH,GENERAL WARD,OP051,19000.0
402,Chemical Cautery (s)/Cryotherapy,Skin Procedure,TIER I,NABH,GENERAL WARD,SK007,1000.0
403,Chest Physiotherapy/ Breathing Exercise &Postural Drainage per Session/Post Covid Rehabilitation /Pulmonary Rehabilitation/Cardiac Rehabilitation (per session),Physiotherapy,TIER I,NABH,GENERAL WARD,PT004,300.0
404,Chest Wall Excision With Any Lung Operation (TMH - Thoracic & Paediatric) (G4S69),Cancer Surgery,TIER I,NABH,GENERAL WARD,TMH268,22500.0
405,Chest Wall Excision With Reconstruction (TMH - Thoracic & Paediatric) (G4S70),Cancer Surgery,TIER I,NABH,GENERAL WARD,TMH269,22500.0
406,Chest Wall Excision Without Reconstruction (TMH - Thoracic & Paediatric) (G3S80),Cancer Surgery,TIER I,NABH,GENERAL WARD,TMH157,18000.0
407,Chest Wall Sinus Exploration (TMH - Thoracic & Paediatric) (G2S36),Cancer Surgery,TIER I,NABH,GENERAL WARD,TMH064,11250.0
408,Chikungunya Ig M,Laboratory Investigation,TIER I,NABH,GENERAL WARD,LB333,1000.0
409,Chimerism Analysis,Oncology Investigations,TIER I,NABH,GENERAL WARD,CA028,1540.0
410,Chlamydia antibody,Laboratory Investigation,TIER I,NABH,GENERAL WARD,LB190,850.0
411,Chlamydia antigen,Laboratory Investigation,TIER I,NABH,GENERAL WARD,LB189,1000.0
412,Chloride,Laboratory Investigation,TIER I,NABH,GENERAL WARD,LB094,150.0
413,Cholecystectomy,Abdomen/GI Surgery Procedure,TIER I,NABH,GENERAL WARD,AG037,33250.0
414,Cholecystectomy & Exploration of CBD,Abdomen/GI Surgery Procedure,TIER I,NABH,GENERAL WARD,AG038,34485.0
415,Cholecystectomy (TMH - G.I. Surgery) (G3S31),Cancer Surgery,TIER I,NABH,GENERAL WARD,TMH108,18000.0
416,Cholecystectomy Radical (TMH - G.I. Surgery) (G4S24),Cancer Surgery,TIER I,NABH,GENERAL WARD,TMH223,22500.0
417,Cholecysto-Jejunostomy (TMH - G.I. Surgery) (G3S32),Cancer Surgery,TIER I,NABH,GENERAL WARD,TMH109,18000.0
418,Cholecystostomy,Abdomen/GI Surgery Procedure,TIER I,NABH,GENERAL WARD,AG040,25080.0
419,Choledocho-Duodenostomy (TMH - G.I. Surgery) (G3S33),Cancer Surgery,TIER I,NABH,GENERAL WARD,TMH110,18000.0
420,Choledochoduodenostomy for Atresia of Extra Hepatic Biliary Duct,Paediatric Surgery Procedure,TIER I,NABH,GENERAL WARD,PS027,50350.0
421,Chromogranin A,Laboratory Investigation,TIER I,NABH,GENERAL WARD,LB255,5000.0
422,Chromosomal breakage (fragility) studies in Fanconi's Anemia/Aplastic Anemia,Oncology Investigations,TIER I,NABH,GENERAL WARD,CA029,5545.0
423,Chronic Lymphocytic Leukemia (CLL) Panel,Oncology Investigations,TIER I,NABH,GENERAL WARD,CA030,11570.0
424,"Chronic Lymphocytic Leukemia Comprehensive Mutation Profile (IGVH Gene Mutation & Usage, T",Oncology Investigations,TIER I,NABH,GENERAL WARD,CA031,33320.0
425,Chronic Lymphocytic Leukemia IGVH Mutation Detection,Oncology Investigations,TIER I,NABH,GENERAL WARD,CA032,6350.0
426,Chronic Lymphoproliferative disorder IGVH Mutation Detection,Oncology Investigations,TIER I,NABH,GENERAL WARD,CA033,6350.0
427,Chronic Lymphoproliferative disorder NOTCH1 mutation / NOTCH2 mutation,Oncology Investigations,TIER I,NABH,GENERAL WARD,CA034,5390.0
428,Chronic Lymphoproliferative disorder SF3B1 mutation,Oncology Investigations,TIER I,NABH,GENERAL WARD,CA035,5390.0
429,Chronic Lymphoproliferative disorder TP53 mutation,Oncology Investigations,TIER I,NABH,GENERAL WARD,CA036,23020.0
430,Circumcision,Nephrology And Urology Procedure,TIER I,NABH,GENERAL WARD,NU074,12730.0
431,Circumcision (TMH - Genitourinary / Gynaecology) (G1S23),Cancer Surgery,TIER I,NABH,GENERAL WARD,TMH023,4500.0
432,Citrate Urine 24 Hour,Laboratory Investigation,TIER I,NABH,GENERAL WARD,LB318,1150.0
433,Clavicle Excision (TMH - Bone & Soft Tissue) (G3S53),Cancer Surgery,TIER I,NABH,GENERAL WARD,TMH130,18000.0
434,Cleft Lip - Repair.,Burns And Plastic Surgery Procedure,TIER I,NABH,GENERAL WARD,BP018,33250.0
435,Cleft Palate Repair,Burns And Plastic Surgery Procedure,TIER I,NABH,GENERAL WARD,BP019,40850.0
436,Clipping of intracranial aneurysm,Neuro-Surgery Procedure,TIER I,NABH,GENERAL WARD,NS072,77900.0
437,Clipping of intracranial aneurysm,Neuro-Surgery,TIER I,NABH,GENERAL WARD,IMNS31U100,0.0
438,Close Reduction of Dislocations,Orthopaedics Procedure,TIER I,NABH,GENERAL WARD,OR051,19000.0
439,Close Reduction of Fractures of Limb & POP,Orthopaedics Procedure,TIER I,NABH,GENERAL WARD,OR038,13400.0
440,Closure of Colostomy,Abdomen/GI Surgery Procedure,TIER I,NABH,GENERAL WARD,AG066,31350.0
441,Closure of Urethral Fistula,Nephrology And Urology Procedure,TIER I,NABH,GENERAL WARD,NU137,33250.0
442,Clotting Time,Laboratory Investigation,TIER I,NABH,GENERAL WARD,LB020,50.0
443,Coagulation profile,Laboratory Investigation,TIER I,NABH,GENERAL WARD,LB199,750.0
444,Coarctation dilatation / Balloon dilatation of Aortic coarctation - Excluding the cost of Balloon,Cardiovascular And Cardiac Surgery,TIER I,NABH,GENERAL WARD,CV035,74822.0
445,Coarctation dilatation with Stenting,Cardiovascular And Cardiac Surgery Procedure,TIER I,NABH,GENERAL WARD,CV036,59850.0
446,Cobalt Bare metal - Non Coronary Vascular Stents,Cardiology,TIER I,NABH,GENERAL WARD,IMCP05,22000.0
447,Cold Calorie Test for Vestibular function,ENT Investigation,TIER I,NABH,GENERAL WARD,EI011,600.0
448,Colectomy Revision (TMH - G.I. Surgery) (G3S34),Cancer Surgery,TIER I,NABH,GENERAL WARD,TMH111,18000.0
449,Colectomy Subtotal (TMH - G.I. Surgery) (G4S31),Cancer Surgery,TIER I,NABH,GENERAL WARD,TMH230,22500.0
450,Colectomy Total (TMH - G.I. Surgery) (G4S25),Cancer Surgery,TIER I,NABH,GENERAL WARD,TMH224,22500.0
451,Collar and cuff sling,Orthopaedics Procedure,TIER I,NABH,GENERAL WARD,OR029,500.0
452,Colles Fracture - Below elbow,Orthopaedics Procedure,TIER I,NABH,GENERAL WARD,OR005,6000.0
453,Colles Fracture - Full plaster,Orthopaedics Procedure,TIER I,NABH,GENERAL WARD,OR006,4500.0
454,Colles fracture Ant. Or post. slab,Orthopaedics Procedure,TIER I,NABH,GENERAL WARD,OR007,3000.0
455,Colo-Rectal Anastomosis (TMH - G.I. Surgery) (G4S32),Cancer Surgery,TIER I,NABH,GENERAL WARD,TMH231,22500.0
456,Colo-Whipple (TMH - G.I. Surgery) (G6S10),Cancer Surgery,TIER I,NABH,GENERAL WARD,TMH357,40500.0
457,Colon (Left Hemicolectomy/Right Hemicolectomy/Sigmoid Colectomy/ Transverse-Colectomy) (TMH - G.I. Surgery) (G3S36),Cancer Surgery,TIER I,NABH,GENERAL WARD,TMH113,18000.0
458,Colon (Resection Anastomosis) (TMH - G.I. Surgery) (G3S35),Cancer Surgery,TIER I,NABH,GENERAL WARD,TMH112,18000.0
459,Colon (Total Proctocolectomy) (TMH - G.I. Surgery) (G5S8),Cancer Surgery,TIER I,NABH,GENERAL WARD,TMH305,31500.0
460,Colon Replacement of Oesophagus,Paediatric Surgery Procedure,TIER I,NABH,GENERAL WARD,PS003,40850.0
461,Colonic By-Pass (Multiple/Single) (TMH - G.I. Surgery) (G3S37),Cancer Surgery,TIER I,NABH,GENERAL WARD,TMH114,18000.0
462,Colonic manometry,Gastroenterology / Endoscopic Investigation,TIER I,NABH,GENERAL WARD,GI012,35000.0
463,Colonic stenting excluding cost of the stent,Gastroenterology / Endoscopic Procedures,TIER I,NABH,GENERAL WARD,MG022,13400.0
464,Colonic stricture dilatation,Gastroenterology / Endoscopic Procedures,TIER I,NABH,GENERAL WARD,MG020,8500.0
465,Coloplasty (TMH - Thoracic & Paediatric) (G4S71),Cancer Surgery,TIER I,NABH,GENERAL WARD,TMH270,22500.0
466,Colostomy + Urinary Diversion (TMH - Genitourinary / Gynaecology) (G4S84),Cancer Surgery,TIER I,NABH,GENERAL WARD,TMH283,22500.0
467,Colostomy Closure (TMH - G.I. Surgery) (G2S15),Cancer Surgery,TIER I,NABH,GENERAL WARD,TMH043,11250.0
468,Colostomy Left Iliac,Paediatric Surgery Procedure,TIER I,NABH,GENERAL WARD,PS020,40850.0
469,Colostomy Transverse,Paediatric Surgery Procedure,TIER I,NABH,GENERAL WARD,PS019,40850.0
470,Colostomy With Closure (TMH - G.I. Surgery) (G3S38),Cancer Surgery,TIER I,NABH,GENERAL WARD,TMH115,18000.0
471,"Colour Doppler, renal arteries/any other organ",Radiological Investigation,TIER I,NABH,GENERAL WARD,RI031,1000.0
472,Colposcopy,Obstetrics And Gynaecology Procedure,TIER I,NABH,GENERAL WARD,OG052,5000.0
473,Colposcopy (TMH - Genitourinary / Gynaecology) (G1S24),Cancer Surgery,TIER I,NABH,GENERAL WARD,TMH024,4500.0
474,Colpotomy/Post-Coital Tear Repair,Obstetrics And Gynaecology Procedure,TIER I,NABH,GENERAL WARD,OG023,9200.0
475,Combine Craniofacial Resection (TMH - Head & Neck) (G6S2),Cancer Surgery,TIER I,NABH,GENERAL WARD,TMH349,40500.0
476,Combined High Sensitivity JAK2 V617F and Exon12 Mutation Detection,Oncology Investigations,TIER I,NABH,GENERAL WARD,CA040,6830.0
477,Combined Trans-Oral Surgery & Craniovertebral (CV) Junction Fusion,Neuro-Surgery Procedure,TIER I,NABH,GENERAL WARD,NS029,59850.0
478,Combo Device (CRT-D),Cardiology,TIER I,NABH,GENERAL WARD,IMCP13,490000.0
479,Combo Device Implantation excluding the cost of Device,Cardiology Procedure,TIER I,NABH,GENERAL WARD,CP011,61655.0
480,Common Bile Duct (CBD) stricture dilatation by ERCP,Gastroenterology / Endoscopic Procedures,TIER I,NABH,GENERAL WARD,MG028,19000.0
481,Common Bile Duct Excision (TMH - G.I. Surgery) (G5S9),Cancer Surgery,TIER I,NABH,GENERAL WARD,TMH306,31500.0
482,Complete Denture - Per Arch,Dental Procedure,TIER I,NABH,GENERAL WARD,DP069,10000.0
483,"Complete Haemogram/CBC, Hb,RBC Count and Indices,TLC, DLC, Platelet, ESR, Peripheral Smear Examination)",Laboratory Investigation,TIER I,NABH,GENERAL WARD,LB012,300.0
484,Complete Perineal Tear-Repair,Obstetrics And Gynaecology Procedure,TIER I,NABH,GENERAL WARD,OG020,8740.0
485,Complicated Extraction per tooth under LA,Dental Procedure,TIER I,NABH,GENERAL WARD,DP011,800.0
486,Composite - Occlusal Pit/Class I,Dental Procedure,TIER I,NABH,GENERAL WARD,DP028,500.0
487,Composite -Class I with buccal extension/Class II Class III/Class IV/ Class VI/Diastema Closure/MOD,Dental Procedure,TIER I,NABH,GENERAL WARD,DP029,1000.0
488,Composite Resection - Tonsil (TMH - Head & Neck) (G4S4),Cancer Surgery,TIER I,NABH,GENERAL WARD,TMH203,22500.0
489,Comprehensive Allergy Panel,Laboratory Investigation,TIER I,NABH,GENERAL WARD,LB319,7000.0
490,Comprehensive Molecular Testing,Oncology Investigations,TIER I,NABH,GENERAL WARD,CA041,19320.0
491,Comprehensive Myeloma Protein Panel,Laboratory Investigation,TIER I,NABH,GENERAL WARD,LB320,7000.0
492,Comprehensive Next Generation sequencing assay for Hematolymphoid malignancies,Oncology Investigations,TIER I,NABH,GENERAL WARD,CA042,27000.0
493,Compressed Air / Piped Oxygen per hour,Critical Care,TIER I,NABH,GENERAL WARD,CC002,100.0
494,Concretions removal- Both Eyes,Ophthalmology Procedure,TIER I,NABH,GENERAL WARD,OP047,500.0
495,Concurrent-chemoradiation,Chemotherapy,TIER I,NABH,GENERAL WARD,CT005,1900.0
496,Conduit Repair,Cardiovascular And Cardiac Surgery Procedure,TIER I,NABH,GENERAL WARD,CV012,224200.0
497,Congenital Atresia & Stenosis of Small Intestine,Paediatric Surgery Procedure,TIER I,NABH,GENERAL WARD,PS032,50350.0
498,Congenital Diaphragmatic Hernia,Abdomen/GI Surgery Procedure,TIER I,NABH,GENERAL WARD,AG018,40850.0
499,Congenital Hydrocele,Paediatric Surgery Procedure,TIER I,NABH,GENERAL WARD,PS010,33250.0
500,Congenital Pyloric Stenosis- operation,Paediatric Surgery Procedure,TIER I,NABH,GENERAL WARD,PS013,33250.0
501,Conisation (TMH - Genitourinary / Gynaecology) (G2S38),Cancer Surgery,TIER I,NABH,GENERAL WARD,TMH066,11250.0
502,Conisation of cervix/Chemical Cautery of Cervical Ectopy/Erosion,Obstetrics And Gynaecology Procedure,TIER I,NABH,GENERAL WARD,OG048,9200.0
503,Conjugal microscopy,Gastroenterology / Endoscopic Procedures,TIER I,NABH,GENERAL WARD,MG024,8500.0
504,Conjunctival Peritomy per eye,Ophthalmology Procedure,TIER I,NABH,GENERAL WARD,OP004,1500.0
505,Conjunctival wound repair or exploration following blunt trauma per eye,Ophthalmology Procedure,TIER I,NABH,GENERAL WARD,OP005,8500.0
506,Conservative Plaster of Paris (POP),Orthopaedics Procedure,TIER I,NABH,GENERAL WARD,OR108,4000.0
507,Constitutional karyotyping Oncology Investigations,,TIER I,NABH,GENERAL WARD,CA043,5545.0
508,Consultation OPD Consultation,,TIER I,NABH,GENERAL WARD,CN001,350.0
509,Consultation OPD- Super speciality/Psychiatry,Consultation,TIER I,NABH,GENERAL WARD,CN003,700.0
510,Consultation for Inpatients,Consultation,TIER I,NABH,GENERAL WARD,CN002,350.0
511,Consumables,All specialities,TIER I,NABH,GENERAL WARD,US004,0.0
512,Continent Urinary Diversion (TMH - Genitourinary / Gynaecology) (G5S43),Cancer Surgery,TIER I,NABH,GENERAL WARD,TMH340,31500.0
513,Continuous Ambulatory Peritoneal Dialysis (CAPD) catheter insertion-Open method,Nephrology And Urology Procedure,TIER I,NABH,GENERAL WARD,NU118,19000.0
514,Continuous Ambulatory Peritoneal Dialysis (CAPD) catheter insertion-Schlendinger/ Seldinger method,Nephrology And Urology Procedure,TIER I,NABH,GENERAL WARD,NU119,19000.0
515,Continuous Glucose Monitoring for 2 Weeks,Laboratory Investigation,TIER I,NABH,GENERAL WARD,LB335,4000.0
516,Continuous Veno venous/Arteriovenous Haemofiltration / Haemofiltration/CRRT per day,Nephrology And Urology Procedure,TIER I,NABH,GENERAL WARD,NU121,17000.0
517,Contrast Enhanced Computed Tomograpy (CECT) Chest (Including CD),Radiological Investigation,TIER I,NABH,GENERAL WARD,RI066,2875.0
518,Contrast Hystero-Salpingography (HSG),Radiological Investigation,TIER I,NABH,GENERAL WARD,RI054,2000.0
519,Coomb-s Test - Direct,Laboratory Investigation,TIER I,NABH,GENERAL WARD,LB038,200.0
520,Coomb-s Test - Indirect,Laboratory Investigation,TIER I,NABH,GENERAL WARD,LB039,250.0
521,Core build-up/ Post and Core - Custom made /Inlay/onlay,Dental Procedure,TIER I,NABH,GENERAL WARD,DP041,1500.0
522,Corneal endothelial cell count with specular microscopy- Both Eyes,Ophthalmology Investigation,TIER I,NABH,GENERAL WARD,OI012,600.0
523,Corneal grafting-Penetrating keratoplasty per eye,Ophthalmology Procedure,TIER I,NABH,GENERAL WARD,OP009,19000.0
524,Corneal pachymetry (corneal thickness)/ CCT - Both Eyes,Ophthalmology Investigation,TIER I,NABH,GENERAL WARD,OI014,530.0
525,Corneal topography /pentacam- Both Eyes,Ophthalmology Investigation,TIER I,NABH,GENERAL WARD,OI013,2000.0
526,Coronary Angiography,Cardiology,TIER,NABH,GENERAL,CI016,13400.0
527,Coronary Artery Bypass Graft surgery (CABG),Cardiovascular And Cardiac Surgery Procedure,TIER I,NABH,GENERAL WARD,CV013,171000.0
528,Coronary Artery Bypass Graft surgery (CABG) + Intra-Aortic Balloon Pump (IABP),Cardiovascular And Cardiac Surgery Procedure,TIER I,NABH,GENERAL WARD,CV014,224200.0
529,Coronary Artery Bypass Graft surgery (CABG) + Valve Replacement excluding the cost of the valve,Cardiovascular And Cardiac Surgery,TIER I,NABH,GENERAL WARD,CV015,260300.0
530,Corpus callostomy for Epilepsy,Neuro-Surgery Procedure,TIER I,NABH,GENERAL WARD,NS049,77900.0
531,Corrective Osteotomy & Internal Fixation- long bones,Orthopaedics Procedure,TIER I,NABH,GENERAL WARD,OR063,40850.0
532,Corrective Osteotomy & Internal Fixation- short bones,Orthopaedics Procedure,TIER I,NABH,GENERAL WARD,OR062,33250.0
533,Cortisol,Laboratory Investigation,TIER I,NABH,GENERAL WARD,LB165,550.0
534,Cost of Conduit,Cardiovascular And Cardiac Surgery,TIER I,NABH,GENERAL WARD,IMCV13U100,0.0
535,Cost of Fractional flow reserve (FFR) Catheter excluding GST,Cardiology Add on,TIER,NABH,GENERAL,CP024,33000.0
536,Cost of Haemorrhoidectomy Stappler,General Surgery,TIER I,NABH,GENERAL WARD,IMGS01U100,0.0
537,Cost of Intravascular ultrasound (IVUS) Catheter excluding,Cardiology Add on,TIER,NABH,GENERAL,CP023,55000.0
538,Cost of RFA Ablation Catheter for Varicose Veins,Cardiovascular And Cardiac Surgery,TIER I,NABH,GENERAL WARD,IMCV01U100,0.0
539,Cost of the Arterio Venous Prosthetic Graft,Nephrology And Urology,TIER I,NABH,GENERAL WARD,IMNU03U100,0.0
540,Cost of the Balloon used in Balloon dilatation of Aortic coarctation,Cardiovascular And Cardiac Surgery,TIER I,NABH,GENERAL WARD,IMCV18U100,0.0
541,Cost of the Biliary Stent - Metallic,Medical Gastroenterology,TIER I,NABH,GENERAL WARD,IMMG06U100,0.0
542,Cost of the Biliary Stent - Plastic,Medical Gastroenterology,TIER I,NABH,GENERAL WARD,IMMG05U100,0.0
543,Cost of the CAIRS Corneal allogenic intrastromal ring segments per eye,Ophthalmology,TIER I,NABH,GENERAL WARD,IMOP03U100,0.0
544,Cost of the Colonic Stent,Medical Gastroenterology,TIER I,NABH,GENERAL WARD,IMMG04U100,0.0
545,Cost of the Composite Mesh,Abdomen/GI Surgery,TIER I,NABH,GENERAL WARD,IMAG02U100,0.0
546,Cost of the DJ Stent,Nephrology And Urology,TIER I,NABH,GENERAL WARD,IMNU01U100,0.0
547,Cost of the Device Used in Programmable Ventriculo-Peritoneal (VP) shunt,Neuro-Surgery,TIER I,NABH,GENERAL WARD,IMNS26U100,0.0
548,Cost of the EUS (Endoscopic Ultrasound) Needle,Medical Gastroenterology,TIER I,NABH,GENERAL WARD,IMMG08U100,0.0
549,Cost of the Endoscopy Capsule,Medical Gastroenterology,TIER I,NABH,GENERAL WARD,IMMG03U100,0.0
550,Cost of the Endovascular Aneurysm Coils,Neuro-Surgery,TIER I,NABH,GENERAL WARD,IMNS29U100,0.0
551,Cost of the Enteral Stent,Medical Gastroenterology,TIER I,NABH,GENERAL WARD,IMMG02U100,0.0
552,Cost of the Glaucoma valve/Glaucoma Ahmed valve per eye,Ophthalmology Procedure,TIER I,NABH,GENERAL WARD,OP077,15000.0
553,Cost of the Graft Used in Carotid Endarterectomy,Neuro-Surgery,TIER I,NABH,GENERAL WARD,IMNS10U100,0.0
554,Cost of the Graft Used in Maxillectomy- partial with graft,Dentistry,TIER I,NABH,GENERAL WARD,IMDP04U100,0.0
555,Cost of the Graft Used in Maxillectomy/Mandibulectomy- Total with graft,Dentistry,TIER I,NABH,GENERAL WARD,IMDP03U100,0.0
556,Cost of the Graft Used in Segmental / Hemi Mandibulectomy with graft,Dentistry,TIER I,NABH,GENERAL WARD,IMDP01U100,0.0
557,Cost of the Graft Used in Sub-Total mandibulectomy with graft,Dentistry,TIER I,NABH,GENERAL WARD,IMDP02U100,0.0
558,Cost of the Implants Used in AO Compression Procedures for Fracture Neck Femur,Orthopaedics,TIER I,NABH,GENERAL WARD,IMOR07U100,0.0
559,Cost of the Implants Used in Anterio Lateral Decompression of spine,Neuro-Surgery,TIER I,NABH,GENERAL WARD,IMNS04U100,0.0
560,Cost of the Implants Used in Anterior Cervical Spine Surgery with fusion,Neuro-Surgery,TIER I,NABH,GENERAL WARD,IMNS03U100,0.0
561,Cost of the Implants Used in Anterior Cruciate Ligament (ACL) Reconstruction,Orthopaedics,TIER I,NABH,GENERAL WARD,IMOR44U100,0.0
562,Cost of the Implants Used in Anterolateral Decompression and Spine,Orthopaedics,TIER,NABH,GENERAL,IMOR12U100,0.0
563,Cost of the Implants Used in Anterolateral decompression for tuberculosis/ Costo-Transversectomy,Orthopaedics,TIER I,NABH,GENERAL WARD,IMOR11U100,0.0
564,Cost of the Implants Used in Arthrodesis of - Major Joints,Orthopaedics,TIER I,NABH,GENERAL WARD,IMOR16U100,0.0
565,Cost of the Implants Used in Arthrodesis of - Minor Joints,Orthopaedics,TIER I,NABH,GENERAL WARD,IMOR15U100,0.0
566,Cost of the Implants Used in Arthroscopy-therapeutic: with implant,Orthopaedics,TIER I,NABH,GENERAL WARD,IMOR19U100,0.0
567,Cost of the Implants Used in Baclofen pump implantation for spasticity,Neuro-Surgery,TIER I,NABH,GENERAL WARD,IMNS36U100,0.0
568,Cost of the Implants Used in Balloon Kyphoplasty,Neuro-Surgery,TIER I,NABH,GENERAL WARD,IMNS38U100,0.0
569,Cost of the Implants Used in Bankart Repair Shoulder,Orthopaedics,TIER I,NABH,GENERAL WARD,IMOR47U100,0.0
570,Cost of the Implants Used in Biceps Tenodesis,Orthopaedics,TIER I,NABH,GENERAL WARD,IMOR49U100,0.0
571,Cost of the Implants Used in Cervical Laminoplasty,Neuro-Surgery,TIER,NABH,GENERAL,IMNS23U100,0.0
572,Cost of the Implants Used in Cervical disc arthroplasty,Neuro-Surgery,TIER I,NABH,GENERAL WARD,IMNS21U100,0.0
573,Cost of the Implants Used in Cervical or Dorsal or Lumbar Laminectomy,Neuro-Surgery,TIER I,NABH,GENERAL WARD,IMNS05U100,0.0
574,Cost of the Implants Used in Combined Trans-Oral Surgery & Craniovertebral (CV) Junction Fusion,Neuro-Surgery,TIER I,NABH,GENERAL WARD,IMNS06U100,0.0
575,Cost of the Implants Used in Corrective Osteotomy & Internal Fixation-long bones,Orthopaedics,TIER I,NABH,GENERAL WARD,IMOR14U100,0.0
576,Cost of the Implants Used in Corrective Osteotomy & Internal Fixation-short bones,Orthopaedics,TIER I,NABH,GENERAL WARD,IMOR13U100,0.0
577,Cost of the Implants Used in Craniovertebral Junction (CVJ) Fusion procedures,Neuro-Surgery,TIER I,NABH,GENERAL WARD,IMNS07U100,0.0
578,Cost of the Implants Used in Depressed Fracture Elevation,Neuro-Surgery,TIER I,NABH,GENERAL WARD,IMNS08U100,0.0
579,Cost of the Implants Used in Distal biceps tendon repair,Orthopaedics,TIER I,NABH,GENERAL WARD,IMOR50U100,0.0
580,Cost of the Implants Used in Dorsal column stimulation for backache in failed back syndrome,Neuro-Surgery,TIER I,NABH,GENERAL WARD,IMNS34U100,0.0
581,Cost of the Implants Used in Dynamic Hip Screw (DHS) for Fracture Neck Femur,Orthopaedics,TIER I,NABH,GENERAL WARD,IMOR56U100,0.0
582,Cost of the Implants Used in Endoscopic aqueductoplasty,Neuro-Surgery,TIER I,NABH,GENERAL WARD,IMNS19U100,0.0
583,"Cost of the Implants Used in Endoscopic discectomy (Lumbar, Cervical)",Neuro-Surgery,TIER I,NABH,GENERAL WARD,IMNS28U100,0.0
584,Cost of the Implants Used in Facial bones - Complicated Reduction with fixation,Dentistry,TIER I,NABH,GENERAL WARD,IMDP05U100,0.0
585,Cost of the Implants Used in Foramen magnum decompression for Chiari Malformation,Neuro-Surgery,TIER I,NABH,GENERAL WARD,IMNS33U100,0.0
586,Cost of the Implants Used in Fusion Surgery Cervical/ Lumbar Spine upto 2 Level,Orthopaedics,TIER I,NABH,GENERAL WARD,IMOR52U100,0.0
587,Cost of the Implants Used in Hemiarthroplasty- Hip,Orthopaedics,TIER I,NABH,GENERAL WARD,IMOR17U100,0.0
588,Cost of the Implants Used in Hemiarthroplasty- Shoulder,Orthopaedics,TIER I,NABH,GENERAL WARD,IMOR18U100,0.0
589,Cost of the Implants Used in Knee Collateral Ligament Reconstruction,Orthopaedics,TIER I,NABH,GENERAL WARD,IMOR46U100,0.0
590,Cost of the Implants Used in Kyphoplasty,Neuro-Surgery,TIER,NABH,GENERAL,IMNS37U100,0.0
591,Cost of the Implants Used in Lateral mass C1-C2 screw fixation,Neuro-Surgery,TIER I,NABH,GENERAL WARD,IMNS24U100,0.0
592,Cost of the Implants Used in Lumbar Discectomy,Neuro-Surgery,TIER,NABH,GENERAL,IMNS09U100,0.0
593,Cost of the Implants Used in Lumbar disc arthroplasty,Neuro-Surgery,TIER I,NABH,GENERAL WARD,IMNS22U100,0.0
594,Cost of the Implants Used in Meniscus Repair,Orthopaedics,TIER I,NABH,GENERAL WARD,IMOR43U100,0.0
595,Cost of the Implants Used in Multiple Pinning Fracture Neck Femur,Orthopaedics,TIER I,NABH,GENERAL WARD,IMOR05U100,0.0
596,Cost of the Implants Used in Open Reduction & Internal Fixation (ORIF) of Fingers & Toes,Orthopaedics,TIER I,NABH,GENERAL WARD,IMOR01U100,0.0
597,Cost of the Implants Used in Open Reduction & Internal Fixation (ORIF) of Fracture Dislocation,Orthopaedics,TIER I,NABH,GENERAL WARD,IMOR09U100,0.0
598,Cost of the Implants Used in Open Reduction of Fracture Neck Femur Muscle Pedicle Graft and Internal Fixations,Orthopaedics,TIER I,NABH,GENERAL WARD,IMOR08U100,0.0
599,Cost of the Implants Used in Open Reduction of fracture of Long Bones of Upper / Lower Limb -Nailing & External Fixation,Orthopaedics,TIER I,NABH,GENERAL WARD,IMOR02U100,0.0
600,Cost of the Implants Used in Open Reduction of fracture of Long Bones of Upper /Lower Limb -AO Procedures,Orthopaedics,TIER I,NABH,GENERAL WARD,IMOR03U100,0.0
601,Cost of the Implants Used in Pelvi-acetabular fracture -Internal fixation,Orthopaedics,TIER I,NABH,GENERAL WARD,IMOR42U100,0.0
602,Cost of the Implants Used in Plate Fixations for Fracture Neck Femur,Orthopaedics,TIER I,NABH,GENERAL WARD,IMOR06U100,0.0
603,Cost of the Implants Used in Posterior Cruciate Ligament (PCL) Reconstruction,Orthopaedics,TIER I,NABH,GENERAL WARD,IMOR45U100,0.0
604,Cost of the Implants Used in Proximal Femur Nail (PFN) for IT fracture (Intertrochanteric Fractures),Orthopaedics,TIER I,NABH,GENERAL WARD,IMOR57U100,0.0
605,Cost of the Implants Used in Rotator cuff repair / RC repair,Orthopaedics,TIER I,NABH,GENERAL WARD,IMOR48U100,0.0
606,Cost of the Implants Used in Scoliosis Surgery/ Deformity Correction of Spine,Orthopaedics,TIER I,NABH,GENERAL WARD,IMOR54U100,0.0
607,Cost of the Implants Used in Spinal Fixation Cervical/dorsolumbar/ lumbosacral,Orthopaedics,TIER I,NABH,GENERAL WARD,IMOR51U100,0.0
608,Cost of the Implants Used in Spinal Fusion Procedure,Neuro-Surgery,TIER I,NABH,GENERAL WARD,IMNS11U100,0.0
609,Cost of the Implants Used in Spinal Fusion Surgery Cervical/ Lumbar Spine -More than 2 Level,Orthopaedics,TIER I,NABH,GENERAL WARD,IMOR53U100,0.0
610,Cost of the Implants Used in Spinal Osteotomy,Orthopaedics,TIER I,NABH,GENERAL WARD,IMOR58U100,0.0
611,Cost of the Implants Used in Split Osteotomy and Internal Fixations,Orthopaedics,TIER I,NABH,GENERAL WARD,IMOR10U100,0.0
612,Cost of the Implants Used in Surgery for Skull Fractures,Neuro-Surgery,TIER I,NABH,GENERAL WARD,IMNS30U100,0.0
613,Cost of the Implants Used in Surgery for intracranial Arteriovenous malformations (AVM),Neuro-Surgery,TIER I,NABH,GENERAL WARD,IMNS32U100,0.0
614,Cost of the Implants Used in Surgery for recurrent disc prolapse/ epidural fibrosis,Neuro-Surgery,TIER I,NABH,GENERAL WARD,IMNS35U100,0.0
615,Cost of the Implants Used in Tension Band Wirings,Orthopaedics,TIER I,NABH,GENERAL WARD,IMOR04U100,0.0
616,Cost of the Implants Used in Total Ankle Joint Replacement (TAR) - Unilateral,Orthopaedics,TIER I,NABH,GENERAL WARD,IMOR21U100,0.0
617,Cost of the Implants Used in Total Elbow Joint Replacement - Unilateral,Orthopaedics,TIER,NABH,GENERAL,IMOR39U100,0.0
618,Cost of the Implants Used in Total Finger Joint Replacement,Orthopaedics,TIER I,NABH,GENERAL WARD,IMOR41U100,0.0
619,Cost of the Implants Used in Total Hip Replacement (THR),Orthopaedics,TIER I,NABH,GENERAL WARD,IMOR20,40000.0
620,Cost of the Implants Used in Total Hip Replacement (THR) Revision,Orthopaedics,TIER,NABH,GENERAL,IMOR37U100,0.0
621,Cost of the Implants Used in Total Shoulder Joint Replacement -,Orthopaedics,TIER,NABH,GENERAL,IMOR38U100,0.0
622,Cost of the Implants Used in Total Wrist Joint Replacement - Unilateral,Orthopaedics,TIER I,NABH,GENERAL WARD,IMOR40U100,0.0
623,Cost of the Implants Used in Vertebroplasty,Orthopaedics,TIER I,NABH,GENERAL WARD,IMOR55U100,0.0
624,Cost of the Intra Vascular Coils,Cardiology,TIER I,NABH,GENERAL WARD,IMCP17U100,0.0
625,Cost of the Lacrimal Implants per eye,Ophthalmology,TIER I,NABH,GENERAL WARD,IMOP01U100,0.0
626,Cost of the Needle - Endo bronchial Ultrasound (EBUS) -Trans bronchial,Pulmonology,TIER,NABH,GENERAL,IMPP01U100,0.0
627,Cost of the Oesophageal Stent,Medical Gastroenterology,TIER I,NABH,GENERAL WARD,IMMG01U100,0.0
628,Cost of the Permcath catheter,Nephrology And Urology,TIER I,NABH,GENERAL WARD,IMNU02U100,0.0
629,Cost of the Simple Mesh,Abdomen/GI Surgery,TIER I,NABH,GENERAL WARD,IMAG01U100,0.0
630,Cost of the Stent Used in Carotid Stenting,Neuro-Surgery,TIER I,NABH,GENERAL WARD,IMNS20U100,0.0
631,Cost of the Stent used in Coarctation Dilatation with Stenting,Cardiovascular And Cardiac Surgery,TIER I,NABH,GENERAL WARD,IMCV19U100,0.0
632,Cost of the Stent used in Transjugular Intrahepatic Portosystemic Shunt (TIPS),Medical Gastroenterology,TIER I,NABH,GENERAL WARD,IMMG07U100,0.0
633,Cost of the Tacker,Abdomen/GI Surgery,TIER,NABH,GENERAL,IMAG03U100,0.0
634,Cost of the Trabeculotomy /kahook dual blade goniotomy excluding blade cost per eye,Ophthalmology,TIER I,NABH,GENERAL WARD,IMOP02U100,0.0
635,Covid Antibody Test,Laboratory Investigation,TIER I,NABH,GENERAL WARD,LB272,700.0
636,Cranio-Facial resection,ENT Procedure,TIER I,NABH,GENERAL WARD,EP029,40850.0
637,Cranioplasty,Neuro-Surgery Procedure,TIER I,NABH,GENERAL WARD,NS019,59850.0
638,Cranioplasty Implants,Neuro-Surgery,TIER I,NABH,GENERAL WARD,IMNS01U100,0.0
639,Craniotomy and Evacuation of Haematoma - Extradural,Neuro-Surgery Procedure,TIER I,NABH,GENERAL WARD,NS006,77900.0
640,Craniotomy and Evacuation of Haematoma -Subdural,Neuro-Surgery Procedure,TIER I,NABH,GENERAL WARD,NS005,77900.0
641,Craniotomy for posterior fossa tumors with navigation (TMH - Head & Neck) (G6S3),Cancer Surgery,TIER I,NABH,GENERAL WARD,TMH350,40500.0
642,Craniotomy for supratentorial tumors - without navigation (TMH - Head & Neck) (G6S4),Cancer Surgery,TIER I,NABH,GENERAL WARD,TMH351,40500.0
643,Craniovertebral Junction (CVJ) Fusion procedures,Neuro-Surgery Procedure,TIER I,NABH,GENERAL WARD,NS030,72200.0
644,Creatine Phosphokinase (CPK)/Creatine Kinase (CK),Laboratory Investigation,TIER I,NABH,GENERAL WARD,LB103,230.0
645,Creatinine Clearance,Laboratory Investigation,TIER I,NABH,GENERAL WARD,LB073,200.0
646,Cross Match,Laboratory Investigation,TIER I,NABH,GENERAL WARD,LB037,200.0
647,Crown - All Metal-Nickel Free,Dental Procedure,TIER I,NABH,GENERAL WARD,DP044,2000.0
648,Crown - Metal with Ceramic Facing,Dental Procedure,TIER I,NABH,GENERAL WARD,DP045,3000.0
649,Crown - PMMA Crown,Dental Procedure,TIER I,NABH,GENERAL WARD,DP043,1000.0
650,Crown - Recementation,Dental Procedure,TIER I,NABH,GENERAL WARD,DP046,600.0
651,Crown - Removal,Dental Procedure,TIER I,NABH,GENERAL WARD,DP047,500.0
652,Crown lengthening - Per Tooth,Dental Procedure,TIER I,NABH,GENERAL WARD,DP042,500.0
653,Cryoglobulins,Laboratory Investigation,TIER I,NABH,GENERAL WARD,LB273,1000.0
654,Cryptococcal antigen,Laboratory Investigation,TIER I,NABH,GENERAL WARD,LB212,1500.0
655,Curettage + Cement / Bone Graft (TMH - Bone & Soft Tissue) (G4S64),Cancer Surgery,TIER I,NABH,GENERAL WARD,TMH263,22500.0
656,Curettage and Root Planning - Per Arch,Dental Procedure,TIER I,NABH,GENERAL WARD,DP004,2000.0
657,Curettage and Root Planning - Per Tooth,Dental Procedure,TIER I,NABH,GENERAL WARD,DP003,350.0
658,Custom Sequencing Assay,Oncology Investigations,TIER I,NABH,GENERAL WARD,CA044,11040.0
659,Cyclocryotherapy /Trans scleral cyclophotocoagulation TSCPC per eye,Ophthalmology Procedure,TIER I,NABH,GENERAL WARD,OP080,5000.0
660,Cyclosporine,Laboratory Investigation,TIER I,NABH,GENERAL WARD,LB117,2500.0
661,Cyst of Maxilla/mandible by enucleation/excision/marsupialization more than 4 cms under GA and admission,Dental Procedure,TIER I,NABH,GENERAL WARD,DP098,23750.0
662,Cyst of Maxilla/mandible by enucleation/excision/marsupialization more than 4 cms under LA,Dental Procedure,TIER I,NABH,GENERAL WARD,DP097,6000.0
663,Cyst of Maxilla/mandible by enucleation/excision/marsupialization upto 4 cms under LA,Dental Procedure,TIER I,NABH,GENERAL WARD,DP096,5000.0
664,Cystectomy - Partial (TMH - Genitourinary / Gynaecology) (G5S34),Cancer Surgery,TIER I,NABH,GENERAL WARD,TMH331,31500.0
665,Cysto-Gastrostomy (TMH - G.I. Surgery) (G4S33),Cancer Surgery,TIER I,NABH,GENERAL WARD,TMH232,22500.0
666,Cysto-Litholapaxy,Nephrology And Urology Procedure,TIER I,NABH,GENERAL WARD,NU041,33250.0
667,Cystojejunostomy or Cystogastrostomy,Abdomen/GI Surgery Procedure,TIER I,NABH,GENERAL WARD,AG036,40850.0
668,Cystolithotomy -Suprapubic,Nephrology And Urology Procedure,TIER I,NABH,GENERAL WARD,NU142,26125.0
669,Cystoscopic Botulinum Toxin Injection ( Over active bladder/ Neurogenic bladder) -excluding cost of drug,Nephrology And Urology Procedure,TIER I,NABH,GENERAL WARD,NU165,12730.0
670,Cystoscopy (TMH - Genitourinary / Gynaecology) (G2S42),Cancer Surgery,TIER I,NABH,GENERAL WARD,TMH070,11250.0
671,Cystoscopy + DJ Stenting (TMH - Genitourinary / Gynaecology) (G3S111),Cancer Surgery,TIER I,NABH,GENERAL WARD,TMH188,18000.0
672,Cystoscopy with Retrograde Catheter - Bilateral/RGP,Nephrology And Urology Procedure,TIER I,NABH,GENERAL WARD,NU158,26125.0
673,Cystoscopy with Retrograde Catheter -Unilateral/RGP,Nephrology And Urology Procedure,TIER I,NABH,GENERAL WARD,NU157,19000.0
674,Cystostomy - Suprapubic (TMH - Genitourinary / Gynaecology) (G3S112),Cancer Surgery,TIER I,NABH,GENERAL WARD,TMH189,18000.0
675,Cytogenetics,Laboratory Investigation,TIER I,NABH,GENERAL WARD,LB274,5000.0
676,D Xylose test,Laboratory Investigation,TIER I,NABH,GENERAL WARD,LB213,1100.0
677,D-Dimer,Laboratory Investigation,TIER I,NABH,GENERAL WARD,LB200,500.0
678,DALK- Deep anterior lamellar keratoplasty per eye,Ophthalmology Procedure,TIER I,NABH,GENERAL WARD,OP020,40850.0
679,DBS-Non-Rechargeable Device with Directional Leads,Neuro-Surgery,TIER I,NABH,GENERAL WARD,IMNS13,1032586.0
680,DBS-Non-Rechargeable Device with Non-Directional Leads,Neuro-Surgery,TIER I,NABH,GENERAL WARD,IMNS12,837497.0
681,DBS-Rechargeable Device with Directional Leads,Neuro-Surgery,TIER I,NABH,GENERAL WARD,IMNS15,1389936.0
682,DBS-Rechargeable Device with Non-Directional Leads,Neuro-Surgery,TIER I,NABH,GENERAL WARD,IMNS14,1124049.0
683,DCP (DES Gamma-Carboxy- Prothrombin),Laboratory Investigation,TIER I,NABH,GENERAL WARD,LB321,3350.0
684,DICER1 Mutation,Oncology Investigations,TIER I,NABH,GENERAL WARD,CA045,3880.0
685,DJ stent removal,Nephrology And Urology Procedure,TIER I,NABH,GENERAL WARD,NU039,9570.0
686,DSAEK Descemet-s stripping automated endothelial keratoplasty/ DMEK-Descemet membrane endothelial keratoplasty per eye,Ophthalmology Procedure,TIER I,NABH,GENERAL WARD,OP022,40850.0
687,Dacryocystectomy per eye,Ophthalmology Procedure,TIER I,NABH,GENERAL WARD,OP033,9200.0
688,Dacryocystography - Bilateral,Ophthalmology Investigation,TIER I,NABH,GENERAL WARD,OI027,2000.0
689,Dacryocystorhinostomy-Plain,Ophthalmology Procedure,TIER I,NABH,GENERAL WARD,OP029,12730.0
690,Dacryocystorhinostomy-Plain with intubation and/or with lacrimal implants excluding the cost of implant per eye,Ophthalmology Procedure,TIER I,NABH,GENERAL WARD,OP030,19000.0
691,Dacryocystorhinostomy-conjunctival with implant excluding the cost of implant per eye,Ophthalmology Procedure,TIER I,NABH,GENERAL WARD,OP031,19000.0
692,Day Care Charges (Accomidation only ),Ward charges,TIER I,NABH,GENERAL WARD,WC002,1500.0
693,Debridement of Large wounds including Diabetic Wound under Anaesthesia,General Surgery,TIER I,NABH,GENERAL WARD,GS020,26125.0
694,Debridement of wounds - Small,General Surgery,TIER I,NABH,GENERAL WARD,GS005,1650.0
695,Decompressive craniotomy for hemispherical acute subdural haematoma/ brain swelling/large infarct,Neuro-Surgery Procedure,TIER I,NABH,GENERAL WARD,NS077,77900.0
696,Dehydroepiandrosterone sulfate (DHEAS),Laboratory Investigation,TIER I,NABH,GENERAL WARD,LB171,1000.0
697,Dengue IgM and Ig G,Laboratory Investigation,TIER I,NABH,GENERAL WARD,LB270,800.0
698,Dengue NS1 Ag,Laboratory Investigation,TIER I,NABH,GENERAL WARD,LB269,400.0
699,Depressed Fracture Elevation,Neuro-Surgery Procedure,TIER I,NABH,GENERAL WARD,NS031,50350.0
700,Dermabrasion Face,Burns And Plastic Surgery Procedure,TIER I,NABH,GENERAL WARD,BP032,40850.0
701,Desmoglein (DSG) 1 And 3 Antibody,Laboratory Investigation,TIER I,NABH,GENERAL WARD,LB322,5400.0
702,"Dexa Scan Bone Densitometry - Three sites (Spine, Hip &extremity)",Radiological Investigation,TIER I,NABH,GENERAL WARD,RI146,2500.0
703,Dexa Scan Bone Densitometry - Two sites,Radiological Investigation,TIER I,NABH,GENERAL WARD,RI145,2000.0
704,Dexa Scan Bone Densitometry Whole body,Radiological Investigation,TIER I,NABH,GENERAL WARD,RI147,3000.0
705,Diagnostic Angiography,Gastroenterology/,TIER,NABH,GENERAL,GI007,9200.0
706,Diagnostic Cystoscopy,Nephrology And Urology Procedure,TIER I,NABH,GENERAL WARD,NU156,8500.0
707,Diagnostic Digital Subtraction Angiography (DSA) cerebral vessels,Radiological Investigation,TIER I,NABH,GENERAL WARD,RI059,13400.0
708,Diagnostic Electrophysiological studies conventional (Including catheter),Cardiology Investigation,TIER I,NABH,GENERAL WARD,CI008,72600.0
709,Diagnostic Hysteroscopy (TMH - Genitourinary / Gynaecology) (G2S40),Cancer Surgery,TIER I,NABH,GENERAL WARD,TMH068,11250.0
710,Diagnostic Hysteroscopy with or without endometrial Biopsy,Obstetrics And Gynaecology Procedure,TIER I,NABH,GENERAL WARD,OG077,20000.0
711,Diagnostic Peritonioscopy/Laparoscopy,Abdomen/GI Surgery Procedure,TIER I,NABH,GENERAL WARD,AG048,19000.0
712,Diagnostic endoscopy under GA,ENT Procedure,TIER I,NABH,GENERAL WARD,EP041,5000.0
713,Diagnostic hysterolaparoscopy(DHL) with or without chromopertubation/Adhesiolysis/ovarian drilling,Obstetrics And Gynaecology Procedure,TIER I,NABH,GENERAL WARD,OG042,19000.0
714,Diagnostic hysteroscopy with or without polypectomy/endometrial curettage,Obstetrics And Gynaecology Procedure,TIER I,NABH,GENERAL WARD,OG049,19000.0
715,Diaphragmatic Hernia Repair (Thoracic or Abdominal Approach),Paediatric Surgery Procedure,TIER I,NABH,GENERAL WARD,PS001,50350.0
716,Differential Leucocytic Count (DLC),Laboratory Investigation,TIER I,NABH,GENERAL WARD,LB009,100.0
717,Digital OPG with X ray film/ CD,Dental Investigation,TIER I,NABH,GENERAL WARD,DI003,500.0
718,Digital Subtraction Angiography- venogram,Cardiology,TIER,NABH,GENERAL,CI015,14610.0
719,Digital Subtraction Angiography-Peripheral artery,Cardiology,TIER,NABH,GENERAL,CI014,14610.0
720,Dilantin (Phenytoin),Laboratory Investigation,TIER I,NABH,GENERAL WARD,LB115,600.0
721,Dilatation & Curettage (TMH - Genitourinary / Gynaecology) (G1S25),Cancer Surgery,TIER I,NABH,GENERAL WARD,TMH025,4500.0
722,Dilatation and Curettage(diagnostic/therapeutic) with or without Polypectomy,Obstetrics And Gynaecology Procedure,TIER I,NABH,GENERAL WARD,OG037,13400.0
723,Dilatation of Stricture Urethra under G.A.,Nephrology And Urology Procedure,TIER I,NABH,GENERAL WARD,NU149,5000.0
724,Direct Immunofluorescence (Skin and Kidney Disease etc),Laboratory Investigation,TIER I,NABH,GENERAL WARD,LB152,1200.0
725,Direct Laryngoscopy including Biopsy under GA,ENT Procedure,TIER I,NABH,GENERAL WARD,EP053,13400.0
726,Direct Operation on Oesophagus for Portal Hypertension,Abdomen/GI Surgery Procedure,TIER I,NABH,GENERAL WARD,AG032,50350.0
727,Disarticulations - Major joint,Orthopaedics Procedure,TIER I,NABH,GENERAL WARD,OR076,40850.0
728,Disarticulations - Minor joint,Orthopaedics Procedure,TIER I,NABH,GENERAL WARD,OR077,33250.0
729,Discectomy/ Micro Discectomy,Orthopaedics Procedure,TIER I,NABH,GENERAL WARD,OR115,77900.0
730,Distal biceps tendon repair,Orthopaedics Procedure,TIER I,NABH,GENERAL WARD,OR105,50350.0
731,Distraction osteogenesis of mandible or maxilla under GA,Dental Procedure,TIER I,NABH,GENERAL WARD,DP110,28500.0
732,Diurnal variation of IOP - Both Eyes,Ophthalmology Investigation,TIER I,NABH,GENERAL WARD,OI020,1500.0
733,Diverticulectomy -Endoscopic incision of neck,Nephrology And Urology Procedure,TIER I,NABH,GENERAL WARD,NU047,33250.0
734,Diverticulectomy -open,Nephrology And Urology Procedure,TIER I,NABH,GENERAL WARD,NU045,40850.0
735,Diverticulectomy- Lap/Endoscopic,Nephrology And Urology Procedure,TIER I,NABH,GENERAL WARD,NU046,50350.0
736,Donor Nephrectomy (Laparoscopic),Nephrology And Urology Procedure,TIER I,NABH,GENERAL WARD,NU102,104500.0
737,Donor Nephrectomy (Open),Nephrology And Urology Procedure,TIER I,NABH,GENERAL WARD,NU101,59850.0
738,Donor Specific Antibodies (DSA),Oncology Investigations,TIER I,NABH,GENERAL WARD,CA046,8000.0
739,Dorsal column stimulation for backache in failed back syndrome,Neuro-Surgery Procedure,TIER I,NABH,GENERAL WARD,NS075,59850.0
740,Double Hip spica,Orthopaedics Procedure,TIER I,NABH,GENERAL WARD,OR019,8500.0
741,Double Lumen Femoral Catheterization for Haemodialysis,Nephrology And Urology Procedure,TIER I,NABH,GENERAL WARD,NU112,13400.0
742,"Double Marker (Beta-hCG,PAPP-A)",Laboratory Investigation,TIER I,NABH,GENERAL WARD,LB295,2000.0
743,Double Switch Operation (DSO),Cardiovascular And Cardiac Surgery Procedure,TIER I,NABH,GENERAL WARD,CV009,224200.0
744,Double Valve Replacement (DVR),Cardiovascular And Cardiac Surgery Procedure,TIER I,NABH,GENERAL WARD,CV018,224200.0
745,Drainage of abscess with anaesthesia,General Procedure,TIER I,NABH,GENERAL WARD,GP012,13400.0
746,Dressings of wounds,General Procedure,TIER I,NABH,GENERAL WARD,GP001,300.0
747,"Drug eluting coronary stents( All DCGI approved, DCGI and FDA approved , All DCGI and CE approved)",Cardiology,TIER I,NABH,GENERAL WARD,IMCP01,23625.0
748,Drugs,All specialities,TIER I,NABH,GENERAL WARD,US003,0.0
749,Dual Chamber Cardiac Pacemaker,Cardiology,TIER I,NABH,GENERAL WARD,IMCP09,83200.0
750,Duodenal Atresia Operation,Paediatric Surgery Procedure,TIER I,NABH,GENERAL WARD,PS014,40850.0
751,Duodenal Diverticulum,Abdomen/GI Surgery Procedure,TIER I,NABH,GENERAL WARD,AG052,50350.0
752,Duodenal stricture dilation,Gastroenterology / Endoscopic Procedures,TIER I,NABH,GENERAL WARD,MG015,8500.0
753,Duodenojejunostomy,Abdomen/GI Surgery Procedure,TIER I,NABH,GENERAL WARD,AG011,50350.0
754,Duodenotomy (TMH - G.I. Surgery) (G3S39),Cancer Surgery,TIER I,NABH,GENERAL WARD,TMH116,18000.0
755,Duodenum Partial Excision (TMH - G.I. Surgery) (G4S34),Cancer Surgery,TIER I,NABH,GENERAL WARD,TMH233,22500.0
756,Dynamic Hip Screw (DHS) for Fracture Neck Femur,Orthopaedics Procedure,TIER I,NABH,GENERAL WARD,OR122,50350.0
757,Dynamic Renography with Captopril,Nuclear Medicine Investigation,TIER I,NABH,GENERAL WARD,NM008,6800.0
758,Dynamic Renography with Diuretic.,Nuclear Medicine Investigation,TIER I,NABH,GENERAL WARD,NM007,4000.0
759,Dynamic Renography.,Nuclear Medicine Investigation,TIER I,NABH,GENERAL WARD,NM006,4000.0
760,EDTA for band shaped keratopathy - Both Eyes,Ophthalmology Procedure,TIER I,NABH,GENERAL WARD,OP014,3000.0
761,EGFR Mutation DETECTION,Oncology Investigations,TIER I,NABH,GENERAL WARD,CA047,9500.0
762,EGFR Resistance Mutation (T790m Mutation Analysis),Oncology Investigations,TIER I,NABH,GENERAL WARD,CA048,8000.0
763,EOG- Electrooculogram - Both Eyes,Ophthalmology Investigation,TIER I,NABH,GENERAL WARD,OI023,2070.0
764,ER PR Her2 Neu,Oncology Investigations,TIER I,NABH,GENERAL WARD,CA049,3150.0
765,"ER/PR/Her2neu, Ki67",Oncology Investigations,TIER I,NABH,GENERAL WARD,CA050,5000.0
766,ERCP (Endoscopic Retrograde Cholangio -Pancreatography) Diagnostic,Gastro and Hepatobiliary Investigation,TIER I,NABH,GENERAL WARD,MG025,13400.0
767,ERG- Electroretinogram- Both Eyes,Ophthalmology Investigation,TIER I,NABH,GENERAL WARD,OI024,1800.0
768,EUS (Endoscopic Ultrasound) guided FNAC Excluding the cost of the Needle,Gastroenterology / Endoscopic Procedures,TIER I,NABH,GENERAL WARD,MG046,16500.0
769,Ear Lobe Repair one side,ENT Procedure,TIER I,NABH,GENERAL WARD,EP056,4000.0
770,Ectropion surgery- both lids,Ophthalmology Procedure,TIER I,NABH,GENERAL WARD,OP039,13400.0
771,Ectropion surgery- one lid,Ophthalmology Procedure,TIER I,NABH,GENERAL WARD,OP038,8500.0
772,Elbow Replacement (TMH - Bone & Soft Tissue) (G4S47),Cancer Surgery,TIER I,NABH,GENERAL WARD,TMH246,22500.0
773,Electrical Muscle Stimulation/Cryotherapy/TENS (per session),Physiotherapy,TIER I,NABH,GENERAL WARD,PT006,400.0
774,Electrocardiogram (ECG),Cardiology Investigation,TIER I,NABH,GENERAL WARD,CI001,175.0
775,Electroencephalogram (EEG)/ Video EEG,Neurology Investigation,TIER I,NABH,GENERAL WARD,NI001,1000.0
776,Electrolysis (eye) - Both Eyes,Ophthalmology Procedure,TIER I,NABH,GENERAL WARD,OP118,1000.0
777,Electromyography (EMG),Neurology Investigation,TIER I,NABH,GENERAL WARD,NI002,1500.0
778,Electronystagmography (ENG),ENT Investigation,TIER I,NABH,GENERAL WARD,EI012,1500.0
779,Embolectomy,Cardiovascular And Cardiac Surgery Procedure,TIER I,NABH,GENERAL WARD,CV031,72200.0
780,En Bloc Excision + Reconstruction (TMH - Bone & Soft Tissue) (G5S20),Cancer Surgery,TIER I,NABH,GENERAL WARD,TMH317,31500.0
781,En Bloc Upper Humerus Excision (TMH - Bone & Soft Tissue) (G4S48),Cancer Surgery,TIER I,NABH,GENERAL WARD,TMH247,22500.0
782,Endarterectomy (Carotid),Neuro-Surgery Procedure,TIER I,NABH,GENERAL WARD,NS033,59850.0
783,Endo bronchial Ultrasound (EBUS) -Trans bronchial needle aspiration (TBNA) -Excluding the cost of Needle,Pulmonology Procedure,TIER I,NABH,GENERAL WARD,PP001,20000.0
784,Endocyclophotocoagulation per eye,Ophthalmology Procedure,TIER I,NABH,GENERAL WARD,OP079,18000.0
785,Endolymphatic sac decompression,ENT Procedure,TIER I,NABH,GENERAL WARD,EP040,40850.0
786,Endoscopic 3rd ventriculostomy,Neuro-Surgery Procedure,TIER I,NABH,GENERAL WARD,NS066,50350.0
787,Endoscopic Bulking agent Inject (including cost of bulking agent),Nephrology And Urology Procedure,TIER I,NABH,GENERAL WARD,NU130,33250.0
788,Endoscopic CSF rhinorrhoea repair,Neuro-Surgery Procedure,TIER I,NABH,GENERAL WARD,NS051,50350.0
789,Endoscopic Dacryocystorhinostomy (DCR),ENT Procedure,TIER I,NABH,GENERAL WARD,EP024,33250.0
790,Endoscopic Hypophysectomy,ENT Procedure,TIER I,NABH,GENERAL WARD,EP031,50350.0
791,Endoscopic Laser excision for Hypopharynx (TMH - Head & Neck) (G4S14),Cancer Surgery,TIER I,NABH,GENERAL WARD,TMH213,22500.0
792,Endoscopic Optic Nerve Decompression,ENT Procedure,TIER I,NABH,GENERAL WARD,EP032,50350.0
793,Endoscopic Polypectomy - GIT,Gastroenterology / Endoscopic Procedures,TIER I,NABH,GENERAL WARD,MG004,19000.0
794,Endoscopic Removal of Stone in Bladder,Nephrology And Urology Procedure,TIER I,NABH,GENERAL WARD,NU143,33250.0
795,Endoscopic Surgery (ENT),ENT Procedure,TIER I,NABH,GENERAL WARD,EP025,33250.0
796,Endoscopic Sympathectomy,Neuro-Surgery Procedure,TIER I,NABH,GENERAL WARD,NS063,59850.0
797,Endoscopic aqueductoplasty,Neuro-Surgery Procedure,TIER I,NABH,GENERAL WARD,NS044,50350.0
798,Endoscopic aspiration of intracerebellar haematoma,Neuro-Surgery Procedure,TIER I,NABH,GENERAL WARD,NS080,72200.0
799,Endoscopic cranial surgery/Biopsy/aspiration,Neuro-Surgery Procedure,TIER I,NABH,GENERAL WARD,NS067,59850.0
800,Endoscopic cysto gastrostomy,Gastroenterology / Endoscopic Procedures,TIER I,NABH,GENERAL WARD,MG035,19000.0
801,"Endoscopic discectomy (Lumbar, Cervical)",Neuro-Surgery Procedure,TIER I,NABH,GENERAL WARD,NS068,59850.0
802,Endoscopic mucosal resection,Gastroenterology / Endoscopic Procedures,TIER I,NABH,GENERAL WARD,MG003,12730.0
803,Endoscopic sphincterotomy by ERCP,Gastroenterology / Endoscopic Procedures,TIER I,NABH,GENERAL WARD,MG026,19000.0
804,Enteral stenting excluding cost of the stent,Gastroenterology / Endoscopic Procedures,TIER I,NABH,GENERAL WARD,MG014,19000.0
805,Entropion surgery- both lids,Ophthalmology Procedure,TIER I,NABH,GENERAL WARD,OP043,13400.0
806,Entropion surgery- one lid,Ophthalmology Procedure,TIER I,NABH,GENERAL WARD,OP042,8500.0
807,Enucleation of the Eye (TMH - Head & Neck) (G3S23),Cancer Surgery,TIER I,NABH,GENERAL WARD,TMH100,18000.0
808,Enucleation per eye(for non-malignant conditions),Ophthalmology Procedure,TIER I,NABH,GENERAL WARD,OP053,12730.0
809,Enucleation with orbital implants and artificial (Cost of implants included) per eye,Ophthalmology Procedure,TIER I,NABH,GENERAL WARD,OP054,19000.0
810,Epicanthus correction - Both Eyes,Ophthalmology Procedure,TIER I,NABH,GENERAL WARD,OP040,8075.0
811,Epididymectomy,Nephrology And Urology Procedure,TIER I,NABH,GENERAL WARD,NU086,19000.0
812,Epigastric Hernia Repair - excluding the cost of mesh and tacker,Abdomen/GI Surgery Procedure,TIER I,NABH,GENERAL WARD,AG021,26125.0
813,Epilepsy surgery other than at Code No. NS049 and NS050,Neuro-Surgery Procedure,TIER I,NABH,GENERAL WARD,NS053,92150.0
814,Epiretinal Membrane (ERM) Peeling (per eye),Ophthalmology Procedure,TIER I,NABH,GENERAL WARD,OP123,7000.0
815,Epiretinal Membrane (ERM) Removal (per eye),Ophthalmology Procedure,TIER I,NABH,GENERAL WARD,OP124,3000.0
816,Erythrocyte Sedimentation Rate (ESR),Laboratory Investigation,TIER I,NABH,GENERAL WARD,LB010,100.0
817,Esophagoscopic Stent (TMH - Thoracic & Paediatric) (G3S81),Cancer Surgery,TIER I,NABH,GENERAL WARD,TMH158,18000.0
818,Esophagoscopy - Therapeutic (TMH - Thoracic & Paediatric) (G2S27),Cancer Surgery,TIER I,NABH,GENERAL WARD,TMH055,11250.0
819,Esophagoscopy-Diagnostic (TMH - Thoracic & Paediatric) (G1S14),Cancer Surgery,TIER I,NABH,GENERAL WARD,TMH014,4500.0
820,Estlander Operation (Estlander flap in plastic surgery of lips),ENT Procedure,TIER I,NABH,GENERAL WARD,EP069,33250.0
821,Estradiol (E2),Laboratory Investigation,TIER I,NABH,GENERAL WARD,LB239,400.0
822,Ethmoidectomy (TMH - Head & Neck) (G3S3),Cancer Surgery,TIER I,NABH,GENERAL WARD,TMH081,18000.0
823,Evacuation /Excision of Brain Abscess by craniotomy,Neuro-Surgery Procedure,TIER I,NABH,GENERAL WARD,NS007,77900.0
824,Evaluation under anaesthesia (TMH - Head & Neck) (G1S2),Cancer Surgery,TIER I,NABH,GENERAL WARD,TMH002,4500.0
825,Evisceration per eye,Ophthalmology Procedure,TIER I,NABH,GENERAL WARD,OP055,13400.0
826,Evisceration with orbital implants and artificial (Cost of implants included) prosthesis per eye,Ophthalmology Procedure,TIER I,NABH,GENERAL WARD,OP056,19000.0
827,Exchange Transfusion,Critical Care,TIER I,NABH,GENERAL WARD,CC008,3500.0
828,Excision Biopsy of Superficial Lumps,Biopsies,TIER I,NABH,GENERAL WARD,BY004,9200.0
829,Excision Biopsy of Ulcers,Biopsies,TIER I,NABH,GENERAL WARD,BY003,5000.0
830,"Excision Biopsy of lid, conjunctiva, cornea per eye",Ophthalmology Procedure,TIER I,NABH,GENERAL WARD,OP113,9200.0
831,Excision Cholangiocarcinoma (TMH - G.I. Surgery) (G5S10),Cancer Surgery,TIER I,NABH,GENERAL WARD,TMH307,31500.0
832,Excision Gland/Nodule (TMH - Breast) (G1S28),Cancer Surgery,TIER I,NABH,GENERAL WARD,TMH028,4500.0
833,Excision STS Neck / Mass Neck (TMH - Head & Neck) (G3S5),Cancer Surgery,TIER I,NABH,GENERAL WARD,TMH083,18000.0
834,Excision of Adrenal Tumor + Nephrectomy (TMH - Genitourinary / Gynaecology) (G6S27),Cancer Surgery,TIER I,NABH,GENERAL WARD,TMH374,40500.0
835,Excision of Axillary Lymph Node under General Anaesthesia,General Surgery,TIER I,NABH,GENERAL WARD,GS010,8500.0
836,Excision of Branchial Cyst,ENT Procedure,TIER I,NABH,GENERAL WARD,EP064,26125.0
837,Excision of Branchial Sinus,ENT Procedure,TIER I,NABH,GENERAL WARD,EP065,26125.0
838,Excision of Carotid Body / Carotid Body Tumours,ENT Procedure,TIER I,NABH,GENERAL WARD,EP067,40850.0
839,Excision of Cervical Lymph Node under Local Anaesthesia,General Surgery,TIER I,NABH,GENERAL WARD,GS009,3100.0
840,Excision of Cholangiocarcinoma + Liver Resection (TMH - G.I. Surgery) (G6S19),Cancer Surgery,TIER I,NABH,GENERAL WARD,TMH366,40500.0
841,Excision of Clivus Tumour (Skull Base + Reconstruction) (TMH - Head & Neck) (G5S6),Cancer Surgery,TIER I,NABH,GENERAL WARD,TMH303,31500.0
842,Excision of Corns Skin Procedure,,TIER I,NABH,GENERAL WARD,SK005,1000.0
843,Excision of Cystic Hygroma,ENT Procedure,TIER I,NABH,GENERAL WARD,EP062,19000.0
844,Excision of Cystic Hygroma Extensive,ENT Procedure,TIER I,NABH,GENERAL WARD,EP063,26125.0
845,Excision of Dermoid Cysts,General Surgery,TIER I,NABH,GENERAL WARD,GS015,5000.0
846,Excision of Filarial Scrotum,Nephrology And Urology Procedure,TIER I,NABH,GENERAL WARD,NU095,26125.0
847,Excision of Inguinal Lymph Node under Local Anaesthesia,General Surgery,TIER I,NABH,GENERAL WARD,GS011,3000.0
848,Excision of Keloid,General Surgery,TIER I,NABH,GENERAL WARD,GS016,9200.0
849,Excision of Lingual Thyroid,ENT Procedure,TIER I,NABH,GENERAL WARD,EP083,33250.0
850,Excision of Lobe (Frontal Temporal Cerebellum etc.),Neuro-Surgery Procedure,TIER I,NABH,GENERAL WARD,NS008,77900.0
851,Excision of Meckel-s Diverticulum,Paediatric Surgery Procedure,TIER I,NABH,GENERAL WARD,PS034,40850.0
852,Excision of Moles,Skin Procedure,TIER I,NABH,GENERAL WARD,SK001,1000.0
853,Excision of Molluscum Contagiosum,Skin Procedure,TIER I,NABH,GENERAL WARD,SK003,1000.0
854,Excision of Ovarian Mass/Cyst (TMH - Genitourinary / Gynaecology) (G3S100),Cancer Surgery,TIER I,NABH,GENERAL WARD,TMH177,18000.0
855,Excision of Pharyngeal Diverticulum,ENT Procedure,TIER I,NABH,GENERAL WARD,EP066,26125.0
856,Excision of Pilonidal Sinus (open),Abdomen/GI Surgery Procedure,TIER I,NABH,GENERAL WARD,AG079,22990.0
857,Excision of Pilonidal Sinus with closure,Abdomen/GI Surgery Procedure,TIER I,NABH,GENERAL WARD,AG080,26125.0
858,Excision of Pinna (TMH - Head & Neck) (G2S2),Cancer Surgery,TIER I,NABH,GENERAL WARD,TMH030,11250.0
859,Excision of Pinna for non-cancerous Growth/Injuries - Skin Only,ENT Procedure,TIER I,NABH,GENERAL WARD,EP057,9200.0
860,Excision of Pinna for non-cancerous/ Injuries - Skin and Cartilage,ENT Procedure,TIER I,NABH,GENERAL WARD,EP058,13400.0
861,Excision of Salivary gland,Dental Procedure,TIER I,NABH,GENERAL WARD,DP082,15000.0
862,Excision of Sebaceous Cysts,General Surgery,TIER I,NABH,GENERAL WARD,GS012,5000.0
863,Excision of Skin Malignancy - Head & Neck (TMH - Head & Neck) (G2S3),Cancer Surgery,TIER I,NABH,GENERAL WARD,TMH031,11250.0
864,Excision of Small Intestine Fistula,Abdomen/GI Surgery Procedure,TIER I,NABH,GENERAL WARD,AG056,47025.0
865,Excision of Superficial Lipoma,General Surgery,TIER I,NABH,GENERAL WARD,GS013,5000.0
866,Excision of Superficial Neurofibroma,General Surgery,TIER I,NABH,GENERAL WARD,GS014,5000.0
867,Excision of Thyroglossal Cyst/Duct/Fistula,ENT Procedure,TIER I,NABH,GENERAL WARD,EP084,33250.0
868,Excision of Transnasal Angiofibroma (TMH - Head & Neck) (G5S3),Cancer Surgery,TIER I,NABH,GENERAL WARD,TMH300,31500.0
869,Excision of Vaginal Cyst/Bartholin Cyst/Gartner Cyst,Obstetrics And Gynaecology Procedure,TIER I,NABH,GENERAL WARD,OG040,9200.0
870,Excision of Vaginal/Uterus Septum,Obstetrics And Gynaecology Procedure,TIER I,NABH,GENERAL WARD,OG041,19000.0
871,Excision of Venereal Warts,Skin Procedure,TIER I,NABH,GENERAL WARD,SK004,1000.0
872,Excision of Warts,Skin Procedure,TIER I,NABH,GENERAL WARD,SK002,1000.0
873,Excision of hyperplastic tissue - per arch,Dental Procedure,TIER I,NABH,GENERAL WARD,DP020,1200.0
874,Excision of lumps under anaesthesia,General Procedure,TIER I,NABH,GENERAL WARD,GP013,13400.0
875,Excision of mammary fistula,General Surgery,TIER I,NABH,GENERAL WARD,GS017,26125.0
876,Excision of mandible-segmental,ENT Procedure,TIER I,NABH,GENERAL WARD,EP073,33250.0
877,Excision of parapharyngeal mass (TMH - Head & Neck) (G3S4),Cancer Surgery,TIER I,NABH,GENERAL WARD,TMH082,18000.0
878,Excision of the Maxilla,ENT Procedure,TIER I,NABH,GENERAL WARD,EP072,40850.0
879,Excision of urethral carbuncle,Obstetrics And Gynaecology Procedure,TIER I,NABH,GENERAL WARD,OG024,12730.0
880,Excision or other Operations for Scaphoid Fractures,Orthopaedics Procedure,TIER I,NABH,GENERAL WARD,OR044,33250.0
881,Exenteration - Total (TMH - Genitourinary / Gynaecology) (G6S54),Cancer Surgery,TIER I,NABH,GENERAL WARD,TMH400,40500.0
882,Exenteration Anterior/Posterior (TMH - Genitourinary / Gynaecology) (G6S29),Cancer Surgery,TIER I,NABH,GENERAL WARD,TMH375,40500.0
883,Exenteration per eye,Ophthalmology Procedure,TIER I,NABH,GENERAL WARD,OP059,19000.0
884,Exenteration with skin grafting per eye,Ophthalmology Procedure,TIER I,NABH,GENERAL WARD,OP060,33250.0
885,Exercises /Post Natal Exercises/Prenatal Exercises/Therapeutic Exercises/Orthopaedic Rehabilitation (Joint Replacement/Post Surgery)/Hand Rehab (per session),Physiotherapy,TIER I,NABH,GENERAL WARD,PT003,300.0
886,Expansion plate,Dental Procedure,TIER I,NABH,GENERAL WARD,DP077,6500.0
887,Exploration + Ileo/Colostomy (TMH - Genitourinary / Gynaecology) (G5S35),Cancer Surgery,TIER I,NABH,GENERAL WARD,TMH332,31500.0
888,Exploration Emergency (TMH - Genitourinary / Gynaecology) (G3S98),Cancer Surgery,TIER I,NABH,GENERAL WARD,TMH175,18000.0
889,Exploration of abdominal Haematoma (after laparotomy/ LSCS),Obstetrics And Gynaecology Procedure,TIER I,NABH,GENERAL WARD,OG014,26125.0
890,Exploration of perineal Haematoma & Repair,Obstetrics And Gynaecology Procedure,TIER I,NABH,GENERAL WARD,OG013,12730.0
891,Exploratory Laparotomy (Open),Abdomen/GI Surgery Procedure,TIER I,NABH,GENERAL WARD,AG017,26125.0
892,Exploratory Laparotomy (TMH - G.I. Surgery) (G2S21),Cancer Surgery,TIER I,NABH,GENERAL WARD,TMH049,11250.0
893,Exploratory Laparotomy/Thoracotomy (Inoperable) (TMH - Thoracic & Paediatric) (G2S28),Cancer Surgery,TIER I,NABH,GENERAL WARD,TMH056,11250.0
894,Extended Immune subset for Post Allogenic Stem Cell Transplant Monitoring,Oncology Investigations,TIER I,NABH,GENERAL WARD,CA051,5000.0
895,"Extended Lipid Profile. (Total cholesterol, LDL,HDL, Triglycerides Apo A1, Apo B,Lp (a) )",Laboratory Investigation,TIER I,NABH,GENERAL WARD,LB129,1000.0
896,Extensive Burn -above 50% Frist Dressing,Burns And Plastic Surgery Procedure,TIER I,NABH,GENERAL WARD,BP038,6000.0
897,Extensive Burn -above 50% Subsequent dressing,Burns And Plastic Surgery Procedure,TIER I,NABH,GENERAL WARD,BP039,3500.0
898,External Fixation (TMH - Bone & Soft Tissue) (G3S70),Cancer Surgery,TIER I,NABH,GENERAL WARD,TMH147,18000.0
899,External Loop/event recording - subsequent Days 1000/day (Maximum up to 6 days),Cardiology Investigation,TIER I,NABH,GENERAL WARD,CI007,1000.0
900,External Loop/event recording -first day Rs.1500,Cardiology Investigation,TIER I,NABH,GENERAL WARD,CI006,1500.0
901,External Ventricular Drainage (EVD),Neuro-Surgery Procedure,TIER I,NABH,GENERAL WARD,NS065,26125.0
902,External Ventricular Drainage (EVD),Neuro-Surgery,TIER I,NABH,GENERAL WARD,IMNS27U100,0.0
903,Extracapsular cataract extraction (ECCE) with IOL excluding the cost of IOL per eye,Ophthalmology Procedure,TIER I,NABH,GENERAL WARD,OP098,12730.0
904,Extracorporeal Shock Wave Lithotripsy (ESWL),Nephrology And Urology Procedure,TIER I,NABH,GENERAL WARD,NU155,40850.0
905,Extracranial-Intracranial Bypass Procedures (EC-IC) bypass procedures,Neuro-Surgery Procedure,TIER I,NABH,GENERAL WARD,NS059,59850.0
906,Extractable Nuclear Antigens (ENA) - Quantitative,Laboratory Investigation,TIER I,NABH,GENERAL WARD,LB254,4600.0
907,Extraction - Normal Tooth,Dental Procedure,TIER I,NABH,GENERAL WARD,DP010,400.0
908,Extraction - Orthodontic Extraction,Dental Procedure,TIER I,NABH,GENERAL WARD,DP014,750.0
909,Extraction Impacted - Bony,Dental Procedure,TIER I,NABH,GENERAL WARD,DP016,5000.0
910,Extraction Impacted - Soft tissue/ 3rd Molar/wisdom tooth extraction,Dental Procedure,TIER I,NABH,GENERAL WARD,DP012,2000.0
911,"Eye Consultation(857,873,877 cannot be booked )",Consultation,TIER I,NABH,GENERAL WARD,CN004,350.0
912,Eye Lid Tumor Excision (TMH - Head & Neck) (G2S4),Cancer Surgery,TIER I,NABH,GENERAL WARD,TMH032,11250.0
913,Eye laser pulse therapy /Lipiflow/IPL [Intense pulse light] per eye,Ophthalmology Procedure,TIER I,NABH,GENERAL WARD,OP129,3500.0
914,Eye lid (upper/lower) Excision with reconstruction (TMH - Head & Neck) (G3S24),Cancer Surgery,TIER I,NABH,GENERAL WARD,TMH101,18000.0
915,Eyelid reconstruction with flap both eyes,Ophthalmology Procedure,TIER I,NABH,GENERAL WARD,OP050,23750.0
916,Eyelid reconstruction with flap one eye,Ophthalmology Procedure,TIER I,NABH,GENERAL WARD,OP049,19000.0
917,F-DOPA PET-CT scan,Nuclear Medicine Investigation,TIER I,NABH,GENERAL WARD,NM021,15000.0
918,FDG Whole body PET CT Scan,Nuclear Medicine Investigation,TIER I,NABH,GENERAL WARD,NM017,14375.0
919,FISH FOR HER2 Neu,Oncology Investigations,TIER I,NABH,GENERAL WARD,CA054,10000.0
920,FISH PANEL FOR MYELOMA,Oncology Investigations,TIER I,NABH,GENERAL WARD,CA062,14000.0
921,FISH Test for C19MC amplification,Oncology Investigations,TIER I,NABH,GENERAL WARD,CA063,12750.0
922,FISH for 1p33/TAL1 deletion,Oncology Investigations,TIER I,NABH,GENERAL WARD,CA053,4980.0
923,FISH for t(10;11)(p12;q14)/MLLT10(AF10)/PICALM,Oncology Investigations,TIER I,NABH,GENERAL WARD,CA055,4980.0
924,FISH for t(11;19)(q23;p13.1)/KMT2A/ELL,Oncology Investigations,TIER I,NABH,GENERAL WARD,CA056,4980.0
925,FISH for t(5;11)(q35;p15.5) NUP98/NSD1,Oncology Investigations,TIER I,NABH,GENERAL WARD,CA057,4980.0
926,FISH for t(6;14)(p21;q32) IGH/CCND3,Oncology Investigations,TIER I,NABH,GENERAL WARD,CA058,4980.0
927,FISH on Bone marrow Smear( 1 marker),Oncology Investigations,TIER I,NABH,GENERAL WARD,CA059,3485.0
928,FISH on FFPE - Block /Slide (2 markers),Oncology Investigations,TIER I,NABH,GENERAL WARD,CA061,4760.0
929,FISH on bone marrow smear( 2 markers),Oncology Investigations,TIER I,NABH,GENERAL WARD,CA060,5475.0
930,FISH test for CDKN2A,Oncology Investigations,TIER I,NABH,GENERAL WARD,CA064,7450.0
931,FISH test for CEN 10 loss - on Tissue,Oncology Investigations,TIER I,NABH,GENERAL WARD,CA065,4150.0
932,FISH test for ETV6 break-apart analysis - On Tissue,Oncology Investigations,TIER I,NABH,GENERAL WARD,CA066,6970.0
933,FISH test for MAML2 break-apart analysis - On Tissue,Oncology Investigations,TIER I,NABH,GENERAL WARD,CA067,7160.0
934,Facial Nerve Decompression,ENT Procedure,TIER I,NABH,GENERAL WARD,EP016,40850.0
935,Facial Space Abscess,Dental Procedure,TIER I,NABH,GENERAL WARD,DP084,5000.0
936,Facial bones - Complicated Reduction with fixation,Dental Procedure,TIER I,NABH,GENERAL WARD,DP111,42750.0
937,Facial nerve reconstruction,Neuro-Surgery Procedure,TIER I,NABH,GENERAL WARD,NS045,72200.0
938,Factor Assays-Factor IX,Laboratory Investigation,TIER I,NABH,GENERAL WARD,LB029,1500.0
939,Factor Assays-Factor VIII,Laboratory Investigation,TIER I,NABH,GENERAL WARD,LB028,1500.0
940,Factor V Leiden Mutation Detection,Oncology Investigations,TIER I,NABH,GENERAL WARD,CA052,6600.0
941,Faecal / Faecal fat test/ faecal chymotrypsin/ faecal elastase,Laboratory Investigation,TIER I,NABH,GENERAL WARD,LB214,1000.0
942,Faecal calprotectin,Laboratory Investigation,TIER I,NABH,GENERAL WARD,LB256,2730.0
943,FeNO Breathing Test,Pulmonology Investigation,TIER I,NABH,GENERAL WARD,PI005,720.0
944,Feeding appliance for Cleft Palate,Dental Procedure,TIER I,NABH,GENERAL WARD,DP076,5000.0
945,Femoral Hernia Repair - excluding the cost of mesh and tacker,Abdomen/GI Surgery Procedure,TIER I,NABH,GENERAL WARD,AG026,33250.0
946,Fetal Echo,Radiological Investigation,TIER I,NABH,GENERAL WARD,RI002,1600.0
947,Fibreoptic examination of Larynx (FOL) under LA,ENT Investigation,TIER I,NABH,GENERAL WARD,EI016,5000.0
948,Fibrinogen,Laboratory Investigation,TIER I,NABH,GENERAL WARD,LB138,500.0
949,Fibro optic Nasal Endoscopy,ENT Investigation,TIER I,NABH,GENERAL WARD,EI017,2300.0
950,Fibroscan Liver,Radiological Investigation,TIER I,NABH,GENERAL WARD,RI027,1150.0
951,Fibula Lower End Reconstruction (TMH - Bone & Soft Tissue) (G3S55),Cancer Surgery,TIER I,NABH,GENERAL WARD,TMH132,18000.0
952,Fibulectomy (TMH - Bone & Soft Tissue) (G3S56),Cancer Surgery,TIER I,NABH,GENERAL WARD,TMH133,18000.0
953,Figure of 8 bandage,Orthopaedics Procedure,TIER I,NABH,GENERAL WARD,OR028,1000.0
954,Fingers (post slab),Orthopaedics Procedure,TIER I,NABH,GENERAL WARD,OR003,1000.0
955,Fingers full plaster Orthopaedics Procedure,,TIER I,NABH,GENERAL WARD,OR004,1500.0
956,Fissure in Ano - Fissurectomy,Abdomen/GI Surgery Procedure,TIER I,NABH,GENERAL WARD,AG073,26125.0
957,Fissure in Ano with Internal sphincterotomy with fissurectomy.,Abdomen/GI Surgery Procedure,TIER I,NABH,GENERAL WARD,AG072,33250.0
958,Fistula in Ano - High Fistulectomy,Abdomen/GI Surgery Procedure,TIER I,NABH,GENERAL WARD,AG075,33250.0
959,Fistula in Ano - Low Fistulectomy,Abdomen/GI Surgery Procedure,TIER I,NABH,GENERAL WARD,AG076,24035.0
960,Fistula stenosis dilation,Nephrology And Urology Procedure,TIER I,NABH,GENERAL WARD,NU126,12730.0
961,Fistulogram for Arteriovenous Fistula,Nephrology And Urology Investigation,TIER I,NABH,GENERAL WARD,NU007,9200.0
962,Fixed orthodontic per arch,Dental Procedure,TIER I,NABH,GENERAL WARD,DP071,15000.0
963,Flap Reconstructive Surgery - Head and Neck,Burns and Plastic Surgery,TIER I,NABH,GENERAL WARD,BP033,59850.0
964,Flap Surgery and Bone Graft per quadrant,Dental Procedure,TIER I,NABH,GENERAL WARD,DP009,3000.0
965,Flap Surgery- Per Quadrant,Dental Procedure,TIER I,NABH,GENERAL WARD,DP008,2000.0
966,Flap Surgery- Per Tooth,Dental Procedure,TIER I,NABH,GENERAL WARD,DP007,450.0
967,Floor of the Mouth - Composite Resection (TMH - Head & Neck) (G4S5),Cancer Surgery,TIER I,NABH,GENERAL WARD,TMH204,22500.0
968,Floor of the Mouth - Wide excision (TMH - Head & Neck) (G3S25),Cancer Surgery,TIER I,NABH,GENERAL WARD,TMH102,18000.0
969,Fluorescein angiography for fundus or iris- Both Eyes,Ophthalmology Investigation,TIER I,NABH,GENERAL WARD,OI007,2000.0
970,Fluorescent PCR + fragment length analysis per Amplicon,Oncology Investigations,TIER I,NABH,GENERAL WARD,CA068,350.0
971,Fluoride Application for Children,Dental Procedure,TIER I,NABH,GENERAL WARD,DP025,1000.0
972,Foetal Haemoglobin (HbF),Laboratory Investigation,TIER I,NABH,GENERAL WARD,LB104,500.0
973,Folic Acid Assay.,Laboratory Investigation,TIER I,NABH,GENERAL WARD,LB128,650.0
974,Follicle stimulating hormone (FSH),Laboratory Investigation,TIER I,NABH,GENERAL WARD,LB163,400.0
975,Fontan Procedure,Cardiovascular And Cardiac Surgery Procedure,TIER I,NABH,GENERAL WARD,CV011,260300.0
976,Foramen magnum decompression for Chiari Malformation,Neuro-Surgery Procedure,TIER I,NABH,GENERAL WARD,NS074,122550.0
977,Formation of an Ileal Conduit,Nephrology And Urology Procedure,TIER I,NABH,GENERAL WARD,NU037,50350.0
978,Fracture Reduction of Nasal Bone,ENT Procedure,TIER I,NABH,GENERAL WARD,EP021,12730.0
979,Fracture orbital repair per eye,Ophthalmology Procedure,TIER I,NABH,GENERAL WARD,OP061,33250.0
980,Free Grafts - Large Area 10%,Burns And Plastic Surgery Procedure,TIER I,NABH,GENERAL WARD,BP005,33250.0
981,Free Grafts - Thiersch- Small Area 5%,Burns And Plastic Surgery Procedure,TIER I,NABH,GENERAL WARD,BP004,19000.0
982,Free Grafts - Very Large Area 20% and above.,Burns And Plastic Surgery Procedure,TIER I,NABH,GENERAL WARD,BP006,40850.0
983,Free Grafts - Wolfe Grafts Burns And Plastic Surgery Procedure,,TIER I,NABH,GENERAL WARD,BP003,19000.0
984,Free Thyroxine (FT4),Laboratory Investigation,TIER I,NABH,GENERAL WARD,LB267,125.0
985,Free Triiodothyronine (FT3),Laboratory Investigation,TIER I,NABH,GENERAL WARD,LB266,125.0
986,Frenectomy,Dental Procedure,TIER,NABH,GENERAL,DP019,2500.0
987,Fructosamine,Laboratory Investigation,TIER I,NABH,GENERAL WARD,LB140,500.0
988,Functional Endoscopic Sinus Surgery (FESS) for Antrochoanal polyp,ENT Procedure,TIER I,NABH,GENERAL WARD,EP035,33250.0
989,Functional Endoscopic Sinus Surgery (FESS) for Ethmoidal polyp,ENT Procedure,TIER I,NABH,GENERAL WARD,EP036,33250.0
990,Functional orthodontic appliance,Dental Procedure,TIER I,NABH,GENERAL WARD,DP075,6000.0
991,Fundus Photo Test /disc photo for glaucoma- Both Eyes,Ophthalmology Investigation,TIER I,NABH,GENERAL WARD,OI011,500.0
992,Fungal culture,Laboratory Investigation,TIER I,NABH,GENERAL WARD,LB206,495.0
993,Fusion Surgery Cervical/ Lumbar Spine up to 2 Level,Orthopaedics Procedure,TIER I,NABH,GENERAL WARD,OR117,59850.0
994,Gait Assessment (per session),Physiotherapy,TIER I,NABH,GENERAL WARD,PT009,600.0
995,Gait Training (per session),Physiotherapy,TIER I,NABH,GENERAL WARD,PT010,300.0
996,Galactomannan,Laboratory Investigation,TIER I,NABH,GENERAL WARD,LB323,3110.0
997,Gallium-68 Peptide PET / CT imaging for Neuroendocrine Tumour,Nuclear Medicine Investigation,TIER I,NABH,GENERAL WARD,NM019,14375.0
998,Gamma-Glutamyl Transpeptidase (GGTP),Laboratory Investigation,TIER I,NABH,GENERAL WARD,LB139,150.0
999,Gaping Abdominal Wound Secondary Suturing,Obstetrics And Gynaecology Procedure,TIER I,NABH,GENERAL WARD,OG019,8500.0
1000,Gaping Perineal Wound Secondary Suturing,Obstetrics And Gynaecology Procedure,TIER I,NABH,GENERAL WARD,OG018,5000.0
1001,Gastrectomy (Bilroth-1)/(Bilroth-2) Distal Radical (TMH - G.I. Surgery) (G4S26),Cancer Surgery,TIER I,NABH,GENERAL WARD,TMH225,22500.0
1002,Gastrectomy (Radical) + Extended Lymphadenectomy (TMH - G.I. Surgery) (G6S11),Cancer Surgery,TIER I,NABH,GENERAL WARD,TMH358,40500.0
1003,Gastrectomy - Partial (TMH - G.I. Surgery) (G4S35),Cancer Surgery,TIER I,NABH,GENERAL WARD,TMH234,22500.0
1004,Gastrectomy -Total (TMH - G.I. Surgery) (G5S11),Cancer Surgery,TIER I,NABH,GENERAL WARD,TMH308,31500.0
1005,Gastrectomy Proximal Radical (TMH - G.I. Surgery) (G4S27),Cancer Surgery,TIER I,NABH,GENERAL WARD,TMH226,22500.0
1006,Gastric By-Pass (TMH - Thoracic & Paediatric) (G3S83),Cancer Surgery,TIER I,NABH,GENERAL WARD,TMH160,18000.0
1007,Gastric Emptying,Gastro and,TIER,NABH,GENERAL,GI005,2500.0
1008,Gastro Oesophageal Reflux Study (GER Study),Gastro and,TIER,NABH,GENERAL,GI001,3000.0
1009,Gastro-Jejunostomy (TMH - G.I. Surgery) (G3S41),Cancer Surgery,TIER I,NABH,GENERAL WARD,TMH118,18000.0
1010,Gastrointestinal (GIT) Foreign body removal,Gastroenterology /,TIER,NABH,GENERAL,MG007,19000.0
1011,Gastrointestinal Bleed (GloB.) Study with Technetium 99m labeled,Gastro and,TIER,NABH,GENERAL,GI004,6000.0
1012,Gastroschisis Repair,Paediatric Surgery Procedure,TIER I,NABH,GENERAL WARD,PS008,40850.0
1013,Gastroscopy (TMH - G.I. Surgery) (G1S10),Cancer Surgery,TIER I,NABH,GENERAL WARD,TMH010,4500.0
1014,Gastroscopy/Upper GI Endoscopy with or without Biopsy,Gastroenterology / Endoscopic Procedures,TIER I,NABH,GENERAL WARD,MG001,4000.0
1015,Gastrostomy,Abdomen/GI Surgery Procedure,TIER I,NABH,GENERAL WARD,AG008,26125.0
1016,Gastrostomy (TMH - G.I. Surgery) (G2S16),Cancer Surgery,TIER I,NABH,GENERAL WARD,TMH044,11250.0
1017,Gastrotomy (TMH - G.I. Surgery) (G2S17),Cancer Surgery,TIER I,NABH,GENERAL WARD,TMH045,11250.0
1018,GeneCORE Somatic 161 Gene Panel (NGS),Oncology Investigations,TIER I,NABH,GENERAL WARD,CA069,30000.0
1019,GeneXpert Test (Tuberculosis),Laboratory Investigation,TIER I,NABH,GENERAL WARD,LB185,1035.0
1020,General:Fistulography / Sinography/Sialography/Dacrocystography/ T-Tube cholangiogram/Nephrostogram,Radiological Investigation,TIER I,NABH,GENERAL WARD,RI050,1270.0
1021,Genioplasty,ENT Procedure,TIER I,NABH,GENERAL WARD,EP087,33250.0
1022,Gingivectomy - Per Quadrant,Dental Procedure,TIER I,NABH,GENERAL WARD,DP006,1200.0
1023,Gingivoplasty - Per Quadrant,Dental Procedure,TIER I,NABH,GENERAL WARD,DP005,1000.0
1024,Glass ionomer Cement Restoration,Dental Procedure,TIER I,NABH,GENERAL WARD,DP027,600.0
1025,Glaucoma surgery with Glaucoma valves (Cost of Valve extra) per eye,Ophthalmology Procedure,TIER I,NABH,GENERAL WARD,OP076,19000.0
1026,Globe exploration per eye,Ophthalmology Procedure,TIER I,NABH,GENERAL WARD,OP131,9500.0
1027,Glosectomy - Anterior 2/3rd (TMH - Head & Neck) (G4S13),Cancer Surgery,TIER I,NABH,GENERAL WARD,TMH212,22500.0
1028,Glossectomy Total (TMH - Head & Neck) (G4S21),Cancer Surgery,TIER I,NABH,GENERAL WARD,TMH220,22500.0
1029,Glucose (Fasting & PP),Laboratory Investigation,TIER I,NABH,GENERAL WARD,LB076,80.0
1030,Glucose Tolerance Test (GTT),Laboratory Investigation,TIER I,NABH,GENERAL WARD,LB101,300.0
1031,Glucose-6-Phosphate Dehydrogenase (G6PD),Laboratory Investigation,TIER I,NABH,GENERAL WARD,LB113,300.0
1032,Glue injection of varices,Gastroenterology / Endoscopic Procedures,TIER I,NABH,GENERAL WARD,MG011,13400.0
1033,Glutamic Acid Decarboxylase Autoantibodies test (GAD antibodies),Laboratory Investigation,TIER I,NABH,GENERAL WARD,LB234,2000.0
1034,Glycosylated Haemoglobin (HbA1c),Laboratory Investigation,TIER I,NABH,GENERAL WARD,LB122,300.0
1035,Gonioscopy- Both Eyes,Ophthalmology Investigation,TIER I,NABH,GENERAL WARD,OI022,300.0
1036,Goniotomy per eye,Ophthalmology Procedure,TIER I,NABH,GENERAL WARD,OP075,5000.0
1037,Graft Used in Bentall Repair,Cardiovascular And Cardiac Surgery,TIER I,NABH,GENERAL WARD,IMCV17U100,0.0
1038,Green Light Laser for Prostate,Nephrology And Urology Procedure,TIER I,NABH,GENERAL WARD,NU164,72200.0
1039,Groin + Iliac Node Dissection (TMH - Bone & Soft Tissue) (G3S57),Cancer Surgery,TIER I,NABH,GENERAL WARD,TMH134,18000.0
1040,Groin Node Dissection (Bilateral) (TMH - Genitourinary / Gynaecology) (G6S52),Cancer Surgery,TIER I,NABH,GENERAL WARD,TMH398,40500.0
1041,Groin Node Dissection (TMH - Bone & Soft Tissue) (G3S58),Cancer Surgery,TIER I,NABH,GENERAL WARD,TMH135,18000.0
1042,Groin Node Dissection (Unilateral) (TMH - Genitourinary / Gynaecology) (G3S99),Cancer Surgery,TIER I,NABH,GENERAL WARD,TMH176,18000.0
1043,Growth Hormone,Laboratory Investigation,TIER I,NABH,GENERAL WARD,LB173,600.0
1044,"Growth scan (including BPP, AFI, Doppler)",Radiological Investigation,TIER I,NABH,GENERAL WARD,RI015,2000.0
1045,H pylori serology for Coeliac disease /Celiac disease,Laboratory Investigation,TIER I,NABH,GENERAL WARD,LB215,1200.0
1046,H1N1 (RT-PCR),Laboratory Investigation,TIER I,NABH,GENERAL WARD,LB259,1084.0
1047,HBV genotyping,Laboratory Investigation,TIER I,NABH,GENERAL WARD,LB216,2875.0
1048,HBeAb (Hepatitis B envelope Antibody),Laboratory Investigation,TIER I,NABH,GENERAL WARD,LB297,360.0
1049,HBeAg (Hepatitis B envelope Antigen),Laboratory Investigation,TIER I,NABH,GENERAL WARD,LB298,360.0
1050,HBsAg Quantitative,Laboratory Investigation,TIER I,NABH,GENERAL WARD,LB262,650.0
1051,HCV RNA Quantitative,Laboratory Investigation,TIER I,NABH,GENERAL WARD,LB244,1845.0
1052,HCV genotyping,Laboratory Investigation,TIER I,NABH,GENERAL WARD,LB217,5606.0
1053,HIAA 24 Hours Urinary,Laboratory Investigation,TIER I,NABH,GENERAL WARD,LB299,2300.0
1054,HIV Viral Load by PCR,Laboratory Investigation,TIER I,NABH,GENERAL WARD,LB300,5000.0
1055,HLA B27 (PCR),Laboratory Investigation,TIER I,NABH,GENERAL WARD,LB247,575.0
1056,"HLA C, DQB Molecular Typing PCR - SSP",Oncology Investigations,TIER I,NABH,GENERAL WARD,CA076,7370.0
1057,HLA Disease Association Next Generation Sequencing HLA-A/B/DRB1/ G,Oncology Investigations,TIER I,NABH,GENERAL WARD,CA077,4700.0
1058,HLA Disease Association Sequence based Typing HLA A/B/DRB1,Oncology Investigations,TIER I,NABH,GENERAL WARD,CA078,4800.0
1059,HLA Drug Hypersensitivity Next Generation Sequencing HLA-A/B/DRB1 HLA-A/B/DRB1/G,Oncology Investigations,TIER I,NABH,GENERAL WARD,CA079,4700.0
1060,HLA Drug Hypersensitivity Typing HLA-A/B/DRB1,Oncology Investigations,TIER I,NABH,GENERAL WARD,CA080,4800.0
1061,HLA Loss Chimerism,Oncology Investigations,TIER I,NABH,GENERAL WARD,CA081,12000.0
1062,"HLA-A, B, C, DRB1, DQB1, DPB1 (Sequence Based Typing - SBT)",Oncology Investigations,TIER I,NABH,GENERAL WARD,CA082,15000.0
1063,"HLA-A, B, DRB1 (Sequence Based Typing - SBT)",Oncology Investigations,TIER I,NABH,GENERAL WARD,CA083,10000.0
1064,"HLA-A, B, DRB1(Sequence Specific Oligonucleotide - SSO)",Oncology Investigations,TIER I,NABH,GENERAL WARD,CA084,7800.0
1065,"HLA-C, DQB1(Sequence Specific Oligonucleotide - SSO)",Oncology Investigations,TIER I,NABH,GENERAL WARD,CA085,5200.0
1066,HRR Gene Test,Oncology Investigations,TIER I,NABH,GENERAL WARD,CA086,31000.0
1067,HSV 1 & 2 IgG,Laboratory Investigation,TIER I,NABH,GENERAL WARD,LB301,820.0
1068,Haemodialysis / Haemodialysis for Sero Positive cases including Dialyser and all other Consumables,Nephrology And Urology Procedure,TIER I,NABH,GENERAL WARD,NU123,3000.0
1069,Haemodialysis / Haemodialysis for Sero negative cases including Dialyser and all other Consumables,Nephrology And Urology Procedure,TIER I,NABH,GENERAL WARD,NU122,2500.0
1070,Haemoglobin (Hb),Laboratory Investigation,TIER I,NABH,GENERAL WARD,LB007,50.0
1071,Haemorrhoidectomy,General Surgery,TIER I,NABH,GENERAL WARD,GS018,31350.0
1072,Hairy Cell Leukemia Mutation (BRAF V600E) Detection,Oncology Investigations,TIER I,NABH,GENERAL WARD,CA070,3490.0
1073,Head Up Tilt Test (HUTT),Cardiology Investigation,TIER I,NABH,GENERAL WARD,CI005,9200.0
1074,Hearing Aid Trail,ENT Investigation,TIER,NABH,GENERAL,EI009,200.0
1075,"Heart Transplant Surgery (As per Guidelines mentioned in OM.No. Z-42011/11/2021-MG/EHS Dated 1st December, 2023)",Cardiovascular And Cardiac Surgery Procedure,TIER I,NABH,GENERAL WARD,CV027,1425000.0
1076,Heller-s Operation,Abdomen/GI Surgery Procedure,TIER I,NABH,GENERAL WARD,AG003,40850.0
1077,Hematolymphoid Malignancy At Diagnosis- Cancer Cytogenetics Testing,Oncology Investigations,TIER I,NABH,GENERAL WARD,CA071,17115.0
1078,Hematolymphoid Malignancy Follow-up- Cancer Cytogenetics Testing,Oncology Investigations,TIER I,NABH,GENERAL WARD,CA072,15000.0
1079,Hemiarthroplasty- Hip,Orthopaedics Procedure,TIER I,NABH,GENERAL WARD,OR067,59850.0
1080,Hemiarthroplasty- Shoulder,Orthopaedics Procedure,TIER I,NABH,GENERAL WARD,OR068,50350.0
1081,Hemiglossectomy - Peroral (TMH - Head & Neck) (G3S27),Cancer Surgery,TIER I,NABH,GENERAL WARD,TMH104,18000.0
1082,Hemiglossectomy peroral + neck dissection (TMH - Head & Neck) (G4S6),Cancer Surgery,TIER I,NABH,GENERAL WARD,TMH205,22500.0
1083,Hemipelvectomy (Paediatric) (TMH - Thoracic & Paediatric) (G4S73),Cancer Surgery,TIER I,NABH,GENERAL WARD,TMH272,22500.0
1084,Hemipelvectomy - External (TMH - Genitourinary / Gynaecology) (G6S30),Cancer Surgery,TIER I,NABH,GENERAL WARD,TMH376,40500.0
1085,Hemipelvectomy - Internal (TMH - Genitourinary / Gynaecology) (G6S31),Cancer Surgery,TIER I,NABH,GENERAL WARD,TMH377,40500.0
1086,Hemispherotomy for Epilepsy,Neuro-Surgery Procedure,TIER I,NABH,GENERAL WARD,NS050,77900.0
1087,Hemithyroidectomy,ENT Procedure,TIER I,NABH,GENERAL WARD,EP078,33250.0
1088,Hepatectomy - Left Lateral (TMH - G.I. Surgery) (G4S36),Cancer Surgery,TIER I,NABH,GENERAL WARD,TMH235,22500.0
1089,Hepatectomy -Right (TMH - G.I. Surgery) (G5S12),Cancer Surgery,TIER I,NABH,GENERAL WARD,TMH309,31500.0
1090,Hepatectomy Left Extended (TMH - G.I. Surgery) (G6S12),Cancer Surgery,TIER I,NABH,GENERAL WARD,TMH359,40500.0
1091,Hepatectomy Right Extended (TMH - Genitourinary / Gynaecology) (G6S32),Cancer Surgery,TIER I,NABH,GENERAL WARD,TMH378,40500.0
1092,Hepatic Excision (TMH - G.I. Surgery) (G3S42),Cancer Surgery,TIER I,NABH,GENERAL WARD,TMH119,18000.0
1093,Hepatic Metastatectomy (TMH - G.I. Surgery) (G4S37),Cancer Surgery,TIER I,NABH,GENERAL WARD,TMH236,22500.0
1094,Hepatic Port Placement/Port Removal (TMH - G.I. Surgery) (G3S43),Cancer Surgery,TIER I,NABH,GENERAL WARD,TMH120,18000.0
1095,Hepatic Resections (Lobectomy /Hepatectomy),Abdomen/GI Surgery Procedure,TIER I,NABH,GENERAL WARD,AG042,34485.0
1096,Hepatic Wedge Excision (TMH - G.I. Surgery) (G4S38),Cancer Surgery,TIER I,NABH,GENERAL WARD,TMH237,22500.0
1097,Hepatico-Jejunostomy (TMH - G.I. Surgery) (G4S28),Cancer Surgery,TIER I,NABH,GENERAL WARD,TMH227,22500.0
1098,Hepatitis B Core Antibody (HBcAb) Level (Hepatitis B Core IgM Antibody),Laboratory Investigation,TIER I,NABH,GENERAL WARD,LB264,480.0
1099,Hepatitis B Surface Antigen (HBsAg),Laboratory Investigation,TIER I,NABH,GENERAL WARD,LB042,300.0
1100,Hepatitis B Virus (HBV) DNA Qualitative,Laboratory Investigation,TIER I,NABH,GENERAL WARD,LB178,2500.0
1101,Hepatitis B Virus (HBV) DNA Quantitative.,Laboratory Investigation,TIER I,NABH,GENERAL WARD,LB179,3500.0
1102,Hepatitis B surface antibody (anti HBs),Laboratory Investigation,TIER I,NABH,GENERAL WARD,LB265,650.0
1103,Hepatitis C Virus (HCV),Laboratory Investigation,TIER I,NABH,GENERAL WARD,LB043,500.0
1104,Hepatitis C Virus (HCV) RNA Qualitative.,Laboratory Investigation,TIER I,NABH,GENERAL WARD,LB180,3000.0
1105,Hepatobiliary Scintigraphy.,Gastro and,TIER,NABH,GENERAL,GI003,4000.0
1106,Hepatosplenic scintigraphy with Technetium-99m,Gastro and,TIER,NABH,GENERAL,GI006,5000.0
1107,Hereditary Cancer Panel,Oncology Investigations,TIER I,NABH,GENERAL WARD,CA073,12000.0
1108,Hiatus Hernia Repair- Abdominal (excluding cost of mesh and tacker if used),Abdomen/GI Surgery Procedure,TIER I,NABH,GENERAL WARD,AG019,34485.0
1109,Hiatus Hernia Repair- Transthoracic (excluding cost of mesh and tacker if used),Abdomen/GI Surgery Procedure,TIER I,NABH,GENERAL WARD,AG020,34485.0
1110,Hickman Catheter Removal (TMH - Thoracic & Paediatric) (G1S15),Cancer Surgery,TIER I,NABH,GENERAL WARD,TMH015,4500.0
1111,Hickman Catheterisation (TMH - Thoracic & Paediatric) (G2S29),Cancer Surgery,TIER I,NABH,GENERAL WARD,TMH057,11250.0
1112,High Orchidectomy (TMH - Genitourinary / Gynaecology) (G3S113),Cancer Surgery,TIER I,NABH,GENERAL WARD,TMH190,18000.0
1113,High Orchidectomy + Scrotectomy (TMH - Genitourinary / Gynaecology) (G4S81),Cancer Surgery,TIER I,NABH,GENERAL WARD,TMH280,22500.0
1114,High Resolution computed Tomography (HRCT Chest),Radiological Investigation,TIER I,NABH,GENERAL WARD,RI065,2000.0
1115,High Sensitivity JAK2 Mutation Detection (V617F),Oncology Investigations,TIER I,NABH,GENERAL WARD,CA074,4610.0
1116,Highly Selective Vagotomy,Abdomen/GI Surgery Procedure,TIER I,NABH,GENERAL WARD,AG015,50350.0
1117,Hip Arthrodesis (TMH - Bone & Soft Tissue) (G4S61),Cancer Surgery,TIER I,NABH,GENERAL WARD,TMH260,22500.0
1118,Hip Disarticulation (TMH - Bone & Soft Tissue) (G4S65),Cancer Surgery,TIER I,NABH,GENERAL WARD,TMH264,22500.0
1119,Hip Replacement (TMH - Bone & Soft Tissue) (G4S49),Cancer Surgery,TIER I,NABH,GENERAL WARD,TMH248,22500.0
1120,Histone Mutation Detection Assay,Oncology Investigations,TIER I,NABH,GENERAL WARD,CA075,9275.0
1121,Histopathology Examination (HPE) - Frozen Section,Laboratory Investigation,TIER I,NABH,GENERAL WARD,LB050,1500.0
1122,Histopathology Examination (HPE) - Paraffin Section,Laboratory Investigation,TIER I,NABH,GENERAL WARD,LB051,500.0
1123,Holmium YAG Core through internal Urethrotomy,Nephrology And Urology Procedure,TIER I,NABH,GENERAL WARD,NU162,50350.0
1124,Holmium YAG Optical Internal Urethrotomy (OIU),Nephrology And Urology Procedure,TIER I,NABH,GENERAL WARD,NU161,40850.0
1125,Holmium YAG Prostate Surgery,Nephrology And Urology Procedure,TIER I,NABH,GENERAL WARD,NU160,72200.0
1126,Holmium YAG Stone Lithotripsy,Nephrology And Urology Procedure,TIER I,NABH,GENERAL WARD,NU163,72200.0
1127,Holter analysis per day,Cardiology Investigation,TIER I,NABH,GENERAL WARD,CI003,2500.0
1128,Homocysteine,Laboratory Investigation,TIER I,NABH,GENERAL WARD,LB136,650.0
1129,Hot Pack/ Cold Pack/Wax Bath/Moist Heat (per session),Physiotherapy,TIER I,NABH,GENERAL WARD,PT007,300.0
1130,Hot biopsy forceps procedures,Gastroenterology / Endoscopic Procedures,TIER I,NABH,GENERAL WARD,MG021,8500.0
1131,Human Chorionic Gonadotropin (HCG)/ Beta HCG,Laboratory Investigation,TIER I,NABH,GENERAL WARD,LB145,450.0
1132,Human Immunodeficiency Virus- HIV I and II,Laboratory Investigation,TIER I,NABH,GENERAL WARD,LB044,385.0
1133,Human papillomavirus (HPV) Serology,Laboratory Investigation,TIER I,NABH,GENERAL WARD,LB181,1600.0
1134,Hydatid Serology,Laboratory Investigation,TIER I,NABH,GENERAL WARD,LB176,820.0
1135,Hydrocele of Cord,Paediatric Surgery Procedure,TIER I,NABH,GENERAL WARD,PS011,26125.0
1136,Hydrophilic Acrylic Lens,Ophthalmology,TIER I,NABH,GENERAL WARD,IMOP06,4500.0
1137,Hydrophobic Foldable IOL (Multi Piece/Single Piece Aspheric),Ophthalmology,TIER I,NABH,GENERAL WARD,IMOP05,5800.0
1138,Hyoid Suspension,ENT Procedure,TIER I,NABH,GENERAL WARD,EP086,26125.0
1139,Hypersensitive Pneumonitis Panel,Laboratory Investigation,TIER I,NABH,GENERAL WARD,LB302,7200.0
1140,Hysteroscopy Removal of Intra-Uterine Contraceptive Device (IUCD),Obstetrics And Gynaecology Procedure,TIER I,NABH,GENERAL WARD,OG075,20000.0
1141,Hysteroscopy Transcervical Resection of Endometrium (TCRE),Obstetrics And Gynaecology Procedure,TIER I,NABH,GENERAL WARD,OG074,33250.0
1142,ICD Placement (TMH - Thoracic & Paediatric) (G1S16),Cancer Surgery,TIER I,NABH,GENERAL WARD,TMH016,4500.0
1143,"ICU/CCU/PICU/MICU/HDU (For all categories of ward entitlement, inclusive of Room Rent)",Critical Care,TIER I,NABH,GENERAL WARD,CC001,5400.0
1144,"IGH Characterization IGH/CCND1:t(11;14), IGH/ BCL2:t(14;18),BCL6(3q27), MYC(8q24) (4markers",Oncology Investigations,TIER I,NABH,GENERAL WARD,CA087,5300.0
1145,IGHV Gene Mutation,Oncology Investigations,TIER I,NABH,GENERAL WARD,CA089,7500.0
1146,IOL exchange [excluding IOL cost] per eye,Ophthalmology Procedure,TIER I,NABH,GENERAL WARD,OP106,10000.0
1147,IOL explantation per eye,Ophthalmology Procedure,TIER I,NABH,GENERAL WARD,OP108,8000.0
1148,IOL reposition per eye,Ophthalmology Procedure,TIER I,NABH,GENERAL WARD,OP107,6000.0
1149,IOP measurement with Schiotz - Both Eyes,Ophthalmology Investigation,TIER I,NABH,GENERAL WARD,OI018,100.0
1150,IOP measurement with applanation tonometry - Both Eyes,Ophthalmology Investigation,TIER I,NABH,GENERAL WARD,OI019,200.0
1151,IRFA/DUSP22 gene rearrangement by FISH,Oncology Investigations,TIER I,NABH,GENERAL WARD,CA091,15580.0
1152,IVL (Coronary Intra vascular Lithotripsy / Shock wave Lithotripsy -,Cardiology Add on,TIER,NABH,GENERAL,CP026,268000.0
1153,IgG4,Laboratory Investigation,TIER I,NABH,GENERAL WARD,LB303,2000.0
1154,IgH/BCL2 :t(14;18),Oncology Investigations,TIER I,NABH,GENERAL WARD,CA088,4690.0
1155,Ileal Conduit (Bladder) (TMH - Genitourinary / Gynaecology) (G5S36),Cancer Surgery,TIER I,NABH,GENERAL WARD,TMH333,31500.0
1156,Ileosigmoidostomy and related resection,Abdomen/GI Surgery Procedure,TIER I,NABH,GENERAL WARD,AG061,50350.0
1157,Ileostomy,Abdomen/GI Surgery Procedure,TIER I,NABH,GENERAL WARD,AG050,33250.0
1158,Ileostomy (TMH - G.I. Surgery) (G2S18),Cancer Surgery,TIER I,NABH,GENERAL WARD,TMH046,11250.0
1159,Ileotransverse Colostomy and related resection,Abdomen/GI Surgery Procedure,TIER I,NABH,GENERAL WARD,AG062,50350.0
1160,Ilizarov Procedure (TMH - Bone & Soft Tissue) (G4S62),Cancer Surgery,TIER I,NABH,GENERAL WARD,TMH261,22500.0
1161,Ilizarov's External Fixator,Orthopaedics Procedure,TIER I,NABH,GENERAL WARD,OR095,50350.0
1162,Illizarov-s / External Fixation for Trauma,Orthopaedics Procedure,TIER I,NABH,GENERAL WARD,OR125,50350.0
1163,Illizarov/ external fixation for limb lengthening/deformity correction,Orthopaedics Procedure,TIER I,NABH,GENERAL WARD,OR114,59850.0
1164,Image Guided Craniotomy,Neuro-Surgery Procedure,TIER I,NABH,GENERAL WARD,NS060,77900.0
1165,Immunoglobulin A(IgA),Laboratory Investigation,TIER I,NABH,GENERAL WARD,LB083,400.0
1166,Immunoglobulin G (IgG),Laboratory Investigation,TIER I,NABH,GENERAL WARD,LB081,400.0
1167,Immunoglobulin M(IgM),Laboratory Investigation,TIER I,NABH,GENERAL WARD,LB082,400.0
1168,Impedance with stapedial reflex / Impedance Audiometry,ENT Investigation,TIER I,NABH,GENERAL WARD,EI001,600.0
1169,Imperforate Anus High Anomaly - Closure of Colostomy,Paediatric Surgery Procedure,TIER I,NABH,GENERAL WARD,PS025,33250.0
1170,Imperforate Anus High Anomaly -Sacroabdomino Perineal Pull Through,Paediatric Surgery Procedure,TIER I,NABH,GENERAL WARD,PS024,50350.0
1171,Imperforate Anus Low Anomaly - Perineal Anoplasty,Paediatric Surgery Procedure,TIER I,NABH,GENERAL WARD,PS023,33250.0
1172,Imperforate Anus Low Anomaly -Cut Back Operation,Paediatric Surgery Procedure,TIER I,NABH,GENERAL WARD,PS022,26125.0
1173,Implant Reconstruction (Breast) (TMH - Plastic & Reconstructive) (G3S116),Cancer Surgery,TIER I,NABH,GENERAL WARD,TMH193,18000.0
1174,Implantable Cardioverter Defibrillator (Dual Chamber) (ICD/AICD- Dual Chamber),Cardiology,TIER I,NABH,GENERAL WARD,IMCP12,375000.0
1175,Implantable Cardioverter Defibrillator (Single Chamber) (ICD/AICD-Single Chamber),Cardiology,TIER I,NABH,GENERAL WARD,IMCP11,175786.0
1176,Implantation of Deep Brain Stimulation (DBS) -One electrode (as per guidelines mentioned in OM.No.Z15025/44/2023/DIR/CGHS/EHS Dated 09.09.2024),Neuro-Surgery Procedure,TIER I,NABH,GENERAL WARD,NS042,59850.0
1177,Implantation of Deep Brain Stimulation (DBS) -two electrodes (as per guidelines mentioned in OM.No.Z15025/44/2023/DIR/CGHS/EHS Dated 09.09.2024),Neuro-Surgery Procedure,TIER I,NABH,GENERAL WARD,NS043,72200.0
1178,Imprint Smear from Endoscopy,Laboratory Investigation,TIER I,NABH,GENERAL WARD,LB099,1000.0
1179,Incision & Drainage (TMH - Genitourinary / Gynaecology) (G1S26),Cancer Surgery,TIER I,NABH,GENERAL WARD,TMH026,4500.0
1180,Incision & Drainage under local Anaesthesia (Large),General Procedure,TIER I,NABH,GENERAL WARD,GP010,2300.0
1181,Incision Biopsy of Growths/Ulcers,Biopsies,TIER I,NABH,GENERAL WARD,BY005,5000.0
1182,Incubator charges (Per day),Critical Care,TIER I,NABH,GENERAL WARD,CC006,1500.0
1183,Indirect (anti ds DNA Anti Smith ANCA),Laboratory Investigation,TIER I,NABH,GENERAL WARD,LB153,1200.0
1184,Indirect Ophthalmoscopy (Fundoscopy) - Both Eyes,Ophthalmology Investigation,TIER I,NABH,GENERAL WARD,OI002,300.0
1185,Indium labelled octreotide Scan,Nuclear Medicine Investigation,TIER I,NABH,GENERAL WARD,NM016,72000.0
1186,Indocyanine green angiography - Both Eyes,Ophthalmology Investigation,TIER I,NABH,GENERAL WARD,OI008,2000.0
1187,Inferior Vena Cava (IVC) Filter,Cardiovascular And Cardiac Surgery,TIER I,NABH,GENERAL WARD,IMCV20U100,0.0
1188,Inferior Vena Cava (IVC) Venography and Hepatic Vein (HV Venography),Gastroenterology/ Interventional Radiology Procedures,TIER I,NABH,GENERAL WARD,MG040,40850.0
1189,Inferior Vena Cava (IVC) filter implantation- excluding the cost of filter,Cardiovascular And Cardiac Surgery Procedure,TIER I,NABH,GENERAL WARD,CV039,31350.0
1190,Influenza A serology,Laboratory Investigation,TIER I,NABH,GENERAL WARD,LB192,1000.0
1191,Infratemporal fossa clearance (TMH - Head & Neck) (G5S7),Cancer Surgery,TIER I,NABH,GENERAL WARD,TMH304,31500.0
1192,Inguinal Hernia - Hernioplasty excluding the cost of mesh and tacker,Abdomen/GI Surgery Procedure,TIER I,NABH,GENERAL WARD,AG025,33250.0
1193,Inguinal Hernia Herniorrhaphy,Abdomen/GI Surgery Procedure,TIER I,NABH,GENERAL WARD,AG024,27170.0
1194,Inguinal Herniotomy,Paediatric Surgery Procedure,TIER I,NABH,GENERAL WARD,PS009,33250.0
1195,Inguinal Node Biopsy (TMH - Genitourinary / Gynaecology) (G2S43),Cancer Surgery,TIER I,NABH,GENERAL WARD,TMH071,11250.0
1196,Inhibin A,Laboratory Investigation,TIER I,NABH,GENERAL WARD,LB304,900.0
1197,Inhibin B,Laboratory Investigation,TIER I,NABH,GENERAL WARD,LB305,1900.0
1198,Injection for Varicose Veins (cost of drug/sclerotherapy agent extra),General Surgery,TIER I,NABH,GENERAL WARD,GS002,700.0
1199,Injection of Keloids - Ganglion,Burns And Plastic Surgery Procedure,TIER I,NABH,GENERAL WARD,BP001,4000.0
1200,Injection of Keloids - Haemangioma,Burns And Plastic Surgery Procedure,TIER I,NABH,GENERAL WARD,BP002,4000.0
1201,Inoperable Laparotomy (TMH - Genitourinary / Gynaecology) (G2S39),Cancer Surgery,TIER I,NABH,GENERAL WARD,TMH067,11250.0
1202,Insertion of IUD/IUCD/Pessary,Obstetrics And Gynaecology Procedure,TIER I,NABH,GENERAL WARD,OG082,4000.0
1203,Insulin,Laboratory Investigation,TIER I,NABH,GENERAL WARD,LB168,500.0
1204,Insulin associated antibody,Laboratory Investigation,TIER I,NABH,GENERAL WARD,LB235,980.0
1205,Insulin-like growth factor binding protein 3 (IGF- BP3),Laboratory Investigation,TIER I,NABH,GENERAL WARD,LB237,2300.0
1206,Insulin-like growth factor-1 (IGF-1),Laboratory Investigation,TIER I,NABH,GENERAL WARD,LB236,2200.0
1207,Interceptive Orthodontic Treatment of the Primary Dentition/Transition Dentition,Dental Procedure,TIER I,NABH,GENERAL WARD,DP053,7000.0
1208,Intercostal Drainage,General Procedure,TIER I,NABH,GENERAL WARD,GP011,3500.0
1209,Interferon Gamma Release Assay (IGRA),Laboratory Investigation,TIER I,NABH,GENERAL WARD,LB307,3000.0
1210,Interleukin 6 (IL 6),Laboratory Investigation,TIER I,NABH,GENERAL WARD,LB271,1600.0
1211,Internal Iliac Artery ligation,Obstetrics And Gynaecology Procedure,TIER I,NABH,GENERAL WARD,OG071,8075.0
1212,Internal Stenting (TMH - G.I. Surgery) (G2S20),Cancer Surgery,TIER I,NABH,GENERAL WARD,TMH048,11250.0
1213,Internal limiting membrane (ILM) peeling (per eye),Ophthalmology Procedure,TIER I,NABH,GENERAL WARD,OP125,3000.0
1214,Internal urethrotomy -Core through urethroplasty,Nephrology And Urology Procedure,TIER I,NABH,GENERAL WARD,NU062,40850.0
1215,Internal urethrotomy -optical,Nephrology And Urology Procedure,TIER I,NABH,GENERAL WARD,NU061,26125.0
1216,Interphase FISH test for Chr. 1 copy number variations,Oncology Investigations,TIER I,NABH,GENERAL WARD,CA090,10700.0
1217,Interpolated Flap Reconstruction-Extremity (TMH - Plastic & Reconstructive) (G3S117),Cancer Surgery,TIER I,NABH,GENERAL WARD,TMH194,18000.0
1218,Interval Sterilization(minilap)-BAT / Male Sterilization(Vasectomy),Obstetrics And Gynaecology Procedure,TIER I,NABH,GENERAL WARD,OG079,19000.0
1219,Interventional radiographic arterial embolization/Uterine artery embolization(UAE),Obstetrics And Gynaecology Procedure,TIER I,NABH,GENERAL WARD,OG070,33250.0
1220,Intra Nasal Diathermy,ENT Procedure,TIER I,NABH,GENERAL WARD,EP022,6000.0
1221,Intra Uterine Insemination,Obstetrics And Gynaecology Procedure,TIER I,NABH,GENERAL WARD,OG061,5000.0
1222,Intra aortic balloon pump (IABP),Cardiology,TIER I,NABH,GENERAL WARD,IMCP16U100,0.0
1223,Intra vascular coiling excluding cost of the coils,Cardiology Procedure,TIER I,NABH,GENERAL WARD,CP015,72200.0
1224,Intra-aortic balloon pump (IABP) excluding the cost of the balloon,Cardiology Procedure,TIER I,NABH,GENERAL WARD,CP014,33250.0
1225,Intra-arterial thrombolysis with Tissue Plasminogen Activator (TPA) (for ischemic stroke ),Neuro-Surgery Procedure,TIER I,NABH,GENERAL WARD,NS078,33250.0
1226,Intra-thecal Pump,Neuro-Surgery,TIER I,NABH,GENERAL WARD,IMNS17,529898.0
1227,Intra-uterine fetal blood transfusion,Obstetrics And Gynaecology Procedure,TIER I,NABH,GENERAL WARD,OG073,50350.0
1228,Intracytoplasmic sperm injection (ICSI),Obstetrics And Gynaecology Procedure,TIER I,NABH,GENERAL WARD,OG062,20000.0
1229,Intradermal (ID) Injection Keloid (Intralesional Injection) including the cost of the drug,Skin Procedure,TIER I,NABH,GENERAL WARD,SK006,1000.0
1230,Intralase application for keratoconus /CAIRS Corneal allogenic intrastromal ring segments per eye excluding the cost of the rings,Ophthalmology Procedure,TIER I,NABH,GENERAL WARD,OP087,19000.0
1231,Intraocular foreign body removal per eye,Ophthalmology Procedure,TIER I,NABH,GENERAL WARD,OP117,8500.0
1232,Intraoral Occlusal/Bite Wing X-Ray,Dental Investigation,TIER I,NABH,GENERAL WARD,DI002,300.0
1233,Intraoral Periapical (IOPA) Radiograph X-ray/RVG(Single Film),Dental Investigation,TIER I,NABH,GENERAL WARD,DI001,200.0
1234,Intravenous Pyelography (IVP),Radiological Investigation,TIER I,NABH,GENERAL WARD,RI051,1650.0
1235,Intravesical Instillation of BCG excluding the cost of BCG,Chemotherapy,TIER I,NABH,GENERAL WARD,CT006,3000.0
1236,Intravitreal Injection of drugs (Ranibizumab/ Aflibercept etc) excluding the cost of the drug per eye,Ophthalmology Procedure,TIER I,NABH,GENERAL WARD,OP096,5000.0
1237,"Intravitreal Insertion of Drug Implant excluding cost of the Drug Implant (Ozurdex,...etc) per eye",Ophthalmology Procedure,TIER I,NABH,GENERAL WARD,OP097,6000.0
1238,Intravitreal injections of antibiotics excluding the cost of the antibiotic per eye,Ophthalmology Procedure,TIER I,NABH,GENERAL WARD,OP095,5000.0
1239,Intussusception Operation,Paediatric Surgery Procedure,TIER I,NABH,GENERAL WARD,PS026,40850.0
1240,Inversion of Uterus - Abdominal Reposition,Obstetrics And Gynaecology Procedure,TIER I,NABH,GENERAL WARD,OG054,5700.0
1241,Inversion of Uterus - Vaginal Reposition,Obstetrics And Gynaecology Procedure,TIER I,NABH,GENERAL WARD,OG053,5700.0
1242,Iodine-131 Whole Body Scan,Nuclear Medicine Investigation,TIER I,NABH,GENERAL WARD,NM012,13400.0
1243,Iridodialysis repair or pupillary reconstruction /Cyclodialysis repair per eye,Ophthalmology Procedure,TIER I,NABH,GENERAL WARD,OP109,13400.0
1244,Iris cyst removal /synechiolysis/surgical iridectomy per eye,Ophthalmology Procedure,TIER I,NABH,GENERAL WARD,OP110,5000.0
1245,Islet cell antibody,Laboratory Investigation,TIER I,NABH,GENERAL WARD,LB233,1200.0
1246,Ivor Lewis (TMH - Thoracic & Paediatric) (G5S26),Cancer Surgery,TIER I,NABH,GENERAL WARD,TMH323,31500.0
1247,JAK2 Exon 12 Mutation Detection,Oncology Investigations,TIER I,NABH,GENERAL WARD,CA092,4610.0
1248,"JAK2V617 MUTATION, WITH REFLEX TO JAK2 EX-12,CALR EX-9 MUTATION AND MPL W515, S505 MUTATION",Oncology Investigations,TIER I,NABH,GENERAL WARD,CA093,11500.0
1249,Jaw Tumour Excision (TMH - Head & Neck) (G3S6),Cancer Surgery,TIER I,NABH,GENERAL WARD,TMH084,18000.0
1250,Jejunal Transposition (TMH - G.I. Surgery) (G6S13),Cancer Surgery,TIER I,NABH,GENERAL WARD,TMH360,40500.0
1251,Jejunostomy,Abdomen/GI Surgery Procedure,TIER I,NABH,GENERAL WARD,AG049,33250.0
1252,Jejunostomy/Gastrostomy (TMH - Thoracic & Paediatric) (G3S95),Cancer Surgery,TIER I,NABH,GENERAL WARD,TMH172,18000.0
1253,Joints Aspiration,Orthopaedics Procedure,TIER I,NABH,GENERAL WARD,OR001,1600.0
1254,Jugular Catheterization for Haemodialysis,Nephrology And Urology Procedure,TIER I,NABH,GENERAL WARD,NU108,6000.0
1255,Junction biopsy,Gastroenterology / Endoscopic Procedures,TIER I,NABH,GENERAL WARD,MG023,5000.0
1256,KI67,Oncology Investigations,TIER I,NABH,GENERAL WARD,CA094,1300.0
1257,KIR Typing,Oncology Investigations,TIER I,NABH,GENERAL WARD,CA095,5800.0
1258,KMT2A Characterization for AML,Oncology Investigations,TIER I,NABH,GENERAL WARD,CA096,7895.0
1259,KMT2A Characterization for B-ALL,Oncology Investigations,TIER I,NABH,GENERAL WARD,CA097,6095.0
1260,KOH Mount,Laboratory Investigation,TIER I,NABH,GENERAL WARD,LB308,150.0
1261,KRAS + NRAS + BRAF + Mutation Profile,Oncology Investigations,TIER I,NABH,GENERAL WARD,CA098,13800.0
1262,"Kappa Lambda Light Chains, Free, Serum/ Serum free light chains (SFLC)",Laboratory Investigation,TIER I,NABH,GENERAL WARD,LB241,4025.0
1263,Keratoconus correction with therapeutic contact lenses - Both Eyes,Ophthalmology Procedure,TIER I,NABH,GENERAL WARD,OP012,8500.0
1264,Keratoprosthesis stage I and II per eye,Ophthalmology Procedure,TIER I,NABH,GENERAL WARD,OP021,40850.0
1265,"Kidney Function Test (KFT)- (Sr.Creatinine,Blood Urea,BUN,Sr.Uric Acid,Sr.Sodium,Sr.Potassium,Urine R/E)",Laboratory Investigation,TIER I,NABH,GENERAL WARD,LB123,500.0
1266,Kidney Transplant Graft Nephrectomy,Nephrology And Urology Procedure,TIER I,NABH,GENERAL WARD,NU100,77900.0
1267,Kidney Transplantation (Cadaver),Nephrology And Urology Procedure,TIER I,NABH,GENERAL WARD,NU098,332500.0
1268,Kidney Transplantation (Spousal/ unrelated) Including immunosuppressant therapy,Nephrology And Urology Procedure,TIER I,NABH,GENERAL WARD,NU097,403750.0
1269,Kidney Transplantation (related),Nephrology And Urology Procedure,TIER I,NABH,GENERAL WARD,NU096,355300.0
1270,Knee Arthrodesis (TMH - Bone & Soft Tissue) (G3S59),Cancer Surgery,TIER I,NABH,GENERAL WARD,TMH136,18000.0
1271,Knee Arthrodesis with Turnoplasty/Allograft (TMH - Bone & Soft Tissue) (G5S17),Cancer Surgery,TIER I,NABH,GENERAL WARD,TMH314,31500.0
1272,Knee Collateral Ligament Reconstruction,Orthopaedics Procedure,TIER I,NABH,GENERAL WARD,OR101,72200.0
1273,Knee Total Replacement (TMH - Bone & Soft Tissue) (G4S50),Cancer Surgery,TIER I,NABH,GENERAL WARD,TMH249,22500.0
1274,Knife/Punch/ Excision Biopsy of Tumour (TMH - Head & Neck) (G1S3),Cancer Surgery,TIER I,NABH,GENERAL WARD,TMH003,4500.0
1275,Kyphoplasty excluding the cost of implants,Neuro-Surgery Procedure,TIER I,NABH,GENERAL WARD,NS086,50350.0
1276,Labyrinthectomy,ENT Procedure,TIER I,NABH,GENERAL WARD,EP014,33250.0
1277,Lactate dehydrogenase (LDH),Laboratory Investigation,TIER I,NABH,GENERAL WARD,LB106,220.0
1278,Laminectomy for intramedullary tumors (TMH - Bone & Soft Tissue) (G6S20),Cancer Surgery,TIER I,NABH,GENERAL WARD,TMH367,40500.0
1279,Laparoscopic Adrenalectomy,Abdomen/GI Surgery Procedure,TIER I,NABH,GENERAL WARD,AG099,59850.0
1280,Laparoscopic Anterior Resection (of Intestine/Rectum),Abdomen/GI Surgery Procedure,TIER I,NABH,GENERAL WARD,AG093,59850.0
1281,Laparoscopic Appendectomy,Abdomen/GI Surgery Procedure,TIER I,NABH,GENERAL WARD,AG095,31350.0
1282,Laparoscopic Broad Ligament Hematoma Drainage with repair,Obstetrics And Gynaecology Procedure,TIER I,NABH,GENERAL WARD,OG012,12730.0
1283,Laparoscopic Cholecystectomy,Abdomen/GI Surgery Procedure,TIER I,NABH,GENERAL WARD,AG094,34485.0
1284,Laparoscopic Exenteration (Anterior) (TMH - Genitourinary / Gynaecology) (G6S33),Cancer Surgery,TIER I,NABH,GENERAL WARD,TMH379,40500.0
1285,Laparoscopic Exenteration (Posterior) (TMH - Genitourinary / Gynaecology) (G6S34),Cancer Surgery,TIER I,NABH,GENERAL WARD,TMH380,40500.0
1286,Laparoscopic Exenteration (Total) (TMH - Genitourinary / Gynaecology) (G6S35),Cancer Surgery,TIER I,NABH,GENERAL WARD,TMH381,40500.0
1287,Laparoscopic Fundoplication,Abdomen/GI Surgery Procedure,TIER I,NABH,GENERAL WARD,AG085,59850.0
1288,Laparoscopic GI bypass operation,Abdomen/GI Surgery Procedure,TIER I,NABH,GENERAL WARD,AG090,59850.0
1289,Laparoscopic Hemicolectomy,Abdomen/GI Surgery Procedure,TIER I,NABH,GENERAL WARD,AG092,50350.0
1290,Laparoscopic Hernia - Inguinoplasty (excluding the cost of Tacker and Mesh),Abdomen/GI Surgery Procedure,TIER I,NABH,GENERAL WARD,AG096,36575.0
1291,Laparoscopic Hysterectomy (TMH - Genitourinary / Gynaecology) (G5S49),Cancer Surgery,TIER I,NABH,GENERAL WARD,TMH346,31500.0
1292,Laparoscopic Nephrectomy,Nephrology And Urology Procedure,TIER I,NABH,GENERAL WARD,NU011,59850.0
1293,Laparoscopic Nephrectomy (TMH - Genitourinary / Gynaecology) (G6S36),Cancer Surgery,TIER I,NABH,GENERAL WARD,TMH382,40500.0
1294,Laparoscopic Nephroureterectomy,Nephrology And Urology Procedure,TIER I,NABH,GENERAL WARD,NU154,50350.0
1295,Laparoscopic Paraumbilical Hernia Repair (excluding the cost of Tacker and Mesh),Abdomen/GI Surgery Procedure,TIER I,NABH,GENERAL WARD,AG098,36575.0
1296,Laparoscopic Pelvic Node Dissection (TMH - Genitourinary / Gynaecology) (G6S53),Cancer Surgery,TIER I,NABH,GENERAL WARD,TMH399,40500.0
1297,Laparoscopic Pyeloplasty,Nephrology And Urology Procedure,TIER I,NABH,GENERAL WARD,NU151,59850.0
1298,Laparoscopic Removal of hydatid cyst,Abdomen/GI Surgery Procedure,TIER I,NABH,GENERAL WARD,AG087,59850.0
1299,Laparoscopic Retroperitoneal Node Dissection (TMH - Genitourinary / Gynaecology) (G6S38),Cancer Surgery,TIER I,NABH,GENERAL WARD,TMH384,40500.0
1300,Laparoscopic Splenectomy,Abdomen/GI Surgery Procedure,TIER I,NABH,GENERAL WARD,AG086,59850.0
1301,Laparoscopic Total Colectomy,Abdomen/GI Surgery Procedure,TIER I,NABH,GENERAL WARD,AG091,59850.0
1302,Laparoscopic Treatment of Ectopic Pregnancy-Milking/Salpingotomy/ Salpingectomy,Obstetrics And Gynaecology Procedure,TIER I,NABH,GENERAL WARD,OG047,40850.0
1303,Laparoscopic Treatment of Pseudo Pancreatic cyst,Abdomen/GI Surgery Procedure,TIER I,NABH,GENERAL WARD,AG088,59850.0
1304,Laparoscopic Ventral Hernia Repair (excluding the cost of Tacker and Mesh),Abdomen/GI Surgery Procedure,TIER I,NABH,GENERAL WARD,AG097,36575.0
1305,Laparoscopic Whipple's operation (Laparoscopic Pancreaticoduodenectomy),Abdomen/GI Surgery Procedure,TIER I,NABH,GENERAL WARD,AG089,50350.0
1306,Laparoscopic abdominal colpopexy/sacro-colpopexy,Obstetrics And Gynaecology Procedure,TIER I,NABH,GENERAL WARD,OG065,50350.0
1307,Laparoscopic pyelolithotomy,Nephrology And Urology Procedure,TIER I,NABH,GENERAL WARD,NU150,59850.0
1308,Laparoscopic recanalization of Fallopian tubes-(Tuboplasty),Obstetrics And Gynaecology Procedure,TIER I,NABH,GENERAL WARD,OG051,50350.0
1309,Laparoscopic surgery for Renal cyst,Nephrology And Urology Procedure,TIER I,NABH,GENERAL WARD,NU152,59850.0
1310,Laparoscopic treatment for stress incontinence,Obstetrics And Gynaecology Procedure,TIER I,NABH,GENERAL WARD,OG067,40850.0
1311,Laparoscopic ureterolithotomy,Nephrology And Urology Procedure,TIER I,NABH,GENERAL WARD,NU153,59850.0
1312,Laparoscopically Assisted Vaginal Hysterectomy (LAVH) with or without BSO,Obstetrics And Gynaecology Procedure,TIER I,NABH,GENERAL WARD,OG044,59850.0
1313,Laparoscopy (TMH - Genitourinary / Gynaecology) (G5S32),Cancer Surgery,TIER I,NABH,GENERAL WARD,TMH329,31500.0
1314,Laparoscopy Diagnostic (TMH - G.I. Surgery) (G2S22),Cancer Surgery,TIER I,NABH,GENERAL WARD,TMH050,11250.0
1315,Laparoscopy Sterilization/Laproscopic tubal occlusion(LTO),Obstetrics And Gynaecology Procedure,TIER I,NABH,GENERAL WARD,OG043,26125.0
1316,Laparoscopy Therapeutic/ Exploratory (TMH - G.I. Surgery) (G3S44),Cancer Surgery,TIER I,NABH,GENERAL WARD,TMH121,18000.0
1317,Laparotomy For Staging (TMH - G.I. Surgery) (G3S45),Cancer Surgery,TIER I,NABH,GENERAL WARD,TMH122,18000.0
1318,Laparotomy abdominal sacro-colpopexy,Obstetrics And Gynaecology Procedure,TIER I,NABH,GENERAL WARD,OG063,50350.0
1319,Laparotomy for Ectopic Pregnancy,Obstetrics And Gynaecology Procedure,TIER I,NABH,GENERAL WARD,OG008,33250.0
1320,Laparotomy peritonitis Lavage and Drainage,Obstetrics And Gynaecology Procedure,TIER I,NABH,GENERAL WARD,OG009,33250.0
1321,Laparotomy recanalization of Fallopian tubes-(Tuboplasty),Obstetrics And Gynaecology Procedure,TIER I,NABH,GENERAL WARD,OG050,50350.0
1322,Laryngectomy,ENT Procedure,TIER I,NABH,GENERAL WARD,EP085,50350.0
1323,Laryngectomy - Total (TMH - Head & Neck) (G4S17),Cancer Surgery,TIER I,NABH,GENERAL WARD,TMH216,22500.0
1324,Laryngectomy Near Total (TMH - Head & Neck) (G4S15),Cancer Surgery,TIER I,NABH,GENERAL WARD,TMH214,22500.0
1325,Laryngofissure ENT Procedure,,TIER I,NABH,GENERAL WARD,EP090,40850.0
1326,Laryngopharyngectomy Total with Gastric Pull Up (TMH - Head & Neck) (G5S4),Cancer Surgery,TIER I,NABH,GENERAL WARD,TMH301,31500.0
1327,Laryngoscopy Direct (TMH - Head & Neck) (G1S4),Cancer Surgery,TIER I,NABH,GENERAL WARD,TMH004,4500.0
1328,Laser Ablation of Varicose Veins,Cardiovascular And,TIER,NABH,GENERAL,CV003,41800.0
1329,Laser Fulguration - Respiratory Papilloma (TMH - Head & Neck) (G3S9),Cancer Surgery,TIER I,NABH,GENERAL WARD,TMH086,18000.0
1330,Laser Subglottic Tracheal Stenosis (TMH - Head & Neck) (G3S8),Cancer Surgery,TIER I,NABH,GENERAL WARD,TMH085,18000.0
1331,Laser Trabeculoplasty Gonioplasty - Both Eyes,Ophthalmology Procedure,TIER I,NABH,GENERAL WARD,OP128,16000.0
1332,Laser exciston-Supraglottic (TMH - Head & Neck) (G3S21),Cancer Surgery,TIER I,NABH,GENERAL WARD,TMH098,18000.0
1333,Laser fulguration/Excision Trachea (TMH - Head & Neck) (G4S18),Cancer Surgery,TIER I,NABH,GENERAL WARD,TMH217,22500.0
1334,Lateral Rhinotomy,ENT Procedure,TIER I,NABH,GENERAL WARD,EP028,19000.0
1335,Lateral mass C1-C2 screw fixation,Neuro-Surgery Procedure,TIER I,NABH,GENERAL WARD,NS056,72200.0
1336,Lees- charting or Hess- charting- Both Eyes,Ophthalmology Investigation,TIER I,NABH,GENERAL WARD,OI004,300.0
1337,Left Hemicolectomy,Abdomen/GI Surgery Procedure,TIER I,NABH,GENERAL WARD,AG068,33440.0
1338,Leptospira Ig M,Laboratory Investigation,TIER I,NABH,GENERAL WARD,LB332,1000.0
1339,"Lesioning procedures for Parkinson-s disease,Dystonia etc.",Neuro-Surgery Procedure,TIER I,NABH,GENERAL WARD,NS088,50350.0
1340,Level 1- Brachytherapy (Eye Plaque or SIVA or CVS per insertion or application),Radiotherapy,TIER I,NABH,GENERAL WARD,RT001,7000.0
1341,Level 1- Radiation Therapy (1-10 fractions on Cobalt),Radiotherapy,TIER I,NABH,GENERAL WARD,RT006,15000.0
1342,"Level 2- Brachytherapy (Simple ICA with Xray based 2D planning, ILRT, Endobilliary BCT)",Radiotherapy,TIER I,NABH,GENERAL WARD,RT002,10000.0
1343,Level 2- Radiation Therapy(More than 10 fractions on Cobalt OR Upto 10 fractions on LA clinical (without CT or TPS planning) without IGRT OR Hemibody palliative RT (1-2 fractions weekly)),Radiotherapy,TIER I,NABH,GENERAL WARD,RT007,28000.0
1344,"Level 3- Brachytherapy(Surface Mould, Radical Interstitial BCT, Intraoperative Template or interstitial brachytherapy catheter insertion)",Radiotherapy,TIER I,NABH,GENERAL WARD,RT003,25000.0
1345,Level 3- Radiation Therapy (LA 3D with conventional fractionation of,Radiotherapy,TIER,NABH,GENERAL,RT008,50000.0
1346,Level 4- Brachytherapy (ICA with CT based Planning),Radiotherapy,TIER I,NABH,GENERAL WARD,RT004,30000.0
1347,Level 4- Radiation therapy (LA 3D with IGRT conventional fractionation,Radiotherapy,TIER,NABH,GENERAL,RT009,63000.0
1348,Level 5- Brachytherapy (Complex ICA with interstitial with CT or MR based planning),Radiotherapy,TIER I,NABH,GENERAL WARD,RT005,40000.0
1349,Level 5- Radiation Therapy (LA IMRT/ Rapid Arc/VMAT with < 5Gy per,Radiotherapy,TIER,NABH,GENERAL,RT010,150000.0
1350,Level 6- Radiation Therapy (LA 4D/DE or DIBH with 3D CRT/ IMRT/,Radiotherapy,TIER,NABH,GENERAL,RT011,180000.0
1351,Lid Abscess incision and Drainage per eye,Ophthalmology Procedure,TIER I,NABH,GENERAL WARD,OP111,5000.0
1352,Lid retraction repair per eye,Ophthalmology Procedure,TIER I,NABH,GENERAL WARD,OP046,8500.0
1353,Limited Orthodontic Treatment of the Primary Dentition,Dental Procedure,TIER I,NABH,GENERAL WARD,DP054,5000.0
1354,"Lineage specific Chimerism - B Cell, T Cell and NK Cells",Oncology Investigations,TIER I,NABH,GENERAL WARD,CA099,7200.0
1355,Lintas Machles Tube Tempode,Gastroenterology / Endoscopic Procedures,TIER I,NABH,GENERAL WARD,MG045,6000.0
1356,Lipi View Both Eyes,Ophthalmology Investigation,TIER I,NABH,GENERAL WARD,OI031,1500.0
1357,Lipi View One Eye,Ophthalmology Investigation,TIER I,NABH,GENERAL WARD,OI030,900.0
1358,"Lipid Profile (Total cholesterol ,Triglycerides, LDL, HDL,VLDL)",Laboratory Investigation,TIER I,NABH,GENERAL WARD,LB125,490.0
1359,Lipoprotein A / Lp A,Laboratory Investigation,TIER I,NABH,GENERAL WARD,LB132,400.0
1360,Liquid Biopsy (Onco),Oncology Investigations,TIER I,NABH,GENERAL WARD,CA100,30000.0
1361,Lithium,Laboratory Investigation,TIER I,NABH,GENERAL WARD,LB114,350.0
1362,Liver Biopsy,Biopsies,TIER I,NABH,GENERAL WARD,BY008,8500.0
1363,Liver Function Test (LFT),Laboratory Investigation,TIER I,NABH,GENERAL WARD,LB124,500.0
1364,Lobectomy/Bi-lobectomy (Pulmonary) (TMH - Thoracic & Paediatric) (G4S74),Cancer Surgery,TIER I,NABH,GENERAL WARD,TMH273,22500.0
1365,Local Flap Reconstruction (Extremity) (TMH - Plastic & Reconstructive) (G3S118),Cancer Surgery,TIER I,NABH,GENERAL WARD,TMH195,18000.0
1366,Loop Colostomy Transverse Sigmoid,Abdomen/GI Surgery Procedure,TIER I,NABH,GENERAL WARD,AG064,40850.0
1367,Low Density Lipoprotein (LDL),Laboratory Investigation,TIER I,NABH,GENERAL WARD,LB135,150.0
1368,Lower GI Endoscopy(Colonoscopy/Sigmoidoscopy) with or without Biopsy,Gastroenterology / Endoscopic Procedures,TIER I,NABH,GENERAL WARD,MG002,6000.0
1369,Lumbar Discectomy,Neuro-Surgery Procedure,TIER I,NABH,GENERAL WARD,NS032,59850.0
1370,Lumbar Pressure Monitoring,Neuro-Surgery Investigation,TIER I,NABH,GENERAL WARD,NS001,9200.0
1371,Lumbar Puncture Neuro-Surgery Procedure,,TIER I,NABH,GENERAL WARD,NS064,3000.0
1372,Lumbar Traction (per session),Physiotherapy,TIER I,NABH,GENERAL WARD,PT002,300.0
1373,Lumbar disc arthroplasty,Neuro-Surgery Procedure,TIER I,NABH,GENERAL WARD,NS048,50350.0
1374,Lung Basic Panel By NGS,Oncology Investigations,TIER I,NABH,GENERAL WARD,CA101,30000.0
1375,Lung Perfusion Scan,Pulmonology Investigation,TIER I,NABH,GENERAL WARD,PI003,5000.0
1376,Lung Ventilation & Perfusion Scan (V/Q Scan),Pulmonology Investigation,TIER I,NABH,GENERAL WARD,PI002,6000.0
1377,Lung Wedge Resection (TMH - Thoracic & Paediatric) (G3S84),Cancer Surgery,TIER I,NABH,GENERAL WARD,TMH161,18000.0
1378,Luteinizing hormone (LH),Laboratory Investigation,TIER I,NABH,GENERAL WARD,LB162,400.0
1379,Lymph Node Biopsy - Superficial (TMH - Thoracic & Paediatric) (G1S17),Cancer Surgery,TIER I,NABH,GENERAL WARD,TMH017,4500.0
1380,Lymphangiography,Cardiology,TIER,NABH,GENERAL,CI012,5000.0
1381,Lymphocoele Drainage (TMH - Genitourinary / Gynaecology) (G3S109),Cancer Surgery,TIER I,NABH,GENERAL WARD,TMH186,18000.0
1382,Lymphoma Panel,Oncology Investigations,TIER I,NABH,GENERAL WARD,CA102,6970.0
1383,Lymphoplasmacytic Leukemia / Waldenstroms Macroglobulinemia Mutation (MYD88 L265P) Detection,Oncology Investigations,TIER I,NABH,GENERAL WARD,CA103,3490.0
1384,MDS Panel,Oncology Investigations,TIER I,NABH,GENERAL WARD,CA104,6970.0
1385,MECOM (EVI1) rearrangement: inv(3)(q21.3q26.2)/t(3;3),Oncology Investigations,TIER I,NABH,GENERAL WARD,CA105,4690.0
1386,MGMT PCR,Oncology Investigations,TIER I,NABH,GENERAL WARD,CA106,8140.0
1387,MLPA per gene,Oncology Investigations,TIER I,NABH,GENERAL WARD,CA109,4000.0
1388,MPN (Myelo Proliferative Neoplasm)PANEL,Oncology Investigations,TIER I,NABH,GENERAL WARD,CA112,12000.0
1389,MR Enteroclysis,Radiological Investigation,TIER I,NABH,GENERAL WARD,RI141,5000.0
1390,MR Temporal Bone/ Inner ear with contrast,Radiological Investigation,TIER I,NABH,GENERAL WARD,RI122,5000.0
1391,MR cholecysto-pancreatography (MRCP),Radiological Investigation,TIER I,NABH,GENERAL WARD,RI139,8500.0
1392,MR for Salivary Glands with Sialography/Maxillofacial MRI,Radiological Investigation,TIER I,NABH,GENERAL WARD,RI095,5000.0
1393,MRI Abdomen - With Contrast,Radiological Investigation,TIER I,NABH,GENERAL WARD,RI125,5750.0
1394,MRI Abdomen - Without Contrast,Radiological Investigation,TIER I,NABH,GENERAL WARD,RI124,3500.0
1395,MRI Angiography - with contrast,Radiological Investigation,TIER I,NABH,GENERAL WARD,RI140,5750.0
1396,MRI Ankle Single joint - Without contrast,Radiological Investigation,TIER I,NABH,GENERAL WARD,RI110,3500.0
1397,MRI Ankle both joints - With contrast,Radiological Investigation,TIER I,NABH,GENERAL WARD,RI112,6500.0
1398,MRI Ankle both joints - Without contrast,Radiological Investigation,TIER I,NABH,GENERAL WARD,RI113,3500.0
1399,MRI Ankle single joint - With contrast,Radiological Investigation,TIER I,NABH,GENERAL WARD,RI111,5000.0
1400,MRI Breast - With Contrast,Radiological Investigation,TIER I,NABH,GENERAL WARD,RI127,5000.0
1401,MRI Breast - Without Contrast,Radiological Investigation,TIER I,NABH,GENERAL WARD,RI128,3500.0
1402,MRI Cardiac,Radiological Investigation,TIER I,NABH,GENERAL WARD,RI011,8000.0
1403,MRI Cervical/ Cervico Dorsal Spine - With Contrast,Radiological Investigation,TIER I,NABH,GENERAL WARD,RI133,5000.0
1404,MRI Chest - With Contrast,Radiological Investigation,TIER I,NABH,GENERAL WARD,RI131,5000.0
1405,MRI Chest - Without Contrast,Radiological Investigation,TIER I,NABH,GENERAL WARD,RI130,3500.0
1406,MRI DEFECOGRAPHY,Radiological Investigation,TIER I,NABH,GENERAL WARD,RI142,7000.0
1407,MRI Dorsal/ Dorso Lumbar Spine - With Contrast,Radiological Investigation,TIER I,NABH,GENERAL WARD,RI135,5000.0
1408,MRI Dorsal/ Dorso Lumbar Spine/Cervical/ Cervico Dorsal Spine - Without Contrast,Radiological Investigation,TIER I,NABH,GENERAL WARD,RI134,3500.0
1409,MRI Extremities - With contrast,Radiological Investigation,TIER I,NABH,GENERAL WARD,RI118,5750.0
1410,MRI Extremities - Without contrast,Radiological Investigation,TIER I,NABH,GENERAL WARD,RI119,3500.0
1411,MRI FISTULOGRAM,Radiological Investigation,TIER I,NABH,GENERAL WARD,RI143,4500.0
1412,MRI Head / Brain - Without Contrast,Radiological Investigation,TIER I,NABH,GENERAL WARD,RI089,2750.0
1413,MRI Head / Brain- With Contrast,Radiological Investigation,TIER I,NABH,GENERAL WARD,RI090,5000.0
1414,MRI Hip - With contrast,Radiological Investigation,TIER I,NABH,GENERAL WARD,RI114,5000.0
1415,MRI Hip - without contrast,Radiological Investigation,TIER I,NABH,GENERAL WARD,RI115,3500.0
1416,MRI Lumbar/ Lumbo-Sacral Spine - With Contrast,Radiological Investigation,TIER I,NABH,GENERAL WARD,RI137,5750.0
1417,MRI Lumbar/ Lumbo-Sacral Spine - Without Contrast,Radiological Investigation,TIER I,NABH,GENERAL WARD,RI136,3500.0
1418,MRI Mammography,Radiological Investigation,TIER I,NABH,GENERAL WARD,RI061,5000.0
1419,MRI Nasopharynx and PNS - With Contrast,Radiological Investigation,TIER I,NABH,GENERAL WARD,RI094,5000.0
1420,MRI Nasopharynx and PNS - Without Contrast,Radiological Investigation,TIER I,NABH,GENERAL WARD,RI093,3500.0
1421,MRI Neck - Without Contrast,Radiological Investigation,TIER I,NABH,GENERAL WARD,RI096,3500.0
1422,MRI Neck- with contrast,Radiological Investigation,TIER I,NABH,GENERAL WARD,RI097,5750.0
1423,MRI Orbits - With Contrast,Radiological Investigation,TIER I,NABH,GENERAL WARD,RI092,5000.0
1424,MRI Orbits - Without Contrast,Radiological Investigation,TIER I,NABH,GENERAL WARD,RI091,1870.0
1425,MRI Pelvis - Without Contrast,Radiological Investigation,TIER I,NABH,GENERAL WARD,RI116,3500.0
1426,MRI Pelvis - with contrast,Radiological Investigation,TIER I,NABH,GENERAL WARD,RI117,5750.0
1427,MRI SPECTROSCOPY,Radiological Investigation,TIER I,NABH,GENERAL WARD,RI144,3000.0
1428,MRI Shoulder - With contrast,Radiological Investigation,TIER I,NABH,GENERAL WARD,RI099,5000.0
1429,MRI Shoulder - Without contrast,Radiological Investigation,TIER I,NABH,GENERAL WARD,RI098,3500.0
1430,MRI Shoulder both joints - With contrast,Radiological Investigation,TIER I,NABH,GENERAL WARD,RI101,6000.0
1431,MRI Temporal Bone/ Inner ear without contrast,Radiological Investigation,TIER I,NABH,GENERAL WARD,RI123,3500.0
1432,MRI Temporomandibular - B/L - With contrast / MRI TMJ (Double Joint) with contrast,Radiological Investigation,TIER I,NABH,GENERAL WARD,RI120,5000.0
1433,MRI Temporomandibular - B/L - Without contrast / MRI -TMJ(Double Joint) without contrast,Radiological Investigation,TIER I,NABH,GENERAL WARD,RI121,3500.0
1434,MRI Whole spine - Without Contrast,Radiological Investigation,TIER I,NABH,GENERAL WARD,RI132,4400.0
1435,MRI Wrist Both joints - With contrast,Radiological Investigation,TIER I,NABH,GENERAL WARD,RI105,5750.0
1436,MRI Wrist Single joint - With contrast,Radiological Investigation,TIER I,NABH,GENERAL WARD,RI103,5000.0
1437,MRI Wrist Single joint - Without contrast,Radiological Investigation,TIER I,NABH,GENERAL WARD,RI102,3300.0
1438,MRI Wrist both joints - Without contrast,Radiological Investigation,TIER I,NABH,GENERAL WARD,RI104,4000.0
1439,MRI knee Single joint - With contrast,Radiological Investigation,TIER I,NABH,GENERAL WARD,RI107,5750.0
1440,MRI knee Single joint - Without contrast,Radiological Investigation,TIER I,NABH,GENERAL WARD,RI106,3000.0
1441,MRI knee both joints - With contrast,Radiological Investigation,TIER I,NABH,GENERAL WARD,RI109,5750.0
1442,MRI knee both joints - Without contrast,Radiological Investigation,TIER I,NABH,GENERAL WARD,RI108,4000.0
1443,MRI shoulder both Joints - Without contrast,Radiological Investigation,TIER I,NABH,GENERAL WARD,RI100,4000.0
1444,MRI whole Spine Screening- Without Contrast,Radiological Investigation,TIER I,NABH,GENERAL WARD,RI129,2000.0
1445,MRI-Prostate (Multi-parametric) (Including CD),Radiological Investigation,TIER I,NABH,GENERAL WARD,RI126,6900.0
1446,MSI ( Micro Satellite Instability) and MMR (Mis Match Repair),Oncology Investigations,TIER I,NABH,GENERAL WARD,CA113,6500.0
1447,MYD88 L265 Mutation Detection Test,Oncology Investigations,TIER I,NABH,GENERAL WARD,CA118,6760.0
1448,Macular hole surgery- Vitrectomy +membrane peeling + ILM peeling+ fluid air exchange+endolaser+ gas/silicon oil tamponade per eye,Ophthalmology Procedure,TIER I,NABH,GENERAL WARD,OP090,38950.0
1449,Major OT - Service Charges - 2 to 4 Hrs,Cancer Surgery,TIER I,NABH,GENERAL WARD,TMH415,9000.0
1450,Major OT - Service Charges - Less than 2 Hrs.,Cancer Surgery,TIER I,NABH,GENERAL WARD,TMH414,4500.0
1451,Major OT -Service Charges - More than 4 Hrs,Cancer Surgery,TIER I,NABH,GENERAL WARD,TMH416,18000.0
1452,Malar and/or Zygomatic arch - Closed Reduction,Dental Procedure,TIER I,NABH,GENERAL WARD,DP108,6000.0
1453,Malar and/or Zygomatic arch - Open Reduction,Dental Procedure,TIER I,NABH,GENERAL WARD,DP109,10000.0
1454,Malrotation & Volvulus of the Midgut,Paediatric Surgery Procedure,TIER I,NABH,GENERAL WARD,PS033,40850.0
1455,Malrotation of Intestines Operation,Paediatric Surgery Procedure,TIER I,NABH,GENERAL WARD,PS017,40850.0
1456,Malyugin Ring /pupil dilator/iris expander per eye,Ophthalmology Procedure,TIER I,NABH,GENERAL WARD,OP130,10000.0
1457,Manchester/Fothergill-s operation,Obstetrics And Gynaecology Procedure,TIER I,NABH,GENERAL WARD,OG034,33250.0
1458,Mandible - Closed Reduction,Dental Procedure,TIER I,NABH,GENERAL WARD,DP094,6000.0
1459,Mandible - Open Reduction,Dental Procedure,TIER I,NABH,GENERAL WARD,DP095,10000.0
1460,Mandible Curettage (TMH - Head & Neck) (G2S6),Cancer Surgery,TIER I,NABH,GENERAL WARD,TMH034,11250.0
1461,Mandibulectomy- Hemi./Marginal/Segmental including middle 1/3rd (TMH - Head & Neck) (G4S19),Cancer Surgery,TIER I,NABH,GENERAL WARD,TMH218,22500.0
1462,Mantoux Test,Laboratory Investigation,TIER I,NABH,GENERAL WARD,LB183,200.0
1463,Manual Removal of Placenta,Obstetrics And Gynaecology Procedure,TIER I,NABH,GENERAL WARD,OG015,8740.0
1464,Mastoidectomy,ENT Procedure,TIER I,NABH,GENERAL WARD,EP012,33250.0
1465,Mastoidectomy plus Ossiculoplasty including TORP (Total Ossicular Replacement Prosthesis) or PORP (Partial Ossicular Replacement Prosthesis),ENT Procedure,TIER I,NABH,GENERAL WARD,EP039,33250.0
1466,Maxilla - Closed Reduction,Dental Procedure,TIER I,NABH,GENERAL WARD,DP092,6000.0
1467,Maxilla - Open Reduction,Dental Procedure,TIER I,NABH,GENERAL WARD,DP093,10000.0
1468,Maxilla Curettage (TMH - Head & Neck) (G2S7),Cancer Surgery,TIER I,NABH,GENERAL WARD,TMH035,11250.0
1469,Maxillectomy - Median/Partial/Total/Total with exenteration (TMH - Head & Neck) (G4S20),Cancer Surgery,TIER I,NABH,GENERAL WARD,TMH219,22500.0
1470,Maxillectomy- partial with graft,Dental Procedure,TIER I,NABH,GENERAL WARD,DP106,23750.0
1471,Maxillectomy- partial without graft,Dental Procedure,TIER I,NABH,GENERAL WARD,DP107,19000.0
1472,Maxillectomy/Mandibulectomy- Total with graft,Dental Procedure,TIER I,NABH,GENERAL WARD,DP104,33250.0
1473,Maxillectomy/Mandibulectomy- Total without graft,Dental Procedure,TIER I,NABH,GENERAL WARD,DP105,28500.0
1474,Maxillofacial Prosthesis -Sal/auricular/orbital/Nasal/Palatal/facial lost/ Speech Aid,Dental Procedure,TIER I,NABH,GENERAL WARD,DP078,7000.0
1475,Meatoplasty,Nephrology And Urology Procedure,TIER I,NABH,GENERAL WARD,NU076,12730.0
1476,Meatoplasty (TMH - Genitourinary / Gynaecology) (G2S44),Cancer Surgery,TIER I,NABH,GENERAL WARD,TMH072,11250.0
1477,Meatotomy,Nephrology And Urology Procedure,TIER I,NABH,GENERAL WARD,NU075,8075.0
1478,Mechanical lithotripsy of CBD stones by ERCP,Gastroenterology / Endoscopic Procedures,TIER I,NABH,GENERAL WARD,MG030,33250.0
1479,Mechanical lithotripsy of pancreatic stones,Gastroenterology / Endoscopic Procedures,TIER I,NABH,GENERAL WARD,MG034,33250.0
1480,Meckel's Scan,Gastro and,TIER,NABH,GENERAL,GI002,3000.0
1481,Meconium Ileus Operation,Paediatric Surgery Procedure,TIER I,NABH,GENERAL WARD,PS016,40850.0
1482,Median Nerve Decompression,Neuro-Surgery Procedure,TIER I,NABH,GENERAL WARD,NS022,40850.0
1483,Mediastinal Lymph Node Dissection (TMH - Thoracic & Paediatric) (G3S85),Cancer Surgery,TIER I,NABH,GENERAL WARD,TMH162,18000.0
1484,Mediastinal Neuroblastoma Excision (TMH - Thoracic & Paediatric) (G6S26),Cancer Surgery,TIER I,NABH,GENERAL WARD,TMH373,40500.0
1485,Mediastinal Tumor Excision (TMH - Thoracic & Paediatric) (G5S27),Cancer Surgery,TIER I,NABH,GENERAL WARD,TMH324,31500.0
1486,Mediastinoscopy (TMH - Thoracic & Paediatric) (G3S86),Cancer Surgery,TIER I,NABH,GENERAL WARD,TMH163,18000.0
1487,Medical Termination of Pregnancy (MTP) - 2nd Trimester /Suction and Evacuation/Dilatation and Curettage/Dilatation and expulsion,Obstetrics And Gynaecology Procedure,TIER I,NABH,GENERAL WARD,OG081,19000.0
1488,Medical Termination of Pregnancy (MTP)- 1st Trimester with Medicine /Manual Vacuum Aspiration /Check Curettage,Obstetrics And Gynaecology Procedure,TIER I,NABH,GENERAL WARD,OG080,13400.0
1489,Medication -intracanal medicament (only lesion cases),Dental Procedure,TIER I,NABH,GENERAL WARD,DP034,500.0
1490,Membranectomy both eyes,Ophthalmology Procedure,TIER I,NABH,GENERAL WARD,OP094,15000.0
1491,Membranectomy one eye,Ophthalmology Procedure,TIER I,NABH,GENERAL WARD,OP093,12000.0
1492,Meningoencephalocele excision and repair,Neuro-Surgery Procedure,TIER I,NABH,GENERAL WARD,NS016,72200.0
1493,Meningomyelocele Repair,Neuro-Surgery Procedure,TIER I,NABH,GENERAL WARD,NS017,59850.0
1494,Meniscectomy,Orthopaedics Procedure,TIER I,NABH,GENERAL WARD,OR097,50350.0
1495,Meniscus Repair,Orthopaedics Procedure,TIER I,NABH,GENERAL WARD,OR098,59850.0
1496,Mesenteric Cyst- Excision,Abdomen/GI Surgery Procedure,TIER I,NABH,GENERAL WARD,AG047,33250.0
1497,Mesentericocaval Anastomosis,Abdomen/GI Surgery Procedure,TIER I,NABH,GENERAL WARD,AG033,40850.0
1498,Metastatectomy (Both Lungs) (TMH - Thoracic & Paediatric) (G4S75),Cancer Surgery,TIER I,NABH,GENERAL WARD,TMH274,22500.0
1499,Metastatectomy (Single Lung) (TMH - Thoracic & Paediatric) (G3S87),Cancer Surgery,TIER I,NABH,GENERAL WARD,TMH164,18000.0
1500,Methylprednisolone Injection IV Infusion per day Excluding the cost of the drug,Ophthalmology Procedure,TIER I,NABH,GENERAL WARD,OP134,2500.0
1501,Micro Vascular Breast Reconstruction (TMH - Breast) (G6S57),Cancer Surgery,TIER I,NABH,GENERAL WARD,TMH403,40500.0
1502,Micro laryngoscopy Chord stripping (Laser)/Laser excision Chordectomy (TMH - Head & Neck) (G3S28),Cancer Surgery,TIER I,NABH,GENERAL WARD,TMH105,18000.0
1503,Micro-surgical Vasovasostomy /Vaso epididymal anastomosis .,Nephrology And Urology Procedure,TIER I,NABH,GENERAL WARD,NU090,26125.0
1504,Microdochectomy (TMH - Breast) (G2S48),Cancer Surgery,TIER I,NABH,GENERAL WARD,TMH076,11250.0
1505,Microincisional trabeculectomy(MIT) per eye,Ophthalmology Procedure,TIER I,NABH,GENERAL WARD,OP073,23750.0
1506,Microlaryngeal Surgery,ENT Procedure,TIER I,NABH,GENERAL WARD,EP089,26125.0
1507,Microsurgical decompression for Trigeminal nerve,Neuro-Surgery Procedure,TIER I,NABH,GENERAL WARD,NS057,59850.0
1508,Microsurgical decompression for hemifacial spasm,Neuro-Surgery Procedure,TIER I,NABH,GENERAL WARD,NS058,59850.0
1509,Microvascular Reconstruction (Extremity) (TMH - Plastic & Reconstructive) (G4S89),Cancer Surgery,TIER I,NABH,GENERAL WARD,TMH288,22500.0
1510,Micturating Cystourethrography (MCU),Radiological Investigation,TIER I,NABH,GENERAL WARD,RI052,1120.0
1511,Minerva Jacket,Orthopaedics Procedure,TIER I,NABH,GENERAL WARD,OR015,9200.0
1512,Mini Fixator for Hand/Foot,Orthopaedics Procedure,TIER I,NABH,GENERAL WARD,OR127,33250.0
1513,Minor OT - Drugs/Consumables (With GA),Cancer Surgery,TIER I,NABH,GENERAL WARD,TMH413,675.0
1514,Minor OT - Drugs/Consumables (Without GA),Cancer Surgery,TIER I,NABH,GENERAL WARD,TMH412,450.0
1515,Minor OT - Service Charges,Cancer Surgery,TIER I,NABH,GENERAL WARD,TMH410,900.0
1516,Minor Treatment to Control Habits-Fixed Appliance Therapy,Dental Procedure,TIER,NABH,GENERAL,DP074,4000.0
1517,Minor Treatment to Control Habits-Removable Appliance Therapy,Dental Procedure,TIER I,NABH,GENERAL WARD,DP073,2500.0
1518,"Minor oral surgery, cyst, granuloma, residual infection, mucocele, epulis under LA",Dental Procedure,TIER I,NABH,GENERAL WARD,DP023,2000.0
1519,Miscellaneous Profile I(1 marker),Oncology Investigations,TIER I,NABH,GENERAL WARD,CA107,3485.0
1520,Miscellaneous profile II(2 markers),Oncology Investigations,TIER I,NABH,GENERAL WARD,CA108,5475.0
1521,Mitral Valve - Biological,Cardiovascular And Cardiac Surgery,TIER I,NABH,GENERAL WARD,IMCV08U100,0.0
1522,Mitral Valve - Mechanical,Cardiovascular And Cardiac Surgery,TIER I,NABH,GENERAL WARD,IMCV07U100,0.0
1523,Mitral valve (MV) Repair + Aortic valve (AV) Repair / Tricuspid Valve (TV) Repair + Pulmonary valve (PV) repair,Cardiovascular And Cardiac Surgery Procedure,TIER I,NABH,GENERAL WARD,CV020,171000.0
1524,Mitral valve Replacement(MVR)/ Aortic valve Replacement (AVR)/ Tricuspid Valve Replacement (TVR) / Pulmonary valve replacement (PVR),Cardiovascular And Cardiac Surgery Procedure,TIER I,NABH,GENERAL WARD,CV019,171000.0
1525,Monosomy 5/deletion 5q,Oncology Investigations,TIER I,NABH,GENERAL WARD,CA110,3485.0
1526,Monosomy 7/deletion 7q,Oncology Investigations,TIER I,NABH,GENERAL WARD,CA111,3485.0
1527,More than 2 Intermediate Procedures (TMH - Breast) (G3S122),Cancer Surgery,TIER I,NABH,GENERAL WARD,TMH199,18000.0
1528,Mucous membrane grafting MMG one eyelid,Ophthalmology Procedure,TIER I,NABH,GENERAL WARD,OP141,19000.0
1529,Mucous membrane grafting MMG two eyelids,Ophthalmology Procedure,TIER I,NABH,GENERAL WARD,OP142,23750.0
1530,Multi Organ Excision (TMH - G.I. Surgery) (G5S13),Cancer Surgery,TIER I,NABH,GENERAL WARD,TMH310,31500.0
1531,Multigene NGS Germline Panel,Oncology Investigations,TIER I,NABH,GENERAL WARD,CA114,18000.0
1532,"Multiple Extraction and Treatment Procedures for Special Children, Patients with Systemic Diseases, Patient with Special Needs Which Requires Admission and Treatment Under GA",Dental Procedure,TIER I,NABH,GENERAL WARD,DP013,6000.0
1533,Multiple Myeloma (MM) Panel,Oncology Investigations,TIER I,NABH,GENERAL WARD,CA115,14870.0
1534,Multiple Myeloma High Risk Markers (4 Markers),Oncology Investigations,TIER I,NABH,GENERAL WARD,CA116,5300.0
1535,Multiple Myeloma Screening Panel,Oncology Investigations,TIER I,NABH,GENERAL WARD,CA117,8000.0
1536,Multiple Pinning Fracture Neck Femur,Orthopaedics Procedure,TIER I,NABH,GENERAL WARD,OR047,50350.0
1537,Multiple drugs Chemotherapy/Targeted therapy/Immunotherapy,Chemotherapy,TIER I,NABH,GENERAL WARD,CT002,2300.0
1538,Multiple hearing assessment test to Adults,ENT Investigation,TIER I,NABH,GENERAL WARD,EI006,400.0
1539,Muscle Biopsy,Biopsies,TIER I,NABH,GENERAL WARD,BY009,2500.0
1540,Muscle Group Excision (TMH - Bone & Soft Tissue) (G3S60),Cancer Surgery,TIER I,NABH,GENERAL WARD,TMH137,18000.0
1541,Muscular Stenting,Gastroenterology / Endoscopic Procedures,TIER I,NABH,GENERAL WARD,MG041,50350.0
1542,Mycobacterial culture and sensitivity,Laboratory Investigation,TIER I,NABH,GENERAL WARD,LB205,550.0
1543,Myelin basic protein (MBP),Laboratory Investigation,TIER I,NABH,GENERAL WARD,LB211,3500.0
1544,Myelodysplastic Syndromes karyotyping,Oncology Investigations,TIER I,NABH,GENERAL WARD,CA119,5545.0
1545,Myelography,Radiological Investigation,TIER I,NABH,GENERAL WARD,RI058,2500.0
1546,Myocutaneous and Fasciocutaneous Flap Procedures for Limbs,Orthopaedics Procedure,TIER I,NABH,GENERAL WARD,OR084,50350.0
1547,Myomectomy -laparoscopic,Obstetrics And Gynaecology Procedure,TIER I,NABH,GENERAL WARD,OG030,40850.0
1548,Myomectomy -laparotomy,Obstetrics And Gynaecology Procedure,TIER I,NABH,GENERAL WARD,OG029,33250.0
1549,Myositis Profile (Up to 16 Antigens),Laboratory Investigation,TIER I,NABH,GENERAL WARD,LB313,8000.0
1550,Myringoplasty,ENT Procedure,TIER I,NABH,GENERAL WARD,EP007,26125.0
1551,Myringotomy with Grommet Insertion,ENT Procedure,TIER I,NABH,GENERAL WARD,EP009,13400.0
1552,N-terminal pro BNP (NT-pro BNP / Brain natriuretic peptide (BNP),Laboratory Investigation,TIER I,NABH,GENERAL WARD,LB243,2070.0
1553,NGS HLA Typing,Oncology Investigations,TIER I,NABH,GENERAL WARD,CA122,10000.0
1554,NGS Platform-extended Panel >50 gene,Oncology Investigations,TIER I,NABH,GENERAL WARD,CA123,36000.0
1555,NGS Platform-limited Panel(10 Genes),Oncology Investigations,TIER I,NABH,GENERAL WARD,CA124,18000.0
1556,NRAS (Neuroblastoma RAS ) Gene,Oncology Investigations,TIER I,NABH,GENERAL WARD,CA125,3500.0
1557,Nasal Packing-Posterior,ENT Procedure,TIER I,NABH,GENERAL WARD,EP045,3000.0
1558,Nasal Packing-anterior,ENT Procedure,TIER I,NABH,GENERAL WARD,EP044,2500.0
1559,Nebulization Per Session Critical Care,,TIER I,NABH,GENERAL WARD,CC012,50.0
1560,Neck Biopsy-Excisional (TMH - Head & Neck) (G1S6),Cancer Surgery,TIER I,NABH,GENERAL WARD,TMH006,4500.0
1561,Neck Dissection - Bilateral (TMH - Head & Neck) (G4S7),Cancer Surgery,TIER I,NABH,GENERAL WARD,TMH206,22500.0
1562,Neck Dissection-Functional/Modified/Supra omohyoid (TMH - Head & Neck) (G3S10),Cancer Surgery,TIER I,NABH,GENERAL WARD,TMH087,18000.0
1563,Neck Exploration (TMH - Head & Neck) (G2S8),Cancer Surgery,TIER I,NABH,GENERAL WARD,TMH036,11250.0
1564,Neoadjuvant Chemotherapy,Chemotherapy,TIER I,NABH,GENERAL WARD,CT003,2700.0
1565,Neonatal ICU charges (Per day) inclusive of incubator,Critical Care,TIER I,NABH,GENERAL WARD,CC007,5400.0
1566,Neostigmine test - Both Eyes,Ophthalmology Investigation,TIER I,NABH,GENERAL WARD,OI029,5000.0
1567,Nephrectomy - Partial (TMH - Genitourinary / Gynaecology) (G6S39),Cancer Surgery,TIER I,NABH,GENERAL WARD,TMH385,40500.0
1568,Nephrectomy - Radical (TMH - Genitourinary / Gynaecology) (G5S45),Cancer Surgery,TIER I,NABH,GENERAL WARD,TMH342,31500.0
1569,Nephrectomy - Radical + IVC Thrombectomy (TMH - Genitourinary / Gynaecology) (G5S31),Cancer Surgery,TIER I,NABH,GENERAL WARD,TMH328,31500.0
1570,Nephrectomy Simple -Open,Nephrology And Urology Procedure,TIER I,NABH,GENERAL WARD,NU010,59850.0
1571,Nephrectomy for - Hydronephrosis,Paediatric Surgery Procedure,TIER I,NABH,GENERAL WARD,PS030,40850.0
1572,Nephrectomy for -Pyonephrosis,Paediatric Surgery Procedure,TIER I,NABH,GENERAL WARD,PS029,40850.0
1573,Nephrolithotomy -Laparoscopic/endoscopic,Nephrology And Urology Procedure,TIER I,NABH,GENERAL WARD,NU013,50350.0
1574,Nephrolithotomy -open,Nephrology And Urology Procedure,TIER I,NABH,GENERAL WARD,NU012,40850.0
1575,Nephrostomy -Lap/Endoscopic,Nephrology And Urology Procedure,TIER I,NABH,GENERAL WARD,NU132,33250.0
1576,Nephrostomy -Open,Nephrology And Urology Procedure,TIER I,NABH,GENERAL WARD,NU131,33250.0
1577,Nephroureterectomy (TMH - Genitourinary / Gynaecology) (G5S46),Cancer Surgery,TIER I,NABH,GENERAL WARD,TMH343,31500.0
1578,Nephroureterectomy open,Nephrology And Urology Procedure,TIER I,NABH,GENERAL WARD,NU029,50350.0
1579,Nerve Biopsy,Neuro-Surgery Biopsy,TIER I,NABH,GENERAL WARD,NS003,19000.0
1580,Nerve Repair with Grafting,Orthopaedics Procedure,TIER I,NABH,GENERAL WARD,OR055,59850.0
1581,"Nerve conduction velocity (NCV), -two or more limbs",Neurology Investigation,TIER I,NABH,GENERAL WARD,NI003,1500.0
1582,Neuro Rehabilitation Advanced (per session),Physiotherapy,TIER I,NABH,GENERAL WARD,PT012,800.0
1583,Neurolysis/Nerve repair,Orthopaedics Procedure,TIER I,NABH,GENERAL WARD,OR054,40850.0
1584,New Battery (Implantable Pulse Generator),Neuro-Surgery,TIER I,NABH,GENERAL WARD,IMNS16,549450.0
1585,Next Generation sequencing assay for Minimal residual disease(MRD) for NPM mutated AML,Oncology Investigations,TIER I,NABH,GENERAL WARD,CA121,27000.0
1586,Next generation RNA sequencing assay for Chimeric Trancript in Hematolymphod malignancies,Oncology Investigations,TIER I,NABH,GENERAL WARD,CA120,17000.0
1587,Night Guard,Dental Procedure,TIER I,NABH,GENERAL WARD,DP058,2000.0
1588,Nitinol/Other Bare metal - Non Coronary Vascular Stents,Cardiology,TIER I,NABH,GENERAL WARD,IMCP06,25000.0
1589,Node Biopsy (TMH - Head & Neck) (G1S7),Cancer Surgery,TIER I,NABH,GENERAL WARD,TMH007,4500.0
1590,Non Contact tonometry (NCT) - Both Eyes,Ophthalmology Investigation,TIER I,NABH,GENERAL WARD,OI017,150.0
1591,Non Stress Test,Obstetrics Investigation,TIER I,NABH,GENERAL WARD,OG001,1500.0
1592,Non invasive Ventilator charges (Per day)( inclusive of associated disposables),Critical Care,TIER I,NABH,GENERAL WARD,CC004,600.0
1593,Non-descent Vaginal Hysterectomy (NDVH) with or without BSO,Obstetrics And Gynaecology Procedure,TIER I,NABH,GENERAL WARD,OG027,40850.0
1594,Nonresectable Esophageal Ca. Exploration (TMH - Thoracic & Paediatric) (G2S30),Cancer Surgery,TIER I,NABH,GENERAL WARD,TMH058,11250.0
1595,"Normal Delivery of High Risk Pregnancy(Preeclampsia/Eclampsia/ GDM/Cardiac/Vascular/Renal/Pulmonary/Twin Pregnancy/RA/SLE/IVF Conception/Severe Anaemia,)",Obstetrics And Gynaecology Procedure,TIER I,NABH,GENERAL WARD,OG003,40850.0
1596,Normal delivery with or without Episiotomy & P.repair/ forceps delivery /Vacuum delivery/assisted breech delivery including Routine New Born Care,Obstetrics And Gynaecology Procedure,TIER I,NABH,GENERAL WARD,OG002,33250.0
1597,OAE (Otoacoustic Emission Test),ENT Investigation,TIER I,NABH,GENERAL WARD,EI008,1260.0
1598,OCT (Optical Coherence Tomography) /Ocular OCT Angiography - Both Eyes,Ophthalmology Investigation,TIER I,NABH,GENERAL WARD,OI015,2100.0
1599,Obturator Prosthesis - Surgical/Definitive/Modification,Dental Procedure,TIER I,NABH,GENERAL WARD,DP079,5000.0
1600,Occlusion Analysis/Adjustment/Occlusal Equilibration,Dental Procedure,TIER I,NABH,GENERAL WARD,DP055,500.0
1601,Occupational Therapy per session of at least 40 minutes,Behavioural therapy,TIER I,NABH,GENERAL WARD,BT002,400.0
1602,Odontoplasty /Enameloplasty,Dental Procedure,TIER I,NABH,GENERAL WARD,DP048,500.0
1603,Oesophageal Intubation (Mousseau Barbin Tube),Abdomen/GI Surgery Procedure,TIER I,NABH,GENERAL WARD,AG004,26125.0
1604,Oesophageal Manometry,Gastroenterology /,TIER,NABH,GENERAL,GI009,9200.0
1605,Oesophageal Stricture dilatation,Gastroenterology / Endoscopic Procedures,TIER I,NABH,GENERAL WARD,MG005,9200.0
1606,Oesophageal pH metry,Gastroenterology /,TIER,NABH,GENERAL,GI008,8740.0
1607,Oesophageal stenting excluding the cost of stent,Gastroenterology / Endoscopic Procedures,TIER I,NABH,GENERAL WARD,MG008,13400.0
1608,Oesophagoscopy with foreign body removal from Oesophagus,ENT Procedure,TIER I,NABH,GENERAL WARD,EP054,13400.0
1609,Oligoclonal bands (OCBs),Laboratory Investigation,TIER I,NABH,GENERAL WARD,LB210,2250.0
1610,Omphalocele 1st Stage (Hernia Repair),Paediatric Surgery Procedure,TIER I,NABH,GENERAL WARD,PS006,33250.0
1611,Omphalocele 2nd Stage (Hernia Repair),Paediatric Surgery Procedure,TIER I,NABH,GENERAL WARD,PS007,33250.0
1612,Omphalomesenteric Cyst Excision,Paediatric Surgery Procedure,TIER I,NABH,GENERAL WARD,PS004,40850.0
1613,Omphalomesenteric Duct- Excision,Paediatric Surgery Procedure,TIER I,NABH,GENERAL WARD,PS005,40850.0
1614,One Sided (single Lumen) Femoral Catheterization for Haemodialysis,Nephrology And Urology Procedure,TIER I,NABH,GENERAL WARD,NU110,4000.0
1615,Open Biopsy of Vertebra (TMH - Bone & Soft Tissue) (G3S61),Cancer Surgery,TIER I,NABH,GENERAL WARD,TMH138,18000.0
1616,Open Drainage of Perinephric Abscess,Nephrology And Urology Procedure,TIER I,NABH,GENERAL WARD,NU022,33250.0
1617,Open Reduction & Internal Fixation (ORIF) of Fingers & Toes,Orthopaedics Procedure,TIER I,NABH,GENERAL WARD,OR039,19000.0
1618,Open Reduction & Internal Fixation (ORIF) of Fracture Dislocation,Orthopaedics Procedure,TIER I,NABH,GENERAL WARD,OR053,40850.0
1619,Open Reduction of Dislocations,Orthopaedics Procedure,TIER I,NABH,GENERAL WARD,OR052,33250.0
1620,Open Reduction of Fracture Neck Femur Muscle Pedicle Graft and Internal Fixations,Orthopaedics Procedure,TIER I,NABH,GENERAL WARD,OR050,50350.0
1621,Open Reduction of fracture of Long Bones of Upper / Lower Limb - Nailing & External Fixation,Orthopaedics Procedure,TIER I,NABH,GENERAL WARD,OR040,40850.0
1622,Open Reduction of fracture of Long Bones of Upper /Lower Limb -AO Procedures,Orthopaedics Procedure,TIER I,NABH,GENERAL WARD,OR041,40850.0
1623,Open Retropubic Prostatectomy,Nephrology And Urology Procedure,TIER I,NABH,GENERAL WARD,NU058,40850.0
1624,Open Suprapubic Prostatectomy,Nephrology And Urology Procedure,TIER I,NABH,GENERAL WARD,NU057,40850.0
1625,Operation for Bleeding Peptic Ulcer,Abdomen/GI Surgery Procedure,TIER I,NABH,GENERAL WARD,AG013,40850.0
1626,Operation for Cervical Rib,ENT Procedure,TIER I,NABH,GENERAL WARD,EP068,33250.0
1627,Operation for Gastrojejunal Ulcer,Abdomen/GI Surgery Procedure,TIER I,NABH,GENERAL WARD,AG014,40850.0
1628,Operation for Hydatid Cyst of Liver,Abdomen/GI Surgery Procedure,TIER I,NABH,GENERAL WARD,AG041,28215.0
1629,"Operation for Intestinal Obstruction including resection , anastomosis, Adhesiolysis",Abdomen/GI Surgery Procedure,TIER I,NABH,GENERAL WARD,AG053,50350.0
1630,"Operation for Intestinal perforation including resection, anastomosis , Adhesiolysis",Abdomen/GI Surgery Procedure,TIER I,NABH,GENERAL WARD,AG054,50350.0
1631,Operation for Torsion of Testis,Nephrology And Urology Procedure,TIER I,NABH,GENERAL WARD,NU089,26125.0
1632,Operation of Choledochal Cyst,Paediatric Surgery Procedure,TIER I,NABH,GENERAL WARD,PS028,50350.0
1633,Operation on Adrenal Glands - Bilateral,Abdomen/GI Surgery Procedure,TIER I,NABH,GENERAL WARD,AG043,59850.0
1634,Operation on Adrenal Glands - Unilateral,Abdomen/GI Surgery Procedure,TIER I,NABH,GENERAL WARD,AG044,40850.0
1635,Operations for Benign Tumours of Small Intestine,Abdomen/GI Surgery Procedure,TIER I,NABH,GENERAL WARD,AG055,50350.0
1636,Operations for Brachial Plexus & Cervical Rib,Orthopaedics Procedure,TIER I,NABH,GENERAL WARD,OR069,72200.0
1637,Operations for Crippled Hypospadias,Nephrology And Urology Procedure,TIER I,NABH,GENERAL WARD,NU080,40850.0
1638,Operations for Cyst of the Kidney -open,Nephrology And Urology Procedure,TIER I,NABH,GENERAL WARD,NU025,40850.0
1639,Operations for Cyst of the Kidney Lap/endoscopic,Nephrology And Urology Procedure,TIER I,NABH,GENERAL WARD,NU026,50350.0
1640,Operations for Epispadias -primary repair,Nephrology And Urology Procedure,TIER I,NABH,GENERAL WARD,NU081,40850.0
1641,Operations for Epispadias-crippled epispadias,Nephrology And Urology Procedure,TIER I,NABH,GENERAL WARD,NU082,50350.0
1642,Operations for Exstrophy of the Bladder- Multistage repair,Nephrology And Urology Procedure,TIER I,NABH,GENERAL WARD,NU050,40850.0
1643,Operations for Exstrophy of the Bladder- Single stage repair,Nephrology And Urology Procedure,TIER I,NABH,GENERAL WARD,NU049,40850.0
1644,Operations for Exstrophy of the Bladder- simple cystectomy with urinary diversion,Nephrology And Urology Procedure,TIER I,NABH,GENERAL WARD,NU051,59850.0
1645,Operations for GI Bleed Abdomen/GI Surgery Procedure,,TIER I,NABH,GENERAL WARD,AG057,50350.0
1646,Operations for Haemorrhage of Small Intestines,Abdomen/GI Surgery Procedure,TIER I,NABH,GENERAL WARD,AG058,50350.0
1647,Operations for Hydrocele - Bilateral,Nephrology And Urology Procedure,TIER I,NABH,GENERAL WARD,NU088,33250.0
1648,Operations for Hydrocele - Unilateral,Nephrology And Urology Procedure,TIER I,NABH,GENERAL WARD,NU087,26125.0
1649,Operations for Hydronephrosis -pyeloplasty Lap/endoscopic,Nephrology And Urology Procedure,TIER I,NABH,GENERAL WARD,NU017,59850.0
1650,Operations for Hydronephrosis -pyeloplasty open,Nephrology And Urology Procedure,TIER I,NABH,GENERAL WARD,NU016,50350.0
1651,Operations for Hydronephrosis Endopyelotomy antegrade,Nephrology And Urology Procedure,TIER I,NABH,GENERAL WARD,NU018,40850.0
1652,Operations for Hydronephrosis Endopyelotomy retrograde,Nephrology And Urology Procedure,TIER I,NABH,GENERAL WARD,NU019,40850.0
1653,Operations for Hydronephrosis ureterocalicostomy,Nephrology And Urology Procedure,TIER I,NABH,GENERAL WARD,NU020,40850.0
1654,Operations for Hydronephrosis-Ileal ureter,Nephrology And Urology Procedure,TIER I,NABH,GENERAL WARD,NU021,50350.0
1655,Operations for Hypospadias + Chordee Correction,Nephrology And Urology Procedure,TIER I,NABH,GENERAL WARD,NU077,33250.0
1656,Operations for Hypospadias - One Stage Repair,Nephrology And Urology Procedure,TIER I,NABH,GENERAL WARD,NU079,40850.0
1657,Operations for Hypospadias - Second Stage,Nephrology And Urology Procedure,TIER I,NABH,GENERAL WARD,NU078,40850.0
1658,Operations for Incontinence of Urine - Female -Open,Nephrology And Urology Procedure,TIER I,NABH,GENERAL WARD,NU070,40850.0
1659,Operations for Incontinence of Urine - Female-Bulking agent,Nephrology And Urology Procedure,TIER I,NABH,GENERAL WARD,NU072,40850.0
1660,Operations for Incontinence of Urine - Female-Sling,Nephrology And Urology Procedure,TIER I,NABH,GENERAL WARD,NU071,50350.0
1661,Operations for Incontinence of Urine - Male -Open,Nephrology And Urology Procedure,TIER I,NABH,GENERAL WARD,NU067,40850.0
1662,Operations for Incontinence of Urine - Male -Sling,Nephrology And Urology Procedure,TIER I,NABH,GENERAL WARD,NU068,50350.0
1663,Operations for Incontinence of Urine - Male-Bulking agent,Nephrology And Urology Procedure,TIER I,NABH,GENERAL WARD,NU069,40850.0
1664,Operations for Injuries of the Bladder,Nephrology And Urology Procedure,TIER I,NABH,GENERAL WARD,NU042,40850.0
1665,Operations for Recurrent Intestinal Obstruction (Noble Plication & Other Operations for Adhesions),Abdomen/GI Surgery Procedure,TIER I,NABH,GENERAL WARD,AG060,50350.0
1666,Operations for Replacement of Oesophagus by Colon / Colon-Inter position or Replacement of Oesophagus,Abdomen/GI Surgery Procedure,TIER I,NABH,GENERAL WARD,AG002,50350.0
1667,Operations for Sigmoid Diverticulitis,Abdomen/GI Surgery Procedure,TIER I,NABH,GENERAL WARD,AG071,40850.0
1668,Operations for Ureter -for Ectopia of Single Ureter,Nephrology And Urology Procedure,TIER I,NABH,GENERAL WARD,NU031,40850.0
1669,Operations for Ureter for -Double Ureters,Nephrology And Urology Procedure,TIER I,NABH,GENERAL WARD,NU030,50350.0
1670,Operations for Varicocele Bilateral --Microsurgical,Nephrology And Urology Procedure,TIER I,NABH,GENERAL WARD,NU093,40850.0
1671,Operations for Varicocele Palomo-s Bilateral - Laparoscopic,Nephrology And Urology Procedure,TIER I,NABH,GENERAL WARD,NU094,40850.0
1672,Operations for Varicocele Palomo-s Unilateral -Laparoscopic,Nephrology And Urology Procedure,TIER I,NABH,GENERAL WARD,NU092,33250.0
1673,Operations for Varicocele Unilateral Microsurgical,Nephrology And Urology Procedure,TIER I,NABH,GENERAL WARD,NU091,33250.0
1674,Operations for Vesicoureteral Reflux (VUR) -Open,Nephrology And Urology Procedure,TIER I,NABH,GENERAL WARD,NU032,40850.0
1675,Operations for Vesicoureteral Reflux (VUR)-Lap/Endoscopic,Nephrology And Urology Procedure,TIER I,NABH,GENERAL WARD,NU033,50350.0
1676,Operations for Vesicoureteral Reflux (VUR)/ Urinary incontinence with bulking agents,Nephrology And Urology Procedure,TIER I,NABH,GENERAL WARD,NU034,40850.0
1677,Operations for Volvulus of Large Bowel,Abdomen/GI Surgery Procedure,TIER I,NABH,GENERAL WARD,AG070,50350.0
1678,Operations of the Duplication of the Intestines - including Exploratory Laparotomy,Abdomen/GI Surgery Procedure,TIER I,NABH,GENERAL WARD,AG059,42845.0
1679,Operative Hysteroscopy (TMH - Genitourinary / Gynaecology) (G3S108),Cancer Surgery,TIER I,NABH,GENERAL WARD,TMH185,18000.0
1680,Operculectomy- Pericoronal flap excision,Dental Procedure,TIER I,NABH,GENERAL WARD,DP015,2000.0
1681,Oral Cavity Fulguration (Laser) (TMH - Head & Neck) (G1S8),Cancer Surgery,TIER I,NABH,GENERAL WARD,TMH008,4500.0
1682,Oral cavity excision-Large lesion Laser (TMH - Head & Neck) (G3S29),Cancer Surgery,TIER I,NABH,GENERAL WARD,TMH106,18000.0
1683,Oral cavity excision-Small lesion -Laser (TMH - Head & Neck) (G2S14),Cancer Surgery,TIER I,NABH,GENERAL WARD,TMH042,11250.0
1684,Orbital Abscess incision and Drainage per eye,Ophthalmology Procedure,TIER I,NABH,GENERAL WARD,OP112,8500.0
1685,Orbital Angiographical Studies - Bilateral,Ophthalmology Investigation,TIER I,NABH,GENERAL WARD,OI028,5000.0
1686,Orbital Exenteration (Paediatric) (TMH - Thoracic & Paediatric) (G4S77),Cancer Surgery,TIER I,NABH,GENERAL WARD,TMH276,22500.0
1687,Orbital Mass Biopsy (TMH - Head & Neck) (G1S9),Cancer Surgery,TIER I,NABH,GENERAL WARD,TMH009,4500.0
1688,Orbital decompression /with incision or excision biopsy per eye,Ophthalmology Procedure,TIER I,NABH,GENERAL WARD,OP058,33250.0
1689,Orbital mass excision (TMH - Head & Neck) (G3S11),Cancer Surgery,TIER I,NABH,GENERAL WARD,TMH088,18000.0
1690,Orbitotomy per eye,Ophthalmology Procedure,TIER I,NABH,GENERAL WARD,OP052,26125.0
1691,Orchidectomy-Simple,Nephrology And Urology Procedure,TIER I,NABH,GENERAL WARD,NU085,26125.0
1692,Orchidopexy - Bilateral -Lap/Endoscopic,Nephrology And Urology Procedure,TIER I,NABH,GENERAL WARD,NU141,50350.0
1693,Orchidopexy - Bilateral -Open,Nephrology And Urology Procedure,TIER I,NABH,GENERAL WARD,NU140,40850.0
1694,Orchidopexy - Unilateral -Open,Nephrology And Urology Procedure,TIER I,NABH,GENERAL WARD,NU138,33250.0
1695,Orchidopexy - Unilateral- Lap/Endoscopic,Nephrology And Urology Procedure,TIER I,NABH,GENERAL WARD,NU139,40850.0
1696,Oroantral Fistula closure,Dental Procedure,TIER I,NABH,GENERAL WARD,DP089,5000.0
1697,Ortho Scanogram,Radiological Investigation,TIER I,NABH,GENERAL WARD,RI056,1690.0
1698,Orthoptic check-up- with synoptophore- Both Eyes,Ophthalmology Investigation,TIER I,NABH,GENERAL WARD,OI003,200.0
1699,Orthoptic exercises per session,Ophthalmology Physiotherapy,TIER I,NABH,GENERAL WARD,OP144,250.0
1700,Osmolality serum,Laboratory Investigation,TIER I,NABH,GENERAL WARD,LB226,450.0
1701,Osmolality urine,Laboratory Investigation,TIER I,NABH,GENERAL WARD,LB225,450.0
1702,Osmotic Fragility Test,Laboratory Investigation,TIER I,NABH,GENERAL WARD,LB021,300.0
1703,"Osseous, Oste periosteal, or Cartilage graft of the Mandible or Maxilla - autogenous or non-autogenous bone graft",Dental Procedure,TIER I,NABH,GENERAL WARD,DP090,3000.0
1704,Osteoplasty - for Orthognathic deformities/ Mandibular Rami/ Body of Mandible,Dental Procedure,TIER I,NABH,GENERAL WARD,DP091,28500.0
1705,Otoplasty,ENT Procedure,TIER I,NABH,GENERAL WARD,EP013,33250.0
1706,Ovarian Cystectomy - Laparoscopic.,Obstetrics And Gynaecology Procedure,TIER I,NABH,GENERAL WARD,OG010,40850.0
1707,Ovarian Cystectomy - Laparotomy.,Obstetrics And Gynaecology Procedure,TIER I,NABH,GENERAL WARD,OG011,33250.0
1708,P ANCA-IFA,Laboratory Investigation,TIER I,NABH,GENERAL WARD,LB252,1500.0
1709,PCR + Sanger Sequencing per Amplicon,Oncology Investigations,TIER I,NABH,GENERAL WARD,CA128,850.0
1710,PCR for Herpes simplex,Laboratory Investigation,TIER I,NABH,GENERAL WARD,LB202,1400.0
1711,PCR for Human immunodeficiency virus (HIV),Laboratory Investigation,TIER I,NABH,GENERAL WARD,LB188,1800.0
1712,PCR for Tuberculosis (TB),Laboratory Investigation,TIER I,NABH,GENERAL WARD,LB187,1200.0
1713,"PDGFRA (4q12), PDGFRB (5q33), FGFR1 (8p11.2) rearrangement",Oncology Investigations,TIER I,NABH,GENERAL WARD,CA129,6095.0
1714,PDGFRA rearrangement: 4q12,Oncology Investigations,TIER I,NABH,GENERAL WARD,CA130,4690.0
1715,PDGFRB rearrangement: 5q33,Oncology Investigations,TIER I,NABH,GENERAL WARD,CA131,4690.0
1716,PDL 1,Oncology Investigations,TIER I,NABH,GENERAL WARD,CA132,5000.0
1717,PDL-1-28-8 (FDA Approved),Oncology Investigations,TIER I,NABH,GENERAL WARD,CA133,7500.0
1718,PFCL Injection Per Eye Including Cost of The Drug,Ophthalmology Procedure,TIER I,NABH,GENERAL WARD,OP133,2730.0
1719,PICC Line Removal,Critical Care,TIER I,NABH,GENERAL WARD,CC013,1000.0
1720,PICC line (peripherally inserted Central Cannulisation),Critical Care,TIER I,NABH,GENERAL WARD,CC011,5000.0
1721,PIK3CA GENE MUTATION,Oncology Investigations,TIER I,NABH,GENERAL WARD,CA136,5400.0
1722,PIK3CA Mutation Testing,Oncology Investigations,TIER I,NABH,GENERAL WARD,CA137,5700.0
1723,PLA2 receptor antibody quantitative,Laboratory Investigation,TIER I,NABH,GENERAL WARD,LB277,4200.0
1724,"PML-RARA t(15;17), variants",Oncology Investigations,TIER I,NABH,GENERAL WARD,CA139,5235.0
1725,PMMA IOL,Ophthalmology,TIER I,NABH,GENERAL WARD,IMOP07,500.0
1726,PRA Screen,Oncology Investigations,TIER I,NABH,GENERAL WARD,CA140,3000.0
1727,PSMA PET CT Scan,Nuclear Medicine Investigation,TIER I,NABH,GENERAL WARD,NM020,15000.0
1728,PTH(Parathormone),Laboratory Investigation,TIER I,NABH,GENERAL WARD,LB166,1000.0
1729,PTK- Phototherapeutic keratectomy /PRK for keratoconus per eye,Ophthalmology Procedure,TIER I,NABH,GENERAL WARD,OP085,13400.0
1730,PTPRT: Deletion 20q Oncology Investigations,,TIER I,NABH,GENERAL WARD,CA141,4690.0
1731,Packed Cell Volume (PCV),Laboratory Investigation,TIER I,NABH,GENERAL WARD,LB016,50.0
1732,Paediatric Rehabilitation (per session),Physiotherapy,TIER I,NABH,GENERAL WARD,PT013,300.0
1733,Paediatric cataract surgery +parsplana capsulotomy + anterior vitrectomy excluding the cost of IOL - Both Eyes,Ophthalmology Procedure,TIER I,NABH,GENERAL WARD,OP105,23750.0
1734,Paediatric cataract surgery +parsplana capsulotomy + anterior vitrectomy excluding the cost of IOL - one eye,Ophthalmology Procedure,TIER I,NABH,GENERAL WARD,OP104,19000.0
1735,Palatopharyngoplasty,ENT Procedure,TIER I,NABH,GENERAL WARD,EP050,33250.0
1736,Palliative Bowel Bypass (TMH - Thoracic & Paediatric) (G3S88),Cancer Surgery,TIER I,NABH,GENERAL WARD,TMH165,18000.0
1737,Pancreas Triple Bypass (TMH - G.I. Surgery) (G3S46),Cancer Surgery,TIER I,NABH,GENERAL WARD,TMH123,18000.0
1738,Pancreas Tumor Enucleation (TMH - G.I. Surgery) (G4S39),Cancer Surgery,TIER I,NABH,GENERAL WARD,TMH238,22500.0
1739,Pancreatectomy - Distal (TMH - G.I. Surgery) (G4S40),Cancer Surgery,TIER I,NABH,GENERAL WARD,TMH239,22500.0
1740,Pancreatectomy - Total (TMH - G.I. Surgery) (G6S14),Cancer Surgery,TIER I,NABH,GENERAL WARD,TMH361,40500.0
1741,Pancreatectomy - Whipple's Procedure (TMH - G.I. Surgery) (G6S15),Cancer Surgery,TIER I,NABH,GENERAL WARD,TMH362,40500.0
1742,Pancreatectomy -Subtotal (TMH - G.I. Surgery) (G5S14),Cancer Surgery,TIER I,NABH,GENERAL WARD,TMH311,31500.0
1743,Pancreatic Fistula Closure (TMH - G.I. Surgery) (G4S41),Cancer Surgery,TIER I,NABH,GENERAL WARD,TMH240,22500.0
1744,Pancreatic Ring Operation,Paediatric Surgery Procedure,TIER I,NABH,GENERAL WARD,PS015,50350.0
1745,Pancreatic sphincterotomy by ERCP,Gastroenterology / Endoscopic Procedures,TIER I,NABH,GENERAL WARD,MG031,19000.0
1746,Pancreatic stone extraction by ERCP,Gastroenterology / Endoscopic Procedures,TIER I,NABH,GENERAL WARD,MG033,19000.0
1747,Pancreatic stricture dilatation by ERCP,Gastroenterology / Endoscopic Procedures,TIER I,NABH,GENERAL WARD,MG032,19000.0
1748,Pancreaticoduodenctomy (TMH - G.I. Surgery) (G6S16),Cancer Surgery,TIER I,NABH,GENERAL WARD,TMH363,40500.0
1749,Pancreaticoduodenectomy (Whipple's procedure),Abdomen/GI Surgery Procedure,TIER I,NABH,GENERAL WARD,AG035,50350.0
1750,Panel Reactive Antibodies (PRA) class I,Oncology Investigations,TIER I,NABH,GENERAL WARD,CA126,3000.0
1751,Panel Reactive Antibodies (PRA) class II,Oncology Investigations,TIER I,NABH,GENERAL WARD,CA127,3000.0
1752,Panendoscopy (TMH - Head & Neck) (G2S9),Cancer Surgery,TIER I,NABH,GENERAL WARD,TMH037,11250.0
1753,Pap Smear,Laboratory Investigation,TIER I,NABH,GENERAL WARD,LB052,400.0
1754,Paracentesis (eye) per eye,Ophthalmology Procedure,TIER I,NABH,GENERAL WARD,OP114,5000.0
1755,Paraneoplastic Panel,Laboratory Investigation,TIER I,NABH,GENERAL WARD,LB314,10000.0
1756,Paraspinal Tumor Excision (TMH - Bone & Soft Tissue) (G4S51),Cancer Surgery,TIER I,NABH,GENERAL WARD,TMH250,22500.0
1757,Parathyroid Scan,Nuclear Medicine Investigation,TIER I,NABH,GENERAL WARD,NM014,7315.0
1758,Parotidectomy - Radical/Superficial/Total (TMH - Head & Neck) (G4S22),Cancer Surgery,TIER I,NABH,GENERAL WARD,TMH221,22500.0
1759,Parotidectomy - Superficial,ENT Procedure,TIER I,NABH,GENERAL WARD,EP074,33250.0
1760,Parotidectomy - Total,ENT Procedure,TIER I,NABH,GENERAL WARD,EP075,40850.0
1761,Parotidectomy with neck dissection (TMH - Head & Neck) (G4S8),Cancer Surgery,TIER I,NABH,GENERAL WARD,TMH207,22500.0
1762,"Paroxysmal Nocturnal Haemoglobinuria (PNH) Panel- CD55, CD59",Laboratory Investigation,TIER I,NABH,GENERAL WARD,LB054,1500.0
1763,Pars plana lensectomy with/without IOL excluding the cost of IOL per eye,Ophthalmology Procedure,TIER I,NABH,GENERAL WARD,OP101,16150.0
1764,Partial Amputation of Pinna,ENT Procedure,TIER I,NABH,GENERAL WARD,EP059,13400.0
1765,Partial Amputation of the Penis,Nephrology And Urology Procedure,TIER I,NABH,GENERAL WARD,NU083,33250.0
1766,Partial Cystectomy,Nephrology And Urology Procedure,TIER I,NABH,GENERAL WARD,NU135,50350.0
1767,Partial Nephrectomy -open,Nephrology And Urology Procedure,TIER I,NABH,GENERAL WARD,NU008,40850.0
1768,Partial Nephrectomy-Laparoscopic/Endoscopic,Nephrology And Urology Procedure,TIER I,NABH,GENERAL WARD,NU009,50350.0
1769,Partial Ostectomy / sequestrectomy for removal of non-vital bone,Dental Procedure,TIER I,NABH,GENERAL WARD,DP085,2000.0
1770,Partial Thyroidectomy (lobectomy),ENT Procedure,TIER I,NABH,GENERAL WARD,EP079,33250.0
1771,Partial/Subtotal Gastrectomy for Ulcer,Abdomen/GI Surgery Procedure,TIER I,NABH,GENERAL WARD,AG012,50350.0
1772,Patella Component By Whatsoever Name / Specifications,Orthopaedics,TIER,NABH,GENERAL,IMOR30,4090.0
1773,Patent Ductus Arteriosus (PDA) Closure Device,Cardiovascular And Cardiac Surgery,TIER I,NABH,GENERAL WARD,IMCV04U100,0.0
1774,Patent Ductus Arteriosus (PDA)-Device Closure,Cardiovascular And Cardiac Surgery Procedure,TIER I,NABH,GENERAL WARD,CV026,104500.0
1775,Pelvi-acetabular fracture -Internal fixation,Orthopaedics Procedure,TIER I,NABH,GENERAL WARD,OR096,59850.0
1776,Pelvic Exenteration Total (TMH - Genitourinary / Gynaecology) (G6S40),Cancer Surgery,TIER I,NABH,GENERAL WARD,TMH386,40500.0
1777,Pelvic Floor Repair(Rectocele +/- Cystocele +/- Enterocele),Obstetrics And Gynaecology Procedure,TIER I,NABH,GENERAL WARD,OG021,33250.0
1778,Pelvic Neuroblastoma Excision (TMH - Genitourinary / Gynaecology) (G6S41),Cancer Surgery,TIER I,NABH,GENERAL WARD,TMH387,40500.0
1779,Pelvic Posterior Exenteration (TMH - Genitourinary / Gynaecology) (G6S42),Cancer Surgery,TIER I,NABH,GENERAL WARD,TMH388,40500.0
1780,"Pelvic USG (gynae, infertility, prostate , KUB with post- void residual (PVR) etc ).",Radiological Investigation,TIER I,NABH,GENERAL WARD,RI021,500.0
1781,Penetrating keratoplasty with IOL implantation per eye,Ophthalmology Procedure,TIER I,NABH,GENERAL WARD,OP019,33250.0
1782,Penetrating keratoplasty with glaucoma surgery per eye,Ophthalmology Procedure,TIER I,NABH,GENERAL WARD,OP017,33250.0
1783,Penetrating keratoplasty with vitrectomy per eye,Ophthalmology Procedure,TIER I,NABH,GENERAL WARD,OP018,33250.0
1784,Peneumonectomy Partial/Total (TMH - Thoracic & Paediatric) (G2S37),Cancer Surgery,TIER I,NABH,GENERAL WARD,TMH065,11250.0
1785,Penile Reconstruction (TMH - Plastic & Reconstructive) (G4S90),Cancer Surgery,TIER I,NABH,GENERAL WARD,TMH289,22500.0
1786,Per Day Ward charges,Ward charges,TIER I,NABH,GENERAL WARD,WC001,1500.0
1787,Percutaneous Drainage of Perinephric Abscess -Ultrasound guided,Nephrology And Urology Procedure,TIER I,NABH,GENERAL WARD,NU023,13400.0
1788,Percutaneous Nephrolithotomy (PCNL) - Bilateral,Nephrology And Urology Procedure,TIER I,NABH,GENERAL WARD,NU129,59850.0
1789,Percutaneous Nephrolithotomy (PCNL) - Unilateral,Nephrology And Urology Procedure,TIER I,NABH,GENERAL WARD,NU128,50350.0
1790,Percutaneous Vertebral Biopsy (TMH - Bone & Soft Tissue) (G3S72),Cancer Surgery,TIER I,NABH,GENERAL WARD,TMH149,18000.0
1791,Percutaneous transhepatic cholangiography (PTC),Interventional Radiological Procedure,TIER I,NABH,GENERAL WARD,RP006,1800.0
1792,Perforating injury repair (eye) per eye,Ophthalmology Procedure,TIER I,NABH,GENERAL WARD,OP119,12730.0
1793,Perforation of Uterus after D/E Laparotomy & Closure,Obstetrics And Gynaecology Procedure,TIER I,NABH,GENERAL WARD,OG007,19000.0
1794,Pericardial Tap (TMH - Thoracic & Paediatric) (G1S18),Cancer Surgery,TIER I,NABH,GENERAL WARD,TMH018,4500.0
1795,Pericardiectomy,Cardiovascular And Cardiac Surgery,TIER I,NABH,GENERAL WARD,CV025,144400.0
1796,Pericardiectomy (TMH - Thoracic & Paediatric) (G3S89),Cancer Surgery,TIER I,NABH,GENERAL WARD,TMH166,18000.0
1797,Pericardiocentesis,Cardiovascular And Cardiac Surgery Procedure,TIER I,NABH,GENERAL WARD,CV024,10000.0
1798,Perimetry (Visual Field Testing) -Goldman- Both Eyes,Ophthalmology Investigation,TIER I,NABH,GENERAL WARD,OI005,500.0
1799,Perimetry /Humphrey Visual Field (HVF ) test- Automated- Both Eyes,Ophthalmology Investigation,TIER I,NABH,GENERAL WARD,OI006,800.0
1800,Perineal Urethrostomy,Nephrology And Urology Procedure,TIER I,NABH,GENERAL WARD,NU148,33250.0
1801,Peripheral Angioplasty with Vascular Closure Device (VCD) excluding the cost of Stent,Cardiology Procedure,TIER I,NABH,GENERAL WARD,CP018,57998.0
1802,Peripheral Angioplasty without Vascular Closure Device (VCD) excluding the cost of Stent,Cardiology Procedure,TIER I,NABH,GENERAL WARD,CP019,50350.0
1803,Peripheral Nerve Surgery - Major,Neuro-Surgery Procedure,TIER I,NABH,GENERAL WARD,NS023,59850.0
1804,Peripheral Nerve Surgery Minor,Neuro-Surgery Procedure,TIER I,NABH,GENERAL WARD,NS024,50350.0
1805,Peripheral Smear Examination,Laboratory Investigation,TIER I,NABH,GENERAL WARD,LB017,100.0
1806,Peritoneal Dialysis,Nephrology And Urology Procedure,TIER I,NABH,GENERAL WARD,NU125,3600.0
1807,Peritonsillar abscess Drainage under LA,ENT Procedure,TIER,NABH,GENERAL,EP006,8500.0
1808,Permanent pacemaker implantation (PPI)- Biventricular excluding the cost of pacemaker,Cardiology Procedure,TIER I,NABH,GENERAL WARD,CP008,51859.0
1809,Permanent pacemaker implantation (PPI)- Single Chamber excluding,Cardiology Procedure,TIER,NABH,GENERAL,CP006,33440.0
1810,Permanent pacemaker implantation- Dual Chamber excluding the cost,Cardiology Procedure,TIER,NABH,GENERAL,CP007,44935.0
1811,Permcath Insertion excluding the cost of the catheter,Nephrology And Urology Procedure,TIER I,NABH,GENERAL WARD,NU113,8500.0
1812,Peustow's Procedure (TMH - G.I. Surgery) (G4S42),Cancer Surgery,TIER I,NABH,GENERAL WARD,TMH241,22500.0
1813,Peyronie-s Disease - Plaque excision with grafting,Nephrology And Urology Procedure,TIER I,NABH,GENERAL WARD,NU166,33250.0
1814,Ph-like ALL Panel (4 Markers),Oncology Investigations,TIER I,NABH,GENERAL WARD,CA135,5300.0
1815,Ph: t(9;22) karyotyping,Oncology Investigations,TIER I,NABH,GENERAL WARD,CA134,3955.0
1816,Phaco with foldable IOL (silicone and acrylic)/PMMA IOL / MICS surgery excluding the cost of IOL per eye,Ophthalmology Procedure,TIER I,NABH,GENERAL WARD,OP100,16150.0
1817,Pharyngectomy-Partial (TMH - Head & Neck) (G3S13),Cancer Surgery,TIER I,NABH,GENERAL WARD,TMH090,18000.0
1818,Pharyngoplasty,ENT Procedure,TIER I,NABH,GENERAL WARD,EP051,40850.0
1819,Phimosis Under LA,General Surgery,TIER I,NABH,GENERAL WARD,GS006,6000.0
1820,Phonosurgery,ENT Procedure,TIER I,NABH,GENERAL WARD,EP088,26125.0
1821,Phosphorus-32 therapy for metastatic bone pain palliation,Radio-Isotope Therapy,TIER,NABH,GENERAL,IT007,14165.0
1822,Phototherapy per session (up to 6 Hours),Critical Care,TIER I,NABH,GENERAL WARD,CC009,400.0
1823,Piles banding,Gastroenterology / Endoscopic Procedures,TIER I,NABH,GENERAL WARD,MG019,5000.0
1824,Placement of Intracranial pressure (ICP) Monitor,Neuro-Surgery Procedure,TIER I,NABH,GENERAL WARD,NS013,26125.0
1825,Plaque brachytherapy-intraocular affected eye,Ophthalmology Procedure,TIER I,NABH,GENERAL WARD,OP139,20000.0
1826,Plaque brachytherapy-surface affected eye,Ophthalmology Procedure,TIER I,NABH,GENERAL WARD,OP138,15000.0
1827,Plasma Exchange/ Plasmapheresis,Nephrology And Urology Procedure,TIER I,NABH,GENERAL WARD,NU117,19000.0
1828,Plasma Free Normetanephrine,Laboratory Investigation,TIER I,NABH,GENERAL WARD,LB275,2300.0
1829,Plasma Metanephrines,Laboratory Investigation,TIER I,NABH,GENERAL WARD,LB276,2300.0
1830,Plasma renin activity,Laboratory Investigation,TIER I,NABH,GENERAL WARD,LB223,1600.0
1831,Plaster Jacket,Orthopaedics Procedure,TIER I,NABH,GENERAL WARD,OR016,6000.0
1832,Plaster Work,Orthopaedics Procedure,TIER I,NABH,GENERAL WARD,OR002,5000.0
1833,Plastic Surgery for Facial Paralysis (Support with Reanimation),Burns And Plastic Surgery Procedure,TIER I,NABH,GENERAL WARD,BP029,40850.0
1834,Plastic Surgery of Different Regions of the Ear -Major,Burns And Plastic Surgery Procedure,TIER I,NABH,GENERAL WARD,BP026,40850.0
1835,Plastic Surgery of Different Regions of the Ear -Minor,Burns And Plastic Surgery Procedure,TIER I,NABH,GENERAL WARD,BP025,33250.0
1836,Plastic Surgery of the Nose - Major,Burns And Plastic Surgery Procedure,TIER I,NABH,GENERAL WARD,BP028,40850.0
1837,Plastic Surgery of the Nose - Minor,Burns And Plastic Surgery Procedure,TIER I,NABH,GENERAL WARD,BP027,26125.0
1838,Plate Fixations for Fracture Neck Femur,Orthopaedics Procedure,TIER I,NABH,GENERAL WARD,OR048,50350.0
1839,Platelet Concentrate - Single Donor Platelet (SDP)- Apheresis per unit,Blood Component Charges,TIER I,NABH,GENERAL WARD,BC006,11000.0
1840,Platelet Concentrate Test,Laboratory Investigation,TIER I,NABH,GENERAL WARD,LB047,1000.0
1841,Platelet Concentrate- Random Donor Platelet (RDP),Blood Component Charges,TIER I,NABH,GENERAL WARD,BC004,400.0
1842,Platelet Count,Laboratory Investigation,TIER I,NABH,GENERAL WARD,LB013,100.0
1843,Platelet Function Tests,Laboratory Investigation,TIER I,NABH,GENERAL WARD,LB030,1265.0
1844,Pleoptic exercises per session,Ophthalmology Physiotherapy,TIER I,NABH,GENERAL WARD,OP145,250.0
1845,Pleurodesis Talc (TMH - Thoracic & Paediatric) (G2S31),Cancer Surgery,TIER I,NABH,GENERAL WARD,TMH059,11250.0
1846,Ploidy analysis,Oncology Investigations,TIER I,NABH,GENERAL WARD,CA138,3955.0
1847,Pneumonectomy (TMH - Thoracic & Paediatric) (G5S28),Cancer Surgery,TIER I,NABH,GENERAL WARD,TMH325,31500.0
1848,Pneupac Ventilator in Nursery (Per day),Critical Care,TIER I,NABH,GENERAL WARD,CC005,2600.0
1849,Polyp removal Nose (Septal polyp),ENT Procedure,TIER I,NABH,GENERAL WARD,EP038,8500.0
1850,Polyp removal ear,ENT Procedure,TIER I,NABH,GENERAL WARD,EP037,5000.0
1851,Polyp removal under GA (Larynx),ENT Procedure,TIER I,NABH,GENERAL WARD,EP005,9200.0
1852,Polyp removal under LA (Larynx),ENT Procedure,TIER I,NABH,GENERAL WARD,EP004,5000.0
1853,Polysomnography (PSG) / Level I Sleep study including Room Rent and Titration,Neurology Investigation,TIER I,NABH,GENERAL WARD,NI007,9000.0
1854,Popliteal Clearance of Nodes (TMH - Bone & Soft Tissue) (G3S74),Cancer Surgery,TIER I,NABH,GENERAL WARD,TMH151,18000.0
1855,Portal Haemodynamic Studies,Gastroenterology/ Interventional Radiology Procedures,TIER I,NABH,GENERAL WARD,MG043,8500.0
1856,Portocaval Anastomosis,Abdomen/GI Surgery Procedure,TIER I,NABH,GENERAL WARD,AG031,59850.0
1857,Post Coital Smear Examination,Laboratory Investigation,TIER I,NABH,GENERAL WARD,LB005,400.0
1858,Post-Transplant Collection drainage for Lymphocele (Laparoscopic),Nephrology And Urology Procedure,TIER I,NABH,GENERAL WARD,NU105,19000.0
1859,Post-Transplant Collection drainage for Lymphocele (open),Nephrology And Urology Procedure,TIER I,NABH,GENERAL WARD,NU103,9200.0
1860,Post-Transplant Collection drainage for Lymphocele (percutaneous),Nephrology And Urology Procedure,TIER I,NABH,GENERAL WARD,NU104,13400.0
1861,Posterior Cruciate Ligament (PCL) Reconstruction,Orthopaedics Procedure,TIER I,NABH,GENERAL WARD,OR100,72200.0
1862,Posterior Urethral Valve fulguration.,Nephrology And Urology Procedure,TIER I,NABH,GENERAL WARD,NU066,33250.0
1863,Premaxillectomy (TMH - Head & Neck) (G3S14),Cancer Surgery,TIER I,NABH,GENERAL WARD,TMH091,18000.0
1864,Primary Bone Grafting for Alveolar Cleft in Cleft Lip,Burns And Plastic Surgery Procedure,TIER I,NABH,GENERAL WARD,BP020,40850.0
1865,Primary TKR - Articular Surface / Insert By Whatsoever Name /,Orthopaedics,TIER,NABH,GENERAL,IMOR29,9550.0
1866,Primary TKR - Cobalt Chromium (CoCr) Alloy and other than Titanium,Orthopaedics,TIER,NABH,GENERAL,IMOR28,16960.0
1867,"Primary TKR - Cobalt Chromium (CoCr) Alloy and other than at 1, 2 and 3 above -Femoral Component By Whatsoever Name/ Specifications",Orthopaedics,TIER I,NABH,GENERAL WARD,IMOR25,24090.0
1868,Primary TKR - Component Having Tibial Tray and Insert Combined as,Orthopaedics,TIER,NABH,GENERAL,IMOR32,26546.0
1869,Primary TKR - Component Having Tibial Tray and Insert Combined as,Orthopaedics,TIER,NABH,GENERAL,IMOR31,12960.0
1870,Primary TKR - Hi-Flex -Femoral Component By Whatsoever Name/ Specifications,Orthopaedics,TIER I,NABH,GENERAL WARD,IMOR24,25860.0
1871,Primary TKR - Oxidized Zirconium (OxZr) Alloy -Femoral Component By Whatsoever Name/ Specifications,Orthopaedics,TIER I,NABH,GENERAL WARD,IMOR23,38740.0
1872,Primary TKR - Oxidized Zirconium (OxZr) Alloy -Tibial Component By,Orthopaedics,TIER,NABH,GENERAL,IMOR27,24280.0
1873,Primary TKR - Titanium Alloy Coated-Femoral Component By Whatsoever Name/ Specifications,Orthopaedics,TIER I,NABH,GENERAL WARD,IMOR22,38740.0
1874,Primary TKR - Titanium Alloy Coated-Tibial Component By Whatsoever Name/ Specifications,Orthopaedics,TIER I,NABH,GENERAL WARD,IMOR26,24280.0
1875,Probing and Syringing of lacrimal sac- in both eye,Ophthalmology Procedure,TIER I,NABH,GENERAL WARD,OP028,1500.0
1876,Probing and Syringing of lacrimal sac- in one eye,Ophthalmology Procedure,TIER I,NABH,GENERAL WARD,OP027,1000.0
1877,Procalcitonin,Laboratory Investigation,TIER I,NABH,GENERAL WARD,LB248,2070.0
1878,Progesterone,Laboratory Investigation,TIER I,NABH,GENERAL WARD,LB169,400.0
1879,Programmable Ventriculo-Peritoneal (VP) shunt excluding the cost of the Device,Neuro-Surgery Procedure,TIER I,NABH,GENERAL WARD,NS062,59850.0
1880,Prolactin,Laboratory Investigation,TIER I,NABH,GENERAL WARD,LB164,400.0
1881,Prolapse Rectum - Rectopexy,Abdomen/GI Surgery Procedure,TIER I,NABH,GENERAL WARD,AG078,14630.0
1882,Prolapse Rectum - Thiersch Wiring,Abdomen/GI Surgery Procedure,TIER I,NABH,GENERAL WARD,AG077,26125.0
1883,Prostate Biopsy (TMH - Genitourinary / Gynaecology) (G2S45),Cancer Surgery,TIER I,NABH,GENERAL WARD,TMH073,11250.0
1884,Prostate Specific Antigen (PSA)- Total,Laboratory Investigation,TIER I,NABH,GENERAL WARD,LB142,475.0
1885,Prostate-Specific Antigen (PSA) - Free,Laboratory Investigation,TIER I,NABH,GENERAL WARD,LB143,800.0
1886,Prostatectomy - Radical (TMH - Genitourinary / Gynaecology) (G5S47),Cancer Surgery,TIER I,NABH,GENERAL WARD,TMH344,31500.0
1887,Prosthetic Surgery for urinary incontinence,Nephrology And Urology Procedure,TIER I,NABH,GENERAL WARD,NU167,40850.0
1888,"Protein Creatinine Ratio (PCR), Urine / Albumin Creatinine Ratio (ACR), Urine",Laboratory Investigation,TIER I,NABH,GENERAL WARD,LB246,152.0
1889,Prothrombin Time (PT)/ International normalized ratio (INR),Laboratory Investigation,TIER I,NABH,GENERAL WARD,LB105,250.0
1890,Proximal Femur Nail (PFN) for IT fracture (Intertrochanteric Fractures),Orthopaedics Procedure,TIER I,NABH,GENERAL WARD,OR123,50350.0
1891,Pterygium surgery with auto conjunctival graft per eye,Ophthalmology Procedure,TIER I,NABH,GENERAL WARD,OP003,13400.0
1892,Ptosis surgery with Fasanella-Servat procedure /Ptosis surgery with LPS resection one lid Ptosis surgery with Sling surgery one lid,Ophthalmology Procedure,TIER I,NABH,GENERAL WARD,OP037,19000.0
1893,Pull Through Abdominal Resection,Abdomen/GI Surgery Procedure,TIER I,NABH,GENERAL WARD,AG083,50350.0
1894,Pulmonary Artery Banding (PA Banding) Septostomy,Cardiovascular And Cardiac Surgery Procedure,TIER I,NABH,GENERAL WARD,CV023,144400.0
1895,Pulmonary Function Test (PFT) / (Spirometry with Diffusing Capacity of the Lungs for Carbon monoxide (DLCO),Pulmonology Investigation,TIER I,NABH,GENERAL WARD,PI001,500.0
1896,Pulmonary Valve - Biological,Cardiovascular And Cardiac Surgery,TIER I,NABH,GENERAL WARD,IMCV12U100,0.0
1897,Pulmonary Valve - Mechanical,Cardiovascular And Cardiac Surgery,TIER I,NABH,GENERAL WARD,IMCV11U100,0.0
1898,Pulpectomy (Anterior Tooth),Dental Procedure,TIER I,NABH,GENERAL WARD,DP049,2000.0
1899,Pulpectomy (Posterior Tooth),Dental Procedure,TIER I,NABH,GENERAL WARD,DP050,3000.0
1900,Pulpotomy,Dental Procedure,TIER I,NABH,GENERAL WARD,DP051,1000.0
1901,Punch/Wedge biopsy,Biopsies,TIER I,NABH,GENERAL WARD,BY002,3000.0
1902,Punctal plug(Collagen/silicone) per eye,Ophthalmology Procedure,TIER I,NABH,GENERAL WARD,OP127,4000.0
1903,Punctal plugs for dry eyes - Both Eyes,Ophthalmology Procedure,TIER I,NABH,GENERAL WARD,OP034,450.0
1904,Punctoplasty (per eye),Ophthalmology Procedure,TIER I,NABH,GENERAL WARD,OP126,6500.0
1905,Pure Tone Audiogram / Pure Tone Audiometry / PTA,ENT Investigation,TIER I,NABH,GENERAL WARD,EI002,450.0
1906,Pyelolithotomy -Laparoscopic/endoscopic,Nephrology And Urology Procedure,TIER I,NABH,GENERAL WARD,NU015,50350.0
1907,Pyelolithotomy-open,Nephrology And Urology Procedure,TIER I,NABH,GENERAL WARD,NU014,59850.0
1908,Pyloric balloon dilatation,Gastroenterology / Endoscopic Procedures,TIER I,NABH,GENERAL WARD,MG013,8500.0
1909,Pyloromyotomy,Abdomen/GI Surgery Procedure,TIER I,NABH,GENERAL WARD,AG007,26125.0
1910,"Quadruple test (AFP,HCG,UE3,Inhibin A)",Laboratory Investigation,TIER I,NABH,GENERAL WARD,LB296,2400.0
1911,QuantiFERON TB Gold,Laboratory Investigation,TIER I,NABH,GENERAL WARD,LB186,2500.0
1912,RARA Variant - ZBTB16 / RARA : t(11;17) (1 marker),Oncology Investigations,TIER I,NABH,GENERAL WARD,CA142,3030.0
1913,RB TTT/ Cryotherapy affected eye,Ophthalmology Procedure,TIER I,NABH,GENERAL WARD,OP137,4500.0
1914,RB intravitreal/intravenous/subtenons chemotherapy affected eye excluding the cost of the chemotherapy drug,Ophthalmology Procedure,TIER I,NABH,GENERAL WARD,OP136,3500.0
1915,RCT Multiple root and/ canal tooth,Dental Procedure,TIER I,NABH,GENERAL WARD,DP031,3000.0
1916,RCT-Single Rooted tooth,Dental Procedure,TIER I,NABH,GENERAL WARD,DP030,2000.0
1917,RHOA Mutation Detection Assay,Oncology Investigations,TIER I,NABH,GENERAL WARD,CA143,6970.0
1918,RNS( Repetitive Nerve stimulation),Neurology Investigation,TIER I,NABH,GENERAL WARD,NI009,1600.0
1919,ROS 1,Oncology Investigations,TIER I,NABH,GENERAL WARD,CA144,9720.0
1920,RQ PCR based assay for MRD monitoring of Acute Leukaemia,Oncology Investigations,TIER I,NABH,GENERAL WARD,CA145,9500.0
1921,RQ-PCR BCR-ABL (P210),Oncology Investigations,TIER I,NABH,GENERAL WARD,CA146,10960.0
1922,RQ-PCR PML-RARA,Oncology Investigations,TIER I,NABH,GENERAL WARD,CA147,10960.0
1923,"RT-PCR Multiplex, Acute Leukaemia Panel",Oncology Investigations,TIER I,NABH,GENERAL WARD,CA148,7300.0
1924,"RT-PCR Multiplex, BCR-ABL (P190, P210)",Oncology Investigations,TIER I,NABH,GENERAL WARD,CA149,6350.0
1925,"RT-PCR Nested, IGH Chain Gene Rearrangement /TCR Gene Rearrangement",Oncology Investigations,TIER I,NABH,GENERAL WARD,CA150,4610.0
1926,Radical Cystectomy (TMH - Genitourinary / Gynaecology) (G6S43),Cancer Surgery,TIER I,NABH,GENERAL WARD,TMH389,40500.0
1927,Radical Hysterectomy + Pelvic Lymphadenectomy (Wertheim's) (TMH - Genitourinary / Gynaecology) (G5S48),Cancer Surgery,TIER I,NABH,GENERAL WARD,TMH345,31500.0
1928,Radical Nephrectomy (Paediatric) (TMH - Thoracic & Paediatric) (G4S78),Cancer Surgery,TIER I,NABH,GENERAL WARD,TMH277,22500.0
1929,Radical Nephrectomy (Paediatric) + Bowel Excision (TMH - Thoracic & Paediatric) (G5S24),Cancer Surgery,TIER I,NABH,GENERAL WARD,TMH321,31500.0
1930,Radical/Simple Mastectomy (TMH - Breast) (G4S98),Cancer Surgery,TIER I,NABH,GENERAL WARD,TMH297,22500.0
1931,Radio Ablation of Varicose Veins (RFA Ablation) excluding the cost of,Cardiovascular And,TIER,NABH,GENERAL,CV002,9350.0
1932,Radiofrequency (RF) Ablation Atrial Tachycardia/CARTO,Cardiology Procedure,TIER I,NABH,GENERAL WARD,CP013,171000.0
1933,Radiofrequency (RF) Ablation Conventional,Cardiology Procedure,TIER I,NABH,GENERAL WARD,CP012,92150.0
1934,Radiofrequency (RF) Lesion for Trigeminal Neuralgia,Neuro-Surgery Procedure,TIER I,NABH,GENERAL WARD,NS034,50350.0
1935,Radiofrequency (RF) lesion for facet joint pain syndrome,Neuro-Surgery Procedure,TIER I,NABH,GENERAL WARD,NS054,59850.0
1936,Radionuclide Cisternography for CSF leak,Nuclear Medicine Investigation,TIER I,NABH,GENERAL WARD,NM004,6800.0
1937,Radiosynovectomy with Yttrium,Radio-Isotope Therapy,TIER,NABH,GENERAL,IT001,25000.0
1938,Radius Lower End Excision (TMH - Bone & Soft Tissue) (G3S62),Cancer Surgery,TIER I,NABH,GENERAL WARD,TMH139,18000.0
1939,Radius Lower End Excision + Wrist Fusion (TMH - Bone & Soft Tissue) (G4S59),Cancer Surgery,TIER I,NABH,GENERAL WARD,TMH258,22500.0
1940,Ranula Excision,ENT Procedure,TIER I,NABH,GENERAL WARD,EP046,19000.0
1941,Rapid Test for Malaria (Card Test)/QBC Malaria Test,Laboratory Investigation,TIER I,NABH,GENERAL WARD,LB026,100.0
1942,"Rare Hernias Repair (Spigelian, Obturator, Lumbar, Sciatic) - excluding the cost of mesh and tacker",Abdomen/GI Surgery Procedure,TIER I,NABH,GENERAL WARD,AG027,40850.0
1943,Ray Amputation (TMH - Bone & Soft Tissue) (G3S63),Cancer Surgery,TIER I,NABH,GENERAL WARD,TMH140,18000.0
1944,Re-Exploration (TMH - G.I. Surgery) (G4S43),Cancer Surgery,TIER I,NABH,GENERAL WARD,TMH242,22500.0
1945,Re-RCT - Anterior,Dental Procedure,TIER I,NABH,GENERAL WARD,DP032,2500.0
1946,Re-RCT - Posterior,Dental Procedure,TIER I,NABH,GENERAL WARD,DP033,3000.0
1947,Re-suturing (Primary suturing) of corneal wound per eye,Ophthalmology Procedure,TIER I,NABH,GENERAL WARD,OP016,5000.0
1948,Reconstruction With Double Flaps (Head and Neck) (TMH - Plastic & Reconstructive) (G4S91),Cancer Surgery,TIER I,NABH,GENERAL WARD,TMH290,22500.0
1949,Reconstruction With Flap (Chest & Abdominal) (TMH - Plastic & Reconstructive) (G5S50),Cancer Surgery,TIER I,NABH,GENERAL WARD,TMH347,31500.0
1950,Reconstruction With Interpolation - Composite Flap (TMH - Plastic & Reconstructive) (G4S92),Cancer Surgery,TIER I,NABH,GENERAL WARD,TMH291,22500.0
1951,Reconstruction of Eyelid Defects - Major,Burns And Plastic Surgery Procedure,TIER I,NABH,GENERAL WARD,BP024,33250.0
1952,Reconstruction of Eyelid Defects - Minor,Burns And Plastic Surgery Procedure,TIER I,NABH,GENERAL WARD,BP023,26125.0
1953,Reconstruction with Anatomical Closure (TMH - Plastic & Reconstructive) (G3S119),Cancer Surgery,TIER I,NABH,GENERAL WARD,TMH196,18000.0
1954,Reconstruction with Local Skin/Mucosal Flap (TMH - Plastic & Reconstructive) (G3S120),Cancer Surgery,TIER I,NABH,GENERAL WARD,TMH197,18000.0
1955,Reconstruction with Single Flap (H & N) (TMH - Plastic & Reconstructive) (G3S121),Cancer Surgery,TIER I,NABH,GENERAL WARD,TMH198,18000.0
1956,Rectal Biopsy (Megacolon),Paediatric Surgery Procedure,TIER I,NABH,GENERAL WARD,PS018,19000.0
1957,Rectal Polyp-Excision,Abdomen/GI Surgery Procedure,TIER I,NABH,GENERAL WARD,AG074,14317.0
1958,Rectovaginal Fistula (RVF) Repair,Obstetrics And Gynaecology Procedure,TIER I,NABH,GENERAL WARD,OG033,40850.0
1959,Rectum Anterior Resection (TMH - G.I. Surgery) (G4S29),Cancer Surgery,TIER I,NABH,GENERAL WARD,TMH228,22500.0
1960,Rectum Local Excision (TMH - G.I. Surgery) (G3S47),Cancer Surgery,TIER I,NABH,GENERAL WARD,TMH124,18000.0
1961,Rectum Post Exenteration (TMH - G.I. Surgery) (G5S15),Cancer Surgery,TIER I,NABH,GENERAL WARD,TMH312,31500.0
1962,Reduction of Paraphimosis,Nephrology And Urology Procedure,TIER I,NABH,GENERAL WARD,NU073,6000.0
1963,Refraction with auto refraction - Both Eyes,Ophthalmology Investigation,TIER I,NABH,GENERAL WARD,OI001,200.0
1964,Reimplantation of Ureter(s) (TMH - Genitourinary / Gynaecology) (G5S39),Cancer Surgery,TIER I,NABH,GENERAL WARD,TMH336,31500.0
1965,Release of fibrous bands & grafting in (OSMF) treatment under GA,Dental Procedure,TIER I,NABH,GENERAL WARD,DP083,19000.0
1966,Removable Partial Denture - Acrylic Up to 3 teeth,Dental Procedure,TIER I,NABH,GENERAL WARD,DP064,2000.0
1967,Removable Partial Denture - Cast Metal (additional Per tooth),Dental Procedure,TIER I,NABH,GENERAL WARD,DP063,300.0
1968,Removable Partial Denture - Cast Metal Up to 3 Teeth,Dental Procedure,TIER I,NABH,GENERAL WARD,DP062,4000.0
1969,Removable Partial Denture - Flexible Per Arch,Dental Procedure,TIER I,NABH,GENERAL WARD,DP061,7500.0
1970,Removable Partial Denture - Tooth Addition (per tooth),Dental Procedure,TIER I,NABH,GENERAL WARD,DP065,300.0
1971,Removable orthodontic appliance / Post Orthodontic R O A -per arch,Dental Procedure,TIER I,NABH,GENERAL WARD,DP070,2500.0
1972,Removal Of Foreign Bodies -without C-ARM,General Surgery,TIER,NABH,GENERAL,GS007,1500.0
1973,Removal of - Lateral Exostosis/Torus Mandibularis/Torus Palatines/ Surgical reduction of Osseous Tuberosity,Dental Procedure,TIER I,NABH,GENERAL WARD,DP080,3000.0
1974,Removal of IUD/IUCD/Pessary,Obstetrics And Gynaecology Procedure,TIER I,NABH,GENERAL WARD,OG083,1000.0
1975,Removal of Plates,Orthopaedics Procedure,TIER I,NABH,GENERAL WARD,OR086,26125.0
1976,Removal of Submandibular Salivary gland,ENT Procedure,TIER I,NABH,GENERAL WARD,EP077,26125.0
1977,Removal of Sutures (All) General Procedure,,TIER I,NABH,GENERAL WARD,GP006,200.0
1978,Removal of Wires & Screw,Orthopaedics Procedure,TIER I,NABH,GENERAL WARD,OR085,12730.0
1979,Removal of corneal foreign body,Ophthalmology Procedure,TIER I,NABH,GENERAL WARD,OP006,400.0
1980,Removal of foreign body From Ear/otoscopy diagnostic or therapeutic,ENT Procedure,TIER I,NABH,GENERAL WARD,EP002,700.0
1981,Removal of foreign body From Nose,ENT Procedure,TIER I,NABH,GENERAL WARD,EP001,700.0
1982,Renal Angioplasty excluding the cost of Stent,Cardiology Procedure,TIER I,NABH,GENERAL WARD,CP020,57475.0
1983,Renal Cortical Scintigraphy with Technetium 99m Dimercaptosuccinic acid (DMSA)/DTPA,Nuclear Medicine Investigation,TIER I,NABH,GENERAL WARD,NM005,4000.0
1984,Repair of Common Bile Duct (CBD),Abdomen/GI Surgery Procedure,TIER I,NABH,GENERAL WARD,AG039,40850.0
1985,Repair of Parotid Duct ENT Procedure,,TIER I,NABH,GENERAL WARD,EP076,26125.0
1986,Repair of Ureterocele -Endoscopic incision,Nephrology And Urology Procedure,TIER I,NABH,GENERAL WARD,NU054,33250.0
1987,Repair of Ureterocele -Lap/Endoscopic,Nephrology And Urology Procedure,TIER I,NABH,GENERAL WARD,NU053,40850.0
1988,Repair of Ureterocele -Open,Nephrology And Urology Procedure,TIER I,NABH,GENERAL WARD,NU052,40850.0
1989,Repetitive nerve stimulation (RNS)-Decremental response (before and after neostigmine),Neurology Investigation,TIER I,NABH,GENERAL WARD,NI004,1500.0
1990,Repetitive nerve stimulation (RNS)-Incremental response,Neurology Investigation,TIER I,NABH,GENERAL WARD,NI005,1500.0
1991,Resection & Anastomosis of Small Intestine,Abdomen/GI Surgery Procedure,TIER I,NABH,GENERAL WARD,AG051,49638.0
1992,Resection Bladder Neck Endoscopic / Bladder neck incision / transurethral incision on prostrate,Nephrology And Urology Procedure,TIER I,NABH,GENERAL WARD,NU144,40850.0
1993,Resection Enucleation of thyroid Adenoma,ENT Procedure,TIER I,NABH,GENERAL WARD,EP082,26125.0
1994,Rest Thallium / Myocardial Perfusion Scintigraphy,Cardiology Investigation,TIER I,NABH,GENERAL WARD,CI010,9600.0
1995,Resuscitation/CPR/Intubation,Critical Care,TIER I,NABH,GENERAL WARD,CC010,1500.0
1996,Reticulocyte Count,Laboratory Investigation,TIER I,NABH,GENERAL WARD,LB014,100.0
1997,Retinal detachment surgery (RDS) per eye,Ophthalmology Procedure,TIER I,NABH,GENERAL WARD,OP063,26125.0
1998,Retinal detachment surgery (RDS) with scleral buckling per eye,Ophthalmology Procedure,TIER I,NABH,GENERAL WARD,OP064,33250.0
1999,"Retinal laser procedures -green laser for PRP,retinal tears, ROP,endolaser per eye",Ophthalmology Procedure,TIER I,NABH,GENERAL WARD,OP062,3500.0
2000,Retinoblastoma Excision (Paediatric) (TMH - Thoracic & Paediatric) (G3S90),Cancer Surgery,TIER I,NABH,GENERAL WARD,TMH167,18000.0
2001,Retinoblastoma[RB] EUA both eyes,Ophthalmology Procedure,TIER I,NABH,GENERAL WARD,OP135,3000.0
2002,Retro Peritoneal Tumour Removal,Abdomen/GI Surgery Procedure,TIER I,NABH,GENERAL WARD,AG084,50350.0
2003,Retrograde Intrarenal Surgery (RIRS)/ Flexible Ureteroscopy,Nephrology And Urology Procedure,TIER I,NABH,GENERAL WARD,NU159,59850.0
2004,Retrograde Urethrography (RGU),Radiological Investigation,TIER I,NABH,GENERAL WARD,RI053,1120.0
2005,Retromastoid Craniotomy (TMH - Head & Neck) (G6S5),Cancer Surgery,TIER I,NABH,GENERAL WARD,TMH352,40500.0
2006,Retroperitoneal Lymph Node Biopsy (Exploration) (TMH - Thoracic & Paediatric) (G3S91),Cancer Surgery,TIER I,NABH,GENERAL WARD,TMH168,18000.0
2007,Retroperitoneal Lymph Node Dissection with Nerve Sparing (TMH - Genitourinary / Gynaecology) (G6S44),Cancer Surgery,TIER I,NABH,GENERAL WARD,TMH390,40500.0
2008,Retroperitoneal Lymphadenectomy (TMH - Genitourinary / Gynaecology) (G6S45),Cancer Surgery,TIER I,NABH,GENERAL WARD,TMH391,40500.0
2009,Retroperitoneal Sarcoma + Visceral Excision (TMH - Genitourinary / Gynaecology) (G6S46),Cancer Surgery,TIER I,NABH,GENERAL WARD,TMH392,40500.0
2010,Retroperitoneal Tumor + Bowel Excision (TMH - Thoracic & Paediatric) (G5S25),Cancer Surgery,TIER I,NABH,GENERAL WARD,TMH322,31500.0
2011,Retroperitoneal Tumor + Excision of Ureter (TMH - Genitourinary / Gynaecology) (G6S47),Cancer Surgery,TIER I,NABH,GENERAL WARD,TMH393,40500.0
2012,Retroperitoneal Tumor Excision (TMH - Genitourinary / Gynaecology) (G6S48),Cancer Surgery,TIER I,NABH,GENERAL WARD,TMH394,40500.0
2013,Revision Knee Implant System - Articular Surface / Insert By,Orthopaedics,TIER,NABH,GENERAL,IMOR35,15870.0
2014,Revision Knee Implant System - Femoral Component By Whatsoever,Orthopaedics,TIER,NABH,GENERAL,IMOR33,62770.0
2015,Revision Knee Implant System - Patella Component By Whatsoever,Orthopaedics,TIER,NABH,GENERAL,IMOR36,4090.0
2016,Revision Knee Implant System - Tibial Component By Whatsoever,Orthopaedics,TIER,NABH,GENERAL,IMOR34,31220.0
2017,Revision of Shoulder/Knee Replacement (TMH - Bone & Soft Tissue) (G5S19),Cancer Surgery,TIER I,NABH,GENERAL WARD,TMH316,31500.0
2018,Rh Antibody Titre,Laboratory Investigation,TIER I,NABH,GENERAL WARD,LB046,300.0
2019,Rheumatoid Factor / Rh Factor Test,Laboratory Investigation,TIER I,NABH,GENERAL WARD,LB064,750.0
2020,Rhinoplasty- Non-cosmetic,ENT Procedure,TIER,NABH,GENERAL,EP020,33250.0
2021,Right Hemicolectomy,Abdomen/GI Surgery Procedure,TIER I,NABH,GENERAL WARD,AG067,33440.0
2022,Rigid Sigmoidoscopy (TMH - G.I. Surgery) (G1S11),Cancer Surgery,TIER I,NABH,GENERAL WARD,TMH011,4500.0
2023,Root end resection and Retro grade filling,Dental Procedure,TIER I,NABH,GENERAL WARD,DP038,3000.0
2024,Rota Virus serology,Laboratory Investigation,TIER I,NABH,GENERAL WARD,LB182,400.0
2025,Rotablation excluding the cost of Rotablator Burr/Advancer,Cardiology Procedure,TIER,NABH,GENERAL,CP003,58736.0
2026,Rotablator Burr,Cardiology,TIER I,NABH,GENERAL WARD,IMCP15,23920.0
2027,Rotablator with Advancer,Cardiology,TIER I,NABH,GENERAL WARD,IMCP14,49920.0
2028,Rotationplasty (TMH - Bone & Soft Tissue) (G5S21),Cancer Surgery,TIER I,NABH,GENERAL WARD,TMH318,31500.0
2029,Rotator cuff repair / RC repair,Orthopaedics Procedure,TIER I,NABH,GENERAL WARD,OR103,59850.0
2030,Routine - H & E,Laboratory Investigation,TIER I,NABH,GENERAL WARD,LB048,545.0
2031,Rupture Uterus Closure & Repair with Tubal Ligation,Obstetrics And,TIER,NABH,GENERAL,OG006,40850.0
2032,Ryles Tube Insertion,Critical Care,TIER I,NABH,GENERAL WARD,CC014,900.0
2033,S/C Fossa Gland Dissection (TMH - Breast) (G2S49),Cancer Surgery,TIER I,NABH,GENERAL WARD,TMH077,11250.0
2034,SCL 70 Antibody,Laboratory Investigation,TIER I,NABH,GENERAL WARD,LB324,1680.0
2035,SSA- Antibody Ro Serum Test,Laboratory Investigation,TIER I,NABH,GENERAL WARD,LB326,1450.0
2036,SSB- Antibody La Serum Test,Laboratory Investigation,TIER I,NABH,GENERAL WARD,LB327,1450.0
2037,STR Panel studies,Oncology Investigations,TIER I,NABH,GENERAL WARD,CA154,4450.0
2038,STS Excision (Paediatric) (TMH - Thoracic & Paediatric) (G3S92),Cancer Surgery,TIER I,NABH,GENERAL WARD,TMH169,18000.0
2039,Sacral Chordomas (TMH - Bone & Soft Tissue) (G4S52),Cancer Surgery,TIER I,NABH,GENERAL WARD,TMH251,22500.0
2040,Sacral Tumors (TMH - Bone & Soft Tissue) (G5S22),Cancer Surgery,TIER I,NABH,GENERAL WARD,TMH319,31500.0
2041,Sacral tumors excision (combined approach) (TMH - Bone & Soft Tissue) (G6S21),Cancer Surgery,TIER I,NABH,GENERAL WARD,TMH368,40500.0
2042,Sacro-Coccygeal Teratoma Excision,Paediatric Surgery Procedure,TIER I,NABH,GENERAL WARD,PS031,40850.0
2043,Samarium-153 therapy for metastatic bone pain palliation,Radio-Isotope Therapy,TIER,NABH,GENERAL,IT004,20050.0
2044,Scalene Node Biopsy,Biopsies,TIER I,NABH,GENERAL WARD,BY007,9200.0
2045,Scaling,Dental Procedure,TIER I,NABH,GENERAL WARD,DP002,1000.0
2046,Scalp tumor+skull bone excision (TMH - Head & Neck) (G3S15),Cancer Surgery,TIER I,NABH,GENERAL WARD,TMH092,18000.0
2047,Scapulectomy Partial/Total (TMH - Bone & Soft Tissue) (G3S64),Cancer Surgery,TIER I,NABH,GENERAL WARD,TMH141,18000.0
2048,Schirmer Test,Ophthalmology Investigation,TIER I,NABH,GENERAL WARD,OI032,300.0
2049,Scintimammography.,Nuclear Medicine Investigation,TIER I,NABH,GENERAL WARD,NM015,6000.0
2050,Scleral Fixated IOL,Ophthalmology,TIER I,NABH,GENERAL WARD,IMOP08,3500.0
2051,Scleral Fixation Tissue glue /fibrin glue per eye,Ophthalmology Procedure,TIER I,NABH,GENERAL WARD,OP132,8400.0
2052,Scleral graft for scleral melting or perforation per eye,Ophthalmology Procedure,TIER I,NABH,GENERAL WARD,OP115,12730.0
2053,Scleral grafting or conjunctival flap for corneal perforation per eye,Ophthalmology Procedure,TIER I,NABH,GENERAL WARD,OP011,8500.0
2054,Sclerotherapy Injection / Banding of Haemorrhoids (cost of drug/ sclerotherapy agent/band extra),General Surgery,TIER I,NABH,GENERAL WARD,GS001,700.0
2055,Sclerotherapy of oesophageal varices,Gastroenterology / Endoscopic Procedures,TIER I,NABH,GENERAL WARD,MG010,8500.0
2056,Scoliosis Surgery/ Deformity Correction of Spine,Orthopaedics Procedure,TIER I,NABH,GENERAL WARD,OR119,92150.0
2057,Scrotal Exploration,Nephrology And Urology Procedure,TIER I,NABH,GENERAL WARD,NU147,26125.0
2058,Scrotectomy (TMH - Genitourinary / Gynaecology) (G3S114),Cancer Surgery,TIER I,NABH,GENERAL WARD,TMH191,18000.0
2059,Scrub Typhus IgM,Laboratory Investigation,TIER I,NABH,GENERAL WARD,LB306,1600.0
2060,Second Look Laparoscopy (TMH - Genitourinary / Gynaecology) (G3S101),Cancer Surgery,TIER I,NABH,GENERAL WARD,TMH178,18000.0
2061,Second Look Laparotomy (TMH - Genitourinary / Gynaecology) (G3S102),Cancer Surgery,TIER I,NABH,GENERAL WARD,TMH179,18000.0
2062,Secondary IOL implantation- AC IOL PC IOL or scleral fixated IOL excluding the cost of IOL per eye,Ophthalmology Procedure,TIER I,NABH,GENERAL WARD,OP102,19000.0
2063,Secondary Surgery for Cleft Lip Deformity,Burns And Plastic Surgery Procedure,TIER I,NABH,GENERAL WARD,BP021,40850.0
2064,Secondary Surgery for Cleft Palate,Burns And Plastic Surgery Procedure,TIER I,NABH,GENERAL WARD,BP022,40850.0
2065,Secondary Suturing (Thoracic) (TMH - Thoracic & Paediatric) (G2S32),Cancer Surgery,TIER I,NABH,GENERAL WARD,TMH060,11250.0
2066,Secondary suture of wounds,General Surgery,TIER I,NABH,GENERAL WARD,GS004,4400.0
2067,Segmental / Hemi Mandibulectomy with graft,Dental Procedure,TIER I,NABH,GENERAL WARD,DP100,23750.0
2068,Segmental /Hemi Mandibulectomy without graft,Dental Procedure,TIER I,NABH,GENERAL WARD,DP101,19000.0
2069,Segmental Resection Lower Limb + Replacement (TMH - Bone & Soft Tissue) (G4S53),Cancer Surgery,TIER I,NABH,GENERAL WARD,TMH252,22500.0
2070,Selective Vagotomy & Drainage,Abdomen/GI Surgery Procedure,TIER I,NABH,GENERAL WARD,AG016,50350.0
2071,Semen Analysis (Automated/Manual),Laboratory Investigation,TIER I,NABH,GENERAL WARD,LB006,250.0
2072,Sengstaken Blakemore (SB) Tube Tamponade,Gastroenterology / Endoscopic Procedures,TIER I,NABH,GENERAL WARD,MG044,9200.0
2073,Senning/Arterial Switch Operation (ASO) with graft,Cardiovascular And Cardiac Surgery Procedure,TIER I,NABH,GENERAL WARD,CV008,171000.0
2074,Septal Perforation Repair,ENT Procedure,TIER I,NABH,GENERAL WARD,EP026,26125.0
2075,Septo-Rhinoplasty,ENT Procedure,TIER I,NABH,GENERAL WARD,EP019,40850.0
2076,Septoplasty,ENT Procedure,TIER I,NABH,GENERAL WARD,EP017,26125.0
2077,Septostomy- Blade,Cardiovascular And Cardiac Surgery Procedure,TIER I,NABH,GENERAL WARD,CV037,59850.0
2078,Sequestrectomy & Saucerisation,Orthopaedics Procedure,TIER I,NABH,GENERAL WARD,OR045,33250.0
2079,Sequestrectomy & Saucerizations -Arthrotomy,Orthopaedics Procedure,TIER I,NABH,GENERAL WARD,OR046,33250.0
2080,Serum AMA M2 (IFA Method),Laboratory Investigation,TIER I,NABH,GENERAL WARD,LB309,2000.0
2081,Serum Ammonia,Laboratory Investigation,TIER I,NABH,GENERAL WARD,LB096,670.0
2082,Serum Amylase,Laboratory Investigation,TIER I,NABH,GENERAL WARD,LB088,300.0
2083,Serum Bicarbonate,Laboratory Investigation,TIER I,NABH,GENERAL WARD,LB095,200.0
2084,Serum Bilirubin total & direct,Laboratory Investigation,TIER I,NABH,GENERAL WARD,LB067,150.0
2085,Serum Calcium - Ionic,Laboratory Investigation,TIER I,NABH,GENERAL WARD,LB078,600.0
2086,Serum Calcium -Total,Laboratory Investigation,TIER I,NABH,GENERAL WARD,LB077,150.0
2087,Serum Ceruloplasmin,Laboratory Investigation,TIER I,NABH,GENERAL WARD,LB196,650.0
2088,Serum Cholesterol,Laboratory Investigation,TIER I,NABH,GENERAL WARD,LB074,150.0
2089,Serum Chromogranin A,Laboratory Investigation,TIER I,NABH,GENERAL WARD,LB325,3800.0
2090,Serum Copper,Laboratory Investigation,TIER I,NABH,GENERAL WARD,LB195,650.0
2091,Serum Creatinine,Laboratory Investigation,TIER I,NABH,GENERAL WARD,LB058,100.0
2092,Serum Electrophoresis,Laboratory Investigation,TIER I,NABH,GENERAL WARD,LB137,700.0
2093,Serum Erythropoietin,Laboratory Investigation,TIER I,NABH,GENERAL WARD,LB158,1200.0
2094,Serum Ferritin,Laboratory Investigation,TIER I,NABH,GENERAL WARD,LB126,350.0
2095,Serum Gastrin,Laboratory Investigation,TIER I,NABH,GENERAL WARD,LB310,1200.0
2096,Serum Glutamic Oxaloacetic Transaminase (SGOT) /Aspartate Aminotransferase (AST),Laboratory Investigation,TIER I,NABH,GENERAL WARD,LB087,100.0
2097,Serum Glutamic Pyruvic Transaminase (SGPT) / Alanine Aminotransferase (ALT),Laboratory Investigation,TIER I,NABH,GENERAL WARD,LB086,100.0
2098,Serum Haptoglobin Levels,Laboratory Investigation,TIER I,NABH,GENERAL WARD,LB311,1000.0
2099,Serum IgE Level,Laboratory Investigation,TIER I,NABH,GENERAL WARD,LB242,380.0
2100,Serum Iron,Laboratory Investigation,TIER I,NABH,GENERAL WARD,LB068,250.0
2101,Serum Lactate,Laboratory Investigation,TIER I,NABH,GENERAL WARD,LB090,500.0
2102,Serum Lipase,Laboratory Investigation,TIER I,NABH,GENERAL WARD,LB089,400.0
2103,Serum Magnesium,Laboratory Investigation,TIER I,NABH,GENERAL WARD,LB091,300.0
2104,Serum Phosphorus,Laboratory Investigation,TIER I,NABH,GENERAL WARD,LB079,150.0
2105,Serum Potassium,Laboratory Investigation,TIER I,NABH,GENERAL WARD,LB093,120.0
2106,Serum Protein electrophoresis with immunofixation electrophoresis (IFE),Laboratory Investigation,TIER I,NABH,GENERAL WARD,LB155,700.0
2107,Serum Sodium,Laboratory Investigation,TIER I,NABH,GENERAL WARD,LB092,120.0
2108,Serum Testosterone,Laboratory Investigation,TIER I,NABH,GENERAL WARD,LB098,400.0
2109,Serum Uric Acid,Laboratory Investigation,TIER I,NABH,GENERAL WARD,LB066,150.0
2110,Serum aldosterone,Laboratory Investigation,TIER I,NABH,GENERAL WARD,LB221,1800.0
2111,Serum aldosterone/renin ratio,Laboratory Investigation,TIER I,NABH,GENERAL WARD,LB224,1500.0
2112,Serum phenobarbitone level,Laboratory Investigation,TIER I,NABH,GENERAL WARD,LB198,600.0
2113,Sex hormone binding globulin,Laboratory Investigation,TIER I,NABH,GENERAL WARD,LB238,1540.0
2114,Shirodkar-s sling Operation or other sling operations for prolapse uterus,Obstetrics And Gynaecology Procedure,TIER I,NABH,GENERAL WARD,OG035,19000.0
2115,Shirodkar/ McDonald stitch//Cervical Stitch(Cerclage),Obstetrics And Gynaecology Procedure,TIER I,NABH,GENERAL WARD,OG025,12730.0
2116,Shock Wave Therapy/Matrix Rhythm Therapy/Laser/PEMF -Pulse Electro Magnetic Therapy (per session),Physiotherapy,TIER I,NABH,GENERAL WARD,PT008,400.0
2117,Short Increment Sensitivity Index (SISI) Tone Decay,ENT Investigation,TIER I,NABH,GENERAL WARD,EI003,400.0
2118,Shoulder Disarticulation (TMH - Bone & Soft Tissue) (G3S65),Cancer Surgery,TIER I,NABH,GENERAL WARD,TMH142,18000.0
2119,Shoulder spica,Orthopaedics Procedure,TIER I,NABH,GENERAL WARD,OR017,8500.0
2120,Shoulder/Elbow Arthrodesis (TMH - Bone & Soft Tissue) (G4S60),Cancer Surgery,TIER I,NABH,GENERAL WARD,TMH259,22500.0
2121,Sialolithotomy/Sialodocotomy/ Closure of Salivary Fistula,Dental Procedure,TIER I,NABH,GENERAL WARD,DP081,2000.0
2122,Silastic Replacement (TMH - Bone & Soft Tissue) (G4S54),Cancer Surgery,TIER I,NABH,GENERAL WARD,TMH253,22500.0
2123,Silastic Replacement of Hand (TMH - Bone & Soft Tissue) (G4S55),Cancer Surgery,TIER I,NABH,GENERAL WARD,TMH254,22500.0
2124,Silicone Oil injection (per eye),Ophthalmology Procedure,TIER I,NABH,GENERAL WARD,OP122,5000.0
2125,Silicone oil removal per eye,Ophthalmology Procedure,TIER I,NABH,GENERAL WARD,OP066,9200.0
2126,Simple Closure of Perforated peptic Ulcer,Abdomen/GI Surgery Procedure,TIER I,NABH,GENERAL WARD,AG009,33250.0
2127,Simple Cystectomy,Nephrology And Urology Procedure,TIER I,NABH,GENERAL WARD,NU044,40850.0
2128,Simple limbal stem cell transplant SLET per eye,Ophthalmology Procedure,TIER I,NABH,GENERAL WARD,OP140,20000.0
2129,Simple/Radical/Modified Radical Mastectomy (TMH - Breast) (G4S97),Cancer Surgery,TIER I,NABH,GENERAL WARD,TMH296,22500.0
2130,Single Antigen Class I,Oncology Investigations,TIER I,NABH,GENERAL WARD,CA151,13000.0
2131,Single Antigen Class II,Oncology Investigations,TIER I,NABH,GENERAL WARD,CA152,13000.0
2132,Single Chamber Cardiac Pacemaker with rate response,Cardiology,TIER I,NABH,GENERAL WARD,IMCP08,44928.0
2133,Single Chamber Cardiac Pacemaker without rate response,Cardiology,TIER I,NABH,GENERAL WARD,IMCP07,34840.0
2134,Single Hip spica Orthopaedics Procedure,,TIER I,NABH,GENERAL WARD,OR018,7000.0
2135,Single balloon enteroscopy,Gastroenterology / Endoscopic Procedures,TIER I,NABH,GENERAL WARD,MG016,13400.0
2136,Single drug Chemotherapy,Chemotherapy,TIER I,NABH,GENERAL WARD,CT001,1700.0
2137,Single lumen Jugular Catheterization,Nephrology And Urology Procedure,TIER I,NABH,GENERAL WARD,NU115,5000.0
2138,Single lumen Subclavian Catheterization,Nephrology And Urology Procedure,TIER I,NABH,GENERAL WARD,NU116,5000.0
2139,Sinogram,Cardiology,TIER,NABH,GENERAL,CI013,2000.0
2140,Skeletal Reconstruction (Extremity) (TMH - Plastic & Reconstructive) (G4S93),Cancer Surgery,TIER I,NABH,GENERAL WARD,TMH292,22500.0
2141,Skeletal Reconstruction (Head & Neck) (TMH - Head & Neck) (G6S6),Cancer Surgery,TIER I,NABH,GENERAL WARD,TMH353,40500.0
2142,Skin Biopsy,Biopsies,TIER I,NABH,GENERAL WARD,BY001,1250.0
2143,Skin Flaps - Abdominal,Burns And Plastic Surgery Procedure,TIER I,NABH,GENERAL WARD,BP011,33250.0
2144,Skin Flaps - Advancement Flaps,Burns And Plastic Surgery Procedure,TIER I,NABH,GENERAL WARD,BP008,33250.0
2145,Skin Flaps - Arm Etc.,Burns And Plastic Surgery Procedure,TIER I,NABH,GENERAL WARD,BP013,26125.0
2146,Skin Flaps - Cross Finger,Burns And Plastic Surgery Procedure,TIER I,NABH,GENERAL WARD,BP010,33250.0
2147,Skin Flaps - Direct- cross Leg Flaps- Cross Arm Flap,Burns And Plastic Surgery Procedure,TIER I,NABH,GENERAL WARD,BP009,40850.0
2148,Skin Flaps - Rotation Flaps,Burns And Plastic Surgery Procedure,TIER I,NABH,GENERAL WARD,BP007,26125.0
2149,Skin Flaps - Thoracic,Burns And Plastic Surgery Procedure,TIER I,NABH,GENERAL WARD,BP012,26125.0
2150,Skin Prick Test for Allergy,Laboratory Investigation,TIER I,NABH,GENERAL WARD,LB312,1800.0
2151,Skull Base Surgery,ENT Procedure,TIER I,NABH,GENERAL WARD,EP015,50350.0
2152,Skull Traction Application,Neuro-Surgery Procedure,TIER I,NABH,GENERAL WARD,NS014,9200.0
2153,Slide / Images for Second Opinion- Cancer Cytogenetics,Oncology Investigations,TIER I,NABH,GENERAL WARD,CA153,920.0
2154,Slow continuous Ultrafiltration,Nephrology And Urology Procedure,TIER I,NABH,GENERAL WARD,NU127,8500.0
2155,Small Bowel By-Pass (Multiple)/(Single) (TMH - G.I. Surgery) (G3S48),Cancer Surgery,TIER I,NABH,GENERAL WARD,TMH125,18000.0
2156,Small Bowel Manometry,Gastroenterology /,TIER,NABH,GENERAL,GI010,10000.0
2157,Small Bowel Resection Anastomosis (TMH - G.I. Surgery) (G3S49),Cancer Surgery,TIER I,NABH,GENERAL WARD,TMH126,18000.0
2158,Small Incision Cataract Surgery (SICS) with IOL excluding the cost of IOL per eye,Ophthalmology Procedure,TIER I,NABH,GENERAL WARD,OP099,12730.0
2159,Small bowel enteroclysis,Radiological Investigation,TIER I,NABH,GENERAL WARD,RI049,2000.0
2160,Smear for Malaria/Filaria Parasite,Laboratory Investigation,TIER I,NABH,GENERAL WARD,LB018,100.0
2161,Soft Tissue Operation on Joints -Large,Orthopaedics Procedure,TIER I,NABH,GENERAL WARD,OR083,40850.0
2162,Soft Tissue Operation on Joints -Small,Orthopaedics Procedure,TIER I,NABH,GENERAL WARD,OR082,26125.0
2163,Soft Tissue Operations for Congenital Talipes Equinovarus (CTEV),Orthopaedics Procedure,TIER I,NABH,GENERAL WARD,OR066,33250.0
2164,Soft Tissue Operations for Polio/ Cerebral Palsy,Orthopaedics Procedure,TIER I,NABH,GENERAL WARD,OR126,33250.0
2165,Soft Tissue Wide Excision (TMH - Bone & Soft Tissue) (G3S66),Cancer Surgery,TIER I,NABH,GENERAL WARD,TMH143,18000.0
2166,Soft Tissue Wide Excision + Implant (TMH - Bone & Soft Tissue) (G3S67),Cancer Surgery,TIER I,NABH,GENERAL WARD,TMH144,18000.0
2167,Soft Tissue Wide Excision + Reconstruction (TMH - Bone & Soft Tissue) (G4S56),Cancer Surgery,TIER I,NABH,GENERAL WARD,TMH255,22500.0
2168,Somatosensory evoked potentials (SSEP),Neurology Investigation,TIER I,NABH,GENERAL WARD,NI006,1500.0
2169,Space Maintainers - Fixed,Dental Procedure,TIER I,NABH,GENERAL WARD,DP072,4000.0
2170,Spasticity Surgery,Neuro-Surgery Procedure,TIER I,NABH,GENERAL WARD,NS035,50350.0
2171,Special Stain,Laboratory Investigation,TIER I,NABH,GENERAL WARD,LB049,200.0
2172,Special education per session of at least 40 minutes,Behavioural therapy,TIER I,NABH,GENERAL WARD,BT004,400.0
2173,Speech Assessment,ENT Investigation,TIER I,NABH,GENERAL WARD,EI004,400.0
2174,Speech Discrimination Score,ENT Investigation,TIER I,NABH,GENERAL WARD,EI005,400.0
2175,Speech Therapy per session of at least 40 minutes,Behavioural Therapy,TIER I,NABH,GENERAL WARD,BT001,400.0
2176,Spinal Bifida Surgery Major,Neuro-Surgery Procedure,TIER I,NABH,GENERAL WARD,NS037,59850.0
2177,Spinal Bifida Surgery Minor,Neuro-Surgery Procedure,TIER I,NABH,GENERAL WARD,NS038,50350.0
2178,Spinal Cord Stimulator,Neuro-Surgery,TIER I,NABH,GENERAL WARD,IMNS18,1390243.0
2179,Spinal Decompression (TMH - Bone & Soft Tissue) (G4S66),Cancer Surgery,TIER I,NABH,GENERAL WARD,TMH265,22500.0
2180,Spinal Decompression + Reconstruction/Instrumentation (TMH - Bone & Soft Tissue) (G5S18),Cancer Surgery,TIER I,NABH,GENERAL WARD,TMH315,31500.0
2181,Spinal Fixation Cervical/dorsolumbar/ lumbosacral,Orthopaedics Procedure,TIER I,NABH,GENERAL WARD,OR116,144400.0
2182,Spinal Fusion Procedure,Neuro-Surgery Procedure,TIER I,NABH,GENERAL WARD,NS036,72200.0
2183,Spinal Fusion Surgery Cervical/ Lumbar Spine -More than 2 Level,Orthopaedics Procedure,TIER I,NABH,GENERAL WARD,OR118,77900.0
2184,Spinal Injections,Orthopaedics Procedure,TIER I,NABH,GENERAL WARD,OR121,4750.0
2185,Spinal Osteotomy,Orthopaedics Procedure,TIER I,NABH,GENERAL WARD,OR124,50350.0
2186,Splenectomy (TMH - G.I. Surgery) (G3S50),Cancer Surgery,TIER I,NABH,GENERAL WARD,TMH127,18000.0
2187,Splenectomy - For Hypersplenism,Abdomen/GI Surgery Procedure,TIER I,NABH,GENERAL WARD,AG029,59850.0
2188,Splenectomy - For Trauma,Abdomen/GI Surgery Procedure,TIER I,NABH,GENERAL WARD,AG028,50350.0
2189,Splenorenal Anastomosis,Abdomen/GI Surgery Procedure,TIER I,NABH,GENERAL WARD,AG030,50350.0
2190,Splinting - Periodontally weak teeth,Dental Procedure,TIER I,NABH,GENERAL WARD,DP057,1800.0
2191,Split Osteotomy and Internal Fixations,Orthopaedics Procedure,TIER I,NABH,GENERAL WARD,OR059,50350.0
2192,Squint correction for both eyes,Ophthalmology Procedure,TIER I,NABH,GENERAL WARD,OP069,20000.0
2193,Squint correction for one eye,Ophthalmology Procedure,TIER I,NABH,GENERAL WARD,OP068,13400.0
2194,Stainless Steel Bare Coronary Metal Stents,Cardiology,TIER I,NABH,GENERAL WARD,IMCP03,10000.0
2195,Stainless Steel Bare metal - Non Coronary Vascular Stents,Cardiology,TIER I,NABH,GENERAL WARD,IMCP04,20000.0
2196,Stapedectomy,ENT Procedure,TIER I,NABH,GENERAL WARD,EP008,26125.0
2197,Stapler haemorrhoidectomy excluding the cost of Stapler,General Surgery,TIER I,NABH,GENERAL WARD,GS019,33250.0
2198,Stent Used in Ventriculoatrial /Ventriculoperitoneal Shunt,Neuro-Surgery,TIER I,NABH,GENERAL WARD,IMNS02U100,0.0
2199,Stereotactic Radiosurgery for brain pathology (X knife / Gamma knife - Two or more sessions),Neuro-Surgery Procedure,TIER I,NABH,GENERAL WARD,NS082,72200.0
2200,Stereotactic Radiosurgery for brain pathology (X knife/Gamma) - ONE session,Neuro-Surgery Procedure,TIER I,NABH,GENERAL WARD,NS081,50350.0
2201,Stereotactic aspiration of intracerebral haematoma,Neuro-Surgery Procedure,TIER I,NABH,GENERAL WARD,NS079,72200.0
2202,Stereotaxic Procedures- biopsy/aspiration of cyst,Neuro-Surgery Procedure,TIER I,NABH,GENERAL WARD,NS039,40850.0
2203,Sterilization (minilap)-post partum/post abortion,Obstetrics And Gynaecology Procedure,TIER I,NABH,GENERAL WARD,OG078,8740.0
2204,Sternal puncture,General Procedure,TIER I,NABH,GENERAL WARD,GP008,2000.0
2205,Stool Routine and Microscopy,Laboratory Investigation,TIER I,NABH,GENERAL WARD,LB003,80.0
2206,Stool for Clostridium difficile Toxin,Laboratory Investigation,TIER I,NABH,GENERAL WARD,LB328,2840.0
2207,Stool for Occult Blood,Laboratory Investigation,TIER I,NABH,GENERAL WARD,LB004,100.0
2208,Strapping of Ankle,Orthopaedics Procedure,TIER I,NABH,GENERAL WARD,OR025,800.0
2209,Strapping of Chest,Orthopaedics Procedure,TIER I,NABH,GENERAL WARD,OR026,1500.0
2210,Strapping of Elbow,Orthopaedics Procedure,TIER I,NABH,GENERAL WARD,OR023,1500.0
2211,Strapping of Finger,Orthopaedics Procedure,TIER I,NABH,GENERAL WARD,OR020,500.0
2212,Strapping of Knee,Orthopaedics Procedure,TIER I,NABH,GENERAL WARD,OR024,1000.0
2213,Strapping of Shoulder,Orthopaedics Procedure,TIER I,NABH,GENERAL WARD,OR027,1500.0
2214,Strapping of Toes,Orthopaedics Procedure,TIER I,NABH,GENERAL WARD,OR021,600.0
2215,Strapping of Wrist,Orthopaedics Procedure,TIER I,NABH,GENERAL WARD,OR022,750.0
2216,Stress Cardiac MRI,Radiological Investigation,TIER I,NABH,GENERAL WARD,RI012,9200.0
2217,Stress Echo- exercise,Radiological Investigation,TIER I,NABH,GENERAL WARD,RI005,2400.0
2218,Stress Echo- pharmacological / D Stress Echo,Radiological Investigation,TIER I,NABH,GENERAL WARD,RI006,3000.0
2219,Stress Myocardial Perfusion Imaging (MPI) - pharmacological,Radiological Investigation,TIER I,NABH,GENERAL WARD,RI008,9200.0
2220,Stress Myocardial Perfusion Imaging (MPI)- exercise,Radiological Investigation,TIER I,NABH,GENERAL WARD,RI007,9200.0
2221,Stress Thallium / Myocardial Perfusion Scintigraphy,Cardiology Investigation,TIER I,NABH,GENERAL WARD,CI009,13400.0
2222,Styloidectomy,ENT Procedure,TIER I,NABH,GENERAL WARD,EP052,19000.0
2223,Sub Mandibular Duct Lithotomy,ENT Procedure,TIER,NABH,GENERAL,EP048,6800.0
2224,Sub-Total mandibulectomy with graft,Dental Procedure,TIER,NABH,GENERAL,DP102,33250.0
2225,Sub-Total mandibulectomy without graft,Dental Procedure,TIER I,NABH,GENERAL WARD,DP103,28500.0
2226,Subclavian Catheterization for Haemodialysis,Nephrology And Urology Procedure,TIER I,NABH,GENERAL WARD,NU109,6000.0
2227,Subconjunctival/sub-tenon-s injections in both eyes,Ophthalmology Procedure,TIER I,NABH,GENERAL WARD,OP002,800.0
2228,Subconjunctival/sub-tenon-s injections in one eye,Ophthalmology Procedure,TIER I,NABH,GENERAL WARD,OP001,500.0
2229,Subcutaneous Pedicle Flaps Delay,Burns And Plastic Surgery Procedure,TIER I,NABH,GENERAL WARD,BP015,26125.0
2230,Subcutaneous Pedicle Flaps Raising,Burns And Plastic Surgery Procedure,TIER I,NABH,GENERAL WARD,BP014,26125.0
2231,Subcutaneous Pedicle Flaps Transfer,Burns And Plastic Surgery Procedure,TIER I,NABH,GENERAL WARD,BP016,26125.0
2232,Subdural Tapping,Neuro-Surgery Procedure,TIER I,NABH,GENERAL WARD,NS010,12730.0
2233,Submandibular gland excision (TMH - Head & Neck) (G2S10),Cancer Surgery,TIER I,NABH,GENERAL WARD,TMH038,11250.0
2234,Submucous Resection,ENT Procedure,TIER I,NABH,GENERAL WARD,EP018,12730.0
2235,Subtotal Thyroidectomy,ENT Procedure,TIER I,NABH,GENERAL WARD,EP080,40850.0
2236,Suction Evacuation Vesicular Mole,Obstetrics And Gynaecology Procedure,TIER I,NABH,GENERAL WARD,OG022,26125.0
2237,Suprapubic Drainage (Cystostomy/vesicostomy),Nephrology And Urology Procedure,TIER I,NABH,GENERAL WARD,NU043,19000.0
2238,Surface Marker Complete Panel,Oncology Investigations,TIER I,NABH,GENERAL WARD,CA155,12165.0
2239,Surface Marker Individual,Oncology Investigations,TIER I,NABH,GENERAL WARD,CA156,1900.0
2240,Surgery for Scalp Arteriovenous Malformations (AVMs),Neuro-Surgery Procedure,TIER I,NABH,GENERAL WARD,NS085,59850.0
2241,Surgery for Skull Fractures,Neuro-Surgery Procedure,TIER I,NABH,GENERAL WARD,NS070,72200.0
2242,Surgery for intracranial Arteriovenous malformations (AVM),Neuro-Surgery Procedure,TIER I,NABH,GENERAL WARD,NS073,92150.0
2243,Surgery for recurrent disc prolapse/epidural fibrosis,Neuro-Surgery Procedure,TIER I,NABH,GENERAL WARD,NS076,59850.0
2244,Surgical - Apicectomy/ Periapical surgery without bone grafting,Dental Procedure,TIER I,NABH,GENERAL WARD,DP039,700.0
2245,Surgical Augmentation/Alveolectomy per Arch,Dental Procedure,TIER I,NABH,GENERAL WARD,DP021,3500.0
2246,Surgical management of PPH (Uterine compression stitches/stepwise devascularisation)/peripartum hysterectomy,Obstetrics And Gynaecology Procedure,TIER I,NABH,GENERAL WARD,OG072,19000.0
2247,Surgical posterior capsulotomy one eye,Ophthalmology Procedure,TIER I,NABH,GENERAL WARD,OP074,10000.0
2248,Sustained low efficiency haemodialysis /haemodialysis,Nephrology And Urology Procedure,TIER I,NABH,GENERAL WARD,NU120,9200.0
2249,Suturing of lid lacerations- Both Eyes,Ophthalmology Procedure,TIER I,NABH,GENERAL WARD,OP045,5000.0
2250,Suturing of small wounds,General Surgery,TIER I,NABH,GENERAL WARD,GS003,1375.0
2251,Syndactyly Repair Burns And Plastic Surgery Procedure,,TIER I,NABH,GENERAL WARD,BP031,33250.0
2252,Syringing (Ear),ENT Procedure,TIER I,NABH,GENERAL WARD,EP003,500.0
2253,T-cell Acute Lymphoblastic Leukemia (T-ALL) Panel,Oncology Investigations,TIER I,NABH,GENERAL WARD,CA158,15170.0
2254,"T3, T4, TSH -Thyroid Function Test (TFT)",Laboratory Investigation,TIER I,NABH,GENERAL WARD,LB160,450.0
2255,TAH (Total Abdominal Hysterectomy) (TMH - Genitourinary / Gynaecology) (G3S103),Cancer Surgery,TIER I,NABH,GENERAL WARD,TMH180,18000.0
2256,TAH + BSO + Node Sampling (TMH - Genitourinary / Gynaecology) (G3S105),Cancer Surgery,TIER I,NABH,GENERAL WARD,TMH182,18000.0
2257,TAH + BSO + Omento + Node Dissection (TMH - Genitourinary / Gynaecology) (G6S49),Cancer Surgery,TIER I,NABH,GENERAL WARD,TMH395,40500.0
2258,TAH + BSO + Pelvic Lymphadenectomy + Para-aortic Lymphadenectomy (TMH - Genitourinary / Gynaecology) (G6S50),Cancer Surgery,TIER I,NABH,GENERAL WARD,TMH396,40500.0
2259,TAH+ BSO + Omentectomy (TMH - Genitourinary / Gynaecology) (G4S85),Cancer Surgery,TIER I,NABH,GENERAL WARD,TMH284,22500.0
2260,TAH+ Bilateral Salpingo-Oopherectomy (TMH - Genitourinary / Gynaecology) (G3S104),Cancer Surgery,TIER I,NABH,GENERAL WARD,TMH181,18000.0
2261,TAVI / TAVR Implant (cost of implant only),Cardiology,TIER,NABH,GENERAL,CP022,1284000.0
2262,TCR-A rearrangement: 14q11,Oncology Investigations,TIER I,NABH,GENERAL WARD,CA159,4690.0
2263,TERT Promoter Mutation Assay,Oncology Investigations,TIER I,NABH,GENERAL WARD,CA160,5805.0
2264,TFE-3 FISH,Oncology Investigations,TIER I,NABH,GENERAL WARD,CA161,12080.0
2265,TORCH Test,Laboratory Investigation,TIER I,NABH,GENERAL WARD,LB249,1288.0
2266,TPHA,Laboratory Investigation,TIER I,NABH,GENERAL WARD,LB329,400.0
2267,TPMT (Thiopurine Methyl Transferase) Genotyping,Oncology Investigations,TIER I,NABH,GENERAL WARD,CA162,5100.0
2268,TSH Receptor Antibody,Laboratory Investigation,TIER I,NABH,GENERAL WARD,LB315,1200.0
2269,TTT- Transpupillary thermal therapy per eye,Ophthalmology Procedure,TIER I,NABH,GENERAL WARD,OP084,8500.0
2270,Tacrolimus Level,Laboratory Investigation,TIER I,NABH,GENERAL WARD,LB245,2645.0
2271,Talar/Calcaneal Resection (TMH - Bone & Soft Tissue) (G3S71),Cancer Surgery,TIER I,NABH,GENERAL WARD,TMH148,18000.0
2272,Tarsorrhaphy- Both Eyes,Ophthalmology Procedure,TIER I,NABH,GENERAL WARD,OP044,3000.0
2273,Telecanthus correction- Both Eyes,Ophthalmology Procedure,TIER I,NABH,GENERAL WARD,OP057,12730.0
2274,Temporal Bone Resection (TMH - Head & Neck) (G5S5),Cancer Surgery,TIER I,NABH,GENERAL WARD,TMH302,31500.0
2275,Temporal Bone Subtotal Resection,Head and Neck Surgery,TIER I,NABH,GENERAL WARD,HN001,40850.0
2276,Temporary Pacemaker Implantation (TPI) (Temporary Cardiac Pacing),Cardiology Procedure,TIER,NABH,GENERAL,CP005,20064.0
2277,Temporary restoration,Dental Procedure,TIER I,NABH,GENERAL WARD,DP026,150.0
2278,Temporomandibular(TM) joint ankylosis- under GA/Open /Closed Reduction,Dental Procedure,TIER I,NABH,GENERAL WARD,DP099,19000.0
2279,Tendon Lengthening/Tendon repair,Orthopaedics Procedure,TIER I,NABH,GENERAL WARD,OR057,26125.0
2280,Tendon Transfer,Orthopaedics Procedure,TIER I,NABH,GENERAL WARD,OR058,33250.0
2281,Tendon with Transplant or Graft,Orthopaedics Procedure,TIER I,NABH,GENERAL WARD,OR056,40850.0
2282,Tension Band Wirings,Orthopaedics Procedure,TIER I,NABH,GENERAL WARD,OR042,26125.0
2283,Terminal Colostomy,Abdomen/GI Surgery Procedure,TIER I,NABH,GENERAL WARD,AG065,31350.0
2284,Testicular Biopsy,Nephrology And Urology - Biopsy,TIER I,NABH,GENERAL WARD,NU002,13400.0
2285,Testicular Biopsy (TMH - Genitourinary / Gynaecology) (G1S27),Cancer Surgery,TIER I,NABH,GENERAL WARD,TMH027,4500.0
2286,Testicular Scan with Technetium 99m Pertechnetate,Nuclear Medicine Investigation,TIER I,NABH,GENERAL WARD,NM009,1700.0
2287,"Tests for Antiphospholipid Antibody IgG, IgM (for Cardiolipin and B2 Glycoprotein 1)",Laboratory Investigation,TIER I,NABH,GENERAL WARD,LB033,1000.0
2288,"Tests for Hypercoagulable States- Protein C, Protein S, Antithrombin",Laboratory Investigation,TIER I,NABH,GENERAL WARD,LB031,3380.0
2289,Tests for Lupus Anticoagulant,Laboratory Investigation,TIER I,NABH,GENERAL WARD,LB032,1300.0
2290,Tests for Sickling / Hb HPLC),Laboratory Investigation,TIER I,NABH,GENERAL WARD,LB035,1000.0
2291,Tetralogy of Fallot (TOF)/TAPVC/TCPC/REV/RSOV repair,Cardiovascular And Cardiac Surgery Procedure,TIER I,NABH,GENERAL WARD,CV006,171000.0
2292,Thalassemia Studies (Red Cell Indices and Hb HPLC),Laboratory Investigation,TIER I,NABH,GENERAL WARD,LB034,1000.0
2293,Thermal balloon ablation.,Obstetrics And Gynaecology Procedure,TIER I,NABH,GENERAL WARD,OG058,33250.0
2294,Thoraco Abdominal Aneurysm Repair,Cardiovascular And Cardiac Surgery Procedure,TIER I,NABH,GENERAL WARD,CV030,224200.0
2295,Thoracoscopic Excision (TMH - Thoracic & Paediatric) (G4S79),Cancer Surgery,TIER I,NABH,GENERAL WARD,TMH278,22500.0
2296,Thoracoscopic Lobectomy/ Pneumonectomy (TMH - Thoracic & Paediatric) (G6S23),Cancer Surgery,TIER I,NABH,GENERAL WARD,TMH370,40500.0
2297,Thoracoscopic Pleurectomy (TMH - Thoracic & Paediatric) (G4S76),Cancer Surgery,TIER I,NABH,GENERAL WARD,TMH275,22500.0
2298,Thoracoscopy-Diagnostic (TMH - Thoracic & Paediatric) (G2S34),Cancer Surgery,TIER I,NABH,GENERAL WARD,TMH062,11250.0
2299,Thoracoscopy-Therapeutic (TMH - Thoracic & Paediatric) (G3S93),Cancer Surgery,TIER I,NABH,GENERAL WARD,TMH170,18000.0
2300,Thoracotomy-Inoperable (TMH - Thoracic & Paediatric) (G2S35),Cancer Surgery,TIER I,NABH,GENERAL WARD,TMH063,11250.0
2301,Thorax (Trucut Biopsy) (TMH - Thoracic & Paediatric) (G1S20),Cancer Surgery,TIER I,NABH,GENERAL WARD,TMH020,4500.0
2302,Thorax Re-Exploration (TMH - Thoracic & Paediatric) (G3S94),Cancer Surgery,TIER I,NABH,GENERAL WARD,TMH171,18000.0
2303,Three phase whole body Bone Scan,Nuclear Medicine Investigation,TIER I,NABH,GENERAL WARD,NM002,6000.0
2304,Thymectomy with Vascular Surgery/Lung (TMH - Thoracic & Paediatric) (G6S24),Cancer Surgery,TIER I,NABH,GENERAL WARD,TMH371,40500.0
2305,Thyroglobulin antibody,Laboratory Investigation,TIER I,NABH,GENERAL WARD,LB240,700.0
2306,Thyroglobulin.,Laboratory Investigation,TIER I,NABH,GENERAL WARD,LB175,700.0
2307,Thyroid Scan with Technetium 99m Pertechnetate,Nuclear Medicine Investigation,TIER I,NABH,GENERAL WARD,NM011,1900.0
2308,Thyroid Uptake measurements with 131-Iodine.,Nuclear Medicine Investigation,TIER I,NABH,GENERAL WARD,NM010,2500.0
2309,Thyroid binding globulin,Laboratory Investigation,TIER I,NABH,GENERAL WARD,LB231,1100.0
2310,Thyroid peroxidase antibody (TPO),Laboratory Investigation,TIER I,NABH,GENERAL WARD,LB174,700.0
2311,Thyroid stimulating hormone (TSH),Laboratory Investigation,TIER I,NABH,GENERAL WARD,LB161,200.0
2312,Thyroid-Hemi/Subtotal/Total Thyroidectomy (TMH - Head & Neck) (G3S16),Cancer Surgery,TIER I,NABH,GENERAL WARD,TMH093,18000.0
2313,Thyroidectomy (Hemi/Subtotal/Total) with neck dissection (TMH - Head & Neck) (G4S9),Cancer Surgery,TIER I,NABH,GENERAL WARD,TMH208,22500.0
2314,Thyroidectomy with Tracheal Resection (TMH - Thoracic & Paediatric) (G6S25),Cancer Surgery,TIER I,NABH,GENERAL WARD,TMH372,40500.0
2315,Tikhoff Linberg (TMH - Bone & Soft Tissue) (G4S57),Cancer Surgery,TIER I,NABH,GENERAL WARD,TMH256,22500.0
2316,Tilt Training/Neuro-Rehab Basic (per session),Physiotherapy,TIER I,NABH,GENERAL WARD,PT011,300.0
2317,"Tissue Conditioning, Maxillary/Mandibular",Dental Procedure,TIER I,NABH,GENERAL WARD,DP040,300.0
2318,Toe Nail Removal,General Surgery,TIER I,NABH,GENERAL WARD,GS008,1000.0
2319,Tongue Tie excision,ENT Procedure,TIER I,NABH,GENERAL WARD,EP047,8500.0
2320,Tongue composite resection/Commando (TMH - Head & Neck) (G4S11),Cancer Surgery,TIER I,NABH,GENERAL WARD,TMH210,22500.0
2321,Tongue wide excision per oral (TMH - Head & Neck) (G2S11),Cancer Surgery,TIER I,NABH,GENERAL WARD,TMH039,11250.0
2322,Tongue wide excision per oral with neck dissection (TMH - Head & Neck) (G3S17),Cancer Surgery,TIER I,NABH,GENERAL WARD,TMH094,18000.0
2323,Tongue/Floor of the Mouth - Pull through neck (TMH - Head & Neck) (G4S10),Cancer Surgery,TIER I,NABH,GENERAL WARD,TMH209,22500.0
2324,Tonsillectomy,ENT Procedure,TIER I,NABH,GENERAL WARD,EP033,26125.0
2325,Tonsillectomy (TMH - Head & Neck) (G2S12),Cancer Surgery,TIER I,NABH,GENERAL WARD,TMH040,11250.0
2326,Tooth Splinting -General,Dental Procedure,TIER I,NABH,GENERAL WARD,DP056,1500.0
2327,Tooth Supported Overdenture Per Arch,Dental Procedure,TIER I,NABH,GENERAL WARD,DP068,7500.0
2328,Torsion Testis Operation,Paediatric Surgery Procedure,TIER I,NABH,GENERAL WARD,PS012,33250.0
2329,Total Amputation & Excision of External Auditory Meatus,ENT Procedure,TIER I,NABH,GENERAL WARD,EP061,19000.0
2330,Total Amputation of Pinna,ENT Procedure,TIER I,NABH,GENERAL WARD,EP060,19000.0
2331,Total Ankle Joint Replacement (TAR) - Unilateral,Orthopaedics Procedure,TIER I,NABH,GENERAL WARD,OR088,122550.0
2332,Total Colectomy,Abdomen/GI Surgery Procedure,TIER I,NABH,GENERAL WARD,AG069,41800.0
2333,Total Elbow Joint Replacement - Unilateral,Orthopaedics Procedure,TIER I,NABH,GENERAL WARD,OR091,104500.0
2334,Total Esophagectomy (Trans Thoracic) (TMH - G.I. Surgery) (G6S17),Cancer Surgery,TIER I,NABH,GENERAL WARD,TMH364,40500.0
2335,Total Esophagectomy (Transhiatal) (TMH - Thoracic & Paediatric) (G5S29),Cancer Surgery,TIER I,NABH,GENERAL WARD,TMH326,31500.0
2336,Total Finger Joint Replacement,Orthopaedics Procedure,TIER I,NABH,GENERAL WARD,OR093,59850.0
2337,Total Hip Replacement (THR),Orthopaedics Procedure,TIER I,NABH,GENERAL WARD,OR087,122550.0
2338,Total Hip Replacement (THR) Revision Stage-I,Orthopaedics Procedure,TIER I,NABH,GENERAL WARD,OR110,92150.0
2339,Total Hip Replacement (THR) Revision Stage-II,Orthopaedics Procedure,TIER I,NABH,GENERAL WARD,OR111,122550.0
2340,Total Iron Binding Capacity (TIBC),Laboratory Investigation,TIER I,NABH,GENERAL WARD,LB075,300.0
2341,Total Knee Joint Replacement (TKR) - Unilateral,Orthopaedics Procedure,TIER I,NABH,GENERAL WARD,OR089,144400.0
2342,Total Knee Replacement (TKR) Revision Stage-I,Orthopaedics Procedure,TIER I,NABH,GENERAL WARD,OR112,92150.0
2343,Total Knee Replacement (TKR) Revision Stage-II,Orthopaedics Procedure,TIER I,NABH,GENERAL WARD,OR113,122550.0
2344,Total Leucocytic Count (TLC),Laboratory Investigation,TIER I,NABH,GENERAL WARD,LB008,50.0
2345,Total Protein Albumin/Globulin Ratio (A/G Ratio),Laboratory Investigation,TIER I,NABH,GENERAL WARD,LB080,70.0
2346,"Total Red Cell count with MCV,MCH,MCHC,DRW",Laboratory Investigation,TIER I,NABH,GENERAL WARD,LB011,50.0
2347,Total Shoulder Joint Replacement - Unilateral,Orthopaedics Procedure,TIER I,NABH,GENERAL WARD,OR090,122550.0
2348,Total Thyroidectomy,ENT Procedure,TIER I,NABH,GENERAL WARD,EP081,50350.0
2349,Total Wrist Joint Replacement - Unilateral,Orthopaedics Procedure,TIER I,NABH,GENERAL WARD,OR092,122550.0
2350,Total amputation of the Penis,Nephrology And Urology Procedure,TIER I,NABH,GENERAL WARD,NU084,40850.0
2351,Trabeculectomy per eye,Ophthalmology Procedure,TIER I,NABH,GENERAL WARD,OP070,19000.0
2352,Trabeculectomy with Trabeculotomy- Both Eyes,Ophthalmology Procedure,TIER I,NABH,GENERAL WARD,OP072,33250.0
2353,Trabeculotomy /kahook dual blade goniotomy excluding blade cost per eye,Ophthalmology Procedure,TIER I,NABH,GENERAL WARD,OP071,19000.0
2354,Tracheal Resection (TMH - G.I. Surgery) (G6S18),Cancer Surgery,TIER I,NABH,GENERAL WARD,TMH365,40500.0
2355,Tracheal Stenosis Excision,ENT Procedure,TIER I,NABH,GENERAL WARD,EP091,40850.0
2356,Tracheal Stent (TMH - Thoracic & Paediatric) (G4S80),Cancer Surgery,TIER I,NABH,GENERAL WARD,TMH279,22500.0
2357,Tracheal resection with anastomosis (TMH - Head & Neck) (G4S12),Cancer Surgery,TIER I,NABH,GENERAL WARD,TMH211,22500.0
2358,Tracheal wall partial resection (TMH - Head & Neck) (G3S18),Cancer Surgery,TIER I,NABH,GENERAL WARD,TMH095,18000.0
2359,Tracheoesophageal Fistula (Correction Surgery),Paediatric Surgery Procedure,TIER I,NABH,GENERAL WARD,PS002,50350.0
2360,Tracheostom?y (TMH - Thoracic & Paediatric) (G1S21),Cancer Surgery,TIER I,NABH,GENERAL WARD,TMH021,4500.0
2361,Tracheostomy,ENT Procedure,TIER I,NABH,GENERAL WARD,EP092,13400.0
2362,Trans Oral Surgery,Neuro-Surgery Procedure,TIER I,NABH,GENERAL WARD,NS041,50350.0
2363,Trans Sphenoidal Surgery,Neuro-Surgery Procedure,TIER I,NABH,GENERAL WARD,NS040,50350.0
2364,Trans Thoracic Needle Biopsy (TMH - Thoracic & Paediatric) (G1S22),Cancer Surgery,TIER I,NABH,GENERAL WARD,TMH022,4500.0
2365,Trans-obturator tapes for Stress incontinence,Obstetrics And Gynaecology Procedure,TIER I,NABH,GENERAL WARD,OG069,40850.0
2366,Trans-sphenoidal surgery (TMH - Head & Neck) (G6S7),Cancer Surgery,TIER I,NABH,GENERAL WARD,TMH354,40500.0
2367,Transarterial Chemoembolization (TACE),Interventional Radiological Procedure,TIER I,NABH,GENERAL WARD,RP007,53000.0
2368,Transcatheter Aortic Valve Implantation (TAVI) / Transcatheter Aortic,Cardiology Procedure,TIER,NABH,GENERAL,CP021,95000.0
2369,Transcervical/Hysteroscopic Polypectomy,Obstetrics And Gynaecology Procedure,TIER I,NABH,GENERAL WARD,OG039,12730.0
2370,Transjugular Intrahepatic Portosystemic Shunt (TIPS),Gastroenterology/ Interventional Radiology Procedures,TIER I,NABH,GENERAL WARD,MG039,50350.0
2371,Transrectal Ultrasound (TRUS) guided prostate biopsy,Nephrology And Urology - Biopsy,TIER I,NABH,GENERAL WARD,NU003,9200.0
2372,Transurethral Resection of Prostate (TMH - Genitourinary / Gynaecology) (G5S37),Cancer Surgery,TIER I,NABH,GENERAL WARD,TMH334,31500.0
2373,Transurethral Resection of Prostate (TURP),Nephrology And Urology Procedure,TIER I,NABH,GENERAL WARD,NU059,59850.0
2374,Transurethral Resection of Prostate (TURP) with Cystolithotripsy,Nephrology And Urology Procedure,TIER I,NABH,GENERAL WARD,NU136,59850.0
2375,Transvaginal tapes for Stress incontinence,Obstetrics And Gynaecology Procedure,TIER I,NABH,GENERAL WARD,OG068,33250.0
2376,Treadmill Test (TMT),Cardiology Investigation,TIER I,NABH,GENERAL WARD,CI002,1120.0
2377,Tricuspid Valve - Biological,Cardiovascular And Cardiac Surgery,TIER I,NABH,GENERAL WARD,IMCV10U100,0.0
2378,Tricuspid Valve - Mechanical,Cardiovascular And Cardiac Surgery,TIER I,NABH,GENERAL WARD,IMCV09U100,0.0
2379,Triglycerides,Laboratory Investigation,TIER I,NABH,GENERAL WARD,LB100,150.0
2380,"Triple Marker Test (AFP,HCG,UE3)",Laboratory Investigation,TIER I,NABH,GENERAL WARD,LB102,1500.0
2381,Triple Phase CT abdomen,Radiological Investigation,TIER I,NABH,GENERAL WARD,RI071,5175.0
2382,Trisomy 12,Oncology Investigations,TIER I,NABH,GENERAL WARD,CA163,2425.0
2383,Trisomy 21,Oncology Investigations,TIER I,NABH,GENERAL WARD,CA164,2425.0
2384,"Trisomy 4, 10 & 17",Oncology Investigations,TIER I,NABH,GENERAL WARD,CA165,3485.0
2385,Trisomy 8,Oncology Investigations,TIER I,NABH,GENERAL WARD,CA166,2425.0
2386,Troponin I,Laboratory Investigation,TIER I,NABH,GENERAL WARD,LB111,700.0
2387,Troponin T,Laboratory Investigation,TIER I,NABH,GENERAL WARD,LB112,700.0
2388,Trucut Needle Biopsy- (excluding the cost of Needle/Biopsy Gun if used),Biopsies,TIER I,NABH,GENERAL WARD,BY010,3850.0
2389,Tube Plaster (or plaster cylinder),Orthopaedics Procedure,TIER I,NABH,GENERAL WARD,OR012,5000.0
2390,Tubular external fixator,Orthopaedics Procedure,TIER I,NABH,GENERAL WARD,OR094,33250.0
2391,Turbinectomy,ENT Procedure,TIER I,NABH,GENERAL WARD,EP023,12730.0
2392,Twist Drill Craniostomy,Neuro-Surgery Procedure,TIER I,NABH,GENERAL WARD,NS009,40850.0
2393,Tympanoplasty,ENT Procedure,TIER I,NABH,GENERAL WARD,EP011,33250.0
2394,Tympanotomy,ENT Procedure,TIER I,NABH,GENERAL WARD,EP010,26125.0
2395,Typhidot IgM,Laboratory Investigation,TIER I,NABH,GENERAL WARD,LB263,400.0
2396,UBM- Ultrasound bio microscopy- Both Eyes,Ophthalmology Investigation,TIER I,NABH,GENERAL WARD,OI016,1000.0
2397,UGT1A1 Gene Analysis,Laboratory Investigation,TIER I,NABH,GENERAL WARD,LB330,6000.0
2398,USG Breast including relevant Lymph nodes- Bilateral/Unilateral,Radiological,TIER,NABH,GENERAL,RI025,800.0
2399,USG Colour Doppler Pregnancy / Fetal Doppler/Umbilical Doppler/ Uterine Vessel Doppler,Radiological Investigation,TIER I,NABH,GENERAL WARD,RI017,1675.0
2400,USG Guided Intervention - Specialized Procedures excluding cost of Catheter or biopsy gun,Interventional Radiological Procedure,TIER I,NABH,GENERAL WARD,RP003,3000.0
2401,USG Guided Intervention - Specialized Procedures excluding cost of Catheter or biopsy gun,Interventional Radiology,TIER I,NABH,GENERAL WARD,IMRP01U100,0.0
2402,USG Guided Intervention -Therapeutic,Interventional Radiological Procedure,TIER I,NABH,GENERAL WARD,RP002,2000.0
2403,USG Guided Intervention- Diagnostic,Interventional Radiological Procedure,TIER I,NABH,GENERAL WARD,RP001,1000.0
2404,USG Hysterosalpingography (HSG),Radiological Investigation,TIER I,NABH,GENERAL WARD,RI026,2400.0
2405,"USG Large Parts (Joints/Chest,...etc)",Radiological Investigation,TIER I,NABH,GENERAL WARD,RI023,800.0
2406,USG Neonatal spine,Radiological Investigation,TIER I,NABH,GENERAL WARD,RI024,1000.0
2407,USG Obstetrics for Anomalies scan,Radiological Investigation,TIER I,NABH,GENERAL WARD,RI019,2000.0
2408,"USG Small parts (scrotum, thyroid, parathyroid etc)",Radiological Investigation,TIER I,NABH,GENERAL WARD,RI022,770.0
2409,USG Transvaginal sonography (TVS for Follicular monitoring / aspiration) /TVS for follicular monitoring/pelvic pathology/ET measurement,Radiological Investigation,TIER I,NABH,GENERAL WARD,RI014,1000.0
2410,USG Whole Abdomen Including Pelvis and post Void urine,Radiological Investigation,TIER I,NABH,GENERAL WARD,RI020,800.0
2411,Ulna Lower End Excision (TMH - Bone & Soft Tissue) (G3S69),Cancer Surgery,TIER I,NABH,GENERAL WARD,TMH146,18000.0
2412,Ultra Sonic Therapy /Short Wave Diathermy / Microwave/ Long Wave Diathermy /Infrared/IFT) (per session),Physiotherapy,TIER I,NABH,GENERAL WARD,PT005,300.0
2413,Ultrasonographic myolysis,Obstetrics And Gynaecology Procedure,TIER I,NABH,GENERAL WARD,OG059,26125.0
2414,"Ultrasound A- Scan/optical biometry[lenstar, IOL master] - Both Eyes",Ophthalmology Investigation,TIER I,NABH,GENERAL WARD,OI009,1000.0
2415,Ultrasound B- Scan - Both Eyes,Ophthalmology Investigation,TIER I,NABH,GENERAL WARD,OI010,500.0
2416,Ultrasound Guided Percutaneous Nephrostomy (PCN),Nephrology And Urology Procedure,TIER I,NABH,GENERAL WARD,NU168,19000.0
2417,Ultrasound guided kidney Biopsy,Nephrology And Urology - Biopsy,TIER I,NABH,GENERAL WARD,NU001,9200.0
2418,Ultraviolet (UV) radiation for cross-linking for keratoconus /C3R/KXL - Both Eyes,Ophthalmology Procedure,TIER I,NABH,GENERAL WARD,OP013,20000.0
2419,Umbilical Hernia Repair - excluding the cost of mesh and tacker,Abdomen/GI Surgery Procedure,TIER I,NABH,GENERAL WARD,AG022,33250.0
2420,Unspecified Code,All specialities,TIER I,NABH,GENERAL WARD,US001,0.0
2421,Unspecified Code(Medical)2,All specialities,TIER I,NABH,GENERAL WARD,US002,0.0
2422,Unspecified Implant - Abdomen/GI Surgery,Abdomen/GI Surgery,TIER I,NABH,GENERAL WARD,IMAG04U100,0.0
2423,Unspecified Implant - Cardiology,Cardiology,TIER I,NABH,GENERAL WARD,IMCP18U100,0.0
2424,Unspecified Implant - Cardiovascular And Cardiac Surgery,Cardiovascular And Cardiac Surgery,TIER I,NABH,GENERAL WARD,IMCV21U100,0.0
2425,Unspecified Implant - Dentistry,Dentistry,TIER I,NABH,GENERAL WARD,IMDP06U100,0.0
2426,Unspecified Implant - General Surgery,General Surgery,TIER I,NABH,GENERAL WARD,IMGS02U100,0.0
2427,Unspecified Implant - Medical Gastroenterology,Medical Gastroenterology,TIER I,NABH,GENERAL WARD,IMMG09U100,0.0
2428,Unspecified Implant - Nephrology And Urology,Nephrology And Urology,TIER I,NABH,GENERAL WARD,IMNU04U100,0.0
2429,Unspecified Implant - Neuro-Surgery,Neuro-Surgery,TIER I,NABH,GENERAL WARD,IMNS39U100,0.0
2430,Unspecified Implant - Ophthalmology,Ophthalmology,TIER I,NABH,GENERAL WARD,IMOP09U100,0.0
2431,Unspecified Implant - Orthopaedics,Orthopaedics,TIER I,NABH,GENERAL WARD,IMOR59U100,0.0
2432,Ureter Resection Anastomosis (TMH - Genitourinary / Gynaecology) (G5S38),Cancer Surgery,TIER I,NABH,GENERAL WARD,TMH335,31500.0
2433,Ureterectomy + Bladder Cuff (TMH - Genitourinary / Gynaecology) (G5S40),Cancer Surgery,TIER I,NABH,GENERAL WARD,TMH337,31500.0
2434,Ureteric Catheterisation/DJ Stenting,Nephrology And Urology Procedure,TIER I,NABH,GENERAL WARD,NU038,19000.0
2435,Ureteric Reimplant for Megaureter / Vesicoureteric reflux/ ureterocele (Laparoscopic),Nephrology And Urology Procedure,TIER I,NABH,GENERAL WARD,NU134,40850.0
2436,Ureteric Reimplant for Megaureter/ Vesicoureteric reflux/ureterocele (Open),Nephrology And Urology Procedure,TIER I,NABH,GENERAL WARD,NU133,40850.0
2437,Uretero-Colic anastomosis,Nephrology And Urology Procedure,TIER I,NABH,GENERAL WARD,NU036,40850.0
2438,Ureterolithotomy -open,Nephrology And Urology Procedure,TIER I,NABH,GENERAL WARD,NU027,40850.0
2439,Ureterolithotomy-Lap/Endoscopic,Nephrology And Urology Procedure,TIER I,NABH,GENERAL WARD,NU028,50350.0
2440,Ureteroscopic Resection (TMH - Genitourinary / Gynaecology) (G5S42),Cancer Surgery,TIER I,NABH,GENERAL WARD,TMH339,31500.0
2441,Ureteroscopic Surgery,Nephrology And Urology Procedure,TIER I,NABH,GENERAL WARD,NU145,33250.0
2442,Ureteroscopy (TMH - Genitourinary / Gynaecology) (G5S33),Cancer Surgery,TIER I,NABH,GENERAL WARD,TMH330,31500.0
2443,Ureterostomy - Cutaneous,Nephrology And Urology Procedure,TIER I,NABH,GENERAL WARD,NU035,33250.0
2444,Urethral Dilatation (TMH - Genitourinary / Gynaecology) (G2S46),Cancer Surgery,TIER I,NABH,GENERAL WARD,TMH074,11250.0
2445,Urethral Reconstruction - substitution urethroplasty (Transpubic urethroplasty),Nephrology And Urology Procedure,TIER I,NABH,GENERAL WARD,NU064,50350.0
2446,Urethral Reconstruction -End to end anastomosis,Nephrology And Urology Procedure,TIER I,NABH,GENERAL WARD,NU063,40850.0
2447,Urethrectomy (TMH - Genitourinary / Gynaecology) (G5S41),Cancer Surgery,TIER I,NABH,GENERAL WARD,TMH338,31500.0
2448,Urethroplasty (TMH - Plastic & Reconstructive) (G6S55),Cancer Surgery,TIER I,NABH,GENERAL WARD,TMH401,40500.0
2449,Urethroplasty 1st Stage,Nephrology And Urology Procedure,TIER I,NABH,GENERAL WARD,NU146,40850.0
2450,Urethroscopy/ Cystopanendoscopy,Nephrology And Urology Procedure,TIER I,NABH,GENERAL WARD,NU060,13400.0
2451,Urethrotomy Visual Internal (TMH - Genitourinary / Gynaecology) (G4S82),Cancer Surgery,TIER I,NABH,GENERAL WARD,TMH281,22500.0
2452,Urinary Chloride,Laboratory Investigation,TIER I,NABH,GENERAL WARD,LB228,150.0
2453,Urinary Vanillylmandelic Acid (VMA),Laboratory Investigation,TIER I,NABH,GENERAL WARD,LB218,2185.0
2454,Urinary bladder Catheterisation,General Procedure,TIER I,NABH,GENERAL WARD,GP009,700.0
2455,Urinary calcium,Laboratory Investigation,TIER I,NABH,GENERAL WARD,LB230,150.0
2456,Urinary copper,Laboratory Investigation,TIER I,NABH,GENERAL WARD,LB197,840.0
2457,Urinary free catecholamine,Laboratory Investigation,TIER I,NABH,GENERAL WARD,LB220,2500.0
2458,Urinary metanephrine/Normetanephrine,Laboratory Investigation,TIER I,NABH,GENERAL WARD,LB219,2900.0
2459,Urinary potassium,Laboratory Investigation,TIER I,NABH,GENERAL WARD,LB229,150.0
2460,Urinary sodium,Laboratory Investigation,TIER I,NABH,GENERAL WARD,LB227,150.0
2461,Urine Bile Pigment and Salt,Laboratory Investigation,TIER I,NABH,GENERAL WARD,LB059,70.0
2462,Urine For Myoglobin,Laboratory Investigation,TIER I,NABH,GENERAL WARD,LB331,550.0
2463,Urine Ketones,Laboratory Investigation,TIER I,NABH,GENERAL WARD,LB061,70.0
2464,Urine Microalbumin,Laboratory Investigation,TIER I,NABH,GENERAL WARD,LB002,243.0
2465,Urine Occult Blood,Laboratory Investigation,TIER I,NABH,GENERAL WARD,LB062,70.0
2466,Urine Pregnancy Test(UPT),Laboratory Investigation,TIER I,NABH,GENERAL WARD,LB121,100.0
2467,"Urine Routine- pH, Specific Gravity, Sugar, Protein and Microscopy",Laboratory Investigation,TIER I,NABH,GENERAL WARD,LB001,100.0
2468,Urine Total Proteins,Laboratory Investigation,TIER I,NABH,GENERAL WARD,LB063,70.0
2469,Urine Urobilinogen,Laboratory Investigation,TIER I,NABH,GENERAL WARD,LB060,70.0
2470,Urodynamic Study (Cystometry),Nephrology And Urology Investigation,TIER I,NABH,GENERAL WARD,NU005,3000.0
2471,Uroflow Study (Uroflowmetry),Nephrology And,TIER,NABH,GENERAL,NU004,1000.0
2472,Uvulo-palatoplasty,ENT Procedure,TIER,NABH,GENERAL,EP034,33250.0
2473,V Beta Repertoire Analysis by Flow Cytometry for T-Cell Clonality,Oncology Investigations,TIER I,NABH,GENERAL WARD,CA167,12165.0
2474,VAC Therapy/Dressing including all Consumables,Burns And Plastic Surgery Procedure,TIER I,NABH,GENERAL WARD,BP040,10000.0
2475,VEP- visually evoked potential - Both Eyes,Ophthalmology Investigation,TIER I,NABH,GENERAL WARD,OI025,1800.0
2476,VSD Closure Device,Cardiovascular And Cardiac Surgery,TIER I,NABH,GENERAL WARD,IMCV03U100,0.0
2477,Vaginal Colpopexy/colpopexy-abdominal,Obstetrics And Gynaecology Procedure,TIER I,NABH,GENERAL WARD,OG064,40850.0
2478,Vaginal Hysterectomy ( including of BSO) with or without repairs,Obstetrics And Gynaecology Procedure,TIER I,NABH,GENERAL WARD,OG028,40850.0
2479,Vaginal Reconstruction (TMH - Plastic & Reconstructive) (G6S56),Cancer Surgery,TIER I,NABH,GENERAL WARD,TMH402,40500.0
2480,Vaginal Vesicovaginal Fistula (VVF) Repair,Obstetrics And Gynaecology Procedure,TIER I,NABH,GENERAL WARD,OG055,59850.0
2481,Vaginal/Cervical Myomectomy,Obstetrics And Gynaecology Procedure,TIER I,NABH,GENERAL WARD,OG060,40850.0
2482,Vaginoplasty,Obstetrics And Gynaecology Procedure,TIER I,NABH,GENERAL WARD,OG031,40850.0
2483,Vagotomy Pyloroplasty / Gastro Jejunostomy,Abdomen/GI Surgery Procedure,TIER I,NABH,GENERAL WARD,AG010,40850.0
2484,Valproic acid.,Laboratory Investigation,TIER I,NABH,GENERAL WARD,LB118,600.0
2485,Vanillylmandelic Acid (VMA),Laboratory Investigation,TIER I,NABH,GENERAL WARD,LB149,1600.0
2486,Varicose vein Surgery-Trendelenburg Operation with Suturing or,Cardiovascular And,TIER,NABH,GENERAL,CV001,24035.0
2487,Vascular Embolization,Gastroenterology/ Interventional Radiology Procedures,TIER I,NABH,GENERAL WARD,MG038,40850.0
2488,Vascular Malformations,Neuro-Surgery Procedure,TIER I,NABH,GENERAL WARD,NS015,92150.0
2489,Vascular Repair,Cardiovascular And Cardiac Surgery Procedure,TIER I,NABH,GENERAL WARD,CV032,72200.0
2490,Veneer - Ceramic paediatric,Dental Procedure,TIER I,NABH,GENERAL WARD,DP052,3000.0
2491,Venereal Disease Research Laboratory Test (VDRL),Laboratory Investigation,TIER I,NABH,GENERAL WARD,LB045,100.0
2492,Venesection,General Procedure,TIER I,NABH,GENERAL WARD,GP007,700.0
2493,Venography,Cardiology Investigation,TIER I,NABH,GENERAL WARD,CI011,5000.0
2494,Venous Colour Doppler Bilateral,Radiological Investigation,TIER I,NABH,GENERAL WARD,RI030,1000.0
2495,Ventilator charges (Per day) inclusive of associated disposables,Critical Care,TIER I,NABH,GENERAL WARD,CC003,3000.0
2496,Ventral /incisional Hernia Repair - excluding the cost of mesh and tacker,Abdomen/GI Surgery Procedure,TIER I,NABH,GENERAL WARD,AG023,33250.0
2497,Ventricular Septal Defect (VSD) with Graft / VSD Device Closure,Cardiovascular And,TIER,NABH,GENERAL,CV005,114000.0
2498,Ventricular Tapping,Neuro-Surgery Procedure,TIER I,NABH,GENERAL WARD,NS011,33250.0
2499,Ventriculoatrial /Ventriculoperitoneal Shunt,Neuro-Surgery Procedure,TIER I,NABH,GENERAL WARD,NS025,50350.0
2500,Vertebroplasty,Orthopaedics Procedure,TIER I,NABH,GENERAL WARD,OR120,72200.0
2501,Vesicovaginal Fistula (VVF) Repair (Laparoscopic),Nephrology And Urology Procedure,TIER I,NABH,GENERAL WARD,NU056,50350.0
2502,Vesicovaginal Fistula (VVF) Repair (Open),Nephrology And Urology Procedure,TIER I,NABH,GENERAL WARD,NU055,40850.0
2503,Vestibular Evoked Myogenic Potential (VEMP),ENT Investigation,TIER I,NABH,GENERAL WARD,EI010,2750.0
2504,Video Assisted Thoracoscopic Surgery (VATS) for Decortication of Lungs/Thymectomy/Other Major Surgeries,Cardiovascular And Cardiac Surgery Procedure,TIER I,NABH,GENERAL WARD,CV040,171000.0
2505,Video Bronchoscopy with BAL,Pulmonology Procedure,TIER I,NABH,GENERAL WARD,PP002,11000.0
2506,Video Laryngoscopy,ENT investigation,TIER I,NABH,GENERAL WARD,EI014,6000.0
2507,Videonystagmography(VNG),ENT Investigation,TIER I,NABH,GENERAL WARD,EI013,2500.0
2508,Videostroboscopy,ENT Investigation,TIER I,NABH,GENERAL WARD,EI015,5500.0
2509,Vidian neurectomy for vasomotor Rhinitis,ENT Procedure,TIER I,NABH,GENERAL WARD,EP043,26125.0
2510,Viral culture,Laboratory Investigation,TIER I,NABH,GENERAL WARD,LB208,600.0
2511,Vitamin B12 Assay.,Laboratory Investigation,TIER I,NABH,GENERAL WARD,LB127,600.0
2512,Vitrectomy +membrane peeling +fluid air exchange+endolaser+ gas/ silicon oil tamponade per eye,Ophthalmology Procedure,TIER I,NABH,GENERAL WARD,OP089,38000.0
2513,Vitrectomy +phaco fragmentation/ IOL drop +/- secondary IOL per eye,Ophthalmology Procedure,TIER I,NABH,GENERAL WARD,OP091,23750.0
2514,Vitrectomy- pars plana including Fluid air exchange (per eye),Ophthalmology Procedure,TIER I,NABH,GENERAL WARD,OP088,33250.0
2515,Vitreous biopsy per eye,Ophthalmology Biopsy,TIER I,NABH,GENERAL WARD,OI033,5000.0
2516,Voiding-cysto-urethrogram and retrograde urethrogram (Nephrostogram),Nephrology And Urology Investigation,TIER I,NABH,GENERAL WARD,NU006,8500.0
2517,Vulva Hemivulvectomy (TMH - Genitourinary / Gynaecology) (G3S106),Cancer Surgery,TIER I,NABH,GENERAL WARD,TMH183,18000.0
2518,Vulva Wide Excision (TMH - Genitourinary / Gynaecology) (G3S107),Cancer Surgery,TIER I,NABH,GENERAL WARD,TMH184,18000.0
2519,Vulvectomy - Radical (TMH - Genitourinary / Gynaecology) (G4S87),Cancer Surgery,TIER I,NABH,GENERAL WARD,TMH286,22500.0
2520,Vulvectomy - Total (TMH - Genitourinary / Gynaecology) (G4S88),Cancer Surgery,TIER I,NABH,GENERAL WARD,TMH287,22500.0
2521,Vulvectomy -Simple,Obstetrics And Gynaecology Procedure,TIER I,NABH,GENERAL WARD,OG032,33250.0
2522,Warren Shunt (Distal Splenorenal Shunt),Abdomen/GI Surgery Procedure,TIER I,NABH,GENERAL WARD,AG034,50350.0
2523,Weil Felix Agglutination Test,Laboratory Investigation,TIER I,NABH,GENERAL WARD,LB334,500.0
2524,Whole Body Bone Scan with SPECT.,Nuclear Medicine Investigation,TIER I,NABH,GENERAL WARD,NM001,5000.0
2525,Whole Body Scan with MIBG,Nuclear Medicine Investigation,TIER I,NABH,GENERAL WARD,NM013,13400.0
2526,Whole body MRI (For oncological workup),Radiological Investigation,TIER I,NABH,GENERAL WARD,RI138,9200.0
2527,Widal Test,Laboratory Investigation,TIER I,NABH,GENERAL WARD,LB268,70.0
2528,Wide Excision - Lip Lesion (TMH - Head & Neck) (G2S13),Cancer Surgery,TIER I,NABH,GENERAL WARD,TMH041,11250.0
2529,Wide excision -Lip and Neck (TMH - Head & Neck) (G3S20),Cancer Surgery,TIER I,NABH,GENERAL WARD,TMH097,18000.0
2530,Wide excision floor of the mouth/Neck (TMH - Head & Neck) (G3S19),Cancer Surgery,TIER I,NABH,GENERAL WARD,TMH096,18000.0
2531,X Ray Abdomen & Pelvis for KUB,Radiological Investigation,TIER I,NABH,GENERAL WARD,RI040,235.0
2532,X Ray Abdomen AP Supine or Erect (One film),Radiological Investigation,TIER I,NABH,GENERAL WARD,RI032,250.0
2533,X Ray Abdomen Lateral view (one film),Radiological Investigation,TIER I,NABH,GENERAL WARD,RI033,210.0
2534,X Ray Chest Lateral (one film),Radiological Investigation,TIER I,NABH,GENERAL WARD,RI035,230.0
2535,X Ray Chest PA /AP/ Oblique view (one film),Radiological Investigation,TIER I,NABH,GENERAL WARD,RI034,230.0
2536,"X Ray Extremities (Hand/Leg/Feet/Finger/Toe) bones & Joints (Hip/ Knee/Ankle / shoulder/ Wrist / fingers/Toes, etc) AP & Lateral views (standing or weight bearing)(Two films)",Radiological Investigation,TIER I,NABH,GENERAL WARD,RI037,380.0
2537,X Ray Mammography - Bilateral/Unilateral,Radiological Investigation,TIER I,NABH,GENERAL WARD,RI060,1375.0
2538,"X Ray Mastoids: Towne view, oblique views (3 films)",Radiological Investigation,TIER I,NABH,GENERAL WARD,RI036,500.0
2539,X Ray Paranasal sinuses (PNS) view (1 film),Radiological Investigation,TIER I,NABH,GENERAL WARD,RI043,200.0
2540,X Ray Pelvis AP (one film),Radiological Investigation,TIER I,NABH,GENERAL WARD,RI038,200.0
2541,"X Ray Skull AP & Lateral (2 films)/ Extra oral radiographs - All skull views, TMJ, Lateral oblique [Dental]",Radiological Investigation,TIER I,NABH,GENERAL WARD,RI041,400.0
2542,X Ray Spine AP & Lateral (2 films),Radiological Investigation,TIER I,NABH,GENERAL WARD,RI042,400.0
2543,X Ray Temporomandibular (TM) Joints (one film),Radiological Investigation,TIER I,NABH,GENERAL WARD,RI039,250.0
2544,X Ray orbit -Bilateral,Ophthalmology Investigation,TIER I,NABH,GENERAL WARD,OI026,350.0
2545,X ray Arthrography,Radiological Investigation,TIER I,NABH,GENERAL WARD,RI055,2000.0
2546,XX/XY (Chimerism Studies) in Sex mismatch Bone Marrow Transplantation (BMT),Oncology Investigations,TIER I,NABH,GENERAL WARD,CA168,2425.0
2547,YAG Laser capsulotomy per eye,Ophthalmology Procedure,TIER I,NABH,GENERAL WARD,OP082,5000.0
2548,YAG Laser iridotomy / Hyaloidotomy/Laser suture lysis post trabeculectomy per eye,Ophthalmology Procedure,TIER I,NABH,GENERAL WARD,OP081,5000.0
2549,Young's operation for Atrophic rhinitis,ENT Procedure,TIER I,NABH,GENERAL WARD,EP042,19000.0
2550,iStent Inject per eye including the cost of consumables and implant,Ophthalmology Procedure,TIER I,NABH,GENERAL WARD,OP143,76000.0
2551,t(1;22) and Trisomy 21 in Acute Megakaryoblastic Leukemia (AML -M7) (2 Markers),Oncology Investigations,TIER I,NABH,GENERAL WARD,CA157,4760.0
2552,up to 30% Burns 1st Dressing,Burns And Plastic Surgery Procedure,TIER I,NABH,GENERAL WARD,BP034,3000.0
2553,up to 30% Burns Subsequent Dressing,Burns And Plastic Surgery Procedure,TIER I,NABH,GENERAL WARD,BP035,2500.0
