medicine_id,generic_name,average_price,number_of_brands
MED00001,Abacavir (300mg),3287.45,4
MED00002,Abacavir (600mg) + Dolutegravir (50mg),5832.85,1
MED00003,Abacavir (600mg) + Lamivudine (300mg),2417.07,5
MED00004,Abatacept (250mg),30000.0,1
MED00005,Abciximab (10mg),13343.0,3
MED00006,Abemaciclib (100mg),11938.0,1
MED00007,Abemaciclib (150mg),11938.0,1
MED00008,Abemaciclib (200mg),17907.0,2
MED00009,Abiraterone Acetate (250mg),37852.77,38
MED00010,Abiraterone Acetate (500mg),25337.92,14
MED00011,Acalabrutinib (100mg),181765.0,1
MED00012,Acamprosate (333mg),108.94,8
MED00013,Acarbose (100mg),95.74,2
MED00014,Acarbose (25mg),59.91,35
MED00015,Acarbose (25mg) + Metformin (500mg),100.25,4
MED00016,Acarbose (50mg),95.46,39
MED00017,Acarbose (50mg) + Metformin (500mg),140.25,4
MED00018,Acarbose (NA),52.73,2
MED00019,Acebrophylline (100mg),93.95,301
MED00020,Acebrophylline (100mg) + Acetylcysteine (600mg),187.19,92
MED00021,Acebrophylline (100mg) + Acetylcysteine (60mg),160.0,1
MED00022,Acebrophylline (100mg) + Azithromycin (500mg),81.0,1
MED00023,Acebrophylline (100mg) + Doxofylline (400mg),161.5,8
MED00024,Acebrophylline (100mg/5ml),104.74,5
MED00025,Acebrophylline (10mg/5ml),120.0,1
MED00026,Acebrophylline (10mg/ml),131.5,2
MED00027,Acebrophylline (200mg),157.01,98
MED00028,Acebrophylline (200mg) + Desloratadine (5mg),265.16,25
MED00029,Acebrophylline (200mg) + Fexofenadine (120mg),207.33,3
MED00030,Acebrophylline (200mg) + Montelukast (10mg),174.12,44
MED00031,Acebrophylline (50mg),86.0,3
MED00032,Acebrophylline (50mg) + Acetylcysteine (600mg),185.0,1
MED00033,Acebrophylline (50mg) + Desloratadine (2.5mg),119.9,1
MED00034,Acebrophylline (50mg) + Montelukast (4mg),95.0,1
MED00035,Acebrophylline (50mg) + Terbutaline (1.25mg),90.0,2
MED00036,Acebrophylline (50mg/5ml),86.55,13
MED00037,Acebrophylline (50mg/5ml) + Terbutaline (1.25mg/5ml),111.19,16
MED00038,Aceclofenac (1.5% w/w),68.37,7
MED00039,Aceclofenac (1.5% w/w) + Benzyl Alcohol (1% w/w),85.0,1
MED00040,Aceclofenac (1.5% w/w) + Capsaicin Based Rubefacients (0.01% w/w),70.23,2
MED00041,Aceclofenac (1.5% w/w) + Capsaicin Based Rubefacients (0.025% w/w),80.0,1
MED00042,Aceclofenac (1.5% w/w) + Linseed Oil (3% w/w),117.98,4
MED00043,Aceclofenac (1.5%) + Capsaicin Based Rubefacients (3%),60.0,1
MED00044,Aceclofenac (1.50% w/w) + Linseed Oil (3.004% w/w),189.0,1
MED00045,Aceclofenac (100gm) + Paracetamol (500mg),30.0,1
MED00046,Aceclofenac (100mcg) + Paracetamol (325mg),69.5,2
MED00047,Aceclofenac (100mg),32.46,293
MED00048,Aceclofenac (100mg) + Beta-Cyclodextrin (100mg),214.0,2
MED00049,Aceclofenac (100mg) + Chlorzoxazone (250mg),72.79,13
MED00050,Aceclofenac (100mg) + Diacerein (50mg),124.21,29
MED00051,Aceclofenac (100mg) + Diacerein (80mg),84.0,1
MED00052,Aceclofenac (100mg) + Drotaverine (80mg),90.31,121
MED00053,Aceclofenac (100mg) + Eperisone (75mg),175.67,3
MED00054,Aceclofenac (100mg) + Misoprostol (100mcg),89.0,1
MED00055,Aceclofenac (100mg) + Paracetamol (100mg),65.0,1
MED00056,Aceclofenac (100mg) + Paracetamol (125mg),46.25,4
MED00057,Aceclofenac (100mg) + Paracetamol (15mg),62.5,2
MED00058,Aceclofenac (100mg) + Paracetamol (200mg),36.0,1
MED00059,Aceclofenac (100mg) + Paracetamol (225mg),18.12,1
MED00060,Aceclofenac (100mg) + Paracetamol (250mg),55.17,6
MED00061,Aceclofenac (100mg) + Paracetamol (325mg),68.08,4681
MED00062,Aceclofenac (100mg) + Paracetamol (350mg),45.27,3
MED00063,Aceclofenac (100mg) + Paracetamol (375mg),50.0,3
MED00064,Aceclofenac (100mg) + Paracetamol (4mg),150.0,2
MED00065,Aceclofenac (100mg) + Paracetamol (500mg),46.8,1110
MED00066,Aceclofenac (100mg) + Paracetamol (650mg),36.42,14
MED00067,Aceclofenac (100mg) + Rabeprazole (20mg),103.36,7
MED00068,Aceclofenac (100mg) + Serratiopeptidase (10mg),58.38,12
MED00069,Aceclofenac (100mg) + Serratiopeptidase (15mg),58.85,74
MED00070,Aceclofenac (100mg) + Thiocolchicoside (4mg),173.51,1010
MED00071,Aceclofenac (100mg) + Thiocolchicoside (8mg),242.03,221
MED00072,Aceclofenac (100mg) + Tizanidine (2mg),65.75,23
MED00073,Aceclofenac (100mg) + Tramadol (37.5mg),63.49,3
MED00074,Aceclofenac (100mg) + Trypsin Chymotrypsin (150000IU),90.0,1
MED00075,Aceclofenac (100mg) + Trypsin Chymotrypsin (50000AU),120.98,8
MED00076,Aceclofenac (100mg) + Trypsin Chymotrypsin (50000IU),138.32,4
MED00077,Aceclofenac (100mg) + Trypsin Chymotrypsin (5000IU),82.5,2
MED00078,Aceclofenac (100mg) + Zinc Carnosine (37.5mg),85.0,1
MED00079,Aceclofenac (100mg/5ml) + Paracetamol (125mg/5ml),45.0,3
MED00080,Aceclofenac (100mg/5ml) + Paracetamol (250mg/5ml),47.0,1
MED00081,Aceclofenac (150mg),20.02,17
MED00082,Aceclofenac (150mg/1ml),29.9,1
MED00083,Aceclofenac (200mg),50.08,458
MED00084,Aceclofenac (200mg) + Cyclobenzaprine (15mg),251.25,1
MED00085,Aceclofenac (200mg) + Eperisone (150mg),241.25,4
MED00086,Aceclofenac (200mg) + Misoprostol (200mcg),116.5,2
MED00087,Aceclofenac (200mg) + Paracetamol (325mg),71.0,2
MED00088,Aceclofenac (200mg) + Pregabalin (150mg),204.75,2
MED00089,Aceclofenac (200mg) + Pregabalin (75mg),164.5,12
MED00090,Aceclofenac (200mg) + Rabeprazole (200mg),190.0,1
MED00091,Aceclofenac (200mg) + Rabeprazole (20mg),102.4,223
MED00092,Aceclofenac (200mg) + Thiocolchicoside (16mg),182.91,4
MED00093,Aceclofenac (200mg) + Thiocolchicoside (8mg),216.65,13
MED00094,Aceclofenac (250mg) + Drotaverine (80mg),79.9,1
MED00095,Aceclofenac (250mg) + Paracetamol (100mg),50.0,1
MED00096,Aceclofenac (25mg),20.1,1
MED00097,Aceclofenac (25mg) + Paracetamol (125mg),37.3,2
MED00098,Aceclofenac (325mg) + Paracetamol (100mg),56.18,1
MED00099,Aceclofenac (4mg) + Thiocolchicoside (100mg),200.0,1
MED00100,Aceclofenac (500mg),52.02,2
MED00101,Aceclofenac (500mg) + Paracetamol (100mg),39.0,1
MED00102,Aceclofenac (50mg),21.06,2
MED00103,Aceclofenac (50mg) + Paracetamol (120mg),53.6,1
MED00104,Aceclofenac (50mg) + Paracetamol (125mg),47.44,435
MED00105,Aceclofenac (50mg) + Paracetamol (250mg),48.61,7
MED00106,Aceclofenac (50mg) + Paracetamol (325mg),60.36,5
MED00107,Aceclofenac (50mg) + Paracetamol (500mg),31.77,4
MED00108,Aceclofenac (50mg/10ml) + Paracetamol (250mg/10ml),60.0,1
MED00109,Aceclofenac (50mg/5ml) + Paracetamol (125mg/5ml),47.77,146
MED00110,Aceclofenac (50mg/5ml) + Paracetamol (250mg/5ml),45.0,2
MED00111,Aceclofenac (5mg/5ml) + Paracetamol (125mg/5ml),39.0,1
MED00112,Aceclofenac (80mg) + Drotaverine (100mg),100.0,1
MED00113,Aceclofenac (NA),46.54,37
MED00114,Aceclofenac (NA) + Drotaverine (NA),97.22,2
MED00115,Aceclofenac (NA) + Paracetamol (NA),57.25,47
MED00116,Aceclofenac (NA) + Thiocolchicoside (250mg),103.09,1
MED00117,Aceclofenac (NA) + Thiocolchicoside (NA),140.95,3
MED00118,Acenocoumarol (0.5mg),63.34,1
MED00119,Acenocoumarol (1mg),70.22,13
MED00120,Acenocoumarol (2mg),111.17,11
MED00121,Acenocoumarol (3mg),101.09,10
MED00122,Acenocoumarol (4mg),152.9,10
MED00123,Acetazolamide (20mg),34.0,1
MED00124,Acetazolamide (250mg),43.17,29
MED00125,Acetazolamide (500mg),128.36,1
MED00126,Acetazolamide (NA),34.2,1
MED00127,Acetic acid (2% w/v),124.5,2
MED00128,Acetic acid (2% w/v) + Hydrocortisone (1% w/v),171.0,1
MED00129,Acetic acid (2% w/v) + Lidocaine (2% w/v),80.0,1
MED00130,Acetylcysteine (10%),74.1,1
MED00131,Acetylcysteine (1000mg),123.04,10
MED00132,Acetylcysteine (100mg),77.49,3
MED00133,Acetylcysteine (1200mg),220.0,1
MED00134,Acetylcysteine (150mg) + Taurine (500mg),136.82,56
MED00135,Acetylcysteine (1gm),135.0,1
MED00136,Acetylcysteine (20% w/v),80.17,3
MED00137,Acetylcysteine (200mg),106.3,10
MED00138,Acetylcysteine (200mg) + Ambroxol (30mg),60.3,5
MED00139,Acetylcysteine (200mg/ml),205.34,10
MED00140,Acetylcysteine (300mg),99.12,1
MED00141,Acetylcysteine (300mg) + Ambroxol (30mg),87.62,11
MED00142,Acetylcysteine (300mg) + Ambroxol (60mg),120.0,1
MED00143,Acetylcysteine (300mg) + Cefixime (200mg),207.0,1
MED00144,Acetylcysteine (300mg) + Pyridoxamine dihydrochloride (50mg),282.33,3
MED00145,Acetylcysteine (300mg) + Taurine (500mg),118.0,1
MED00146,Acetylcysteine (400mg),44.95,7
MED00147,Acetylcysteine (400mg/2ml),227.0,1
MED00148,Acetylcysteine (5.6mg) + Arginine (495mg),124.53,1
MED00149,Acetylcysteine (500mg) + Clomiphene (50mg),120.0,1
MED00150,Acetylcysteine (50mg) + Biotin (10mg),175.0,1
MED00151,Acetylcysteine (600mg),229.04,80
MED00152,Acetylcysteine (600mg) + Astaxanthin (4mg),724.75,4
MED00153,Acetylcysteine (600mg) + Clomiphene (50mg),203.0,1
MED00154,Acetylcysteine (600mg) + Enclomiphene (25mg),249.0,1
MED00155,Acetylcysteine (600mg) + Enclomiphene (50mg),328.5,1
MED00156,Acetylcysteine (600mg) + Pyridoxamine dihydrochloride (42.5mg),349.0,1
MED00157,Acetylcysteine (600mg) + Pyridoxamine dihydrochloride (50mg),254.67,3
MED00158,Acetylcysteine (NA),80.53,3
MED00159,Acetylcysteine (NA) + Ambroxol (NA),98.61,3
MED00160,Acitretin (10mg),445.55,10
MED00161,Acitretin (20mg),630.81,1
MED00162,Acitretin (25mg),688.22,17
MED00163,Acotiamide (100mg),195.69,27
MED00164,Acotiamide (300mg),360.3,8
MED00165,Acrivastine (8mg),55.0,1
MED00166,Acrivastine (8mg) + Phenylephrine (5mg),71.0,1
MED00167,Actarit (100mg),52.0,1
MED00168,Acyclovir (100mg),81.36,1
MED00169,Acyclovir (1200mg),173.5,2
MED00170,Acyclovir (200mg),71.17,64
MED00171,Acyclovir (250mg),364.62,17
MED00172,Acyclovir (25mg/ml),441.77,1
MED00173,Acyclovir (3% w/v),48.35,1
MED00174,Acyclovir (3% w/w),50.73,18
MED00175,Acyclovir (400mg),113.45,90
MED00176,Acyclovir (5% w/w),65.17,31
MED00177,Acyclovir (500mg),545.84,28
MED00178,Acyclovir (800mg),211.39,81
MED00179,Adalimumab (20mg),11000.0,1
MED00180,Adalimumab (20mg/0.4ml),25000.0,1
MED00181,Adalimumab (40mg),22243.89,10
MED00182,Adalimumab (40mg/0.8ml),24999.75,4
MED00183,Adapalene (0.02% w/w) + Azithromycin (2% w/w),96.88,1
MED00184,Adapalene (0.1% w/v) + Benzoyl Peroxide (2.5% w/v),270.0,1
MED00185,Adapalene (0.1% w/v) + Clindamycin (1% w/v),118.0,1
MED00186,Adapalene (0.1% w/w),120.31,29
MED00187,Adapalene (0.1% w/w) + Azithromycin (2% w/w),175.0,1
MED00188,Adapalene (0.1% w/w) + Benzoyl Peroxide (2.5% w/w),318.95,49
MED00189,Adapalene (0.1% w/w) + Clindamycin (1% w/w),175.95,110
MED00190,Adapalene (0.1% w/w) + Clindamycin (1.0% w/w),138.0,1
MED00191,Adapalene (0.1% w/w) + Dapsone (5% w/w),324.17,3
MED00192,Adapalene (0.1%),88.51,6
MED00193,Adapalene (0.10% w/w) + Clindamycin (1% w/w),143.0,1
MED00194,Adapalene (0.10%),86.88,2
MED00195,Adapalene (0.3% w/w) + Benzoyl Peroxide (2.5% w/w),1650.0,1
MED00196,Adapalene (1% w/w) + Clindamycin (1% w/w),300.0,1
MED00197,Adapalene (1mg) + Clindamycin (10mg),150.0,3
MED00198,Adapalene (1mg) + Nadifloxacin (10mg),353.17,3
MED00199,Adapalene (2% w/w),78.0,1
MED00200,Adapalene (NA),84.0,1
MED00201,Adapalene (NA) + Clindamycin (NA),160.4,5
MED00202,Adapting Electrolyte Solutions (NA),35.0,2
MED00203,Adefovir (10mg),553.35,3
MED00204,Ademetionine (200mg),377.0,7
MED00205,Ademetionine (400mg),724.64,11
MED00206,Adenosine (30mg),1096.07,1
MED00207,Adenosine (3mg),214.23,4
MED00208,Adenosine (3mg/ml),221.74,1
MED00209,Adenosine (60mg),82.0,1
MED00210,Adenosine (6mg),226.06,6
MED00211,Ado-trastuzumab emtansine (100mg),155585.0,1
MED00212,Ado-trastuzumab emtansine (160mg),248937.0,1
MED00213,Adrenaline (0.005mg) + Lidocaine (2% w/v),24.0,1
MED00214,Adrenaline (0.005mg) + Lidocaine (2%),25.03,6
MED00215,Adrenaline (0.005mg) + Lidocaine (20mg),26.3,1
MED00216,Adrenaline (0.005mg) + Lidocaine (21.3mg),14.7,1
MED00217,Adrenaline (0.005mg/ml) + Lidocaine (21.3mg/ml),22.5,2
MED00218,Adrenaline (0.0125mg) + Lidocaine (24.64mg),30.9,2
MED00219,Adrenaline (0.0225mg/ml) + Lidocaine (21.33mg/ml),31.4,1
MED00220,Adrenaline (1mg),25.33,4
MED00221,Adrenaline (1mg) + Sodium Metabisulphite (0.1% w/v),15.99,1
MED00222,Adrenaline (2mg),140.0,1
MED00223,Adrenaline (4mg),130.0,1
MED00224,Adrenaline (NA),89.95,4
MED00225,Adrenochrome Monosemicarbazone (0.75mg),4.9,1
MED00226,Adrenochrome Monosemicarbazone (10mg),13.5,2
MED00227,Adrenochrome Monosemicarbazone (2.5mg),4.5,1
MED00228,Adrenochrome Monosemicarbazone (25mg),14.0,1
MED00229,Adrenochrome Monosemicarbazone (40mg),93.17,1
MED00230,Adrenochrome Monosemicarbazone (50IU) + Rutin (10IU),37.23,1
MED00231,Adrenochrome Monosemicarbazone (5mg),41.95,2
MED00232,Adrenochrome Monosemicarbazone (NA) + Rutin (NA),18.75,1
MED00233,Afatinib dimaleate (20mg),6628.17,3
MED00234,Afatinib dimaleate (30mg),7666.83,3
MED00235,Afatinib dimaleate (40mg),10388.62,2
MED00236,Afatinib dimaleate (50mg),16517.0,1
MED00237,Aflapin (50mg),316.0,2
MED00238,Aflibercept (40mg/ml),56693.0,1
MED00239,Agomelatine (25mg),90.21,7
MED00240,Albendazole (100mg),18.48,1
MED00241,Albendazole (125mg),20.0,1
MED00242,Albendazole (150mg),21.0,2
MED00243,Albendazole (200mg),22.02,246
MED00244,Albendazole (200mg) + Ivermectin (1.5mg),32.14,76
MED00245,Albendazole (200mg) + Ivermectin (3mg),31.8,32
MED00246,Albendazole (200mg) + Ivermectin (6mg),21.63,3
MED00247,Albendazole (200mg) + Levamisole (50mg),25.67,3
MED00248,Albendazole (200mg/5ml),17.39,49
MED00249,Albendazole (200mg/5ml) + Ivermectin (1.5mg/5ml),30.96,12
MED00250,Albendazole (200mg/5ml) + Ivermectin (3mg/5ml),28.5,4
MED00251,Albendazole (200mg/5ml) + Ivermectin (6mg/5ml),29.0,1
MED00252,Albendazole (20mg),80.36,1
MED00253,Albendazole (300mg) + Pyrantel Pamoate (100mg),13.0,1
MED00254,Albendazole (400mg),29.33,528
MED00255,Albendazole (400mg) + Ivermectin (12mg),44.72,41
MED00256,Albendazole (400mg) + Ivermectin (3mg),21.5,2
MED00257,Albendazole (400mg) + Ivermectin (6mg),42.08,290
MED00258,Albendazole (400mg) + Levamisole (150mg),40.4,11
MED00259,Albendazole (400mg/5ml),18.0,3
MED00260,Albendazole (400mg/5ml) + Ivermectin (6mg/5ml),35.0,1
MED00261,Albendazole (500mg),12.22,1
MED00262,Albendazole (600mg),20.0,1
MED00263,Albendazole (NA),24.0,37
MED00264,Albendazole (NA) + Ivermectin (NA),18.66,16
MED00265,Albumin (20% w/v),5006.0,4
MED00266,Albumin (20%),4972.25,33
MED00267,Albumin (5%),4556.83,3
MED00268,Albumin (900mg) + Paclitaxel (100mg),6030.0,1
MED00269,Alcaftadine (0.25% w/v),224.0,2
MED00270,Alcaftadine (0.25% w/v) + Ketorolac (0.4% w/v),246.0,1
MED00271,Alcaftadine (2.5mg),255.0,1
MED00272,Alcaftadine (2.5mg/ml),242.5,2
MED00273,Alcohol (10% v/v) + Diclofenac diethylamine (4.64% w/v),235.0,1
MED00274,Alcohol (13% w/v),40.53,3
MED00275,Alendronic Acid (10mg),52.51,7
MED00276,Alendronic Acid (35mg),98.22,4
MED00277,Alendronic Acid (70mg),140.19,15
MED00278,Alendronic Acid (70mg) + Calcium (500mg),175.0,2
MED00279,Alendronic Acid (70mg) + Vitamin D3 (2800IU),182.5,2
MED00280,Alendronic Acid (70mg) + Vitamin D3 (5600IU),331.25,8
MED00281,Alfacalcidol (0.25mcg),89.47,4
MED00282,Alfacalcidol (0.5mcg),109.05,2
MED00283,Alfacalcidol (1mcg),317.0,1
MED00284,Alfuzosin (10mg),150.22,41
MED00285,Alfuzosin (10mg) + Dutasteride (0.5mg),209.58,28
MED00286,Alfuzosin (10mg) + Solifenacin (5mg),382.0,1
MED00287,Alginic Acid (1000mg) + Potassium Hydrogen Carbonate (200mg),210.0,1
MED00288,Alginic Acid (100mg) + Magaldrate (500mg),57.55,2
MED00289,Alginic Acid (100mg/5ml) + Magaldrate (500mg/5ml),70.0,1
MED00290,Alginic Acid (150mg) + Pantoprazole (40mg),181.0,1
MED00291,Alginic Acid (250mg/5ml) + Calcium Carbonate (80mg/5ml),199.0,1
MED00292,Aliskiren (150mg),342.75,1
MED00293,Aliskiren (150mg) + Hydrochlorothiazide (12.5mg),342.75,1
MED00294,Aliskiren (300mg),408.5,1
MED00295,Aliskiren (300mg) + Hydrochlorothiazide (12.5mg),408.5,1
MED00296,Allantoin (0.01gm) + Allium Cepa (0.1gm),333.5,2
MED00297,Allantoin (0.1% w/w) + Clindamycin (1% w/w),142.0,1
MED00298,Allantoin (0.2% w/w) + Clotrimazole (1% w/w),161.33,3
MED00299,Allantoin (0.5% w/w) + Calcium Dobesilate (0.5% w/w),120.71,1
MED00300,Allantoin (0.5% w/w) + Clindamycin (1% w/w),165.73,7
MED00301,Allopurinol (100mg),26.55,101
MED00302,Allopurinol (200mg),32.0,1
MED00303,Allopurinol (250mg),77.5,4
MED00304,Allopurinol (300mg),60.66,57
MED00305,Allopurinol (NA),42.34,2
MED00306,Allylestrenol (25mg),210.0,1
MED00307,Allylestrenol (5mg),96.48,63
MED00308,Almagate (500mg/5ml) + Simethicone (25mg/5ml),169.3,1
MED00309,Almotriptan (12.5mg),225.79,2
MED00310,Almotriptan (6.25mg),155.88,4
MED00311,Aloe Vera (10% v/v) + Ketoconazole (2% w/v),153.0,1
MED00312,Aloe Vera (10% w/v) + Calamine (8% w/v),142.5,2
MED00313,Aloe Vera (10% w/v) + Ketoconazole (2% w/v),285.0,1
MED00314,Aloe Vera (3%),150.0,1
MED00315,Aloe Vera (5% w/v) + Diphenhydramine (1% w/v),141.35,2
MED00316,Alogliptin (12.5mg),96.8,1
MED00317,Alogliptin (12.5mg) + Metformin (1000mg),371.99,2
MED00318,Alogliptin (12.5mg) + Metformin (500mg),306.54,2
MED00319,Alogliptin (25mg),132.0,1
MED00320,Alpelisib (200mg),34000.0,1
MED00321,Alpha Ketoanalogue (200mg),354.75,11
MED00322,Alpha Ketoanalogue (381mg),366.0,1
MED00323,Alpha Ketoanalogue (400mg),360.0,1
MED00324,Alpha Ketoanalogue (NA),413.8,45
MED00325,Alpha Lipoic Acid (100mg) + Benfotiamine (100mg),249.9,1
MED00326,Alpha Lipoic Acid (100mg) + Folic Acid (0.75mg),102.0,1
MED00327,Alpha Lipoic Acid (100mg) + Folic Acid (1.5mg),159.81,38
MED00328,Alpha Lipoic Acid (100mg) + Folic Acid (1mg),120.0,1
MED00329,Alpha Lipoic Acid (100mg) + L-Methyl Folate Calcium (1000mcg),185.9,1
MED00330,Alpha Lipoic Acid (100mg) + L-Methyl Folate Calcium (1mg),194.0,1
MED00331,Alpha Lipoic Acid (100mg) + Methylcobalamin (1.5mg),164.75,2
MED00332,Alpha Lipoic Acid (100mg) + Methylcobalamin (1500mcg),183.98,66
MED00333,Alpha Lipoic Acid (100mg) + Methylcobalamin (750mcg),337.7,1
MED00334,Alpha Lipoic Acid (100mg) + Rebamipide (100mg),167.5,1
MED00335,Alpha Lipoic Acid (150mg) + Folic Acid (1.5mg),165.0,1
MED00336,Alpha Lipoic Acid (150mg) + Folic Acid (500mcg),185.0,1
MED00337,Alpha Lipoic Acid (200mg) + Benfotiamine (150mg),165.0,1
MED00338,Alpha Lipoic Acid (200mg) + Chromium Picolinate (200mcg),168.0,1
MED00339,Alpha Lipoic Acid (200mg) + Folic Acid (1.5mg),173.33,3
MED00340,Alpha Lipoic Acid (200mg) + Folic Acid (2.5mg),125.0,1
MED00341,Alpha Lipoic Acid (200mg) + Metformin (500mg),132.99,9
MED00342,Alpha Lipoic Acid (200mg) + Methylcobalamin (1500mcg),145.0,1
MED00343,Alpha Lipoic Acid (300mg) + Folic Acid (0.5mg),237.5,2
MED00344,Alpha Lipoic Acid (300mg) + L-Methyl Folate Calcium (0.5mg),300.0,1
MED00345,Alpha Lipoic Acid (300mg) + Methylcobalamin (500mcg),190.0,1
MED00346,Alpha Lipoic Acid (300mg) + Pregabalin (75mg),159.9,1
MED00347,Alpha Lipoic Acid (600mg),175.0,1
MED00348,Alpha Lipoic Acid (NA) + Pregabalin (NA),190.0,1
MED00349,Alpha glycerylphosphorylcholine (200mg) + Piracetam (800mg),540.0,1
MED00350,Alpha glycerylphosphorylcholine (250mg) + Piracetam (800mg),659.25,4
MED00351,Alpha glycerylphosphorylcholine (400mg),598.88,4
MED00352,Alpha-Beta Arteether (150mcg),95.0,1
MED00353,Alpha-Beta Arteether (150mg),93.24,286
MED00354,Alpha-Beta Arteether (150mg/2ml),93.97,27
MED00355,Alpha-Beta Arteether (75mg),73.61,51
MED00356,Alpha-Beta Arteether (75mg/ml),66.28,21
MED00357,Alpha-Beta Arteether (80mg),80.0,1
MED00358,Alpha-amylase (18.75mg) + Pepsin (12.50mg),125.0,4
MED00359,Alpha-amylase (18.75mg) + Pepsin (12.5mg),97.5,2
MED00360,Alpha-galactosidase (150mg) + Lipase (3mg),98.0,1
MED00361,Alprazolam (0.125mg),13.73,5
MED00362,Alprazolam (0.125mg) + Propranolol (20mg),61.55,3
MED00363,Alprazolam (0.25mg),12.38,279
MED00364,Alprazolam (0.25mg) + Fluoxetine (10mg),65.0,1
MED00365,Alprazolam (0.25mg) + Fluoxetine (20mg),38.6,66
MED00366,Alprazolam (0.25mg) + Imipramine (25mg),21.1,7
MED00367,Alprazolam (0.25mg) + Mebeverine (135mg),52.44,2
MED00368,Alprazolam (0.25mg) + Melatonin (3mg),19.86,2
MED00369,Alprazolam (0.25mg) + Omeprazole (20mg),41.9,1
MED00370,Alprazolam (0.25mg) + Paracetamol (500mg),21.03,2
MED00371,Alprazolam (0.25mg) + Propranolol (10mg),31.27,28
MED00372,Alprazolam (0.25mg) + Propranolol (20mg),31.55,106
MED00373,Alprazolam (0.25mg) + Sertindole (50mg),62.0,1
MED00374,Alprazolam (0.25mg) + Sertraline (25mg),53.14,11
MED00375,Alprazolam (0.25mg) + Sertraline (50mg),54.62,8
MED00376,Alprazolam (0.50mg),18.97,9
MED00377,Alprazolam (0.50mg) + Fluoxetine (20mg),49.0,1
MED00378,Alprazolam (0.50mg) + Sertraline (50mg),45.0,1
MED00379,Alprazolam (0.5mg),22.4,304
MED00380,Alprazolam (0.5mg) + Fluoxetine (20mg),37.5,4
MED00381,Alprazolam (0.5mg) + Melatonin (3mg),31.76,3
MED00382,Alprazolam (0.5mg) + Melatonin (NA),22.18,2
MED00383,Alprazolam (0.5mg) + Sertraline (25mg),56.04,16
MED00384,Alprazolam (0.5mg) + Sertraline (50mg),66.27,22
MED00385,Alprazolam (0.75mg),19.7,2
MED00386,Alprazolam (1.5mg),49.29,16
MED00387,Alprazolam (10mg),44.0,1
MED00388,Alprazolam (12.5mg),77.14,2
MED00389,Alprazolam (1mg),46.55,65
MED00390,Alprazolam (20mg),29.0,1
MED00391,Alprazolam (2mg),52.83,2
MED00392,Alprazolam (2mg) + Melatonin (NA),39.81,1
MED00393,Alprazolam (6.25mg),57.13,1
MED00394,Alprazolam (NA) + Fluoxetine (NA),36.0,2
MED00395,Alprazolam (NA) + Propranolol (NA),41.0,1
MED00396,Alprostadil (500mcg),5415.88,6
MED00397,Alteplase (20mg),23899.0,1
MED00398,Alteplase (50mg),49899.0,1
MED00399,Altretamine (50mg),5055.0,1
MED00400,Aluminium Hydroxide (0.25mg) + Hepatitis B Vaccine (rDNA) (10mcg),41.21,1
MED00401,Aluminium Hydroxide (0.25mg) + Oxetacaine (10mg),125.0,1
MED00402,Aluminium Hydroxide (0.291gm) + Oxetacaine (10mg),96.92,8
MED00403,Aluminium Hydroxide (0.291gm/5ml) + Oxetacaine (10mg/5ml),145.42,21
MED00404,Aluminium Hydroxide (0.291mg) + Oxetacaine (10mg),129.48,4
MED00405,Aluminium Hydroxide (0.291mg/5ml) + Oxetacaine (10mg/5ml),98.9,46
MED00406,Aluminium Hydroxide (0.5mg) + Hepatitis B Vaccine (rDNA) (20mcg),82.96,2
MED00407,Aluminium Hydroxide (1.57gm) + Milk Of Magnesia (1.27gm),112.45,1
MED00408,Aluminium Hydroxide (100mg) + Diazepam (2.5mg),14.0,1
MED00409,Aluminium Hydroxide (125mg) + Magnesium (250mg),56.7,1
MED00410,Aluminium Hydroxide (125mg) + Magnesium (500mg),48.75,1
MED00411,Aluminium Hydroxide (150mg/5ml) + Oxetacaine (5mg/5ml),60.5,1
MED00412,Aluminium Hydroxide (200mg) + Dimethicone (25mg),47.56,3
MED00413,Aluminium Hydroxide (200mg) + Magnesium (200mg),60.41,9
MED00414,Aluminium Hydroxide (200mg) + Magnesium (400mg),7.6,1
MED00415,Aluminium Hydroxide (200mg/5ml) + Dicyclomine (2.5mg/5ml),96.5,2
MED00416,Aluminium Hydroxide (200mg/5ml) + Dimethicone (25mg/5ml),45.0,1
MED00417,Aluminium Hydroxide (200mg/5ml) + Magnesium (200mg/5ml),83.25,4
MED00418,Aluminium Hydroxide (215mg) + Magnesium (80mg),15.0,1
MED00419,Aluminium Hydroxide (225mg) + Magnesium (200mg),36.69,1
MED00420,Aluminium Hydroxide (250mg) + Dicyclomine (10mg),45.0,1
MED00421,Aluminium Hydroxide (250mg) + Dimethicone (50mg),83.61,9
MED00422,Aluminium Hydroxide (250mg) + Magnesium (200mg),70.0,2
MED00423,Aluminium Hydroxide (250mg) + Magnesium (250mg),69.14,45
MED00424,Aluminium Hydroxide (250mg) + Milk Of Magnesia (250mg),96.81,2
MED00425,Aluminium Hydroxide (250mg) + Oxetacaine (10mg),75.0,1
MED00426,Aluminium Hydroxide (250mg) + Simethicone (25mg),68.12,4
MED00427,Aluminium Hydroxide (250mg) + Simethicone (40mg),122.07,3
MED00428,Aluminium Hydroxide (250mg) + Simethicone (50mg),71.0,3
MED00429,Aluminium Hydroxide (250mg/10ml) + Simethicone (50mg/10ml),39.0,1
MED00430,Aluminium Hydroxide (250mg/5ml) + Dimethicone (50mg),55.0,1
MED00431,Aluminium Hydroxide (250mg/5ml) + Dimethicone (50mg/5ml),76.13,6
MED00432,Aluminium Hydroxide (250mg/5ml) + Magnesium (200mg/5ml),125.0,1
MED00433,Aluminium Hydroxide (250mg/5ml) + Magnesium (250mg/5ml),81.67,6
MED00434,Aluminium Hydroxide (250mg/5ml) + Milk Of Magnesia (250mg/5ml),150.0,1
MED00435,Aluminium Hydroxide (250mg/5ml) + Oxetacaine (10mg/5ml),107.8,5
MED00436,Aluminium Hydroxide (250mg/5ml) + Simethicone (50mg/5ml),73.06,7
MED00437,Aluminium Hydroxide (291mg) + Oxetacaine (10mg),97.82,17
MED00438,Aluminium Hydroxide (291mg/5ml) + Oxetacaine (10mg/5ml),100.86,4
MED00439,Aluminium Hydroxide (300mg) + Dicyclomine (10mg),12.9,1
MED00440,Aluminium Hydroxide (300mg) + Magnesium (150mg),146.16,2
MED00441,Aluminium Hydroxide (300mg) + Magnesium (200mg),131.22,2
MED00442,Aluminium Hydroxide (300mg) + Magnesium (250mg),12.0,1
MED00443,Aluminium Hydroxide (300mg) + Magnesium (550mg),12.0,1
MED00444,Aluminium Hydroxide (300mg) + Milk Of Magnesia (150mg),95.0,1
MED00445,Aluminium Hydroxide (300mg) + Oxetacaine (10mg),124.35,6
MED00446,Aluminium Hydroxide (300mg/5ml) + Dimethicone (125mg/5ml),99.0,1
MED00447,Aluminium Hydroxide (300mg/5ml) + Dimethicone (40mg/5ml),127.57,2
MED00448,Aluminium Hydroxide (300mg/5ml) + Milk Of Magnesia (150mg/5ml),156.2,2
MED00449,Aluminium Hydroxide (300mg/5ml) + Milk Of Magnesia (250mg/5ml),85.0,1
MED00450,Aluminium Hydroxide (300mg/5ml) + Oxetacaine (10mg/5ml),98.96,4
MED00451,Aluminium Hydroxide (380mg/5ml) + Oxetacaine (10mg/5ml),141.5,2
MED00452,Aluminium Hydroxide (400mg) + Dicyclomine (5mg),83.0,2
MED00453,Aluminium Hydroxide (400mg) + Magnesium (400mg),37.39,3
MED00454,Aluminium Hydroxide (475mg) + Magnesium (200mg),34.5,1
MED00455,Aluminium Hydroxide (600mg) + Milk Of Magnesia (300mg),129.0,1
MED00456,Aluminium Hydroxide (600mg) + Oxetacaine (10mg),113.8,6
MED00457,Aluminium Hydroxide (600mg/5ml) + Milk Of Magnesia (300mg/5ml),135.0,1
MED00458,Aluminium Hydroxide (600mg/5ml) + Oxetacaine (10mg/5ml),160.08,2
MED00459,Aluminium Hydroxide (NA) + Dimethicone (NA),48.0,1
MED00460,Aluminium Hydroxide (NA) + Magnesium (NA),53.19,3
MED00461,Aluminium Hydroxide (NA) + Oxetacaine (NA),90.47,1
MED00462,Amantadine (100mg),165.6,10
MED00463,Amantadine (129mg),240.0,1
MED00464,Amantadine (193mg),290.0,1
MED00465,Amantadine (50mg),163.9,1
MED00466,Ambrisentan (10mg),2550.28,3
MED00467,Ambrisentan (5mg),1826.3,6
MED00468,Ambrisentan (5mg) + Tadalafil (20mg),1842.94,2
MED00469,Ambroxol (1.5mg) + Guaifenesin (50mg),56.0,1
MED00470,Ambroxol (100mg),37.0,1
MED00471,Ambroxol (100mg) + Doxycycline (75mg),99.9,1
MED00472,Ambroxol (10mg) + Guaifenesin (25mg),89.75,2
MED00473,Ambroxol (10mg) + Levocetirizine (5mg),65.0,1
MED00474,Ambroxol (12.5mg) + Levosalbutamol (1mg),85.0,1
MED00475,Ambroxol (120mg) + Cetirizine (10mg),79.1,1
MED00476,Ambroxol (15mg),211.4,2
MED00477,Ambroxol (15mg) + Amoxycillin (250mg),61.61,1
MED00478,Ambroxol (15mg) + Bromhexine (4mg),31.5,1
MED00479,Ambroxol (15mg) + Cetirizine (2.5mg),59.8,10
MED00480,Ambroxol (15mg) + Cetirizine (5mg),68.0,1
MED00481,Ambroxol (15mg) + Dextromethorphan Hydrobromide (10mg),50.95,11
MED00482,Ambroxol (15mg) + Dextromethorphan Hydrobromide (10mg/5ml),85.0,1
MED00483,Ambroxol (15mg) + Guaifenesin (1.25mg),71.0,1
MED00484,Ambroxol (15mg) + Guaifenesin (100mg),47.35,8
MED00485,Ambroxol (15mg) + Guaifenesin (10mg),69.0,1
MED00486,Ambroxol (15mg) + Guaifenesin (15mg),47.5,2
MED00487,Ambroxol (15mg) + Guaifenesin (50mg),62.91,354
MED00488,Ambroxol (15mg) + Levocetirizine (1mg),85.0,1
MED00489,Ambroxol (15mg) + Levocetirizine (2.5mg),55.35,3
MED00490,Ambroxol (15mg) + Levocetirizine (5mg),63.0,1
MED00491,Ambroxol (15mg) + Levosalbutamol (0.25mg),70.5,1
MED00492,Ambroxol (15mg) + Levosalbutamol (0.5mg),80.59,22
MED00493,Ambroxol (15mg) + Levosalbutamol (1mg),66.63,9
MED00494,Ambroxol (15mg) + Menthol (0.5mg),66.0,1
MED00495,Ambroxol (15mg) + Menthol (1mg),51.93,7
MED00496,Ambroxol (15mg) + Menthol (2.5mg),33.5,2
MED00497,Ambroxol (15mg) + Roxithromycin (150mg),152.37,1
MED00498,Ambroxol (15mg) + Salbutamol (1mg),45.2,5
MED00499,Ambroxol (15mg) + Salbutamol (2mg),119.18,3
MED00500,Ambroxol (15mg) + Terbutaline (1.25mg),54.45,19
MED00501,Ambroxol (15mg) + Terbutaline (1.5mg),44.9,1
MED00502,Ambroxol (15mg) + Theophylline (50mg),32.45,2
MED00503,Ambroxol (15mg/15ml) + Guaifenesin (50mg/15ml),130.0,1
MED00504,Ambroxol (15mg/15ml) + Levosalbutamol (0.5mg/15ml),80.0,1
MED00505,Ambroxol (15mg/5ml) + Bromhexine (2mg/5ml),60.0,2
MED00506,Ambroxol (15mg/5ml) + Cetirizine (2.5mg/5ml),93.5,1
MED00507,Ambroxol (15mg/5ml) + Cetirizine (5mg/5ml),80.0,1
MED00508,Ambroxol (15mg/5ml) + Chlorpheniramine Maleate (4mg/5ml),86.5,1
MED00509,Ambroxol (15mg/5ml) + Dextromethorphan Hydrobromide (10mg/5ml),74.35,18
MED00510,Ambroxol (15mg/5ml) + Guaifenesin (1.25mg/5ml),90.0,1
MED00511,Ambroxol (15mg/5ml) + Guaifenesin (100mg/5ml),60.66,10
MED00512,Ambroxol (15mg/5ml) + Guaifenesin (25mg/5ml),49.33,3
MED00513,Ambroxol (15mg/5ml) + Guaifenesin (50mg),49.31,1
MED00514,Ambroxol (15mg/5ml) + Guaifenesin (50mg/5ml),69.37,818
MED00515,Ambroxol (15mg/5ml) + Guaifenesin (5mg/5ml),71.0,1
MED00516,Ambroxol (15mg/5ml) + Levocetirizine (0.5mg/5ml),67.92,6
MED00517,Ambroxol (15mg/5ml) + Levosalbutamol (0.5mg/5ml),72.78,61
MED00518,Ambroxol (15mg/5ml) + Levosalbutamol (05mg/5ml),67.0,1
MED00519,Ambroxol (15mg/5ml) + Levosalbutamol (1.25mg/5ml),55.09,1
MED00520,Ambroxol (15mg/5ml) + Levosalbutamol (1mg/5ml),80.05,19
MED00521,Ambroxol (15mg/5ml) + Menthol (1mg/5ml),67.29,7
MED00522,Ambroxol (15mg/5ml) + Menthol (2.5mg/5ml),51.65,3
MED00523,Ambroxol (15mg/5ml) + Pseudoephedrine (30mg/5ml),89.75,1
MED00524,Ambroxol (15mg/5ml) + Salbutamol (1mg/5ml),30.2,1
MED00525,Ambroxol (15mg/5ml) + Terbutaline (1.25mg/5ml),72.36,9
MED00526,Ambroxol (15mg/5ml) + Terbutaline (1.5mg/5ml),82.0,1
MED00527,Ambroxol (15mg/5ml) + Terbutaline (2.5mg/5ml),84.0,1
MED00528,Ambroxol (15mg/5ml) + Theophylline (50mg/5ml),60.0,2
MED00529,Ambroxol (15mg/ml),24.5,1
MED00530,Ambroxol (2.5mg) + Levocetirizine (5mg),43.2,1
MED00531,Ambroxol (2.5mg) + Paracetamol (30mg),59.0,1
MED00532,Ambroxol (20mg) + Cetirizine (10mg),47.0,1
MED00533,Ambroxol (20mg) + Guaifenesin (50mg),72.9,8
MED00534,Ambroxol (20mg/5ml) + Chlorpheniramine Maleate (2mg/5ml),103.5,1
MED00535,Ambroxol (20mg/5ml) + Guaifenesin (50mg/5ml),76.3,1
MED00536,Ambroxol (250mg) + Cefixime (200mg),242.0,1
MED00537,Ambroxol (30.mg/5ml) + Levosalbutamol (1mg/5ml),74.5,1
MED00538,Ambroxol (30mg),31.02,11
MED00539,Ambroxol (30mg) + Amoxycillin (250mg),53.65,3
MED00540,Ambroxol (30mg) + Amoxycillin (500mg),86.48,4
MED00541,Ambroxol (30mg) + Azithromycin (500mg),93.01,5
MED00542,Ambroxol (30mg) + Cefadroxil (125mg),10.62,1
MED00543,Ambroxol (30mg) + Cefadroxil (250mg),49.0,1
MED00544,Ambroxol (30mg) + Cefadroxil (500mg),93.82,4
MED00545,Ambroxol (30mg) + Cefixime (100mg),83.3,3
MED00546,Ambroxol (30mg) + Cetirizine (10mg),29.79,2
MED00547,Ambroxol (30mg) + Cetirizine (2.5mg),49.23,9
MED00548,Ambroxol (30mg) + Cetirizine (3mg),32.62,1
MED00549,Ambroxol (30mg) + Cetirizine (5mg),64.67,17
MED00550,Ambroxol (30mg) + Desloratadine (2.5mg),86.0,2
MED00551,Ambroxol (30mg) + Dextromethorphan Hydrobromide (10mg),37.0,1
MED00552,Ambroxol (30mg) + Doxofylline (100mg),108.0,1
MED00553,Ambroxol (30mg) + Doxofylline (200mg),31.0,1
MED00554,Ambroxol (30mg) + Doxofylline (400mg),88.75,47
MED00555,Ambroxol (30mg) + Doxycycline (100mg),71.0,1
MED00556,Ambroxol (30mg) + Doxycycline (400mg),77.9,1
MED00557,Ambroxol (30mg) + Etofylline (100mg),38.85,2
MED00558,Ambroxol (30mg) + Guaifenesin (100mg),52.87,34
MED00559,Ambroxol (30mg) + Guaifenesin (200mg),64.23,4
MED00560,Ambroxol (30mg) + Guaifenesin (50mg),57.28,27
MED00561,Ambroxol (30mg) + Levocetirizine (2.5mg),54.16,23
MED00562,Ambroxol (30mg) + Levocetirizine (5mg),58.51,39
MED00563,Ambroxol (30mg) + Levosalbutamol (0.5mg),75.33,3
MED00564,Ambroxol (30mg) + Levosalbutamol (1mg),80.85,211
MED00565,Ambroxol (30mg) + Levosalbutamol (1mg/0.4ml),55.0,1
MED00566,Ambroxol (30mg) + Levosalbutamol (2.5mg),77.67,3
MED00567,Ambroxol (30mg) + Menthol (0.5mg),45.5,1
MED00568,Ambroxol (30mg) + Menthol (1mg),51.3,3
MED00569,Ambroxol (30mg) + Menthol (5mg),43.8,4
MED00570,Ambroxol (30mg) + Paracetamol (125mg),55.0,1
MED00571,Ambroxol (30mg) + Paracetamol (500mg),35.0,2
MED00572,Ambroxol (30mg) + Phenylephrine (5mg),48.5,2
MED00573,Ambroxol (30mg) + Pseudoephedrine (60mg),25.0,1
MED00574,Ambroxol (30mg) + Roxithromycin (150mg),71.42,26
MED00575,Ambroxol (30mg) + Roxithromycin (50mg),60.17,2
MED00576,Ambroxol (30mg) + Salbutamol (2mg),23.36,11
MED00577,Ambroxol (30mg) + Terbutaline (1.25mg),43.45,2
MED00578,Ambroxol (30mg) + Terbutaline (2.5mg),20.0,1
MED00579,Ambroxol (30mg) + Theophylline (100mg),36.31,6
MED00580,Ambroxol (30mg/10ml) + Guaifenesin (100mg/10ml),80.78,2
MED00581,Ambroxol (30mg/5ml),57.82,11
MED00582,Ambroxol (30mg/5ml) + Cetirizine (2.5mg/5ml),62.11,21
MED00583,Ambroxol (30mg/5ml) + Cetirizine (5mg/5ml),65.36,10
MED00584,Ambroxol (30mg/5ml) + Desloratadine (2.5mg/5ml),80.72,4
MED00585,Ambroxol (30mg/5ml) + Guaifenesin (100mg/5ml),75.81,25
MED00586,Ambroxol (30mg/5ml) + Guaifenesin (50mg/5ml),71.73,30
MED00587,Ambroxol (30mg/5ml) + Levocetirizine (2.5mg/5ml),58.16,26
MED00588,Ambroxol (30mg/5ml) + Levocetirizine (5mg/5ml),49.0,1
MED00589,Ambroxol (30mg/5ml) + Levosalbutamol (0.5mg/5ml),42.8,1
MED00590,Ambroxol (30mg/5ml) + Levosalbutamol (1.5mg/5ml),85.0,1
MED00591,Ambroxol (30mg/5ml) + Levosalbutamol (10mg/5ml),82.5,1
MED00592,Ambroxol (30mg/5ml) + Levosalbutamol (1mg/5ml),81.96,562
MED00593,Ambroxol (30mg/5ml) + Menthol (0.5mg/5ml),28.0,1
MED00594,Ambroxol (30mg/5ml) + Menthol (1mg/5ml),34.5,1
MED00595,Ambroxol (30mg/5ml) + Salbutamol (2mg/5ml),59.95,2
MED00596,Ambroxol (30mg/gm) + Levosalbutamol (1mg/5ml),86.5,2
MED00597,Ambroxol (30mg/ml) + Levosalbutamol (1mg/5ml),108.0,1
MED00598,Ambroxol (39mg/5ml) + Levosalbutamol (1mg/5ml),75.0,1
MED00599,Ambroxol (3mg/5ml) + Guaifenesin (10mg/5ml),55.0,1
MED00600,Ambroxol (45mg) + Cefadroxil (500mg),36.6,1
MED00601,Ambroxol (4mg) + Cetirizine (2.5mg),49.9,1
MED00602,Ambroxol (4mg) + Guaifenesin (100mg),68.9,1
MED00603,Ambroxol (4mg/5ml) + Cetirizine (2.5mg/5ml),70.97,4
MED00604,Ambroxol (50mg) + Levocetirizine (2.5mg),45.0,1
MED00605,Ambroxol (50mg) + Levocetirizine (5mg),44.34,3
MED00606,Ambroxol (50mg/5ml) + Guaifenesin (15mg/5ml),37.5,2
MED00607,Ambroxol (5mg) + Guaifenesin (50mg),58.25,2
MED00608,Ambroxol (5mg) + Guaifenesin (75mg),53.0,1
MED00609,Ambroxol (600mg) + Ciprofloxacin (500mg),66.63,1
MED00610,Ambroxol (60mg) + Amoxycillin (500mg),57.2,2
MED00611,Ambroxol (60mg) + Azithromycin (250mg),78.8,2
MED00612,Ambroxol (60mg) + Azithromycin (500mg),81.78,6
MED00613,Ambroxol (60mg) + Cefixime (200mg),127.8,4
MED00614,Ambroxol (60mg) + Cetirizine (10mg),21.75,2
MED00615,Ambroxol (60mg) + Cetirizine (5mg),41.88,40
MED00616,Ambroxol (60mg) + Desloratadine (5mg),48.4,1
MED00617,Ambroxol (60mg) + Doxycycline (100mg),29.83,1
MED00618,Ambroxol (60mg) + Gatifloxacin (400mg),75.13,5
MED00619,Ambroxol (60mg) + Guaifenesin (100mg),67.0,1
MED00620,Ambroxol (60mg) + Levocetirizine (10mg),58.0,1
MED00621,Ambroxol (60mg) + Levocetirizine (2.5mg),50.1,47
MED00622,Ambroxol (60mg) + Levocetirizine (25mg),36.5,2
MED00623,Ambroxol (60mg) + Levocetirizine (5mg),51.15,186
MED00624,Ambroxol (60mg) + Loratadine (5mg),61.47,10
MED00625,Ambroxol (60mg) + Paracetamol (500mg),45.36,4
MED00626,Ambroxol (60mg) + Phenylephrine (10mg),65.0,2
MED00627,Ambroxol (60mg) + Phenylephrine (5mg),60.12,4
MED00628,Ambroxol (60mg) + Pseudoephedrine (30mg),58.0,1
MED00629,Ambroxol (60mg) + Roxithromycin (150mg),83.27,13
MED00630,Ambroxol (60mg) + Theophylline (400mg),15.0,1
MED00631,Ambroxol (6mg) + Levosalbutamol (0.2mg),45.0,1
MED00632,Ambroxol (7.5mg),36.28,13
MED00633,Ambroxol (7.5mg) + Cetirizine (1.25mg),69.0,1
MED00634,Ambroxol (7.5mg) + Desloratadine (0.5mg),27.5,1
MED00635,Ambroxol (7.5mg) + Doxycycline (100mg),64.1,1
MED00636,Ambroxol (7.5mg) + Guaifenesin (12.5mg),48.27,22
MED00637,Ambroxol (7.5mg) + Levosalbutamol (0.25mg),49.0,21
MED00638,Ambroxol (7.5mg) + Salbutamol (0.5mg),20.0,1
MED00639,Ambroxol (7.5mg/5ml),32.0,1
MED00640,Ambroxol (7.5mg/5ml) + Guaifenesin (12.5mg/5ml),39.8,2
MED00641,Ambroxol (7.5mg/5ml) + Levosalbutamol (0.25mg/5ml),53.55,18
MED00642,Ambroxol (7.5mg/5ml) + Terbutaline (0.75mg/5ml),71.5,1
MED00643,Ambroxol (7.5mg/ml) + Guaifenesin (12.5mg/ml),54.33,3
MED00644,Ambroxol (7.5mg/ml) + Levosalbutamol (0.25mg/ml),56.18,38
MED00645,Ambroxol (7.5mg/ml) + Levosalbutamol (12.5mg/ml),45.0,1
MED00646,Ambroxol (75mg),156.82,4
MED00647,Ambroxol (75mg) + Azithromycin (250mg),52.06,2
MED00648,Ambroxol (75mg) + Azithromycin (500mg),213.04,6
MED00649,Ambroxol (75mg) + Cetirizine (10mg),57.0,2
MED00650,Ambroxol (75mg) + Doxycycline (400mg),113.0,1
MED00651,Ambroxol (75mg) + Gatifloxacin (400mg),47.0,3
MED00652,Ambroxol (75mg) + Levocetirizine (5mg),101.63,143
MED00653,Ambroxol (75mg) + Levofloxacin (500mg),75.09,7
MED00654,Ambroxol (75mg) + Loratadine (5mg),62.0,1
MED00655,Ambroxol (NA),41.68,5
MED00656,Ambroxol (NA) + Azithromycin (NA),82.02,1
MED00657,Ambroxol (NA) + Cetirizine (NA),38.35,16
MED00658,Ambroxol (NA) + Dextromethorphan Hydrobromide (NA),46.14,3
MED00659,Ambroxol (NA) + Guaifenesin (NA),47.42,47
MED00660,Ambroxol (NA) + Levocetirizine (NA),44.39,15
MED00661,Ambroxol (NA) + Levosalbutamol (NA),77.2,6
MED00662,Ambroxol (NA) + Roxithromycin (NA),75.0,1
MED00663,Ambroxol (NA) + Salbutamol (NA),35.22,4
MED00664,Ambroxol (NA) + Terbutaline (NA),69.93,3
MED00665,Amifostine (500mg),3234.67,8
MED00666,Amikacin (0.3% w/v),26.12,1
MED00667,Amikacin (0.5% w/v),28.85,1
MED00668,Amikacin (1% w/v),115.0,3
MED00669,Amikacin (1%),96.81,3
MED00670,Amikacin (1000mg),199.3,4
MED00671,Amikacin (100mg),23.4,505
MED00672,Amikacin (100mg/1ml),18.88,2
MED00673,Amikacin (100mg/2ml),18.34,2
MED00674,Amikacin (125mg),61.0,1
MED00675,Amikacin (125mg) + Cefepime (500mg),160.9,3
MED00676,Amikacin (125mg/ml),38.0,1
MED00677,Amikacin (200mg),20.42,3
MED00678,Amikacin (250mg),35.37,416
MED00679,Amikacin (250mg) + Cefepime (1000mg),270.34,4
MED00680,Amikacin (250mg/1ml),36.25,2
MED00681,Amikacin (250mg/2ml),30.0,1
MED00682,Amikacin (250mg/ml),68.0,1
MED00683,Amikacin (25mg),5.5,1
MED00684,Amikacin (500mg),68.63,839
MED00685,Amikacin (500mg) + Cefepime (2000mg),400.0,1
MED00686,Amikacin (500mg/1ml),65.0,2
MED00687,Amikacin (500mg/2ml),68.0,3
MED00688,Amikacin (50mg),15.94,7
MED00689,Amikacin (750mg),135.0,1
MED00690,Amikacin (NA),39.92,2
MED00691,Amiloride (2.5mg) + Atenolol (50mg),12.6,2
MED00692,Amiloride (2.5mg) + Hydrochlorothiazide (25mg),30.9,2
MED00693,Amiloride (5mg),41.0,1
MED00694,Amiloride (5mg) + Furosemide (40mg),11.51,7
MED00695,Amiloride (5mg) + Hydrochlorothiazide (50mg),50.42,2
MED00696,Amiloride (5mg) + Torasemide (10mg),83.22,2
MED00697,Amineptine (100mg),162.63,1
MED00698,Aminexil (1.5% w/v) + Minoxidil (10% w/v),937.0,2
MED00699,Aminexil (1.5% w/v) + Minoxidil (2% w/v),377.02,6
MED00700,Aminexil (1.5% w/v) + Minoxidil (5% w/v),635.09,17
MED00701,Aminexil (NA) + Minoxidil (NA),1150.0,1
MED00702,Amino Acids (10% w/v),552.0,2
MED00703,Amino Acids (18.24gm),590.0,1
MED00704,Amino Acids (250mg),18.0,1
MED00705,Amino Acids (5% w/v),1325.0,2
MED00706,Amino Acids (7% w/v),621.0,1
MED00707,Amino Acids (8% w/v),736.67,3
MED00708,Amino Acids (NA),961.94,6
MED00709,Aminobenzoic Acid (2% w/w) + Methoxsalen (0.75% w/w),114.0,1
MED00710,Aminophylline (125mg/ml),29.0,1
MED00711,Aminophylline (225mg),71.37,1
MED00712,Aminophylline (250mg),22.0,2
MED00713,Aminophylline (25mg),23.0,1
MED00714,Aminophylline (25mg/ml),20.04,1
MED00715,Aminophylline (350mg),71.0,1
MED00716,Aminophylline (NA),16.4,1
MED00717,Aminophylline (NA) + Theophylline (NA),50.0,1
MED00718,Amiodarone (100mg),61.51,17
MED00719,Amiodarone (150mg),76.37,7
MED00720,Amiodarone (200mg),124.08,16
MED00721,Amisulpride (100mg),114.65,125
MED00722,Amisulpride (200mg),213.14,103
MED00723,Amisulpride (20mg),57.5,1
MED00724,Amisulpride (25mg),45.52,3
MED00725,Amisulpride (300mg),299.52,17
MED00726,Amisulpride (400mg),398.51,28
MED00727,Amisulpride (500mg),112.72,1
MED00728,Amisulpride (50mg),74.19,95
MED00729,Amitriptyline (10mg),23.3,156
MED00730,Amitriptyline (10mg) + Gabapentin (100mg),94.01,9
MED00731,Amitriptyline (10mg) + Gabapentin (300mg),187.78,15
MED00732,Amitriptyline (10mg) + Methylcobalamin (1500mcg),149.18,5
MED00733,Amitriptyline (10mg) + Methylcobalamin (500mcg),128.5,1
MED00734,Amitriptyline (10mg) + Pantoprazole (40mg),140.0,1
MED00735,Amitriptyline (10mg) + Pregabalin (50mg),139.0,1
MED00736,Amitriptyline (10mg) + Pregabalin (75mg),185.14,9
MED00737,Amitriptyline (10mg) + Propranolol (40mg),77.63,3
MED00738,Amitriptyline (12.5mg) + Chlordiazepoxide (10mg),108.0,1
MED00739,Amitriptyline (12.5mg) + Chlordiazepoxide (5mg),31.16,102
MED00740,Amitriptyline (25mg),26.64,143
MED00741,Amitriptyline (25mg) + Chlordiazepoxide (10mg),46.92,83
MED00742,Amitriptyline (25mg) + Chlordiazepoxide (5mg),38.25,4
MED00743,Amitriptyline (25mg) + Methylcobalamin (1500mcg),177.04,2
MED00744,Amitriptyline (40mg) + Ketamine (20mg),142.43,1
MED00745,Amitriptyline (50mg),47.25,32
MED00746,Amitriptyline (5mg),24.8,6
MED00747,Amitriptyline (5mg) + Chlordiazepoxide (12.5mg),35.5,1
MED00748,Amitriptyline (5mg) + Methylcobalamin (1500mcg),129.32,4
MED00749,Amitriptyline (5mg) + Propranolol (20mg),54.95,1
MED00750,Amitriptyline (75mg),45.88,33
MED00751,Amitriptyline (NA),35.33,4
MED00752,Amitriptyline (NA) + Chlordiazepoxide (NA),31.85,14
MED00753,Amlexanox (50mg),114.03,3
MED00754,Amlodipine (1.25mg),43.89,4
MED00755,Amlodipine (10mg),47.79,109
MED00756,Amlodipine (10mg) + Atorvastatin (10mg),650.0,1
MED00757,Amlodipine (10mg) + Indapamide (1.5mg),151.25,1
MED00758,Amlodipine (10mg) + Perindopril erbumine (4mg),181.75,2
MED00759,Amlodipine (10mg) + Perindopril erbumine (8mg),207.53,2
MED00760,Amlodipine (10mg) + Telmisartan (40mg),32.5,1
MED00761,Amlodipine (10mg) + Valsartan (160mg),840.38,1
MED00762,Amlodipine (150mg) + Atenolol (50mg),249.0,1
MED00763,Amlodipine (2.5mg),22.07,106
MED00764,Amlodipine (2.5mg) + Atenolol (25mg),53.5,5
MED00765,Amlodipine (2.5mg) + Atenolol (50mg),69.1,14
MED00766,Amlodipine (2.5mg) + Atorvastatin (10mg),74.34,7
MED00767,Amlodipine (2.5mg) + Bisoprolol (2.5mg),44.0,2
MED00768,Amlodipine (2.5mg) + Enalapril (2.5mg),24.0,1
MED00769,Amlodipine (2.5mg) + Hydrochlorothiazide (12.5mg),82.44,5
MED00770,Amlodipine (2.5mg) + Indapamide (1.5mg),133.1,1
MED00771,Amlodipine (2.5mg) + Irbesartan (150mg),189.0,1
MED00772,Amlodipine (2.5mg) + Lisinopril (2.5mg),67.47,2
MED00773,Amlodipine (2.5mg) + Lisinopril (5mg),72.66,2
MED00774,Amlodipine (2.5mg) + Losartan (25mg),36.14,6
MED00775,Amlodipine (2.5mg) + Losartan (50mg),160.38,9
MED00776,Amlodipine (2.5mg) + Metoprolol Succinate (23.75mg),156.1,2
MED00777,Amlodipine (2.5mg) + Metoprolol Succinate (25mg),84.4,17
MED00778,Amlodipine (2.5mg) + Metoprolol Succinate (50mg),79.33,3
MED00779,Amlodipine (2.5mg) + Nebivolol (2.5mg),110.5,1
MED00780,Amlodipine (2.5mg) + Nebivolol (5mg),118.24,4
MED00781,Amlodipine (2.5mg) + Olmesartan Medoxomil (20mg),137.3,2
MED00782,Amlodipine (2.5mg) + Ramipril (2.5mg),62.65,7
MED00783,Amlodipine (2.5mg) + Telmisartan (20mg),166.25,1
MED00784,Amlodipine (2.5mg) + Telmisartan (40mg),153.86,7
MED00785,Amlodipine (2.5mg) + Valsartan (80mg),148.0,1
MED00786,Amlodipine (20mg),20.03,1
MED00787,Amlodipine (25mg) + Atorvastatin (NA),110.0,1
MED00788,Amlodipine (25mg) + Metoprolol Succinate (5mg),112.5,1
MED00789,Amlodipine (50mg) + Atorvastatin (NA),145.15,1
MED00790,Amlodipine (50mg) + Metoprolol Succinate (47.5mg),59.0,1
MED00791,Amlodipine (50mg) + Telmisartan (40mg),79.0,1
MED00792,Amlodipine (5mg),29.1,303
MED00793,Amlodipine (5mg) + Atenolol (100mg),24.0,1
MED00794,Amlodipine (5mg) + Atenolol (10mg),35.0,1
MED00795,Amlodipine (5mg) + Atenolol (25mg),46.07,21
MED00796,Amlodipine (5mg) + Atenolol (50mg),45.0,461
MED00797,Amlodipine (5mg) + Atorvastatin (10mg),88.2,30
MED00798,Amlodipine (5mg) + Atorvastatin (20mg),152.76,1
MED00799,Amlodipine (5mg) + Benazepril (10mg),73.0,1
MED00800,Amlodipine (5mg) + Bisoprolol (2.5mg),87.31,12
MED00801,Amlodipine (5mg) + Bisoprolol (5mg),93.09,16
MED00802,Amlodipine (5mg) + Chlorthalidone (12.5mg),93.55,4
MED00803,Amlodipine (5mg) + Chlorthalidone (6.25mg),58.0,1
MED00804,Amlodipine (5mg) + Enalapril (2.5mg),37.17,3
MED00805,Amlodipine (5mg) + Enalapril (5mg),60.09,7
MED00806,Amlodipine (5mg) + Hydrochlorothiazide (12.5mg),58.84,33
MED00807,Amlodipine (5mg) + Indapamide (1.5mg),147.62,1
MED00808,Amlodipine (5mg) + Lisinopril (10mg),141.0,1
MED00809,Amlodipine (5mg) + Lisinopril (5mg),65.97,45
MED00810,Amlodipine (5mg) + Losartan (25mg),51.35,3
MED00811,Amlodipine (5mg) + Losartan (50mg),78.85,111
MED00812,Amlodipine (5mg) + Metoprolol Succinate (23.75mg),85.77,4
MED00813,Amlodipine (5mg) + Metoprolol Succinate (25mg),76.06,67
MED00814,Amlodipine (5mg) + Metoprolol Succinate (47.5mg),107.03,6
MED00815,Amlodipine (5mg) + Metoprolol Succinate (50mg),83.63,159
MED00816,Amlodipine (5mg) + Moxonidine (0.2mg),70.05,2
MED00817,Amlodipine (5mg) + Nebivolol (5mg),109.28,23
MED00818,Amlodipine (5mg) + Olmesartan Medoxomil (20mg),124.98,139
MED00819,Amlodipine (5mg) + Olmesartan Medoxomil (40mg),188.16,93
MED00820,Amlodipine (5mg) + Perindopril erbumine (4mg),165.58,5
MED00821,Amlodipine (5mg) + Perindopril erbumine (8mg),222.64,1
MED00822,Amlodipine (5mg) + Ramipril (10mg),445.56,1
MED00823,Amlodipine (5mg) + Ramipril (2.5mg),66.27,19
MED00824,Amlodipine (5mg) + Ramipril (5mg),126.48,15
MED00825,Amlodipine (5mg) + Telmisartan (20mg),69.6,4
MED00826,Amlodipine (5mg) + Telmisartan (40mg),98.79,802
MED00827,Amlodipine (5mg) + Telmisartan (80mg),179.15,87
MED00828,Amlodipine (5mg) + Valsartan (160mg),294.18,4
MED00829,Amlodipine (5mg) + Valsartan (80mg),265.57,3
MED00830,Amlodipine (7.5mg),33.0,1
MED00831,Amlodipine (80mg) + Telmisartan (5mg),100.0,1
MED00832,Amlodipine (NA),27.25,1
MED00833,Amlodipine (NA) + Atenolol (NA),33.33,1
MED00834,Amlodipine (NA) + Lisinopril (NA),33.48,2
MED00835,Amlodipine (NA) + Telmisartan (NA),100.84,3
MED00836,Ammonium Chloride (0.138gm/5ml) + Sodium Citrate (57.03mg/5ml),39.9,1
MED00837,Ammonium Chloride (0.138mg) + Diphenhydramine (14.08mg),75.0,1
MED00838,Ammonium Chloride (0.138mg/5ml) + Diphenhydramine (14.8mg/5ml),11.62,1
MED00839,Ammonium Chloride (0.1gm/5ml) + Methdilazine (2.5mg/5ml),108.7,2
MED00840,Ammonium Chloride (100mg) + Bromhexine (8mg),52.22,10
MED00841,Ammonium Chloride (100mg) + Chlorpheniramine Maleate (2.5mg),55.0,1
MED00842,Ammonium Chloride (100mg) + Chlorpheniramine Maleate (2mg),40.88,2
MED00843,Ammonium Chloride (100mg) + Chlorpheniramine Maleate (4mg),22.6,1
MED00844,Ammonium Chloride (100mg) + Diphenhydramine (10mg),24.0,1
MED00845,Ammonium Chloride (100mg) + Guaifenesin (50mg),41.9,1
MED00846,Ammonium Chloride (100mg) + Guaifenesin (80mg),21.5,1
MED00847,Ammonium Chloride (100mg) + Sodium Citrate (50mg),50.42,4
MED00848,Ammonium Chloride (100mg) + Sodium Citrate (60mg),28.26,1
MED00849,Ammonium Chloride (100mg/10ml) + Bromhexine (8mg/10ml),51.2,3
MED00850,Ammonium Chloride (100mg/5ml) + Bromhexine (8mg/5ml),57.0,4
MED00851,Ammonium Chloride (100mg/5ml) + Chlorpheniramine Maleate (4.5mg/5ml),21.0,1
MED00852,Ammonium Chloride (100mg/5ml) + Diphenhydramine (10mg/5ml),121.9,1
MED00853,Ammonium Chloride (100mg/5ml) + Sodium Citrate (50mg/5ml),85.5,1
MED00854,Ammonium Chloride (10mg) + Bromhexine (8mg),32.0,1
MED00855,Ammonium Chloride (120mg) + Chlorpheniramine Maleate (2mg),22.0,1
MED00856,Ammonium Chloride (120mg) + Chlorpheniramine Maleate (4mg),62.31,2
MED00857,Ammonium Chloride (120mg/5ml) + Diphenhydramine (10mg/5ml),80.0,1
MED00858,Ammonium Chloride (125mg) + Chlorpheniramine Maleate (2.5mg),41.08,16
MED00859,Ammonium Chloride (125mg) + Chlorpheniramine Maleate (4mg),37.71,4
MED00860,Ammonium Chloride (125mg) + Diphenhydramine (12.5mg),58.39,6
MED00861,Ammonium Chloride (125mg) + Sodium Citrate (55mg),57.4,1
MED00862,Ammonium Chloride (125mg/5ml) + Chlorpheniramine Maleate (2.5mg/5ml),36.5,2
MED00863,Ammonium Chloride (125mg/5ml) + Chlorpheniramine Maleate (4mg/5ml),45.0,1
MED00864,Ammonium Chloride (125mg/5ml) + Diphenhydramine (12.5mg/5ml),66.6,5
MED00865,Ammonium Chloride (13.8mg/5ml) + Sodium Citrate (57.03mg/5ml),68.0,1
MED00866,Ammonium Chloride (130mg) + Sodium Citrate (60mg),18.0,1
MED00867,Ammonium Chloride (138mg) + Diphenhydramine (14.08mg),44.17,6
MED00868,Ammonium Chloride (138mg) + Sodium Citrate (57.03mg),60.34,23
MED00869,Ammonium Chloride (138mg) + Sodium Citrate (57mg),48.0,2
MED00870,Ammonium Chloride (138mg/5ml) + Diphenhydramine (14.08mg/5ml),90.26,13
MED00871,Ammonium Chloride (138mg/5ml) + Sodium Citrate (57.03mg/5ml),65.2,39
MED00872,Ammonium Chloride (138mg/5ml) + Sodium Citrate (57mg/5ml),92.0,1
MED00873,Ammonium Chloride (138ml) + Diphenhydramine (14.08mg),82.0,1
MED00874,Ammonium Chloride (140mg) + Sodium Citrate (57mg),24.0,1
MED00875,Ammonium Chloride (140mg) + Sodium Citrate (75mg),65.0,1
MED00876,Ammonium Chloride (140mg/5ml) + Sodium Citrate (100mg/5ml),60.0,1
MED00877,Ammonium Chloride (28mg/5ml) + Noscapine (15mg/5ml),106.7,1
MED00878,Ammonium Chloride (28mg/5ml) + Noscapine (7mg/5ml),93.5,1
MED00879,Ammonium Chloride (30mg) + Chlorpheniramine Maleate (2.5mg),75.0,1
MED00880,Ammonium Chloride (50mg) + Bromhexine (4mg),53.7,13
MED00881,Ammonium Chloride (50mg) + Chlorpheniramine Maleate (2.5mcg),36.29,1
MED00882,Ammonium Chloride (50mg) + Chlorpheniramine Maleate (2.5mg),69.0,1
MED00883,Ammonium Chloride (50mg) + Sodium Citrate (50mg),33.0,1
MED00884,Ammonium Chloride (50mg/5ml) + Bromhexine (4mg/5ml),67.17,21
MED00885,Ammonium Chloride (50mg/5ml) + Chlorpheniramine Maleate (2mg/5ml),15.0,1
MED00886,Ammonium Chloride (60mg) + Chlorpheniramine Maleate (2.5mg),55.21,15
MED00887,Ammonium Chloride (60mg) + Dextromethorphan Hydrobromide (5mg),70.85,1
MED00888,Ammonium Chloride (60mg/5ml) + Chlorpheniramine Maleate (2.5mg/5ml),68.5,28
MED00889,Ammonium Chloride (60mg/5ml) + Chlorpheniramine Maleate (2mg/5ml),65.69,4
MED00890,Ammonium Chloride (60mg/5ml) + Dextromethorphan Hydrobromide (5mg/5ml),68.0,1
MED00891,Ammonium Chloride (7.00mg) + Noscapine (1.83mg),24.0,1
MED00892,Ammonium Chloride (70mg) + Chlorpheniramine Maleate (2.5mg),38.0,1
MED00893,Ammonium Chloride (75mg) + Chlorpheniramine Maleate (4mg),22.0,1
MED00894,Ammonium Chloride (75mg) + Sodium Citrate (35mg),32.0,1
MED00895,Ammonium Chloride (75mg/5ml) + Chlorpheniramine Maleate (2mg/5ml),102.0,1
MED00896,Ammonium Chloride (7mg/5ml) + Noscapine (1.83mg/5ml),77.07,1
MED00897,Ammonium Chloride (90mg) + Sodium Citrate (45mg),34.25,1
MED00898,Ammonium Chloride (90mg/5ml) + Sodium Citrate (60mg/5ml),29.7,1
MED00899,Ammonium Chloride (NA) + Diphenhydramine (NA),45.42,3
MED00900,Ammonium Lactate (12% w/w) + Clobetasol (0.05% w/w),153.98,4
MED00901,Amodiaquine (150mg),3.0,1
MED00902,Amodiaquine (200mg),5.0,1
MED00903,Amodiaquine (306mg) + Artesunate (100mg),130.0,1
MED00904,Amorolfine (0.25% w/v),370.87,3
MED00905,Amorolfine (0.25% w/w),279.33,80
MED00906,Amorolfine (0.25% w/w) + Phenoxyethanol (1% w/w),317.08,14
MED00907,Amorolfine (0.25%),230.0,2
MED00908,Amorolfine (2.5mg),75.0,1
MED00909,Amorolfine (5% w/v),513.14,5
MED00910,Amoxapine (100mg),125.96,10
MED00911,Amoxapine (50mg),63.47,10
MED00912,Amoxycillin (1000mg),27.1,1
MED00913,Amoxycillin (1000mg) + Clavulanic Acid (125mg),133.0,1
MED00914,Amoxycillin (1000mg) + Clavulanic Acid (200mg),145.78,499
MED00915,Amoxycillin (1000mg) + Clavulanic Acid (62.5mg),560.85,2
MED00916,Amoxycillin (1000mg) + Sulbactam (500mg),256.67,6
MED00917,Amoxycillin (100mg),52.62,12
MED00918,Amoxycillin (100mg) + Clavulanic Acid (200mg),143.24,2
MED00919,Amoxycillin (100mg) + Clavulanic Acid (28.5mg/5ml),61.0,1
MED00920,Amoxycillin (10mg) + Tinidazole (NA),54.9,1
MED00921,Amoxycillin (125mg),26.3,280
MED00922,Amoxycillin (125mg) + Bromhexine (4mg),32.83,4
MED00923,Amoxycillin (125mg) + Bromhexine (NA),26.0,1
MED00924,Amoxycillin (125mg) + Clavulanic Acid (25mg),45.92,17
MED00925,Amoxycillin (125mg) + Clavulanic Acid (28.5mg),80.2,2
MED00926,Amoxycillin (125mg) + Clavulanic Acid (31.25mg),72.73,46
MED00927,Amoxycillin (125mg) + Clavulanic Acid (31.5mg),66.5,3
MED00928,Amoxycillin (125mg) + Clavulanic Acid (32.25mg),55.0,1
MED00929,Amoxycillin (125mg) + Clavulanic Acid (62.5mg),45.0,2
MED00930,Amoxycillin (125mg) + Clavulanic Acid (NA),57.68,1
MED00931,Amoxycillin (125mg) + Cloxacillin (125mg),27.03,67
MED00932,Amoxycillin (125mg) + Dicloxacillin (125mg),39.05,10
MED00933,Amoxycillin (125mg) + Lactobacillus (30Million spores),18.61,4
MED00934,Amoxycillin (125mg) + Lactobacillus (40Million spores),18.2,1
MED00935,Amoxycillin (125mg) + Lactobacillus (60Million spores),23.69,17
MED00936,Amoxycillin (125mg) + Lactobacillus (60millionspores),19.78,1
MED00937,Amoxycillin (125mg/5ml),31.69,27
MED00938,Amoxycillin (125mg/5ml) + Clavulanic Acid (28.5mg/5ml),64.68,1
MED00939,Amoxycillin (125mg/5ml) + Clavulanic Acid (31.25mg/5ml),67.74,2
MED00940,Amoxycillin (125ml),20.0,1
MED00941,Amoxycillin (1500mg),50.0,1
MED00942,Amoxycillin (150mg) + Bromhexine (NA),33.75,1
MED00943,Amoxycillin (1gm) + Clavulanic Acid (0.2gm),175.14,18
MED00944,Amoxycillin (1gm) + Clavulanic Acid (200mg),141.22,3
MED00945,Amoxycillin (2.5gm) + Dicloxacillin (NA),77.5,1
MED00946,Amoxycillin (200gm) + Clavulanic Acid (28.5mg),82.5,2
MED00947,Amoxycillin (200mg),36.0,1
MED00948,Amoxycillin (200mg) + Clavulanic Acid (125mg),115.42,9
MED00949,Amoxycillin (200mg) + Clavulanic Acid (200mg),57.0,1
MED00950,Amoxycillin (200mg) + Clavulanic Acid (28.50mg),60.0,1
MED00951,Amoxycillin (200mg) + Clavulanic Acid (28.5mg),67.47,1166
MED00952,Amoxycillin (200mg) + Clavulanic Acid (28.5mg/5ml),67.15,7
MED00953,Amoxycillin (200mg) + Clavulanic Acid (28.75mg),69.0,1
MED00954,Amoxycillin (200mg) + Clavulanic Acid (28mg),93.04,3
MED00955,Amoxycillin (200mg) + Clavulanic Acid (37.5mg),140.0,1
MED00956,Amoxycillin (200mg) + Clavulanic Acid (NA),91.35,1
MED00957,Amoxycillin (200mg) + Cloxacillin (200mg),56.74,1
MED00958,Amoxycillin (200mg) + Cloxacillin (28.5mg),58.9,1
MED00959,Amoxycillin (200mg/5ml) + Clavulanic Acid (125mg/5ml),62.5,1
MED00960,Amoxycillin (200mg/5ml) + Clavulanic Acid (28.50mg/5ml),55.0,1
MED00961,Amoxycillin (200mg/5ml) + Clavulanic Acid (28.5mg/5ml),63.85,275
MED00962,Amoxycillin (200mg/5ml) + Clavulanic Acid (28.75mg/5ml),58.0,1
MED00963,Amoxycillin (200mg/5ml) + Clavulanic Acid (28mg/5ml),60.4,1
MED00964,Amoxycillin (228.5mg),90.0,1
MED00965,Amoxycillin (250mg),39.52,632
MED00966,Amoxycillin (250mg) + Bromhexine (4mg),29.09,2
MED00967,Amoxycillin (250mg) + Bromhexine (8mg),45.05,33
MED00968,Amoxycillin (250mg) + Bromhexine (NA),76.5,1
MED00969,Amoxycillin (250mg) + Carbocisteine (150mg),47.55,6
MED00970,Amoxycillin (250mg) + Clavulanic Acid (125mg),141.95,525
MED00971,Amoxycillin (250mg) + Clavulanic Acid (150mg),150.0,1
MED00972,Amoxycillin (250mg) + Clavulanic Acid (250mg),69.62,4
MED00973,Amoxycillin (250mg) + Clavulanic Acid (28.5mg),64.9,1
MED00974,Amoxycillin (250mg) + Clavulanic Acid (50mg),68.7,49
MED00975,Amoxycillin (250mg) + Cloxacillin (125mg),147.03,4
MED00976,Amoxycillin (250mg) + Cloxacillin (250mg),52.87,304
MED00977,Amoxycillin (250mg) + Dicloxacillin (250mg),74.28,384
MED00978,Amoxycillin (250mg) + Dicloxacillin (NA),63.66,2
MED00979,Amoxycillin (250mg) + Lactobacillus (1700Million spores),79.5,1
MED00980,Amoxycillin (250mg) + Lactobacillus (60Million cells),37.0,1
MED00981,Amoxycillin (250mg) + Lactobacillus (60Million spores),42.11,55
MED00982,Amoxycillin (250mg) + Lactobacillus (60millionspores),54.59,2
MED00983,Amoxycillin (250mg) + Potassium Clavulanate (125mg),101.18,1
MED00984,Amoxycillin (250mg) + Probenecid (250mg),40.3,1
MED00985,Amoxycillin (250mg) + Serratiopeptidase (5mg),66.0,1
MED00986,Amoxycillin (250mg) + Sulbactam (250mg),258.8,5
MED00987,Amoxycillin (250mg/5ml),75.51,1
MED00988,Amoxycillin (250mg/5ml) + Clavulanic Acid (28.5mg/5ml),75.0,1
MED00989,Amoxycillin (250mg/5ml) + Sulbactam (250mg/5ml),164.0,1
MED00990,Amoxycillin (2gm) + Cloxacillin (NA),68.76,1
MED00991,Amoxycillin (2mg) + Tinidazole (NA),17.05,1
MED00992,Amoxycillin (300mg) + Clavulanic Acid (75mg),210.0,1
MED00993,Amoxycillin (333mg),69.0,1
MED00994,Amoxycillin (333mg) + Bromhexine (8mg),50.0,1
MED00995,Amoxycillin (333mg) + Lactobacillus (60Million spores),60.0,1
MED00996,Amoxycillin (3500mg) + Dicloxacillin (NA),110.0,1
MED00997,Amoxycillin (350mg) + Clavulanic Acid (75mg),46.9,1
MED00998,Amoxycillin (3gm) + Cloxacillin (NA),89.93,1
MED00999,Amoxycillin (4.5mg) + Dicloxacillin (NA),140.0,1
MED01000,Amoxycillin (400mg) + Clavulanic Acid (28.5mg),124.64,2
MED01001,Amoxycillin (400mg) + Clavulanic Acid (47mg),115.0,1
MED01002,Amoxycillin (400mg) + Clavulanic Acid (57.7mg),116.0,1
MED01003,Amoxycillin (400mg) + Clavulanic Acid (57mg),121.71,264
MED01004,Amoxycillin (400mg) + Clavulanic Acid (68mg),93.45,1
MED01005,Amoxycillin (400mg/5ml) + Clavulanic Acid (57mg/5ml),121.76,196
MED01006,Amoxycillin (500mcg) + Clavulanic Acid (125mg),172.0,1
MED01007,Amoxycillin (500mg),65.96,581
MED01008,Amoxycillin (500mg) + Bromhexine (8mg),73.59,17
MED01009,Amoxycillin (500mg) + Bromhexine (NA),98.81,1
MED01010,Amoxycillin (500mg) + Carbocisteine (150mg),79.96,4
MED01011,Amoxycillin (500mg) + Clavulanic Acid (100mg),97.91,27
MED01012,Amoxycillin (500mg) + Clavulanic Acid (12.5mg),63.0,1
MED01013,Amoxycillin (500mg) + Clavulanic Acid (125mg),170.47,2604
MED01014,Amoxycillin (500mg) + Clavulanic Acid (500mg),280.0,1
MED01015,Amoxycillin (500mg) + Clavulanic Acid (60Million spores),85.0,1
MED01016,Amoxycillin (500mg) + Cloxacillin (125mg),163.11,9
MED01017,Amoxycillin (500mg) + Cloxacillin (250mg),55.69,4
MED01018,Amoxycillin (500mg) + Cloxacillin (500mg),34.04,10
MED01019,Amoxycillin (500mg) + Cloxacillin (NA),23.61,3
MED01020,Amoxycillin (500mg) + Dicloxacillin (250mg),66.75,3
MED01021,Amoxycillin (500mg) + Dicloxacillin (500mg),15.08,1
MED01022,Amoxycillin (500mg) + Dicloxacillin (NA),54.78,2
MED01023,Amoxycillin (500mg) + Lactobacillus (1.66Billion Spores),81.0,1
MED01024,Amoxycillin (500mg) + Lactobacillus (120Million spores),75.0,1
MED01025,Amoxycillin (500mg) + Lactobacillus (1700Million spores),108.0,1
MED01026,Amoxycillin (500mg) + Lactobacillus (60Million Spores),85.0,1
MED01027,Amoxycillin (500mg) + Lactobacillus (60Million cells),250.0,1
MED01028,Amoxycillin (500mg) + Lactobacillus (60Million spores),79.96,56
MED01029,Amoxycillin (500mg) + Lactobacillus (NA),54.33,1
MED01030,Amoxycillin (500mg) + Pantoprazole (40mg),36.32,1
MED01031,Amoxycillin (500mg) + Potassium Clavulanate (125mg),220.41,18
MED01032,Amoxycillin (500mg) + Probenecid (500mg),75.42,1
MED01033,Amoxycillin (500mg) + Serratiopeptidase (10mg),110.0,1
MED01034,Amoxycillin (500mg) + Serratiopeptidase (5mg),65.0,1
MED01035,Amoxycillin (500mg) + Sulbactam (250mg),200.0,1
MED01036,Amoxycillin (500mg) + Sulbactam (500mg),607.5,4
MED01037,Amoxycillin (500mg) + Tinidazole (300mg),89.56,4
MED01038,Amoxycillin (500mg/5ml) + Clavulanic Acid (125mg/5ml),16.0,1
MED01039,Amoxycillin (50mg),11.25,1
MED01040,Amoxycillin (50mg) + Clavulanic Acid (1.25mg),69.0,1
MED01041,Amoxycillin (50mg/5ml) + Clavulanic Acid (31.25mg/5ml),89.95,1
MED01042,Amoxycillin (600mg) + Clavulanic Acid (42.9mg),186.2,2
MED01043,Amoxycillin (600mg/5ml) + Clavulanic Acid (42.9mg/5ml),203.28,1
MED01044,Amoxycillin (750mg),68.0,1
MED01045,Amoxycillin (750mg) + Clarithromycin (500mg),191.22,6
MED01046,Amoxycillin (750mg) + Omeprazole (20mg),69.75,1
MED01047,Amoxycillin (750mg) + Pantoprazole (40mg),171.76,14
MED01048,Amoxycillin (775mg),88.5,1
MED01049,Amoxycillin (80mg) + Clavulanic Acid (11.4mg),82.78,26
MED01050,Amoxycillin (80mg/ml) + Clavulanic Acid (11.4mg/ml),69.0,1
MED01051,Amoxycillin (875mg) + Clavulanic Acid (125mg),279.68,83
MED01052,Amoxycillin (875mg) + Lactobacillus (60Million spores),148.7,1
MED01053,Amoxycillin (875mg) + Potassium Clavulanate (125mg),202.0,1
MED01054,Amoxycillin (NA),18.24,4
MED01055,Amoxycillin (NA) + Bromhexine (NA),53.33,1
MED01056,Amoxycillin (NA) + Clavulanic Acid (NA),121.39,12
MED01057,Amoxycillin (NA) + Cloxacillin (NA),72.16,9
MED01058,Amoxycillin (NA) + Dicloxacillin (NA),56.7,5
MED01059,Amoxycillin (NA) + Lactobacillus (NA),17.5,1
MED01060,Amphotericin B (100mg),8925.33,3
MED01061,Amphotericin B (10mg),1281.33,3
MED01062,Amphotericin B (1mg),271.5,1
MED01063,Amphotericin B (25mg),2452.24,2
MED01064,Amphotericin B (50mg),3059.46,26
MED01065,Ampicillin (1000mg),22.5,6
MED01066,Ampicillin (1000mg) + Sulbactam (0.5mg),78.9,1
MED01067,Ampicillin (1000mg) + Sulbactam (500mg),200.07,15
MED01068,Ampicillin (100mg),23.15,7
MED01069,Ampicillin (100mg) + Cloxacillin (50mg),30.24,4
MED01070,Ampicillin (100mg) + Cloxacillin (NA),35.34,1
MED01071,Ampicillin (100mg) + Dicloxacillin (25mg),19.36,1
MED01072,Ampicillin (125mg),20.05,22
MED01073,Ampicillin (125mg) + Cloxacillin (125mg),25.23,72
MED01074,Ampicillin (125mg) + Cloxacillin (250mg),28.0,1
MED01075,Ampicillin (125mg) + Dicloxacillin (125mg),29.58,4
MED01076,Ampicillin (125mg) + Lactobacillus (40Million cells),14.08,1
MED01077,Ampicillin (125mg/5ml),14.5,1
MED01078,Ampicillin (1gm),14.61,4
MED01079,Ampicillin (1gm) + Sulbactam (0.5gm),110.0,1
MED01080,Ampicillin (2.5mg),70.0,1
MED01081,Ampicillin (2000mg) + Sulbactam (1000mg),789.0,1
MED01082,Ampicillin (225mg) + Sulbactam (150mg),373.33,3
MED01083,Ampicillin (250mg),28.14,67
MED01084,Ampicillin (250mg) + Cloxacillin (125mg),51.0,1
MED01085,Ampicillin (250mg) + Cloxacillin (250mg),37.64,153
MED01086,Ampicillin (250mg) + Cloxacillin (500mg),21.4,1
MED01087,Ampicillin (250mg) + Cloxacillin (NA),18.43,1
MED01088,Ampicillin (250mg) + Dicloxacillin (250mg),71.5,37
MED01089,Ampicillin (250mg) + Lactobacillus (40Million spores),24.54,1
MED01090,Ampicillin (250mg) + Lactobacillus (60Million spores),29.25,2
MED01091,Ampicillin (250mg) + Probenecid (250mg),37.22,1
MED01092,Ampicillin (250mg) + Sulbactam (125mg),297.82,5
MED01093,Ampicillin (250mg/5ml),26.92,1
MED01094,Ampicillin (375mg),435.0,1
MED01095,Ampicillin (375mg) + Sulbactam (NA),437.0,1
MED01096,Ampicillin (500mg),42.07,80
MED01097,Ampicillin (500mg) + Cloxacillin (500mg),22.51,31
MED01098,Ampicillin (500mg) + Cloxacillin (NA),30.66,2
MED01099,Ampicillin (500mg) + Dicloxacillin (500mg),66.83,4
MED01100,Ampicillin (500mg) + Lactobacillus (60Million spores),57.33,3
MED01101,Ampicillin (500mg) + Probenecid (500mg),71.82,1
MED01102,Ampicillin (500mg) + Sulbactam (250mg),93.8,5
MED01103,Ampicillin (50mg) + Cloxacillin (25mg),12.51,1
MED01104,Ampicillin (5mg),61.21,1
MED01105,Ampicillin (750mg) + Probenecid (NA),89.0,1
MED01106,Ampicillin (750mg) + Sulbactam (250mg),25.0,1
MED01107,Ampicillin (75mg) + Cloxacillin (NA),11.55,1
MED01108,Ampicillin (NA),22.26,2
MED01109,Ampicillin (NA) + Cloxacillin (NA),43.21,8
MED01110,Ampicillin (NA) + Dicloxacillin (NA),64.43,3
MED01111,Ampicillin (NA) + Probenecid (NA),50.27,1
MED01112,Ampicillin (NA) + Sulbactam (NA),235.33,2
MED01113,Amrinone (100mg),1890.0,2
MED01114,Amtolmetin Guacil (600mg),200.0,1
MED01115,Amylmetacresol (0.6mg) + Dextromethorphan Hydrobromide (5mg),47.5,6
MED01116,Amylmetacresol (0.6mg) + Dichlorobenzyl Alcohol (1.2mg),30.75,4
MED01117,Anastrozole (1mg),724.0,48
MED01118,Anidulafungin (100mg),10287.27,11
MED01119,Anidulafungin (50mg),6300.0,1
MED01120,Antacids With Anti Spasmodics (NA),35.5,2
MED01121,Anti Rh D Immunoglobulin (100mcg),1052.88,2
MED01122,Anti Rh D Immunoglobulin (150mcg),2069.04,1
MED01123,Anti Rh D Immunoglobulin (300mcg),2814.86,10
MED01124,Anti Rh D Immunoglobulin (300mcg/ml),3039.42,1
MED01125,Anti Rh D Immunoglobulin (50mcg),2705.62,2
MED01126,Anti Rh D Immunoglobulin (NA),2310.0,1
MED01127,Antithymocyte immunoglobulins (100mg),3960.0,1
MED01128,Antithymocyte immunoglobulins (20mg/ml),33000.0,1
MED01129,Antithymocyte immunoglobulins (250mg),12625.0,1
MED01130,Antithymocyte immunoglobulins (25mg),13800.0,1
MED01131,Apixaban (2.5mg),316.78,12
MED01132,Apixaban (5mg),389.57,11
MED01133,Apomorphine (2mg),150.0,1
MED01134,Apomorphine (3mg),385.52,1
MED01135,Apraclonidine (0.5%),40.0,1
MED01136,Apremilast (10mg),98.29,4
MED01137,Apremilast (10mg) + Apremilast (20mg),245.0,2
MED01138,Apremilast (20mg),103.02,2
MED01139,Apremilast (30mg),260.57,14
MED01140,Aprepitant (125mg),1196.0,3
MED01141,Aprepitant (125mg) + Aprepitant (125mg),1320.0,1
MED01142,Aprepitant (125mg) + Aprepitant (12mg),1300.0,1
MED01143,Aprepitant (125mg) + Aprepitant (80mg),1331.29,12
MED01144,Aprepitant (150mg),2579.7,4
MED01145,Aprotinin (1.4mg),1199.64,2
MED01146,Aprotinin (10ml),150.0,1
MED01147,Aprotinin (14mg),297.0,1
MED01148,Aprotinin (3000KIU) + Fibrinogen (70mg),4235.0,1
MED01149,Aprotinin (500000IU),1362.5,4
MED01150,Aprotinin (50ml),1350.0,1
MED01151,Ardeparin (3500IU),185.0,1
MED01152,Arformoterol (15mcg),175.0,1
MED01153,Arformoterol (15mcg) + Glycopyrrolate (25mcg),378.0,1
MED01154,Aripiprazole (1.25mg),54.9,2
MED01155,Aripiprazole (10mg),90.2,72
MED01156,Aripiprazole (15mg),121.22,55
MED01157,Aripiprazole (2.5mg),61.61,3
MED01158,Aripiprazole (20mg),145.34,35
MED01159,Aripiprazole (2mg),53.18,6
MED01160,Aripiprazole (30mg),199.01,33
MED01161,Aripiprazole (5mg),66.39,37
MED01162,Aripiprazole (7.5mg),86.0,2
MED01163,Armodafinil (100mg),143.75,1
MED01164,Armodafinil (150mg),227.01,6
MED01165,Armodafinil (200mg),255.0,1
MED01166,Armodafinil (250mg),206.0,2
MED01167,Armodafinil (50mg),148.4,4
MED01168,Arsenic Trioxide (10mg),660.29,3
MED01169,Arsenic Trioxide (1mg/ml),818.0,1
MED01170,Arteether (120mg),390.14,2
MED01171,Arteether (150mg),90.81,91
MED01172,Arteether (150mg/2ml),89.0,1
MED01173,Arteether (15mg),75.0,1
MED01174,Arteether (20mg) + Lumefantrine (120mg),114.86,3
MED01175,Arteether (20mg/5ml) + Lumefantrine (120mg/5ml),167.58,4
MED01176,Arteether (40mg) + Lumefantrine (240mg),151.82,6
MED01177,Arteether (500mg),59.0,1
MED01178,Arteether (50mg),73.22,3
MED01179,Arteether (60mg),127.88,2
MED01180,Arteether (75mg),100.05,31
MED01181,Arteether (75mg/ml),61.0,2
MED01182,Arteether (80mg),162.67,1
MED01183,Arteether (80mg) + Lumefantrine (480mg),152.17,32
MED01184,Arteether (NA),94.09,26
MED01185,Arteether (NA) + Lumefantrine (NA),107.83,2
MED01186,Artemether (120mg),298.5,1
MED01187,Artemether (150mg),88.56,5
MED01188,Artemether (20mg) + Lumefantrine (120mg),100.02,35
MED01189,Artemether (20mg/5ml) + Lumefantrine (120mg/5ml),117.0,3
MED01190,Artemether (40mg),127.94,8
MED01191,Artemether (40mg) + Lumefantrine (120mg),109.58,4
MED01192,Artemether (40mg) + Lumefantrine (240mg),123.25,50
MED01193,Artemether (40mg) + Lumefantrine (240mg/5ml),145.0,1
MED01194,Artemether (40mg/5ml) + Lumefantrine (240mg/5ml),147.03,5
MED01195,Artemether (60mg) + Lumefantrine (360mg),222.35,1
MED01196,Artemether (75mg),34.0,1
MED01197,Artemether (75mg/ml),85.9,1
MED01198,Artemether (80mg),84.94,16
MED01199,Artemether (80mg) + Lumefantrine (400mg),234.5,2
MED01200,Artemether (80mg) + Lumefantrine (480mg),156.36,255
MED01201,Artemether (NA),111.09,1
MED01202,Arterolane (150mg) + Piperaquine (750mg),257.0,1
MED01203,Arterolane (37.5mg) + Piperaquine (187.5mg),75.0,1
MED01204,Artesunate (100mg),431.2,4
MED01205,Artesunate (100mg) + Mefloquine (200mg),580.1,1
MED01206,Artesunate (100mg) + Mefloquine (220mg),310.0,1
MED01207,Artesunate (100mg) + Sulphadoxine (500mg),158.5,9
MED01208,Artesunate (120mg),374.53,58
MED01209,Artesunate (150mg),135.08,3
MED01210,Artesunate (1gm),455.0,1
MED01211,Artesunate (200mg) + Sulphadoxine (500mg),204.76,7
MED01212,Artesunate (200mg) + Sulphadoxine (750mg),236.1,1
MED01213,Artesunate (240mg) + Lumefantrine (40mg),138.12,1
MED01214,Artesunate (250mg),142.0,1
MED01215,Artesunate (25mg),233.08,2
MED01216,Artesunate (480mg) + Lumefantrine (80mg),141.25,1
MED01217,Artesunate (500mg),275.0,1
MED01218,Artesunate (50mg),121.39,68
MED01219,Artesunate (50mg) + Sulphadoxine (500mg),149.15,4
MED01220,Artesunate (60mg),182.4,349
MED01221,Artesunate (60mg) + Lumefantrine (480mg),152.8,1
MED01222,Artesunate (80mg) + Lumefantrine (480mg),152.3,1
MED01223,Artesunate (NA),151.42,8
MED01224,Artesunate (NA) + Sulphadoxine (NA),169.0,2
MED01225,Asenapine (100mg),84.89,1
MED01226,Asenapine (10mg),87.0,4
MED01227,Asenapine (5mg),55.75,4
MED01228,Asparaginase (10000IU),1846.04,16
MED01229,Asparaginase (3750IU),32500.0,1
MED01230,Asparaginase (5000IU),1130.59,12
MED01231,Aspirin (100mg),21.15,1
MED01232,Aspirin (100mg) + Ticlopidine (250mg),107.9,1
MED01233,Aspirin (10mg) + Atorvastatin (75mg),46.0,1
MED01234,Aspirin (10mg) + Clopidogrel (75mg),61.52,1
MED01235,Aspirin (10mg) + Rosuvastatin (75mg),69.0,1
MED01236,Aspirin (120mg) + Rosuvastatin (10mg),154.5,1
MED01237,Aspirin (150mg),8.48,8
MED01238,Aspirin (150mg) + Atorvastatin (10mg),59.31,18
MED01239,Aspirin (150mg) + Atorvastatin (20mg),58.62,9
MED01240,Aspirin (150mg) + Clopidogrel (75mg),51.2,79
MED01241,Aspirin (150mg) + Glycine (75mg),14.25,1
MED01242,Aspirin (150mg) + Isosorbide Mononitrate (30mg),21.7,4
MED01243,Aspirin (150mg) + Isosorbide Mononitrate (60mg),30.36,3
MED01244,Aspirin (150mg) + Rosuvastatin (10mg),107.48,36
MED01245,Aspirin (150mg) + Rosuvastatin (20mg),169.31,26
MED01246,Aspirin (250mg) + Paracetamol (250mg),19.47,1
MED01247,Aspirin (25mg) + Dipyridamole (200mg),1441.0,2
MED01248,Aspirin (300mg),12.34,2
MED01249,Aspirin (325mg),13.33,1
MED01250,Aspirin (350mg) + Caffeine (20mg),3.13,1
MED01251,Aspirin (400mg) + Caffeine (40mg),19.87,1
MED01252,Aspirin (500mg),14.99,1
MED01253,Aspirin (50mg),4.08,5
MED01254,Aspirin (60mg),9.0,1
MED01255,Aspirin (75mg),7.52,18
MED01256,Aspirin (75mg) + Atenolol (50mg),145.0,1
MED01257,Aspirin (75mg) + Atorvastatin (10mg),62.52,127
MED01258,Aspirin (75mg) + Atorvastatin (20mg),85.26,52
MED01259,Aspirin (75mg) + Atorvastatin (40mg),182.74,5
MED01260,Aspirin (75mg) + Clopidogrel (150mg),52.75,4
MED01261,Aspirin (75mg) + Clopidogrel (75mg),46.2,128
MED01262,Aspirin (75mg) + Dipyridamole (40mg),13.8,1
MED01263,Aspirin (75mg) + Dipyridamole (60mg),35.07,1
MED01264,Aspirin (75mg) + Isosorbide Mononitrate (30mg),25.47,9
MED01265,Aspirin (75mg) + Isosorbide Mononitrate (60mg),37.85,5
MED01266,Aspirin (75mg) + Prasugrel (10mg),256.65,2
MED01267,Aspirin (75mg) + Rosuvastatin (10mg),125.51,280
MED01268,Aspirin (75mg) + Rosuvastatin (20mg),198.09,155
MED01269,Aspirin (75mg) + Rosuvastatin (5mg),35.98,2
MED01270,Aspirin (75mg) + Ticagrelor (90mg),345.11,9
MED01271,Aspirin (75mg) + Ticlopidine (250mg),55.0,1
MED01272,Aspirin (81mg) + Esomeprazole (20mg),40.0,1
MED01273,Aspirin (82mg),20.7,1
MED01274,Aspirin (NA),65.0,1
MED01275,Aspirin (NA) + Clopidogrel (NA),35.15,1
MED01276,Astaxanthin (8mg) + Coenzyme Q10 (100mg),539.0,1
MED01277,Astemizole (10mg),16.52,6
MED01278,Astemizole (5mg),37.54,3
MED01279,Atazanavir (200mg),3155.0,1
MED01280,Atazanavir (300mg),2217.67,3
MED01281,Atazanavir (300mg) + Ritonavir (100mg),2758.23,7
MED01282,Atenolol (100mg),37.12,42
MED01283,Atenolol (100mg) + Chlorthalidone (25mg),137.07,2
MED01284,Atenolol (10mg),35.86,1
MED01285,Atenolol (12.5mg),24.14,5
MED01286,Atenolol (25mg),23.61,64
MED01287,Atenolol (25mg) + Chlorthalidone (12.5mg),69.65,2
MED01288,Atenolol (25mg) + Chlorthalidone (6.25mg),38.55,1
MED01289,Atenolol (25mg) + Hydrochlorothiazide (12.5mg),31.98,2
MED01290,Atenolol (25mg) + Nifedipine (10mg),47.5,1
MED01291,Atenolol (25mg) + S-Amlodipine (2.5mg),49.42,2
MED01292,Atenolol (40mg),62.0,1
MED01293,Atenolol (500mg),60.0,1
MED01294,Atenolol (50mg),22.86,122
MED01295,Atenolol (50mg) + Chlorthalidone (12.5mg),98.96,3
MED01296,Atenolol (50mg) + Chlorthalidone (6.25mg),57.45,1
MED01297,Atenolol (50mg) + Hydrochlorothiazide (12.5mg),68.74,3
MED01298,Atenolol (50mg) + Hydrochlorothiazide (25mg),102.2,1
MED01299,Atenolol (50mg) + Indapamide (1.25mg),50.68,2
MED01300,Atenolol (50mg) + Indapamide (1.5mg),59.9,1
MED01301,Atenolol (50mg) + Indapamide (2.5mg),71.11,3
MED01302,Atenolol (50mg) + Lercanidipine (10mg),106.0,1
MED01303,Atenolol (50mg) + Losartan (50mg),127.01,17
MED01304,Atenolol (50mg) + Nifedipine (10mg),46.45,2
MED01305,Atenolol (50mg) + Nifedipine (20mg),61.3,17
MED01306,Atenolol (50mg) + Nitrendipine (10mg),28.0,1
MED01307,Atenolol (50mg) + Nitrendipine (20mg),38.9,1
MED01308,Atenolol (50mg) + S-Amlodipine (2.5mg),94.54,4
MED01309,Atenolol (50mg) + S-Amlodipine (5mg),99.15,4
MED01310,Atenolol (5mg),35.0,1
MED01311,Atenolol (750mg),85.71,1
MED01312,Atenolol (75mg),40.35,1
MED01313,Atenolol (NA),8.57,1
MED01314,Atenolol (NA) + Atorvastatin (NA),66.58,1
MED01315,Atenolol (NA) + Losartan (NA),99.2,1
MED01316,Atezolizumab (60mg/ml),396725.0,1
MED01317,Atezolizumab (840mg),277708.0,1
MED01318,Atomoxetine (10mg),62.91,11
MED01319,Atomoxetine (15mg),129.0,1
MED01320,Atomoxetine (18mg),112.3,13
MED01321,Atomoxetine (25mg),143.43,13
MED01322,Atomoxetine (40mg),168.52,7
MED01323,Atomoxetine (60mg),419.0,1
MED01324,Atorvastatin (10mg),61.16,701
MED01325,Atorvastatin (10mg) + Clopidogrel (75mg),123.56,99
MED01326,Atorvastatin (10mg) + Coenzyme Q10 (10mg),95.98,3
MED01327,Atorvastatin (10mg) + Ezetimibe (10mg),112.98,104
MED01328,Atorvastatin (10mg) + Fenofibrate (105mg),85.65,1
MED01329,Atorvastatin (10mg) + Fenofibrate (10mg),99.0,1
MED01330,Atorvastatin (10mg) + Fenofibrate (135mg),183.25,2
MED01331,Atorvastatin (10mg) + Fenofibrate (145mg),179.84,15
MED01332,Atorvastatin (10mg) + Fenofibrate (160mg),125.03,179
MED01333,Atorvastatin (10mg) + Fenofibrate (200mg),130.01,7
MED01334,Atorvastatin (10mg) + Fenofibrate (35mg),56.18,1
MED01335,Atorvastatin (10mg) + Fenofibrate (67mg),136.7,1
MED01336,Atorvastatin (10mg) + Fenofibrate (72.5mg),214.0,1
MED01337,Atorvastatin (10mg) + Fenofibrate (80mg),121.88,4
MED01338,Atorvastatin (10mg) + Losartan (25mg),32.78,1
MED01339,Atorvastatin (10mg) + Losartan (50mg),40.97,1
MED01340,Atorvastatin (10mg) + Metformin (1000mg),57.26,2
MED01341,Atorvastatin (10mg) + Metformin (500mg),62.02,2
MED01342,Atorvastatin (10mg) + Methylcobalamin (500mcg),151.3,1
MED01343,Atorvastatin (10mg) + Metoprolol Succinate (25mg),85.0,1
MED01344,Atorvastatin (10mg) + Metoprolol Succinate (50mg),90.65,1
MED01345,Atorvastatin (10mg) + Olmesartan Medoxomil (20mg),95.28,1
MED01346,Atorvastatin (10mg) + Pioglitazone (15mg),46.82,1
MED01347,Atorvastatin (10mg) + Pioglitazone (30mg),61.4,1
MED01348,Atorvastatin (10mg) + Ramipril (2.5mg),108.9,4
MED01349,Atorvastatin (10mg) + Ramipril (5mg),137.84,9
MED01350,Atorvastatin (10mg) + Telmisartan (20mg),150.17,3
MED01351,Atorvastatin (10mg) + Telmisartan (40mg),109.69,17
MED01352,Atorvastatin (10mg) + Vitamin B3(Nicotinic Acid) (375mg),116.46,4
MED01353,Atorvastatin (10mg) + Vitamin B3(Nicotinic Acid) (500mg),116.89,3
MED01354,Atorvastatin (10mg) + Vitamin B6 (Pyridoxine) (20mg),148.0,1
MED01355,Atorvastatin (10mg) + Vitamin D3 (1000IU),115.52,16
MED01356,Atorvastatin (20mg),121.68,550
MED01357,Atorvastatin (20mg) + Clopidogrel (75mg),180.9,43
MED01358,Atorvastatin (20mg) + Ezetimibe (10mg),195.59,14
MED01359,Atorvastatin (20mg) + Ezetimibe (20mg),107.0,1
MED01360,Atorvastatin (20mg) + Fenofibrate (135mg),263.9,1
MED01361,Atorvastatin (20mg) + Fenofibrate (145mg),224.0,2
MED01362,Atorvastatin (20mg) + Fenofibrate (160mg),222.46,4
MED01363,Atorvastatin (20mg) + Ramipril (5mg),114.52,1
MED01364,Atorvastatin (20mg) + Telmisartan (10mg),98.5,1
MED01365,Atorvastatin (20mg) + Telmisartan (40mg),105.53,1
MED01366,Atorvastatin (20mg) + Vitamin B6 (Pyridoxine) (20mg),270.0,1
MED01367,Atorvastatin (20mg) + Vitamin D3 (1000IU),201.11,12
MED01368,Atorvastatin (30mg),172.5,2
MED01369,Atorvastatin (40mg),189.16,252
MED01370,Atorvastatin (40mg) + Clopidogrel (75mg),302.78,7
MED01371,Atorvastatin (40mg) + Ezetimibe (10mg),348.12,4
MED01372,Atorvastatin (40mg) + Fenofibrate (160mg),175.0,1
MED01373,Atorvastatin (40mg) + Vitamin D3 (1000IU),248.82,1
MED01374,Atorvastatin (4mg),1.42,1
MED01375,Atorvastatin (5mg),48.93,72
MED01376,Atorvastatin (5mg) + Ezetimibe (10mg),78.74,1
MED01377,Atorvastatin (5mg) + Fenofibrate (10mg),90.0,1
MED01378,Atorvastatin (5mg) + Fenofibrate (145mg),237.55,2
MED01379,Atorvastatin (5mg) + Fenofibrate (160mg),90.31,3
MED01380,Atorvastatin (5mg) + Metoprolol Succinate (25mg),68.0,1
MED01381,Atorvastatin (5mg) + Metoprolol Succinate (50mg),58.0,1
MED01382,Atorvastatin (5mg) + Ramipril (20mg),159.0,1
MED01383,Atorvastatin (60mg),212.0,1
MED01384,Atorvastatin (75mg) + Clopidogrel (75mg),176.0,1
MED01385,Atorvastatin (80mg),304.68,73
MED01386,Atorvastatin (80mg) + Vitamin D3 (1000IU),384.32,1
MED01387,Atorvastatin (NA) + Ezetimibe (NA),89.28,3
MED01388,Atorvastatin (NA) + Fenofibrate (NA),110.0,1
MED01389,Atosiban (37.5mg),5352.0,1
MED01390,Atosiban (6.75mg),1648.5,1
MED01391,Atracurium (100mg/ml),507.24,2
MED01392,Atracurium (10mg),485.73,2
MED01393,Atracurium (10mg/ml),131.44,6
MED01394,Atracurium (25mg),161.64,1
MED01395,Atracurium (25mg/2.5ml),590.0,1
MED01396,Atracurium (25mg/ml),175.7,9
MED01397,Atracurium (50mg),220.11,8
MED01398,Atracurium (NA),185.31,1
MED01399,Atropine (0.01% w/v),190.19,15
MED01400,Atropine (0.025mg) + Diphenoxylate (2.5mg),58.16,4
MED01401,Atropine (0.25mg) + Belladonna dry extract (10mg),3.75,1
MED01402,Atropine (0.3mg),8.8,1
MED01403,Atropine (0.6mg),50.0,12
MED01404,Atropine (1% w/v),27.22,17
MED01405,Atropine (1% w/v) + Chloramphenicol (0.5% w/v),62.16,3
MED01406,Atropine (1% w/v) + Chlorbutol (0.35% w/v),45.6,1
MED01407,Atropine (1% w/v) + Chlorbutol (0.5% w/v),20.0,1
MED01408,Atropine (1% w/w),14.07,5
MED01409,Atropine (1% w/w) + Tetracycline (1% w/w),45.0,1
MED01410,Atropine (1%) + Dexamethasone (0.10%),20.0,1
MED01411,Atropine (1%) + Hydrocortisone (0.50%),71.43,1
MED01412,Atropine (1%) + Phenylephrine (5%),35.6,1
MED01413,Atropine (1.0% w/v) + Dexamethasone (0.1% w/v),27.0,1
MED01414,Atropine (NA),12.63,3
MED01415,Atropine (NA) + Chloramphenicol (NA),9.75,1
MED01416,Avanafil (100mg),297.55,2
MED01417,Avanafil (200mg),526.85,2
MED01418,Avibactam (0.5mg) + Ceftazidime (2gm),5008.0,1
MED01419,Axitinib (1mg),881.43,7
MED01420,Axitinib (5mg),2542.68,7
MED01421,Azacitidine (0.5mg),25.21,1
MED01422,Azacitidine (100mg),4616.45,20
MED01423,Azacitidine (150mg),6495.0,1
MED01424,Azacitidine (1mg),27.4,1
MED01425,Azathioprine (50mg),105.25,56
MED01426,Azelaic Acid (1.5% w/v) + Minoxidil (2% w/v),503.75,4
MED01427,Azelaic Acid (1.5% w/v) + Minoxidil (5% w/v),908.9,5
MED01428,Azelaic Acid (1.6% w/w),115.0,1
MED01429,Azelaic Acid (10% w/w),155.88,12
MED01430,Azelaic Acid (10% w/w) + Tretinoin (0.025% w/w),621.0,1
MED01431,Azelaic Acid (10% w/w) + Tretinoin (0.05% w/w),567.0,1
MED01432,Azelaic Acid (15% w/w),209.79,8
MED01433,Azelaic Acid (2.5% w/w),105.0,1
MED01434,Azelaic Acid (20% w/w),222.04,14
MED01435,Azelaic Acid (20% w/w) + Salicylic Acid (20% w/w),8096.7,1
MED01436,Azelaic Acid (5%) + Salicylic Acid (2%),7797.05,1
MED01437,Azelastine (0.05% w/v),86.97,3
MED01438,Azelastine (0.1% w/v),334.6,3
MED01439,Azelastine (0.1% w/v) + Fluticasone Propionate (0.05% w/v),200.0,1
MED01440,Azelastine (0.10% w/v) + Fluticasone Furoate (0.002% w/v),349.0,1
MED01441,Azelastine (0.14% w/v) + Fluticasone Furoate (0.0275% w/v),409.0,2
MED01442,Azelastine (140mcg) + Fluticasone Furoate (27.50mcg),385.0,1
MED01443,Azelastine (140mcg) + Fluticasone Furoate (27.5mcg),396.6,5
MED01444,Azelastine (140mcg) + Fluticasone Furoate (50mcg),287.0,1
MED01445,Azelastine (140mcg) + Fluticasone Propionate (27.5mcg),401.8,9
MED01446,Azelastine (140mcg) + Fluticasone Propionate (50mcg),337.62,27
MED01447,Azelastine (140mcg) + Mometasone (50mcg),191.0,1
MED01448,Azelastine (149mcg) + Fluticasone Furoate (27.5mcg),479.5,1
MED01449,Azelastine (1mcg) + Fluticasone Propionate (357mcg),314.5,2
MED01450,Azelastine (NA) + Fluticasone Propionate (NA),258.63,1
MED01451,Azelnidipine (16mg),154.6,10
MED01452,Azelnidipine (8mg),104.41,9
MED01453,Azelnidipine (8mg) + Olmesartan Medoxomil (20mg),154.45,2
MED01454,Azelnidipine (8mg) + Olmesartan Medoxomil (40mg),202.63,3
MED01455,Azelnidipine (8mg) + Telmisartan (40mg),152.54,10
MED01456,Azelnidipine (8mg) + Telmisartan (80mg),166.11,6
MED01457,Azilsartan medoxomil (10mg),58.1,1
MED01458,Azilsartan medoxomil (20mg),42.02,2
MED01459,Azilsartan medoxomil (40mg),111.66,52
MED01460,Azilsartan medoxomil (40mg) + Chlorthalidone (12.5mg),139.96,22
MED01461,Azilsartan medoxomil (40mg) + Chlorthalidone (25mg),157.0,2
MED01462,Azilsartan medoxomil (40mg) + Chlorthalidone (6.25mg),122.09,5
MED01463,Azilsartan medoxomil (40mg) + Cilnidipine (10mg),185.03,2
MED01464,Azilsartan medoxomil (40mg) + Cilnidipine (5mg),195.0,1
MED01465,Azilsartan medoxomil (80mg),183.57,48
MED01466,Azilsartan medoxomil (80mg) + Chlorthalidone (12.5mg),199.0,1
MED01467,Azithromycin (1% w/v),108.22,4
MED01468,Azithromycin (1% w/w),115.78,11
MED01469,Azithromycin (1000mg),78.03,8
MED01470,Azithromycin (1000mg) + Fluconazole (150mg),100.56,84
MED01471,Azithromycin (1000mg) + Ornidazole (750mg),90.73,10
MED01472,Azithromycin (100mg),41.18,314
MED01473,Azithromycin (100mg) + Cefixime (50mg),112.42,6
MED01474,Azithromycin (100mg/5ml),36.65,197
MED01475,Azithromycin (100mg/5ml) + Cefixime (50mg/4ml),105.0,1
MED01476,Azithromycin (100mg/5ml) + Cefixime (50mg/5ml),110.18,20
MED01477,Azithromycin (10mg) + Dexamethasone (1mg),149.0,1
MED01478,Azithromycin (125mg),84.11,1
MED01479,Azithromycin (125mg) + Cefixime (100mg),136.71,13
MED01480,Azithromycin (125mg) + Cefixime (200mg),159.45,2
MED01481,Azithromycin (125mg) + Ofloxacin (50mg),120.0,1
MED01482,Azithromycin (125mg/5ml),65.0,1
MED01483,Azithromycin (150mg),65.0,1
MED01484,Azithromycin (150mg) + Fluconazole (1000mg),97.37,1
MED01485,Azithromycin (1gm),37.0,1
MED01486,Azithromycin (1gm) + Fluconazole (150mg),102.62,8
MED01487,Azithromycin (1gm) + Ornidazole (1.5gm),80.0,1
MED01488,Azithromycin (1mg) + Fluconazole (150mg),119.0,1
MED01489,Azithromycin (2% w/w),97.58,4
MED01490,Azithromycin (200mg),59.43,300
MED01491,Azithromycin (200mg) + Cefixime (200mg),87.5,1
MED01492,Azithromycin (200mg) + Cefixime (250mg),166.76,2
MED01493,Azithromycin (200mg/15ml),55.0,1
MED01494,Azithromycin (200mg/5ml),55.53,287
MED01495,Azithromycin (20mg),38.98,2
MED01496,Azithromycin (20mg/ml),36.22,2
MED01497,Azithromycin (250mg),74.6,1571
MED01498,Azithromycin (250mg) + Cefixime (100mg),62.0,1
MED01499,Azithromycin (250mg) + Cefixime (200mg),206.97,433
MED01500,Azithromycin (250mg) + Cefixime (250mg),203.3,2
MED01501,Azithromycin (250mg) + Cefpodoxime Proxetil (200mg),255.33,44
MED01502,Azithromycin (250mg) + Lactic acid bacillus (60Million spores),89.24,35
MED01503,Azithromycin (250mg) + Levofloxacin (250mg),168.93,37
MED01504,Azithromycin (250mg) + Ofloxacin (200mg),172.5,1
MED01505,Azithromycin (40mg),47.35,2
MED01506,Azithromycin (40mg/ml),28.61,1
MED01507,Azithromycin (500mg),89.35,1997
MED01508,Azithromycin (500mg) + Cefixime (200mg),262.95,22
MED01509,Azithromycin (500mg) + Fluconazole (150mg),85.0,1
MED01510,Azithromycin (500mg) + Lactic acid bacillus (2.5Million cells),90.0,1
MED01511,Azithromycin (500mg) + Lactic acid bacillus (60Million spores),86.91,57
MED01512,Azithromycin (500mg) + Lactic acid bacillus (80Million spores),177.0,1
MED01513,Azithromycin (500mg) + Levofloxacin (500mg),224.07,13
MED01514,Azithromycin (500mg) + Ofloxacin (400mg),147.88,4
MED01515,Azithromycin (500mg) + Saccharomyces boulardii (2Million spores),86.0,1
MED01516,Azithromycin (50mg),43.0,3
MED01517,Azithromycin (50mg) + Cefixime (50mg),112.0,1
MED01518,Azithromycin (600mg),155.83,2
MED01519,Azithromycin (60Million spores) + Cefixime (100mg),75.0,1
MED01520,Azithromycin (60Million spores) + Cefixime (200mg),133.0,1
MED01521,Azithromycin (NA),41.3,10
MED01522,Azithromycin (NA) + Cefixime (NA),136.33,3
MED01523,Azithromycin (NA) + Fluconazole (100mg),50.75,1
MED01524,Azithromycin (NA) + Levofloxacin (NA),132.0,1
MED01525,Aztreonam (0.5mg),200.0,1
MED01526,Aztreonam (1000mg),632.89,23
MED01527,Aztreonam (100mg),558.0,1
MED01528,Aztreonam (1gm),612.34,17
MED01529,Aztreonam (2000mg),711.0,1
MED01530,Aztreonam (250mg),230.36,5
MED01531,Aztreonam (2gm),933.69,7
MED01532,Aztreonam (500mg),379.74,14
MED01533,Bacampicillin (200mg),22.88,1
MED01534,Bacillus Calmette-Guerin (40mg/1ml),877.24,1
MED01535,Bacillus Calmette-Guerin (NA),94.08,1
MED01536,Bacillus Calmette-Guerin strain (40mg),713.38,3
MED01537,Bacillus Clausii (2Billion Spores),174.83,24
MED01538,Bacillus Clausii (2Million spores),46.0,1
MED01539,Bacillus Clausii (NA),44.24,1
MED01540,Bacitracin (400IU) + Lidocaine (40mg),160.0,1
MED01541,Bacitracin (400IU) + Neomycin (3400IU),77.16,9
MED01542,Bacitracin (400units) + Neomycin (3400units),78.92,2
MED01543,Baclofen (10mg),107.14,91
MED01544,Baclofen (20mg),194.73,39
MED01545,Baclofen (25mg),239.63,15
MED01546,Baclofen (30mg),307.81,14
MED01547,Baclofen (40mg),485.0,1
MED01548,Baclofen (4mg),108.9,1
MED01549,Baclofen (50mg),914.18,2
MED01550,Baclofen (5mg),75.42,8
MED01551,Baclofen (5mg/5ml),201.0,2
MED01552,Baclofen (8mg),169.0,1
MED01553,Baclofen (NA),13.12,1
MED01554,Bacterial Lysate (50mg),439.11,3
MED01555,Bacterial Lysate (7mg),449.1,1
MED01556,Balofloxacin (100mg),105.66,18
MED01557,Balofloxacin (200mg),199.03,3
MED01558,Balsalazide (750mg),114.02,5
MED01559,Bambuterol (10mg),39.38,6
MED01560,Bambuterol (10mg) + Montelukast (10mg),170.69,17
MED01561,Bambuterol (1mg),27.14,1
MED01562,Bambuterol (20mg),58.56,4
MED01563,Bambuterol (4mg) + Montelukast (5mg),88.5,1
MED01564,Bambuterol (5mg),28.35,1
MED01565,Baricitinib (1mg),210.0,1
MED01566,Baricitinib (2mg),10726.0,2
MED01567,Baricitinib (4mg),3409.0,7
MED01568,Basiliximab (20mg),76300.0,1
MED01569,Becaplermin (100mcg),2649.75,1
MED01570,Beclometasone (0.01% w/v) + Clotrimazole (1% w/v),72.0,1
MED01571,Beclometasone (0.0125% w/w),39.4,1
MED01572,Beclometasone (0.023% w/w) + Clotrimazole (1% w/w),32.0,1
MED01573,Beclometasone (0.024% w/w) + Gentamicin (0.2% w/w),28.0,1
MED01574,Beclometasone (0.025% w/v),77.13,12
MED01575,Beclometasone (0.025% w/v) + Chloramphenicol (5% w/v),58.0,1
MED01576,Beclometasone (0.025% w/v) + Clotrimazole (0.025% w/v),32.1,1
MED01577,Beclometasone (0.025% w/v) + Clotrimazole (1% w/v),87.91,49
MED01578,Beclometasone (0.025% w/v) + Clotrimazole (2% w/v),94.0,1
MED01579,Beclometasone (0.025% w/v) + Ketoconazole (2% w/v),160.44,9
MED01580,Beclometasone (0.025% w/v) + Lidocaine (2% w/v),48.99,50
MED01581,Beclometasone (0.025% w/v) + Neomycin (0.3% w/v),99.9,1
MED01582,Beclometasone (0.025% w/v) + Neomycin (0.5% w/v),72.91,22
MED01583,Beclometasone (0.025% w/v) + Neomycin (0.50% w/v),44.0,1
MED01584,Beclometasone (0.025% w/v) + Ofloxacin (0.3% w/v),51.87,3
MED01585,Beclometasone (0.025% w/v) + Sertaconazole (2% w/v),125.0,1
MED01586,Beclometasone (0.025% w/w),91.92,12
MED01587,Beclometasone (0.025% w/w) + Clotrimazole (1% w/w),53.15,139
MED01588,Beclometasone (0.025% w/w) + Clotrimazole (2% w/w),85.0,1
MED01589,Beclometasone (0.025% w/w) + Econazole (0.1% w/w),56.6,1
MED01590,Beclometasone (0.025% w/w) + Econazole (1% w/w),45.0,1
MED01591,Beclometasone (0.025% w/w) + Fluconazole (2% w/w),62.38,3
MED01592,Beclometasone (0.025% w/w) + Fusidic Acid (2% w/w),109.76,45
MED01593,Beclometasone (0.025% w/w) + Gentamicin (0.1% w/w),35.49,5
MED01594,Beclometasone (0.025% w/w) + Ketoconazole (2% w/w),108.76,26
MED01595,Beclometasone (0.025% w/w) + Lidocaine (2% w/w),57.5,2
MED01596,Beclometasone (0.025% w/w) + Miconazole (2% w/w),33.55,5
MED01597,Beclometasone (0.025% w/w) + Mupirocin (2% w/w),183.0,1
MED01598,Beclometasone (0.025% w/w) + Neomycin (0.01% w/w),42.0,1
MED01599,Beclometasone (0.025% w/w) + Neomycin (0.1% w/w),64.07,5
MED01600,Beclometasone (0.025% w/w) + Neomycin (0.10% w/w),64.0,1
MED01601,Beclometasone (0.025% w/w) + Neomycin (0.5 % w/w),45.0,1
MED01602,Beclometasone (0.025% w/w) + Neomycin (0.5% w/v),45.0,1
MED01603,Beclometasone (0.025% w/w) + Neomycin (0.5% w/w),54.2,257
MED01604,Beclometasone (0.025% w/w) + Neomycin (0.50% w/w),28.33,3
MED01605,Beclometasone (0.025% w/w) + Neomycin (1% w/w),57.5,1
MED01606,Beclometasone (0.025% w/w) + Neomycin (3500u/1g),96.3,1
MED01607,Beclometasone (0.025% w/w) + Phenylephrine (0.10% w/w),85.69,9
MED01608,Beclometasone (0.025% w/w) + Salicylic Acid (3% w/w),58.64,8
MED01609,Beclometasone (0.025% w/w) + Sertaconazole (2% w/w),156.72,9
MED01610,Beclometasone (0.025%) + Clotrimazole (1%),34.28,1
MED01611,Beclometasone (0.025%) + Gentamicin (0.1%),63.0,1
MED01612,Beclometasone (0.025%) + Gentamicin (0.10%),14.25,1
MED01613,Beclometasone (0.025%) + Neomycin (0.5%),46.8,10
MED01614,Beclometasone (0.03% w/v) + Clotrimazole (1% w/v),75.0,1
MED01615,Beclometasone (0.03% w/w) + Fusidic Acid (2% w/w),104.0,1
MED01616,Beclometasone (0.030% w/w) + Neomycin (0.5% w/w),39.5,2
MED01617,Beclometasone (0.05% w/v),153.12,8
MED01618,Beclometasone (0.05% w/v) + Clotrimazole (1% w/v),76.33,3
MED01619,Beclometasone (0.05% w/v) + Salicylic Acid (3% w/w),27.13,1
MED01620,Beclometasone (0.05% w/w),117.33,3
MED01621,Beclometasone (0.05% w/w) + Clotrimazole (1% w/w),34.5,1
MED01622,Beclometasone (0.05% w/w) + Gentamicin (0.1% w/w),130.0,1
MED01623,Beclometasone (0.05% w/w) + Neomycin (0.2% w/w),66.0,1
MED01624,Beclometasone (0.05% w/w) + Salicylic Acid (3% w/w),52.38,1
MED01625,Beclometasone (0.06%) + Clioquinol (Iodochlorhydroxyquin) (1.5%),9.37,1
MED01626,Beclometasone (0.1% w/v) + Ofloxacin (0.3% w/v),19.45,5
MED01627,Beclometasone (0.1% w/w) + Clindamycin (1% w/w),160.0,1
MED01628,Beclometasone (0.1%) + Fusidic Acid (0.2%),20.28,1
MED01629,Beclometasone (0.10% w/w) + Fusidic Acid (0.2% w/w),110.0,1
MED01630,Beclometasone (0.2% w/w) + Neomycin (0.5% w/w),51.0,1
MED01631,Beclometasone (0.25% w/v) + Lidocaine (2% w/v),43.25,2
MED01632,Beclometasone (0.25% w/v) + Ofloxacin (0.3% w/v),84.0,1
MED01633,Beclometasone (0.25% w/w) + Clotrimazole (1% w/w),32.62,3
MED01634,Beclometasone (0.25% w/w) + Ketoconazole (2% w/w),116.0,2
MED01635,Beclometasone (0.25% w/w) + Neomycin (0.5% w/w),40.0,1
MED01636,Beclometasone (0.25mg) + Fusidic Acid (20mg),101.0,1
MED01637,Beclometasone (0.25mg) + Neomycin (5mg),50.25,2
MED01638,Beclometasone (0.25mg/gm),16.4,1
MED01639,Beclometasone (0.5% w/v) + Clotrimazole (1% w/v),26.75,1
MED01640,Beclometasone (0.5% w/w) + Clotrimazole (1% w/w),36.0,1
MED01641,Beclometasone (1% w/v) + Clotrimazole (0.025% w/v),162.0,1
MED01642,Beclometasone (1% w/w) + Neomycin (0.5% w/w),70.0,1
MED01643,Beclometasone (1%) + Econazole (0.025%),30.0,1
MED01644,Beclometasone (100mcg),152.99,5
MED01645,Beclometasone (100mcg) + Formoterol (6mcg),223.36,3
MED01646,Beclometasone (100mcg) + Salbutamol (100mcg),71.3,1
MED01647,Beclometasone (100mcg) + Salbutamol (200mcg),82.84,6
MED01648,Beclometasone (200mcg),231.37,4
MED01649,Beclometasone (200mcg) + Formoterol (6mcg),169.18,3
MED01650,Beclometasone (200mcg) + Levosalbutamol (100mcg),95.16,1
MED01651,Beclometasone (200mcg) + Levosalbutamol (200mcg),111.0,1
MED01652,Beclometasone (200mcg) + Salbutamol (200mcg),119.5,1
MED01653,Beclometasone (200mcg) + Salbutamol (400mcg),18.24,2
MED01654,Beclometasone (200mcg/spray),547.04,1
MED01655,Beclometasone (200mg) + Formoterol (6mcg),56.75,2
MED01656,Beclometasone (250mcg),357.09,3
MED01657,Beclometasone (400mcg),131.76,2
MED01658,Beclometasone (400mcg) + Formoterol (6mcg),162.51,3
MED01659,Beclometasone (5% w/v),125.0,1
MED01660,Beclometasone (50mcg),177.72,3
MED01661,Beclometasone (50mcg) + Levosalbutamol (100mcg),170.0,3
MED01662,Beclometasone (50mcg) + Levosalbutamol (50mcg),281.53,2
MED01663,Beclometasone (50mcg) + Salbutamol (100mcg),133.38,4
MED01664,Beclometasone (50mg) + Salbutamol (100mcg),104.2,1
MED01665,Beclometasone (NA),34.83,6
MED01666,Beclometasone (NA) + Clioquinol (Iodochlorhydroxyquin) (NA),25.7,3
MED01667,Beclometasone (NA) + Clotrimazole (NA),44.42,20
MED01668,Beclometasone (NA) + Econazole (NA),39.48,1
MED01669,Beclometasone (NA) + Fusidic Acid (NA),89.97,3
MED01670,Beclometasone (NA) + Gentamicin (NA),18.82,1
MED01671,Beclometasone (NA) + Levosalbutamol (50mcg),125.0,1
MED01672,Beclometasone (NA) + Levosalbutamol (NA),62.0,1
MED01673,Beclometasone (NA) + Neomycin (NA),35.5,14
MED01674,Beclometasone (NA) + Phenylephrine (NA),29.0,1
MED01675,Beclometasone (NA) + Salbutamol (NA),11.12,1
MED01676,Beclometasone (NA) + Salicylic Acid (NA),52.0,1
MED01677,Bemiparin (2500IU),281.0,1
MED01678,Bemiparin (3500IU),470.0,1
MED01679,Bemiparin (5000IU),633.0,1
MED01680,Bemiparin (7500IU),557.68,1
MED01681,Bempedoic acid (180mg),257.14,7
MED01682,Benazepril (10mg),234.0,1
MED01683,Benazepril (5mg),213.66,3
MED01684,Bendamustine (100mg),4669.28,24
MED01685,Bendamustine (45mg),1250.0,1
MED01686,Bendamustine (90mg/ml),4776.89,1
MED01687,Benfotiamine (100mg),155.82,2
MED01688,Benfotiamine (100mg) + Methylcobalamin (0.5mg),132.0,1
MED01689,Benfotiamine (150mg),145.28,5
MED01690,Benfotiamine (200mg) + Methylcobalamin (1500mcg),257.0,1
MED01691,Benfotiamine (50mg) + Folic Acid (2.8mg),275.0,1
MED01692,Benfotiamine (50mg) + Levo-carnitine (50mg),158.3,2
MED01693,Benfotiamine (7.5mg) + Folic Acid (0.750mg),228.0,1
MED01694,Benfotiamine (7.5mg) + Folic Acid (0.75mg),152.7,20
MED01695,Benfotiamine (7.5mg) + Folic Acid (1.5mg),150.0,1
MED01696,Benfotiamine (7.5mg) + Folic Acid (1mg),117.12,2
MED01697,Benfotiamine (75mg) + Metformin (500mg),87.5,2
MED01698,Benidipine (4mg),84.27,52
MED01699,Benidipine (4mg) + Chlorthalidone (12.5mg),138.12,10
MED01700,Benidipine (4mg) + Chlorthalidone (6.25mg),95.56,2
MED01701,Benidipine (4mg) + Metoprolol Succinate (25mg),141.86,5
MED01702,Benidipine (4mg) + Metoprolol Succinate (50mg),144.95,5
MED01703,Benidipine (4mg) + Telmisartan (40mg),140.46,19
MED01704,Benidipine (4mg) + Telmisartan (80mg),120.0,1
MED01705,Benidipine (8mg),131.83,44
MED01706,Benserazide (28.5mg) + Levodopa (100mg),45.22,1
MED01707,Benserazide (50mg) + Levodopa (200mg),286.21,1
MED01708,Benzathine penicillin G (1200000IU),15.54,3
MED01709,Benzathine penicillin G (2400000IU),18.3,1
MED01710,Benzathine penicillin G (24Lac units),80.0,1
MED01711,Benzathine penicillin G (4800000IU),30.3,1
MED01712,Benzathine penicillin G (500000IU),5.81,1
MED01713,Benzathine penicillin G (600000IU),10.46,2
MED01714,Benzocaine (0.2% w/w) + Metronidazole (0.01% w/w),121.0,1
MED01715,Benzocaine (0.36% w/w) + Cetrimide (0.50% w/w),304.65,1
MED01716,Benzocaine (1% w/v) + Chloramphenicol (5% w/v),39.04,6
MED01717,Benzocaine (10% w/w) + Chlorhexidine Gluconate (1% w/w),90.0,1
MED01718,Benzocaine (10mg),16.0,1
MED01719,Benzocaine (2.5% w/v) + Chlorbutol (5% w/v),61.75,2
MED01720,Benzocaine (2.7% w/v) + Chlorbutol (2.7% w/v),39.97,1
MED01721,Benzocaine (2.7% w/v) + Chlorbutol (5% w/v),72.23,54
MED01722,Benzocaine (2.7% w/v) + Chlorbutol (5.0% w/v),99.0,1
MED01723,Benzocaine (2.7% w/v) + Paradichlorobenzene (2% w/v),59.22,5
MED01724,Benzocaine (2.74% w/v) + Chlorbutol (5% w/v),80.0,1
MED01725,Benzocaine (20% w/v) + Chlorhexidine Gluconate (0.2% w/v),70.0,1
MED01726,Benzocaine (20% w/w),70.5,1
MED01727,Benzocaine (20% w/w) + Diclofenac (3% w/w),73.81,1
MED01728,Benzocaine (5mg) + Magaldrate (400mg),59.9,1
MED01729,Benzocaine (7.50%),35.1,2
MED01730,Benzocaine (NA) + Chlorbutol (NA),59.21,7
MED01731,Benzoic Acid (0.0225gm/15ml) + Lactitol (10gm/15ml),333.0,1
MED01732,Benzoic Acid (12% w/w) + Hydrocortisone (0.5% w/w),112.0,2
MED01733,Benzoic Acid (6% w/w) + Fluocinolone acetonide (0.025% w/w),51.0,1
MED01734,Benzoic Acid (6% w/w) + Salicylic Acid (3% w/w),290.0,1
MED01735,Benzoin (10% w/v) + Podophyllum resin (20% w/v),240.0,2
MED01736,Benzoin (10% w/v) + Podophyllum resin (25% w/v),257.5,2
MED01737,Benzonatate (100mg),85.7,3
MED01738,Benzoxonium Chloride (1mg) + Lidocaine (1mg),138.0,2
MED01739,Benzoxonium Chloride (2.5mg/5ml) + Lidocaine (2.5mg/5ml),131.0,1
MED01740,Benzoyl Peroxide (1.25% w/w) + Clindamycin (0.1% w/w),91.0,3
MED01741,Benzoyl Peroxide (1.25%) + Clindamycin (0.1%),80.0,1
MED01742,Benzoyl Peroxide (2.5% w/w),92.02,24
MED01743,Benzoyl Peroxide (2.5% w/w) + Clindamycin (1% w/w),281.83,12
MED01744,Benzoyl Peroxide (2.5% w/w) + Nadifloxacin (1% w/w),325.0,1
MED01745,Benzoyl Peroxide (4% w/v),175.0,1
MED01746,Benzoyl Peroxide (4% w/w),235.48,4
MED01747,Benzoyl Peroxide (5% w/v),165.0,1
MED01748,Benzoyl Peroxide (5% w/w),114.47,19
MED01749,Benzoyl Peroxide (5% w/w) + Clindamycin (1% w/w),302.88,9
MED01750,Benzoyl Peroxide (NA),90.0,1
MED01751,Benzoyl Peroxide (NA) + Clindamycin (NA),100.0,1
MED01752,Benzthiazide (25mg) + Triamterene (50mg),52.0,1
MED01753,Benzydamine (0.15% w/v),366.81,22
MED01754,Benzydamine (22.5mg/15ml) + Chlorhexidine Gluconate (18mg/15ml),700.0,1
MED01755,Benzydamine (5% w/w),50.82,2
MED01756,Benzydamine (7.5mg) + Chlorhexidine Gluconate (6mg),112.25,4
MED01757,Benzydamine (7.5mg/5ml) + Chlorhexidine Gluconate (6mg/5ml),189.0,1
MED01758,Benzydamine (NA),320.0,1
MED01759,Benzyl Nicotinate (0.2% w/w) + Heparin (0.042% w/w),109.0,1
MED01760,Benzyl Nicotinate (2.0mg) + Heparin (50IU),188.75,1
MED01761,Benzyl Nicotinate (2mg) + Heparin (50IU),77.45,8
MED01762,Benzyl Nicotinate (3mg) + Heparin (50IU),34.2,1
MED01763,Bepotastine (1.5% w/v),211.74,20
MED01764,Bepotastine (10mg),125.61,7
MED01765,Bepotastine (15mg),225.0,2
MED01766,Bepotastine (NA),100.0,1
MED01767,Besifloxacin (0.6% w/v),262.0,3
MED01768,Beta Carotene (10.33mg) + Calcium ascorbate (75mg),4500.0,1
MED01769,Beta Carotene (30mg) + Copper Sulphate (1mg),145.0,1
MED01770,Beta-Cyclodextrin (10mg) + Loperamide (2mg),33.0,1
MED01771,Beta-Cyclodextrin (50mg) + Piroxicam (20mg),70.0,1
MED01772,Beta-Cyclodextrin (NA) + Coenzyme Q10 (30mg),89.0,1
MED01773,Betahistine (12mg),120.08,4
MED01774,Betahistine (16mg),85.69,507
MED01775,Betahistine (16mg) + Domperidone (10mg),72.6,1
MED01776,Betahistine (16mg) + Ginkgo Biloba (60mg),163.38,4
MED01777,Betahistine (16mg) + Vitamin D3 (400IU),230.02,7
MED01778,Betahistine (20mg),80.85,2
MED01779,Betahistine (24mg),142.34,124
MED01780,Betahistine (24mg) + Ginkgo Biloba (60mg),150.9,4
MED01781,Betahistine (32mg),217.0,3
MED01782,Betahistine (48mg),268.14,18
MED01783,Betahistine (4mg),34.14,3
MED01784,Betahistine (6mg),72.3,3
MED01785,Betahistine (8mg),48.6,326
MED01786,Betahistine (8mg) + Domperidone (10mg),55.66,1
MED01787,Betahistine (8mg) + Ginkgo Biloba (30mg),97.0,1
MED01788,Betahistine (8mg) + Ginkgo Biloba (40mg),77.85,1
MED01789,Betahistine (NA),41.5,1
MED01790,Betamethasone (0.01% w/v) + Ciprofloxacin (0.3% w/v),33.29,7
MED01791,Betamethasone (0.01% w/v) + Gentamicin (0.3% w/v),32.0,1
MED01792,Betamethasone (0.01% w/v) + Ofloxacin (0.3% w/v),39.62,4
MED01793,Betamethasone (0.0125% w/w),37.25,1
MED01794,Betamethasone (0.02% w/v) + Moxifloxacin (0.5% w/v),26.92,1
MED01795,Betamethasone (0.025% w/w) + Clotrimazole (1% w/w),52.42,18
MED01796,Betamethasone (0.025% w/w) + Miconazole (2% w/w),38.53,3
MED01797,Betamethasone (0.025% w/w) + Neomycin (0.5% w/w),36.5,2
MED01798,Betamethasone (0.025% w/w) + Salicylic Acid (3% w/w),58.08,2
MED01799,Betamethasone (0.025%) + Gentamicin (0.1%),28.27,1
MED01800,Betamethasone (0.05% w/v),45.2,2
MED01801,Betamethasone (0.05% w/v) + Salicylic Acid (2% w/v),100.0,1
MED01802,Betamethasone (0.05% w/v) + Salicylic Acid (3% w/v),112.39,3
MED01803,Betamethasone (0.05% w/v) + Zinc Sulfate (0.5% w/v),134.01,2
MED01804,Betamethasone (0.05% w/w),49.62,17
MED01805,Betamethasone (0.05% w/w) + Calcipotriol (0.005% w/w),894.92,4
MED01806,Betamethasone (0.05% w/w) + Clotrimazole (1% w/w),45.58,14
MED01807,Betamethasone (0.05% w/w) + Gentamicin (0.1% w/w),48.23,23
MED01808,Betamethasone (0.05% w/w) + Gentamicin (0.10% w/w),76.18,1
MED01809,Betamethasone (0.05% w/w) + Lactic Acid (3% w/w),43.45,2
MED01810,Betamethasone (0.05% w/w) + Lactic Acid (5% w/w),63.23,2
MED01811,Betamethasone (0.05% w/w) + Lacto bacillus Rhamnosus (3% w/w),71.3,3
MED01812,Betamethasone (0.05% w/w) + Miconazole (2% w/w),29.94,3
MED01813,Betamethasone (0.05% w/w) + Mupirocin (2% w/w),73.8,2
MED01814,Betamethasone (0.05% w/w) + Neomycin (0.5% w/w),22.89,3
MED01815,Betamethasone (0.05% w/w) + Salicylic Acid (3% w/w),77.7,8
MED01816,Betamethasone (0.05% w/w) + Salicylic Acid (3.5% w/w),165.0,1
MED01817,Betamethasone (0.05% w/w) + Salicylic Acid (6% w/w),116.5,7
MED01818,Betamethasone (0.05% w/w) + Zinc Sulfate (0.5% w/w),78.86,4
MED01819,Betamethasone (0.05%) + Gentamicin (0.1%),55.0,1
MED01820,Betamethasone (0.064% w/v),24.06,1
MED01821,Betamethasone (0.064% w/w) + Gentamicin (0.1% w/w),15.92,2
MED01822,Betamethasone (0.064% w/w) + Salicylic Acid (2% w/w),102.0,2
MED01823,Betamethasone (0.064% w/w) + Salicylic Acid (3% w/w),61.56,7
MED01824,Betamethasone (0.1% w/v),16.51,4
MED01825,Betamethasone (0.1% w/v) + Gentamicin (0.3% w/v),21.51,4
MED01826,Betamethasone (0.1% w/v) + Lidocaine (2% w/v),12.0,1
MED01827,Betamethasone (0.1% w/v) + Moxifloxacin (0.5% w/v),124.5,2
MED01828,Betamethasone (0.1% w/v) + Neomycin (0.5% w/v),17.11,12
MED01829,Betamethasone (0.1% w/v) + Ofloxacin (0.3% w/v),37.09,3
MED01830,Betamethasone (0.1% w/w),62.5,4
MED01831,Betamethasone (0.1% w/w) + Clindamycin (1% w/w),148.5,2
MED01832,Betamethasone (0.1% w/w) + Clindamycin (1.0% w/w),125.0,1
MED01833,Betamethasone (0.1% w/w) + Clioquinol (Iodochlorhydroxyquin) (3% w/w),36.62,4
MED01834,Betamethasone (0.1% w/w) + Fusidic Acid (2% w/w),76.88,9
MED01835,Betamethasone (0.1% w/w) + Gentamicin (0.1% w/w),29.29,2
MED01836,Betamethasone (0.1% w/w) + Neomycin (0.05% w/w),73.5,1
MED01837,Betamethasone (0.1% w/w) + Neomycin (0.5% w/w),27.15,4
MED01838,Betamethasone (0.1% w/w) + Ofloxacin (0.3% w/w),21.15,2
MED01839,Betamethasone (0.1% w/w) + Salicylic Acid (3% w/w),66.42,2
MED01840,Betamethasone (0.1%) + Chloramphenicol (0.5%),13.75,1
MED01841,Betamethasone (0.1%) + Ciprofloxacin (0.3%),52.5,1
MED01842,Betamethasone (0.12% w/w),82.0,1
MED01843,Betamethasone (0.12% w/w) + Gentamicin (0.1% w/w),27.06,1
MED01844,Betamethasone (0.12% w/w) + Neomycin (0.5% w/w),18.23,2
MED01845,Betamethasone (0.12%),22.47,1
MED01846,Betamethasone (0.25% w/w) + Clotrimazole (1% w/w),52.0,1
MED01847,Betamethasone (0.25mg) + Gentamicin (1mg),60.0,1
MED01848,Betamethasone (0.50mg) + Gentamicin (1mg),42.25,1
MED01849,Betamethasone (0.5mg),8.99,66
MED01850,Betamethasone (0.5mg) + Gentamicin (1mg),9.8,1
MED01851,Betamethasone (0.61mg) + Clioquinol (Iodochlorhydroxyquin) (10mg),11.0,1
MED01852,Betamethasone (0.61mg) + Gentamicin (1mg),25.29,6
MED01853,Betamethasone (0.64mg),84.5,2
MED01854,Betamethasone (0.64mg) + Clioquinol (Iodochlorhydroxyquin) (30mg),56.31,1
MED01855,Betamethasone (0.64mg) + Clotrimazole (10mg),65.96,2
MED01856,Betamethasone (0.64mg) + Salicylic Acid (20mg),49.05,1
MED01857,Betamethasone (0.64mg) + Salicylic Acid (30mg),82.9,1
MED01858,Betamethasone (1% w/w) + Chloramphenicol (1% w/w),16.28,1
MED01859,Betamethasone (1% w/w) + Clotrimazole (0.05% w/w),43.86,1
MED01860,Betamethasone (1%) + Clotrimazole (0.025%),53.0,1
MED01861,Betamethasone (1.2mg) + Fusidic Acid (20mg),66.25,1
MED01862,Betamethasone (15gm),20.5,1
MED01863,Betamethasone (1mg),14.12,19
MED01864,Betamethasone (2% w/w) + Miconazole (0.12% w/w),22.85,1
MED01865,Betamethasone (4mg),5.55,12
MED01866,Betamethasone (4mg/ml),7.91,16
MED01867,Betamethasone (5mg),4.25,1
MED01868,Betamethasone (NA),30.35,20
MED01869,Betamethasone (NA) + Clioquinol (Iodochlorhydroxyquin) (NA),15.41,1
MED01870,Betamethasone (NA) + Clotrimazole (NA),35.98,8
MED01871,Betamethasone (NA) + Gentamicin (NA),31.35,18
MED01872,Betamethasone (NA) + Neomycin (NA),27.73,6
MED01873,Betamethasone (NA) + Salicylic Acid (3% w/w),73.32,1
MED01874,Betamethasone (NA) + Salicylic Acid (NA),66.17,12
MED01875,Betaxolol (0.5% w/v),42.17,5
MED01876,Bethanechol (10mg),135.5,1
MED01877,Bethanechol (25mg),167.95,11
MED01878,Bethanechol (50mg),278.9,2
MED01879,Bevacizumab (100mg),16370.39,17
MED01880,Bevacizumab (100mg/4ml),23484.33,3
MED01881,Bevacizumab (25mg/ml),117625.0,1
MED01882,Bevacizumab (300mg),27990.0,1
MED01883,Bevacizumab (400mg),50130.85,19
MED01884,Bezafibrate (200mg),102.5,1
MED01885,Bezafibrate (400mg),154.62,2
MED01886,Bicalutamide (50mg),673.61,29
MED01887,Bifonazole (1% w/v),225.0,1
MED01888,Bifonazole (1% w/w),161.72,11
MED01889,Bilastine (10mg),72.0,1
MED01890,Bilastine (10mg/5ml) + Montelukast (4mg/5ml),129.25,4
MED01891,Bilastine (2.5mg),109.0,2
MED01892,Bilastine (2.5mg/ml),112.07,26
MED01893,Bilastine (20mg),126.06,91
MED01894,Bilastine (20mg) + Montelukast (10mg),161.16,105
MED01895,Bilastine (40mg),191.56,14
MED01896,Bile constituents (25mg) + Pancreatin (192mg),109.86,11
MED01897,Bimatoprost (0.01% w/v),428.86,10
MED01898,Bimatoprost (0.03% w/v),500.86,21
MED01899,Bimatoprost (0.03% w/v) + Timolol (0.5% w/v),470.0,2
MED01900,Bimatoprost (0.10mg/ml),399.0,1
MED01901,Bimatoprost (0.1mg/ml) + Timolol (5mg/ml),268.0,1
MED01902,Bimatoprost (0.2% w/v) + Timolol (0.5% w/v),252.0,1
MED01903,Bimatoprost (0.3mg/ml) + Timolol (5mg/ml),483.29,6
MED01904,Biotin (10mg),145.0,1
MED01905,Biotin (10mg) + Finasteride (1mg),163.2,5
MED01906,Biotin (5mg),41.33,3
MED01907,Biotin (5mg) + Finasteride (1mg),155.0,6
MED01908,Biotin (5mg) + Folic Acid (5mg),70.0,2
MED01909,Bisacodyl (10mg),69.92,8
MED01910,Bisacodyl (5mg),15.33,33
MED01911,Bisacodyl (NA),73.29,3
MED01912,Bisoprolol (1.25mg),50.79,3
MED01913,Bisoprolol (10mg),103.85,10
MED01914,Bisoprolol (10mg) + Hydrochlorothiazide (6.25mg),90.0,1
MED01915,Bisoprolol (2.5mg),44.16,46
MED01916,Bisoprolol (2.5mg) + Cilnidipine (10mg),68.0,1
MED01917,Bisoprolol (2.5mg) + Hydrochlorothiazide (6.25mg),45.12,10
MED01918,Bisoprolol (2.5mg) + Hydrochlorothiazide (6.5mg),60.0,1
MED01919,Bisoprolol (2.5mg) + S-Amlodipine (5mg),128.0,1
MED01920,Bisoprolol (2.5mg) + Telmisartan (40mg),99.0,1
MED01921,Bisoprolol (23.75mg),53.0,1
MED01922,Bisoprolol (5mg),62.68,50
MED01923,Bisoprolol (5mg) + Cilnidipine (10mg),155.85,2
MED01924,Bisoprolol (5mg) + Hydrochlorothiazide (12.5mg),85.97,3
MED01925,Bisoprolol (5mg) + Hydrochlorothiazide (6.25mg),75.16,8
MED01926,Bisoprolol (5mg) + S-Amlodipine (2.5mg),153.65,2
MED01927,Bisoprolol (5mg) + Telmisartan (40mg),119.0,1
MED01928,Bivalirudin (250mg),7727.18,10
MED01929,Bleomycin (15IU),751.48,14
MED01930,Bleomycin (15mg),976.67,3
MED01931,Bleomycin (30mg),876.85,3
MED01932,Blonanserin (2mg),53.9,6
MED01933,Blonanserin (3mg),89.0,1
MED01934,Blonanserin (4mg),97.12,5
MED01935,Blonanserin (8mg),149.58,6
MED01936,Borax (0.19% w/v) + Hydroxypropylmethylcellulose (0.3% w/v),60.5,1
MED01937,Boric Acid (0.3% w/v) + Ciprofloxacin (0.3% w/v),10.5,1
MED01938,Boric Acid (1% w/v) + Naphazoline (0.1% w/v),107.6,3
MED01939,Boric Acid (1% w/v) + Sulphacetamide (12.5% w/v),43.1,2
MED01940,Boric Acid (1.1% w/v) + Naphazoline (0.1% w/v),43.85,2
MED01941,Boric Acid (1.10% w/v) + Naphazoline (0.01% w/v),76.7,1
MED01942,Boric Acid (1.25% w/v) + Sodium Chloride (0.05% w/v),141.0,1
MED01943,Boric Acid (1.5% w/v) + Sulphacetamide (10% w/v),60.0,1
MED01944,Boric Acid (1.9% w/v) + Chlorbutol (0.5% w/v),79.0,1
MED01945,Boric Acid (1.9% w/v) + Sodium Chloride (1% w/v),63.0,1
MED01946,Boric Acid (2% w/v) + Sulphacetamide (15% w/v),65.0,1
MED01947,Boric Acid (3% w/v) + Naphazoline (0.003% w/v),50.0,1
MED01948,Boric Acid (5mg/ml) + Hydroxypropylmethylcellulose (3mg/ml),130.11,1
MED01949,Bortezomib (1mg),18060.0,1
MED01950,Bortezomib (2.5mg),7605.24,4
MED01951,Bortezomib (2mg),10048.04,38
MED01952,Bortezomib (3.5mg),15578.75,8
MED01953,Bosentan (125mg),1450.08,6
MED01954,Bosentan (62.5mg),868.83,7
MED01955,Bosutinib (100mg),8225.0,2
MED01956,Bosutinib (400mg),5825.0,2
MED01957,Bosutinib (500mg),10814.62,2
MED01958,Boswellia Serrata (500mg),599.0,1
MED01959,Brimonidine (0.1% w/v),212.73,6
MED01960,Brimonidine (0.1% w/v) + Stabilized Oxychloro (0.005% w/v),239.21,4
MED01961,Brimonidine (0.1% w/v) + Timolol (0.5% w/v),268.0,1
MED01962,Brimonidine (0.15% w/v),178.58,12
MED01963,Brimonidine (0.15% w/v) + Stabilized Oxychloro (0.005% w/v),378.21,2
MED01964,Brimonidine (0.15% w/v) + Timolol (0.5% w/v),287.5,3
MED01965,Brimonidine (0.2% w/v),203.08,12
MED01966,Brimonidine (0.2% w/v) + Brinzolamide (1% w/v),491.6,10
MED01967,Brimonidine (0.2% w/v) + Timolol (0.5% w/v),248.49,33
MED01968,Brimonidine (1.5mg) + Timolol (5mg),271.83,6
MED01969,Brimonidine (2% w/v),219.0,1
MED01970,Brimonidine (2mg) + Brinzolamide (10mg),429.35,2
MED01971,Brimonidine (2mg) + Timolol (5mg),277.98,7
MED01972,Brimonidine (5mg),371.0,3
MED01973,Brimonidine (NA) + Timolol (NA),163.45,2
MED01974,Brinzolamide (1% v/v) + Timolol (0.5% v/v),419.0,1
MED01975,Brinzolamide (1% w/v),424.68,8
MED01976,Brinzolamide (1% w/v) + Timolol (0.5% w/v),401.5,2
MED01977,Brinzolamide (10mg),472.0,1
MED01978,Brinzolamide (10mg) + Timolol (5mg),460.5,1
MED01979,Brivaracetam (100mg),423.88,29
MED01980,Brivaracetam (10mg),358.89,9
MED01981,Brivaracetam (10mg/ml),260.67,11
MED01982,Brivaracetam (25mg),103.11,22
MED01983,Brivaracetam (50mg),230.16,35
MED01984,Brivaracetam (75mg),331.55,24
MED01985,Bromelain (100mg) + Doxycycline (100mg),114.8,1
MED01986,Bromelain (135mg) + Rutoside (150mg),250.0,1
MED01987,Bromelain (180mg) + Diclofenac (50mg),329.0,1
MED01988,Bromelain (180mg) + Rutoside (200mg),381.0,2
MED01989,Bromelain (180mg) + Trypsin (96mg),417.83,120
MED01990,Bromelain (2.5% w/w) + Mupirocin (2% w/w),149.0,1
MED01991,Bromelain (20mg) + Melatonin (3mg),545.0,2
MED01992,Bromelain (25% w/w) + Mupirocin (2% w/w),169.0,1
MED01993,Bromelain (48mg) + Trypsin (90mg),172.33,6
MED01994,Bromelain (5% w/w) + Mupirocin (2% w/w),131.5,2
MED01995,Bromelain (80mg) + Trypsin (48mg),190.5,2
MED01996,Bromelain (90mg) + Diclofenac (50mg),173.6,18
MED01997,Bromelain (90mg) + Rutoside (100mg),178.41,18
MED01998,Bromelain (90mg) + Trypsin (45mg),207.0,3
MED01999,Bromelain (90mg) + Trypsin (480mg),166.0,1
MED02000,Bromelain (90mg) + Trypsin (48mg),187.52,832
MED02001,Bromelain (90mg) + Trypsin Chymotrypsin (50000AU),180.0,1
MED02002,Bromelain (96mg) + Trypsin (180mg),650.0,1
MED02003,Bromelain (96mg) + Trypsin (48mg),170.0,1
MED02004,Bromelain (NA) + Diclofenac (NA),132.0,1
MED02005,Bromelain (NA) + Trypsin (NA),177.33,8
MED02006,Bromfenac (0.07% w/v),147.5,1
MED02007,Bromfenac (0.09% w/v),122.02,44
MED02008,Bromfenac (0.09% w/v) + Moxifloxacin (0.3% w/v),100.0,1
MED02009,Bromfenac (0.09% w/v) + Moxifloxacin (0.5% w/v),143.83,14
MED02010,Bromfenac (0.9% w/v) + Moxifloxacin (0.5% w/v),135.0,1
MED02011,Bromfenac (0.9mg),113.33,3
MED02012,Bromfenac (NA),85.71,2
MED02013,Bromhexine (1005mg) + Cetirizine (8mg),34.28,1
MED02014,Bromhexine (10mg) + Guaifenesin (100mg),6.73,1
MED02015,Bromhexine (10mg) + Guaifenesin (50mg),58.0,1
MED02016,Bromhexine (10mg) + Salbutamol (2mg),9.5,1
MED02017,Bromhexine (15mg) + Guaifenesin (25mg),53.0,1
MED02018,Bromhexine (15mg) + Guaifenesin (50mg),65.0,1
MED02019,Bromhexine (15mg/5ml) + Guaifenesin (50mg/5ml),80.0,1
MED02020,Bromhexine (15mg/5ml) + Terbutaline (1.25mg/5ml),58.0,1
MED02021,Bromhexine (16mg) + Salbutamol (4mg),2.35,1
MED02022,Bromhexine (2.5mg) + Terbutaline (100mg),51.0,1
MED02023,Bromhexine (2mg) + Chlorpheniramine Maleate (1mg),28.7,1
MED02024,Bromhexine (2mg) + Guaifenesin (25mg),45.27,3
MED02025,Bromhexine (2mg) + Guaifenesin (50mg),58.84,75
MED02026,Bromhexine (2mg) + Phenylpropanolamine (8.75mg),38.85,2
MED02027,Bromhexine (2mg) + Salbutamol (1mg),38.99,9
MED02028,Bromhexine (2mg) + Terbutaline (1.25mg),56.24,12
MED02029,Bromhexine (2mg/5ml) + Guaifenesin (25mg/5ml),54.58,2
MED02030,Bromhexine (2mg/5ml) + Guaifenesin (50mg/5ml),70.6,121
MED02031,Bromhexine (2mg/5ml) + Salbutamol (1mg/5ml),74.0,2
MED02032,Bromhexine (2mg/5ml) + Salbutamol (1mg/gm),31.0,1
MED02033,Bromhexine (2mg/5ml) + Terbutaline (1.25mg/5ml),62.88,11
MED02034,Bromhexine (2mg/5ml) + Terbutaline (1.25ml/5ml),92.0,2
MED02035,Bromhexine (2mg/5ml) + Terbutaline (12.5mg/5ml),55.0,1
MED02036,Bromhexine (4mg),18.05,3
MED02037,Bromhexine (4mg) + Cefalexin (250mg),48.31,3
MED02038,Bromhexine (4mg) + Chlorpheniramine Maleate (1.25mg),35.33,3
MED02039,Bromhexine (4mg) + Chlorpheniramine Maleate (2mg),37.85,20
MED02040,Bromhexine (4mg) + Chlorpheniramine Maleate (4mg),24.92,4
MED02041,Bromhexine (4mg) + Dextromethorphan Hydrobromide (10mg),49.5,1
MED02042,Bromhexine (4mg) + Dextromethorphan Hydrobromide (5mg),51.47,21
MED02043,Bromhexine (4mg) + Dextromethorphan Hydrobromide (7.5mg),59.3,1
MED02044,Bromhexine (4mg) + Etofylline (200mg),68.57,1
MED02045,Bromhexine (4mg) + Guaifenesin (100mg),49.89,11
MED02046,Bromhexine (4mg) + Guaifenesin (25mg),45.0,1
MED02047,Bromhexine (4mg) + Guaifenesin (50mg),62.3,135
MED02048,Bromhexine (4mg) + Phenylephrine (5mg),72.75,2
MED02049,Bromhexine (4mg) + Phenylpropanolamine (12.5mg),47.0,1
MED02050,Bromhexine (4mg) + Pseudoephedrine (30mg),36.7,3
MED02051,Bromhexine (4mg) + Salbutamol (1mg),35.7,6
MED02052,Bromhexine (4mg) + Salbutamol (2mg),35.48,16
MED02053,Bromhexine (4mg) + Terbutaline (1.25mg),52.57,15
MED02054,Bromhexine (4mg) + Terbutaline (1.2mg),27.5,1
MED02055,Bromhexine (4mg) + Terbutaline (1.50mg),108.0,1
MED02056,Bromhexine (4mg) + Terbutaline (1.5mg),38.6,5
MED02057,Bromhexine (4mg) + Terbutaline (2.5mg),35.64,4
MED02058,Bromhexine (4mg/5ml),87.9,4
MED02059,Bromhexine (4mg/5ml) + Chlorpheniramine Maleate (1.25mg/5ml),56.53,5
MED02060,Bromhexine (4mg/5ml) + Chlorpheniramine Maleate (2mg/5ml),99.88,1
MED02061,Bromhexine (4mg/5ml) + Dextromethorphan Hydrobromide (5mg/5ml),60.4,10
MED02062,Bromhexine (4mg/5ml) + Guaifenesin (100mg/5ml),56.45,2
MED02063,Bromhexine (4mg/5ml) + Guaifenesin (50mg/5ml),69.76,101
MED02064,Bromhexine (4mg/5ml) + Terbutaline (1.25mg/5ml),69.89,11
MED02065,Bromhexine (4mg/5ml) + Terbutaline (1.5mg/5ml),46.3,9
MED02066,Bromhexine (5mg) + Caffeine (15mg),61.0,1
MED02067,Bromhexine (5mg) + Guaifenesin (30mg),60.0,1
MED02068,Bromhexine (60mg) + Pseudoephedrine (8mg),21.5,2
MED02069,Bromhexine (8mg),25.5,3
MED02070,Bromhexine (8mg) + Cefalexin (500mg),76.55,2
MED02071,Bromhexine (8mg) + Chlorpheniramine Maleate (2mg),43.02,42
MED02072,Bromhexine (8mg) + Chlorpheniramine Maleate (4mg),22.12,3
MED02073,Bromhexine (8mg) + Dextromethorphan Hydrobromide (10mg),49.97,9
MED02074,Bromhexine (8mg) + Guaifenesin (100mg),45.81,69
MED02075,Bromhexine (8mg) + Guaifenesin (50mg),52.94,5
MED02076,Bromhexine (8mg) + Paracetamol (450mg),34.1,1
MED02077,Bromhexine (8mg) + Phenylephrine (10mg),46.65,1
MED02078,Bromhexine (8mg) + Phenylpropanolamine (25mg),48.9,2
MED02079,Bromhexine (8mg) + Salbutamol (2.4mg),30.0,1
MED02080,Bromhexine (8mg) + Salbutamol (2mg),25.25,19
MED02081,Bromhexine (8mg) + Salbutamol (4mg),37.84,6
MED02082,Bromhexine (8mg) + Terbutaline (1.25mg),26.75,1
MED02083,Bromhexine (8mg) + Terbutaline (2.5mg),26.24,8
MED02084,Bromhexine (8mg) + Terbutaline (5mg),37.3,1
MED02085,Bromhexine (8mg/10ml) + Guaifenesin (100mg/10ml),62.12,4
MED02086,Bromhexine (8mg/5ml) + Dextromethorphan Hydrobromide (10mg/5ml),37.5,1
MED02087,Bromhexine (8mg/5ml) + Guaifenesin (100mg/5ml),65.83,12
MED02088,Bromhexine (8mg/5ml) + Salbutamol (2mg/5ml),17.5,1
MED02089,Bromhexine (8mg/5ml) + Terbutaline (2.5mg/5ml),74.44,9
MED02090,Bromhexine (NA),39.93,6
MED02091,Bromhexine (NA) + Cefalexin (125mg),29.05,1
MED02092,Bromhexine (NA) + Chlorpheniramine Maleate (NA),31.9,6
MED02093,Bromhexine (NA) + Dextromethorphan Hydrobromide (NA),37.3,14
MED02094,Bromhexine (NA) + Erythromycin (NA),29.12,1
MED02095,Bromhexine (NA) + Guaifenesin (NA),31.64,18
MED02096,Bromhexine (NA) + Phenylpropanolamine (NA),52.1,4
MED02097,Bromhexine (NA) + Pseudoephedrine (NA),52.87,6
MED02098,Bromhexine (NA) + Salbutamol (4mg),5.2,1
MED02099,Bromhexine (NA) + Salbutamol (50mg),37.13,1
MED02100,Bromhexine (NA) + Salbutamol (NA),37.17,24
MED02101,Bromhexine (NA) + Terbutaline (NA),30.02,2
MED02102,Bromocriptine (0.8mg),62.91,6
MED02103,Bromocriptine (0.8mg) + Metformin (500mg),95.27,1
MED02104,Bromocriptine (1.25mg),102.41,10
MED02105,Bromocriptine (1.6mg),93.33,1
MED02106,Bromocriptine (10mg),154.6,1
MED02107,Bromocriptine (2.5mg),210.23,17
MED02108,Bromocriptine (5mg),179.5,3
MED02109,Bromocriptine (NA),43.99,1
MED02110,Buclizine (12mg/5ml),122.32,3
MED02111,Buclizine (25mg),27.01,3
MED02112,Buclizine (50mg),51.34,1
MED02113,Buclizine (6mg/5ml),80.5,3
MED02114,Budesonide (0.5mg),95.8,34
MED02115,Budesonide (0.5mg) + Formoterol (20mcg),335.99,12
MED02116,Budesonide (0.5mg) + Levosalbutamol (1.25mg),165.88,10
MED02117,Budesonide (100mcg),198.39,11
MED02118,Budesonide (100mcg) + Formoterol (6mcg),185.03,24
MED02119,Budesonide (160mcg) + Formoterol (4.5mcg),624.0,1
MED02120,Budesonide (1mg),108.56,10
MED02121,Budesonide (1mg) + Formoterol (20mcg),441.18,5
MED02122,Budesonide (1mg) + Levosalbutamol (1.25mg),281.75,1
MED02123,Budesonide (1mg) + Levosalbutamol (2.5mg),26.23,1
MED02124,Budesonide (200mcg),242.75,11
MED02125,Budesonide (200mcg) + Formoterol (12mcg),280.44,2
MED02126,Budesonide (200mcg) + Formoterol (6mcg),267.04,52
MED02127,Budesonide (320mcg) + Formoterol (9mcg),730.0,1
MED02128,Budesonide (3mg),265.56,5
MED02129,Budesonide (400mcg),176.28,4
MED02130,Budesonide (400mcg) + Formoterol (12mcg),416.44,12
MED02131,Budesonide (400mcg) + Formoterol (6mcg),316.12,49
MED02132,Budesonide (50mcg),319.05,1
MED02133,Budesonide (64mcg),384.78,2
MED02134,Budesonide (80mcg) + Formoterol (4.5mcg),486.0,1
MED02135,Budesonide (9mg),1135.1,4
MED02136,Budesonide (NA),3085.66,2
MED02137,Budesonide (NA) + Formoterol (200mg),17.36,1
MED02138,Budesonide (NA) + Formoterol (NA),19.37,1
MED02139,Buphenine (6mg),19.81,1
MED02140,Bupivacaine (0.25%),51.35,5
MED02141,Bupivacaine (0.5% w/v),69.5,2
MED02142,Bupivacaine (0.5%),70.8,7
MED02143,Bupivacaine (2.5mg),54.0,1
MED02144,Bupivacaine (2.5mg/ml),48.74,1
MED02145,Bupivacaine (20mg),24.5,2
MED02146,Bupivacaine (5mg),59.63,9
MED02147,Bupivacaine (80mg),25.3,1
MED02148,Bupivacaine (NA),28.5,1
MED02149,Buprenorphine (0.2mg),50.53,3
MED02150,Buprenorphine (0.3mg),26.29,6
MED02151,Buprenorphine (0.3mg/ml),16.38,2
MED02152,Buprenorphine (0.4mg),100.0,1
MED02153,Buprenorphine (0.6mg),15.7,1
MED02154,Buprenorphine (10mcg),1525.0,2
MED02155,Buprenorphine (10mg),2426.83,6
MED02156,Buprenorphine (1mg),220.0,1
MED02157,Buprenorphine (20mg),3809.5,4
MED02158,Buprenorphine (2mg),425.0,1
MED02159,Buprenorphine (2mg) + Naloxone (0.5mg),328.0,1
MED02160,Buprenorphine (5mg),1251.33,6
MED02161,Bupropion (100mg),82.0,2
MED02162,Bupropion (150mg),121.9,28
MED02163,Bupropion (300mg),193.92,6
MED02164,Buserelin (0.5mg),396.23,3
MED02165,Buserelin (4mcg/ml),200.0,1
MED02166,Buserelin (5mg),1900.0,2
MED02167,Buserelin (7mg),2548.82,2
MED02168,Buserelin (NA),356.85,1
MED02169,Buspirone (10mg),30.44,10
MED02170,Buspirone (15mg),84.0,1
MED02171,Buspirone (5mg),20.12,7
MED02172,Busulfan (2mg),143.98,4
MED02173,Busulfan (60mg),6966.67,3
MED02174,Butenafine (1% w/w),65.52,6
MED02175,Butorphanol (1mg),31.76,2
MED02176,Butorphanol (2mg),46.12,2
MED02177,Butyl Alcohol (0.26gm) + Citric Acid (2.5mg),55.0,1
MED02178,Butyl Alcohol (52mg/ml) + Citric Acid (0.5mg/ml),294.6,1
MED02179,Cabazitaxel (60mg),27901.63,6
MED02180,Cabazitaxel (60mg/ml),32032.32,5
MED02181,Cabergoline (0.25mg),111.43,9
MED02182,Cabergoline (0.5mg),267.38,27
MED02183,Cabergoline (1mg),205.71,1
MED02184,Cabozantinib (20mg),6700.0,2
MED02185,Cabozantinib (40mg),10097.5,4
MED02186,Cabozantinib (60mg),11250.0,2
MED02187,Cadexomer Iodine (0.9% w/w),255.63,2
MED02188,Cadexomer Iodine (1000mg),275.0,2
MED02189,Cadexomer Iodine (500mg),189.8,5
MED02190,Caffeine (100mg) + Ergotamine (1mg),65.12,12
MED02191,Caffeine (10mg),532.44,2
MED02192,Caffeine (15mg) + Chlorpheniramine Maleate (2mg),35.75,32
MED02193,Caffeine (15mg) + Paracetamol (300mg),16.5,1
MED02194,Caffeine (15mg) + Paracetamol (325mg),41.2,5
MED02195,Caffeine (15mg) + Paracetamol (500mg),31.02,4
MED02196,Caffeine (16mg) + Cetirizine (5mg),35.0,1
MED02197,Caffeine (16mg) + Chlorpheniramine Maleate (1.5mg),16.0,1
MED02198,Caffeine (16mg) + Chlorpheniramine Maleate (2gm),29.0,1
MED02199,Caffeine (16mg) + Chlorpheniramine Maleate (2mg),38.11,16
MED02200,Caffeine (16mg) + Chlorpheniramine Maleate (5mg),52.0,2
MED02201,Caffeine (16mg) + Paracetamol (500mg),10.0,1
MED02202,Caffeine (20mg),278.86,1
MED02203,Caffeine (20mg) + Cetirizine (5mg),42.5,2
MED02204,Caffeine (20mg) + Chlorpheniramine Maleate (2mg),16.05,4
MED02205,Caffeine (20mg) + Chlorpheniramine Maleate (4mg),26.96,2
MED02206,Caffeine (20mg) + Diphenhydramine (25mg),45.0,2
MED02207,Caffeine (20mg) + Meclizine (25mg),20.0,1
MED02208,Caffeine (20mg) + Paracetamol (500mg),9.0,1
MED02209,Caffeine (20mg/ml),501.67,7
MED02210,Caffeine (25mg) + Cetirizine (5mg),49.05,128
MED02211,Caffeine (25mg) + Chlorpheniramine Maleate (2mg),33.43,12
MED02212,Caffeine (25mg) + Chlorpheniramine Maleate (4mg),44.0,2
MED02213,Caffeine (25mg) + Diphenhydramine (25mg),38.67,3
MED02214,Caffeine (25mg) + Diphenhydramine (30mg),55.0,1
MED02215,Caffeine (25mg) + Paracetamol (325mg),33.11,6
MED02216,Caffeine (25mg) + Paracetamol (500mg),27.58,4
MED02217,Caffeine (30mg) + Cetirizine (10mg),49.0,1
MED02218,Caffeine (30mg) + Cetirizine (5mg),44.98,65
MED02219,Caffeine (30mg) + Chlorpheniramine Maleate (25mg),10.81,1
MED02220,Caffeine (30mg) + Chlorpheniramine Maleate (2mg),32.7,129
MED02221,Caffeine (30mg) + Chlorpheniramine Maleate (4mg),29.93,36
MED02222,Caffeine (30mg) + Diphenhydramine (25mg),47.51,292
MED02223,Caffeine (30mg) + Diphenhydramine (50mg),35.0,1
MED02224,Caffeine (30mg) + Paracetamol (250mg),17.86,1
MED02225,Caffeine (30mg) + Paracetamol (300mg),12.0,1
MED02226,Caffeine (30mg) + Paracetamol (325mg),45.49,48
MED02227,Caffeine (30mg) + Paracetamol (350mg),9.62,1
MED02228,Caffeine (30mg) + Paracetamol (400mg),11.0,1
MED02229,Caffeine (30mg) + Paracetamol (500mg),24.05,25
MED02230,Caffeine (30mg) + Paracetamol (650mg),32.5,2
MED02231,Caffeine (32mg) + Carisoprodol (175mg),45.0,1
MED02232,Caffeine (32mg) + Paracetamol (325mg),40.84,3
MED02233,Caffeine (32mg) + Paracetamol (500mg),36.71,5
MED02234,Caffeine (35mg) + Cetirizine (5mg),40.0,1
MED02235,Caffeine (40mg),360.0,1
MED02236,Caffeine (50mg) + Paracetamol (300mg),28.8,1
MED02237,Caffeine (50mg) + Paracetamol (500mg),16.19,5
MED02238,Caffeine (50mg) + Paracetamol (650mg),36.57,13
MED02239,Caffeine (5mg) + Cetirizine (5mg),68.4,2
MED02240,Caffeine (5mg) + Paracetamol (500mg),32.0,1
MED02241,Caffeine (60mg) + Paracetamol (125mg),47.0,1
MED02242,Caffeine (NA),1452.35,1
MED02243,Caffeine (NA) + Cetirizine (NA),46.18,5
MED02244,Caffeine (NA) + Paracetamol (10mg),26.66,1
MED02245,Caffeine (NA) + Paracetamol (NA),32.16,9
MED02246,Calamine (10% w/v),64.5,2
MED02247,Calamine (8% w/v),107.67,3
MED02248,Calamine (8% w/v) + Diphenhydramine (1% w/v),80.66,6
MED02249,Calamine (8% w/w),63.5,2
MED02250,Calcipotriol (0.005% w/v),313.5,1
MED02251,Calcipotriol (0.005% w/v) + Clobetasol (0.05% w/v),504.83,2
MED02252,Calcipotriol (0.005% w/w),439.32,9
MED02253,Calcipotriol (0.005% w/w) + Clobetasol (0.05% w/w),477.7,14
MED02254,Calcipotriol (0.005% w/w) + Clobetasol (0.5% w/w),340.0,1
MED02255,Calcitonin (Salmon) (100IU),549.6,4
MED02256,Calcitonin (Salmon) (100IU/ml),236.69,1
MED02257,Calcitonin (Salmon) (2000IU),1839.2,1
MED02258,Calcitonin (Salmon) (200IU),1723.79,19
MED02259,Calcitonin (Salmon) (2200IU),1800.0,1
MED02260,Calcitonin (Salmon) (50IU),672.75,2
MED02261,Calcitriol (0.0003% w/w) + Clobetasol (0.05% w/w),390.5,2
MED02262,Calcitriol (0.25mcg),84.88,5
MED02263,Calcitriol (0.25mcg) + Calcium (200mg),231.49,4
MED02264,Calcitriol (0.25mcg) + Calcium (250mg),232.5,2
MED02265,Calcitriol (0.25mcg) + Calcium (500mg),311.33,3
MED02266,Calcitriol (0.25mcg) + Calcium (750mg),189.0,1
MED02267,Calcitriol (0.25mcg) + Calcium Carbonate (1250mg),241.08,6
MED02268,Calcitriol (0.25mcg) + Calcium Carbonate (200mg),223.1,3
MED02269,Calcitriol (0.25mcg) + Calcium Carbonate (250mg),255.0,1
MED02270,Calcitriol (0.25mcg) + Calcium Carbonate (500mg),180.85,34
MED02271,Calcitriol (0.25mcg) + Calcium Carbonate (625mg),149.0,1
MED02272,Calcitriol (0.25mcg) + Calcium Citrate Malate (250mg),292.58,2
MED02273,Calcitriol (0.25mcg) + Calcium Citrate Malate (500mcg),159.0,1
MED02274,Calcitriol (0.25mcg) + Calcium Citrate Malate (500mg),182.7,1
MED02275,Calcitriol (0.25mcg) + Calcium citrate (1000mg),234.75,4
MED02276,Calcitriol (0.25mcg) + Calcium citrate (500mg),180.87,10
MED02277,Calcitriol (0.25mcg) + Coral calcium (500mg),230.0,2
MED02278,Calcitriol (0.25mcg) + Eicosapentaenoic Acid (180mg),300.0,3
MED02279,Calcitriol (0.25mcg) + Zinc Oxide (20mg),112.5,2
MED02280,Calcitriol (0.25mcg) + Zinc Oxide (7.5mg),165.72,4
MED02281,Calcitriol (0.25mg) + Calcium Carbonate (500mg),210.0,1
MED02282,Calcitriol (0.25mg) + Zinc Oxide (7.5mg),179.0,1
MED02283,Calcitriol (1000IU) + Calcium Carbonate (500mg),191.0,1
MED02284,Calcitriol (1mcg),131.87,3
MED02285,Calcitriol (1mcg/ml),105.0,1
MED02286,Calcitriol (200IU) + Calcium (1000mg),212.1,1
MED02287,Calcitriol (300000IU),25.2,1
MED02288,Calcitriol (3mcg),364.78,2
MED02289,Calcitriol (500IU) + Calcium Citrate Malate (1000mg),75.0,2
MED02290,Calcitriol (500mg) + Calcium Carbonate (0.25mcg),199.19,1
MED02291,Calcitriol (600000IU),101.19,3
MED02292,Calcium (1000mg) + Vitamin D3 (1000IU),145.5,2
MED02293,Calcium (1000mg) + Vitamin D3 (200IU),23.75,1
MED02294,Calcium (100mg) + Vitamin D3 (200IU),45.0,1
MED02295,Calcium (1120mg),128.47,1
MED02296,Calcium (1250mg) + Vitamin D3 (2000IU),94.0,1
MED02297,Calcium (1250mg) + Vitamin D3 (250IU),44.16,8
MED02298,Calcium (137.5mg) + Vitamin D3 (5000IU),43.82,2
MED02299,Calcium (200mg) + Ibandronic Acid (150mg),360.46,1
MED02300,Calcium (225mg) + Ibandronic Acid (150mg),431.75,2
MED02301,Calcium (250mg),10.0,1
MED02302,Calcium (250mg) + Ibandronic Acid (150mg),426.7,3
MED02303,Calcium (250mg) + Risedronate (35mg),125.95,1
MED02304,Calcium (250mg) + Vitamin D3 (100IU),135.0,1
MED02305,Calcium (250mg) + Vitamin D3 (125IU),27.49,3
MED02306,Calcium (250mg) + Vitamin D3 (500IU),129.0,1
MED02307,Calcium (500mg),25.75,4
MED02308,Calcium (500mg) + Dehydroepiandrosterone (Micronized) (50mg),231.4,2
MED02309,Calcium (500mg) + Risedronate (35mg),84.38,2
MED02310,Calcium (500mg) + Vitamin D3 (0.25mcg),110.0,5
MED02311,Calcium (500mg) + Vitamin D3 (125IU),19.5,1
MED02312,Calcium (500mg) + Vitamin D3 (2000IU),149.0,1
MED02313,Calcium (500mg) + Vitamin D3 (200IU),22.0,3
MED02314,Calcium (500mg) + Vitamin D3 (250IU),77.75,15
MED02315,Calcium (500mg) + Vitamin D3 (500IU),139.5,2
MED02316,Calcium (560mg),112.5,2
MED02317,Calcium (625mg) + Vitamin D3 (125IU),184.0,1
MED02318,Calcium (625mg/5ml) + Vitamin D3 (125iu/5ml),54.5,1
MED02319,Calcium (667mg),63.43,3
MED02320,Calcium (NA) + Famotidine (10mg),21.0,1
MED02321,Calcium Acetate (1334mg),71.0,1
MED02322,Calcium Acetate (667mg),53.33,3
MED02323,Calcium Carbonate (1000mg) + Magnesium Hydroxide (240mg),195.0,1
MED02324,Calcium Carbonate (1250mg) + Ibandronic Acid (150mg),375.0,1
MED02325,Calcium Carbonate (1250mg) + Vitamin D3 (2000IU),279.03,10
MED02326,Calcium Carbonate (1250mg) + Vitamin D3 (2000mg),295.9,3
MED02327,Calcium Carbonate (1250mg) + Vitamin D3 (500IU),190.0,1
MED02328,Calcium Carbonate (500mg) + Risedronate (35mg),120.0,1
MED02329,Calcium Carbonate (500mg) + Vitamin D3 (2000IU),326.75,2
MED02330,Calcium Chloride (0.048% w/v) + Citric Acid (0.17% w/v),94.19,1
MED02331,Calcium Chloride (0.070gm) + Potassium Chloride (0.038gm),535.26,1
MED02332,Calcium Chloride (10% w/v),46.8,1
MED02333,Calcium Citrate Malate (1000mg) + Vitamin D3 (100IU),135.0,1
MED02334,Calcium Citrate Malate (1250mg) + Magnesium Oxide (50mg),159.0,1
MED02335,Calcium Citrate Malate (250mg) + Vitamin D3 (100IU),282.5,3
MED02336,Calcium Citrate Malate (250mg) + Vitamin D3 (100mg),240.0,1
MED02337,Calcium Dobesilate (0.25% w/w) + Lidocaine (3% w/w),133.12,15
MED02338,Calcium Dobesilate (0.5% w/w),45.53,3
MED02339,Calcium Dobesilate (0.5% w/w) + Lidocaine (3% w/w),76.0,1
MED02340,Calcium Dobesilate (100mg),94.5,1
MED02341,Calcium Dobesilate (250mg) + Troxerutin (250mg),83.5,2
MED02342,Calcium Dobesilate (500mg),137.8,61
MED02343,Calcium Dobesilate (500mg) + Docusate (100mg),190.0,1
MED02344,Calcium Dobesilate (500mg) + Euphorbia Prostrata Extract (100mg),530.93,3
MED02345,Calcium Dobesilate (500mg) + Troxerutin (500mg),252.67,3
MED02346,Calcium Dobesilate (NA),37.8,1
MED02347,Calcium Gluconate (10mg),28.5,1
MED02348,Calcium Gluconate (137.5mg) + Cyanocobalamin (50mcg),42.7,1
MED02349,Calcium Gluconate (300mg) + Calcium Lactate (80mg),91.8,2
MED02350,Calcium Gluconate (500mg),31.5,1
MED02351,Calcium Gluconate (500mg) + Chlorpheniramine Maleate (4mg),43.75,2
MED02352,Calcium Gluconate (50mg) + Calcium Lactobionate (87.5mg),68.3,2
MED02353,Calcium Lactate (200mg) + Luvistin (20mg),23.31,1
MED02354,Calcium Leucovorin (10mg/ml),253.0,1
MED02355,Calcium Leucovorin (15mg),270.13,15
MED02356,Calcium Leucovorin (15mg/2ml),97.0,1
MED02357,Calcium Leucovorin (50mg),284.94,19
MED02358,Calcium Pantothenate (12.5mg) + Methylcobalamin (500mcg),15.9,1
MED02359,Calcium Phosphate (0.13gm) + Dextrose (5gm),18.12,1
MED02360,Calcium Phosphate (0.5% w/v) + Sodium Iodide (1% w/v),22.5,1
MED02361,Calcium Polystyrene Sulphonate (15gm),106.07,13
MED02362,Calcium citrate (1000mg) + Magnesium Hydroxide (100mg),89.0,1
MED02363,Calcium citrate (1000mg) + Vitamin D3 (1000IU),156.0,1
MED02364,Calcium citrate (1000mg) + Vitamin D3 (100IU),205.0,1
MED02365,Calcium citrate (1000mg) + Vitamin D3 (200IU),85.0,1
MED02366,Calcium citrate (100mg) + L-Arginine (1000mg),295.0,1
MED02367,Calcium citrate (1250mg) + Vitamin D3 (500IU),169.0,1
MED02368,Calcium citrate (250mg) + Magnesium Hydroxide (100mg),140.0,1
MED02369,Camostat (100mg),125.0,1
MED02370,Camphor (0.01% w/v) + Carboxymethylcellulose (0.5% w/v),88.33,3
MED02371,Camphor (0.01% w/v) + Chlorpheniramine Maleate (0.1% w/v),87.0,6
MED02372,Camphor (0.01% w/v) + Hydroxypropylmethylcellulose (0.25% w/v),82.1,4
MED02373,Camphor (0.01% w/v) + Menthol (0.005% w/v),66.55,10
MED02374,Camphor (10mg) + Capsaicin Based Rubefacients (0.02mg),109.0,1
MED02375,Camphor (NA) + Menthol (NA),100.0,1
MED02376,Camylofin (12.5mg/5ml) + Paracetamol (125mg/5ml),85.62,2
MED02377,Camylofin (12mg) + Paracetamol (125mg),46.0,1
MED02378,Camylofin (20mg/ml),62.84,1
MED02379,Camylofin (25mg),18.98,2
MED02380,Camylofin (25mg) + Diclofenac (25mg),28.02,3
MED02381,Camylofin (25mg) + Mefenamic Acid (250mg),20.0,1
MED02382,Camylofin (25mg) + Paracetamol (300mg),72.12,4
MED02383,Camylofin (50mg),14.85,1
MED02384,Camylofin (50mg) + Diclofenac (50mg),59.25,5
MED02385,Camylofin (50mg) + Mefenamic Acid (250mg),62.66,3
MED02386,Camylofin (50mg) + Nimesulide (100mg),64.12,3
MED02387,Camylofin (50mg) + Paracetamol (325mg),73.3,3
MED02388,Camylofin (50mg) + Paracetamol (500mg),77.5,1
MED02389,Canagliflozin (100mg),592.33,3
MED02390,Canagliflozin (300mg),1320.0,1
MED02391,Canagliflozin (50mg) + Metformin (1000mg),1920.0,1
MED02392,Canagliflozin (50mg) + Metformin (500mg),1920.0,1
MED02393,Candesartan (16mg),112.24,4
MED02394,Candesartan (4mg),77.19,7
MED02395,Candesartan (8mg),99.58,7
MED02396,Candesartan (8mg) + Chlorthalidone (12.5mg),224.0,1
MED02397,Candesartan (8mg) + Hydrochlorothiazide (12.5mg),45.0,1
MED02398,Capecitabine (150mg),660.0,2
MED02399,Capecitabine (400mg) + Cyclophosphamide (20mg),1023.69,2
MED02400,Capecitabine (500mg),1348.6,56
MED02401,Capmatinib (150mg),14500.0,1
MED02402,Capmatinib (200mg),15000.0,1
MED02403,Capreomycin (1000mg),275.0,1
MED02404,Capreomycin (1gm),337.0,1
MED02405,Capreomycin (500mg),170.33,3
MED02406,Capreomycin (750mg),288.0,2
MED02407,Capsaicin Based Rubefacients (0.01% w/w) + Diclofenac (2.32% w/w),110.0,1
MED02408,Capsaicin Based Rubefacients (0.025% w/w) + Diclofenac (1% w/w),97.29,10
MED02409,Capsaicin Based Rubefacients (0.025% w/w) + Diclofenac (1.00% w/w),110.0,1
MED02410,Capsaicin Based Rubefacients (0.025% w/w) + Diclofenac (1.16% w/w),98.5,7
MED02411,Capsaicin Based Rubefacients (0.025% w/w) + Diclofenac (2% w/w),180.0,1
MED02412,Capsaicin Based Rubefacients (0.025% w/w) + Diclofenac (4% w/w),195.4,2
MED02413,Capsaicin Based Rubefacients (0.025% w/w) + Gabapentin (8% w/w),434.5,1
MED02414,Capsaicin Based Rubefacients (0.02mg) + Diclofenac diethylamine (17.4mg),106.22,1
MED02415,Capsaicin Based Rubefacients (0.035% w/w) + Diclofenac (5% w/w),200.32,6
MED02416,Capsaicin Based Rubefacients (0.035% w/w) + Diclofenac (50% w/w),239.8,1
MED02417,Capsaicin Based Rubefacients (0.035% w/w) + Gabapentin (8% w/w),312.14,7
MED02418,Capsaicin Based Rubefacients (0.22mg/ml) + Diclofenac (17.4mg/ml),63.5,1
MED02419,Capsaicin Based Rubefacients (0.25% w/w) + Diclofenac (1.16% w/w),120.0,1
MED02420,Captopril (12.5mg),20.89,2
MED02421,Captopril (25mg),32.64,4
MED02422,Captopril (25mg) + Hydrochlorothiazide (15mg),41.0,1
MED02423,Carbachol (0.01% w/v),28.57,1
MED02424,Carbamazepine (100mg),10.29,23
MED02425,Carbamazepine (100mg/5ml),35.2,1
MED02426,Carbamazepine (150mg),38.96,1
MED02427,Carbamazepine (200mg),16.75,89
MED02428,Carbamazepine (25mg),20.0,1
MED02429,Carbamazepine (300mg),31.35,22
MED02430,Carbamazepine (400mg),35.33,34
MED02431,Carbamazepine (50mg),36.55,1
MED02432,Carbazochrome (0.75mg),19.5,1
MED02433,Carbazochrome (1mg),17.69,3
MED02434,Carbazochrome (2ml),7.2,1
MED02435,Carbazochrome (5mg),36.0,1
MED02436,Carbenicillin (1gm),25.0,1
MED02437,Carbenicillin (5gm),92.93,1
MED02438,Carbetocin (100mcg),403.0,2
MED02439,Carbetocin (100mcg/ml),469.5,2
MED02440,Carbidopa (10mg) + Levodopa (100mg),22.36,6
MED02441,Carbidopa (12.5mg) + Levodopa (50mg),73.11,4
MED02442,Carbidopa (25mg) + Levodopa (100mg),57.95,8
MED02443,Carbidopa (25mg) + Levodopa (250mg),51.42,7
MED02444,Carbidopa (37.5mg) + Levodopa (150mg),109.67,3
MED02445,Carbidopa (50mg) + Levodopa (200mg),47.18,2
MED02446,Carbidopa (NA) + Levodopa (250mg),36.54,1
MED02447,Carbimazole (10mg),403.75,8
MED02448,Carbimazole (20mg),1068.32,6
MED02449,Carbimazole (5mg),174.64,8
MED02450,Carbocisteine (150mg),63.0,2
MED02451,Carbocisteine (150mg) + Cefalexin (250mg),47.28,4
MED02452,Carbocisteine (150mg) + Cefalexin (500mg),43.72,2
MED02453,Carbocisteine (250mg),57.41,2
MED02454,Carbocisteine (375mg),54.0,1
MED02455,Carboplatin (10mg),1537.7,2
MED02456,Carboplatin (150mg),961.24,32
MED02457,Carboplatin (450mg),2824.63,32
MED02458,Carboplatin (600mg),3601.19,1
MED02459,Carboprost (125mcg),141.16,7
MED02460,Carboprost (250mcg),220.54,9
MED02461,Carboxymethylcellulose (0.05% w/v),145.67,3
MED02462,Carboxymethylcellulose (0.05% w/v) + Oxychloro Complex (0.0075% w/v),115.0,1
MED02463,Carboxymethylcellulose (0.1% w/v),113.41,2
MED02464,Carboxymethylcellulose (0.3% w/v),77.5,2
MED02465,Carboxymethylcellulose (0.3% w/v) + Glycerin (1% w/v),202.33,6
MED02466,Carboxymethylcellulose (0.3% w/v) + n-acetylcarnosine (1% w/v),125.0,1
MED02467,Carboxymethylcellulose (0.3% w/w),141.75,1
MED02468,Carboxymethylcellulose (0.3% w/w) + Glycerin (1% w/w),104.75,4
MED02469,Carboxymethylcellulose (0.5% v/v),129.8,1
MED02470,Carboxymethylcellulose (0.5% w/v),112.63,216
MED02471,Carboxymethylcellulose (0.5% w/v) + Glycerin (0.5% w/v),210.38,8
MED02472,Carboxymethylcellulose (0.5% w/v) + Glycerin (0.9% w/v),177.79,2
MED02473,Carboxymethylcellulose (0.5% w/v) + Glycerin (1% w/v),189.33,3
MED02474,Carboxymethylcellulose (0.5% w/v) + Naphazoline (0.056% w/v),110.0,1
MED02475,Carboxymethylcellulose (0.5% w/v) + Oxychloro Complex (0.005% w/v),108.3,28
MED02476,Carboxymethylcellulose (0.5% w/v) + Oxychloro Complex (0.0075% w/v),110.0,1
MED02477,Carboxymethylcellulose (0.5% w/v) + Oxychloro Complex (0.1% w/v),118.4,1
MED02478,Carboxymethylcellulose (0.5% w/v) + Oxychloro Complex (0.5% w/v),82.0,1
MED02479,Carboxymethylcellulose (0.5% w/w),113.0,1
MED02480,Carboxymethylcellulose (0.5%),114.0,1
MED02481,Carboxymethylcellulose (0.7% w/v),98.0,1
MED02482,Carboxymethylcellulose (1% w/v),151.02,104
MED02483,Carboxymethylcellulose (1% w/v) + Oxychloro Complex (0.005% w/v),133.25,2
MED02484,Carboxymethylcellulose (1% w/v) + Oxychloro Complex (0.0075% w/v),181.65,16
MED02485,Carboxymethylcellulose (1% w/v) + Oxychloro Complex (0.008 % w/v),160.0,1
MED02486,Carboxymethylcellulose (1% w/v) + Sodium Hyaluronate (0.1% w/v),165.0,1
MED02487,Carboxymethylcellulose (1% w/v) + Sorbitol (3% w/v),1049.8,5
MED02488,Carboxymethylcellulose (1% w/w),124.5,2
MED02489,Carboxymethylcellulose (1.0% w/v),160.0,1
MED02490,Carboxymethylcellulose (3mg/ml) + Glycerin (10mg/ml),240.97,3
MED02491,Carboxymethylcellulose (3mg/ml) + n-acetylcarnosine (10mg/ml),169.33,5
MED02492,Carboxymethylcellulose (5mg),100.0,2
MED02493,Carboxymethylcellulose (5mg/ml),158.8,3
MED02494,Carboxymethylcellulose (NA),110.28,7
MED02495,Cardioplegia (NA),165.0,1
MED02496,Carfilzomib (60mg),23138.33,3
MED02497,Cariprazine (1.5mg),99.0,2
MED02498,Cariprazine (3mg),160.0,1
MED02499,Cariprazine (4.5mg),235.0,2
MED02500,Cariprazine (6mg),310.0,1
MED02501,Carisoprodol (350mg),64.5,4
MED02502,Carmustine (100mg),4393.4,5
MED02503,Caroverine (160mg/5ml),1503.7,1
MED02504,Caroverine (20mg),351.38,4
MED02505,Carvedilol (10mg),89.08,10
MED02506,Carvedilol (12.5mg),59.66,41
MED02507,Carvedilol (12.5mg) + Ivabradine (5mg),224.33,3
MED02508,Carvedilol (2.5mg),18.35,1
MED02509,Carvedilol (20mg),139.12,7
MED02510,Carvedilol (25mg),89.9,16
MED02511,Carvedilol (3.125mg),29.44,57
MED02512,Carvedilol (3.125mg) + Ivabradine (5mg),220.83,6
MED02513,Carvedilol (40mg),204.0,3
MED02514,Carvedilol (5mg),29.2,1
MED02515,Carvedilol (6.125mg),53.0,1
MED02516,Carvedilol (6.25mg),43.25,55
MED02517,Carvedilol (6.25mg) + Ivabradine (5mg),224.5,6
MED02518,Casirivimab (120mg/ml) + Imdevimab (120mg/ml),119500.0,1
MED02519,Caspofungin (50mg),9897.63,28
MED02520,Caspofungin (70mg),10469.28,23
MED02521,Cefaclor (125mg),101.93,40
MED02522,Cefaclor (187mg),225.0,1
MED02523,Cefaclor (250mg),233.61,13
MED02524,Cefaclor (375mg),314.97,3
MED02525,Cefaclor (500mg),291.17,4
MED02526,Cefaclor (50mg),95.51,5
MED02527,Cefaclor (50mg/5ml),124.0,1
MED02528,Cefaclor (50mg/ml),105.0,1
MED02529,Cefaclor (750mg),540.6,3
MED02530,Cefaclor (NA),55.0,1
MED02531,Cefadroxil (1.5gm),120.0,1
MED02532,Cefadroxil (1000mg),94.62,1
MED02533,Cefadroxil (100mg),33.64,8
MED02534,Cefadroxil (100mg) + Lactobacillus Acidophilus (60Million spores),120.0,1
MED02535,Cefadroxil (125mg),23.32,146
MED02536,Cefadroxil (125mg) + Lactobacillus Acidophilus (30Million spores),18.0,1
MED02537,Cefadroxil (125mg) + Lactobacillus Acidophilus (30mg),10.17,2
MED02538,Cefadroxil (125mg) + Lactobacillus Acidophilus (60Million spores),20.5,2
MED02539,Cefadroxil (125mg) + Lactobacillus Acidophilus (60mg),9.61,1
MED02540,Cefadroxil (125mg) + Lactobacillus Acidophilus (90Million spores),19.0,1
MED02541,Cefadroxil (125mg/5ml),18.18,12
MED02542,Cefadroxil (1gm),72.74,3
MED02543,Cefadroxil (200mg),142.24,4
MED02544,Cefadroxil (200mg) + Lactobacillus Acidophilus (60Million spores),229.0,1
MED02545,Cefadroxil (250mg),39.75,186
MED02546,Cefadroxil (250mg) + Clavulanic Acid (62.5mg),58.2,8
MED02547,Cefadroxil (250mg) + Lactobacillus Acidophilus (120Million spores),37.0,1
MED02548,Cefadroxil (250mg) + Lactobacillus Acidophilus (60Million cells),24.62,2
MED02549,Cefadroxil (250mg) + Lactobacillus Acidophilus (60Million spores),31.09,4
MED02550,Cefadroxil (250mg) + Lactobacillus Acidophilus (60mg),20.88,4
MED02551,Cefadroxil (250mg) + Lactobacillus Acidophilus (90Million spores),38.0,1
MED02552,Cefadroxil (250mg) + Probenecid (250mg),18.94,2
MED02553,Cefadroxil (250mg/5ml),28.0,2
MED02554,Cefadroxil (500mg),65.33,165
MED02555,Cefadroxil (500mg) + Clavulanic Acid (125mg),147.4,11
MED02556,Cefadroxil (500mg) + Lactobacillus Acidophilus (100mg),37.47,1
MED02557,Cefadroxil (500mg) + Lactobacillus Acidophilus (60Million spores),77.0,8
MED02558,Cefadroxil (500mg) + Lactobacillus Acidophilus (60mg),83.18,6
MED02559,Cefadroxil (500mg) + Lactobacillus Acidophilus (90Million spores),69.0,1
MED02560,Cefadroxil (500mg) + Probenecid (500mg),39.41,3
MED02561,Cefadroxil (50mg),38.76,2
MED02562,Cefadroxil (50mg/5ml),105.0,1
MED02563,Cefadroxil (NA),38.06,12
MED02564,Cefadroxil (NA) + Probenecid (NA),92.0,1
MED02565,Cefalexin (100mg),74.79,6
MED02566,Cefalexin (100mg/ml),74.5,1
MED02567,Cefalexin (125mg),36.39,135
MED02568,Cefalexin (125mg/5ml),33.27,7
MED02569,Cefalexin (150mg),28.35,1
MED02570,Cefalexin (250mg),66.16,216
MED02571,Cefalexin (250mg) + Probenecid (250mg),78.28,3
MED02572,Cefalexin (250mg/5ml),78.07,18
MED02573,Cefalexin (375mg),153.21,5
MED02574,Cefalexin (375mg) + Clavulanic Acid (125mg),240.0,1
MED02575,Cefalexin (500mg),125.71,205
MED02576,Cefalexin (500mg) + Lactobacillus (60Million spores),129.0,1
MED02577,Cefalexin (500mg) + Probenecid (250mg),215.0,1
MED02578,Cefalexin (500mg) + Probenecid (500mg),129.68,5
MED02579,Cefalexin (50mg),35.0,1
MED02580,Cefalexin (50mg/5ml),34.9,1
MED02581,Cefalexin (750mg),243.75,9
MED02582,Cefalexin (750mg) + Clavulanic Acid (125mg),425.0,1
MED02583,Cefalexin (NA),22.72,6
MED02584,Cefalexin (NA) + Probenecid (NA),148.5,1
MED02585,Cefazolin (1.125gm),147.81,1
MED02586,Cefazolin (1000mg),42.83,3
MED02587,Cefazolin (125mg),20.45,1
MED02588,Cefazolin (140.625mg),28.57,1
MED02589,Cefazolin (1gm),29.98,5
MED02590,Cefazolin (250mg),17.46,5
MED02591,Cefazolin (281.25mg),48.52,1
MED02592,Cefazolin (500mg),27.71,8
MED02593,Cefdinir (100mg) + Lactobacillus (30Million Spores),94.25,2
MED02594,Cefdinir (125mg),143.01,10
MED02595,Cefdinir (125mg) + Lactobacillus (20Million spores),70.0,1
MED02596,Cefdinir (125mg) + Lactobacillus (20mg),111.2,1
MED02597,Cefdinir (125mg/5ml),99.53,20
MED02598,Cefdinir (150mg) + Lactobacillus (45Million Spores),115.0,1
MED02599,Cefdinir (150mg) + Lactobacillus (45Million spores),150.0,1
MED02600,Cefdinir (1gm),426.05,1
MED02601,Cefdinir (250mg),169.0,2
MED02602,Cefdinir (300mg),206.31,27
MED02603,Cefdinir (300mg) + Lactobacillus (60Million spores),238.3,2
MED02604,Cefdinir (500mg),250.0,1
MED02605,Cefditoren (100mg),184.6,1
MED02606,Cefditoren (200mg),306.1,8
MED02607,Cefditoren (400mg),375.0,1
MED02608,Cefditoren (50mg),118.44,2
MED02609,Cefepime (1000mg),235.78,67
MED02610,Cefepime (1000mg) + Sulbactam (500mg),417.06,18
MED02611,Cefepime (1000mg) + Tazobactum (125mg),389.32,83
MED02612,Cefepime (1gm),206.32,22
MED02613,Cefepime (1gm) + Tazobactum (0.125gm),395.0,1
MED02614,Cefepime (1gm) + Tazobactum (0.125mg),492.0,1
MED02615,Cefepime (1gm) + Tazobactum (125mg),364.67,3
MED02616,Cefepime (2000mg),1099.0,1
MED02617,Cefepime (2000mg) + Sulbactam (1000mg),1251.67,6
MED02618,Cefepime (2000mg) + Sulbactam (100mg),1269.0,1
MED02619,Cefepime (2000mg) + Tazobactum (250mg),896.36,7
MED02620,Cefepime (250mg),63.93,43
MED02621,Cefepime (250mg) + Tazobactum (31.25mg),89.07,16
MED02622,Cefepime (2gm),689.5,5
MED02623,Cefepime (500mg),121.34,39
MED02624,Cefepime (500mg) + Sulbactam (250mg),135.0,1
MED02625,Cefepime (500mg) + Tazobactum (62.5mg),187.04,9
MED02626,Cefepime (NA),155.0,1
MED02627,Cefetamet (250mg),88.35,3
MED02628,Cefetamet (500mg),161.2,4
MED02629,Cefixime (1000mg),89.31,7
MED02630,Cefixime (100mg),83.15,1353
MED02631,Cefixime (100mg) + Clavulanic Acid (125mg),75.0,1
MED02632,Cefixime (100mg) + Clavulanic Acid (30mg),78.56,1
MED02633,Cefixime (100mg) + Clavulanic Acid (57mg),99.0,1
MED02634,Cefixime (100mg) + Clavulanic Acid (62.5mg),116.38,56
MED02635,Cefixime (100mg) + Cloxacillin (500mg),78.62,9
MED02636,Cefixime (100mg) + Dicloxacillin (500mg),90.28,5
MED02637,Cefixime (100mg) + Dicloxacillin (NA),52.7,1
MED02638,Cefixime (100mg) + Lactobacillus (120Million cells),79.9,1
MED02639,Cefixime (100mg) + Lactobacillus (2.5Billion Spores),95.92,3
MED02640,Cefixime (100mg) + Lactobacillus (2.5Billion cells),90.0,1
MED02641,Cefixime (100mg) + Lactobacillus (2.5Million Spores),113.34,1
MED02642,Cefixime (100mg) + Lactobacillus (2.5Million spores),90.0,3
MED02643,Cefixime (100mg) + Lactobacillus (2.5billioncells),60.8,1
MED02644,Cefixime (100mg) + Lactobacillus (20Million Spores),86.0,1
MED02645,Cefixime (100mg) + Lactobacillus (20Million spores),94.5,1
MED02646,Cefixime (100mg) + Lactobacillus (20millioncells),85.52,1
MED02647,Cefixime (100mg) + Lactobacillus (25Million spores),70.16,2
MED02648,Cefixime (100mg) + Lactobacillus (30Million cells),99.0,1
MED02649,Cefixime (100mg) + Lactobacillus (30Million spores),84.75,2
MED02650,Cefixime (100mg) + Lactobacillus (40Million cells),93.13,3
MED02651,Cefixime (100mg) + Lactobacillus (40Million spores),82.56,29
MED02652,Cefixime (100mg) + Lactobacillus (60Million Spores),59.9,1
MED02653,Cefixime (100mg) + Lactobacillus (60Million cells),86.67,3
MED02654,Cefixime (100mg) + Lactobacillus (60Million spores),91.26,63
MED02655,Cefixime (100mg) + Lactobacillus (NA),80.0,1
MED02656,Cefixime (100mg) + Levofloxacin (60Million spores),80.0,1
MED02657,Cefixime (100mg) + Ofloxacin (100mg),94.88,53
MED02658,Cefixime (100mg) + Ofloxacin (200mg),129.0,2
MED02659,Cefixime (100mg) + Ornidazole (500mg),150.0,1
MED02660,Cefixime (100mg) + Potassium Clavulanate (62.5mg),103.5,2
MED02661,Cefixime (100mg/5ml),74.56,115
MED02662,Cefixime (125mg),72.0,6
MED02663,Cefixime (125mg) + Clavulanic Acid (200mg),148.0,1
MED02664,Cefixime (150mg) + Clavulanic Acid (12.5mg),110.0,1
MED02665,Cefixime (15mg),40.0,1
MED02666,Cefixime (200mg),125.88,1698
MED02667,Cefixime (200mg) + Clavulanic Acid (100mg),229.0,1
MED02668,Cefixime (200mg) + Clavulanic Acid (125mg),208.79,588
MED02669,Cefixime (200mg) + Clavulanic Acid (200mg),164.82,2
MED02670,Cefixime (200mg) + Clavulanic Acid (250mg),159.0,2
MED02671,Cefixime (200mg) + Clavulanic Acid (28.5mg),98.0,1
MED02672,Cefixime (200mg) + Clavulanic Acid (60Million spores),144.0,2
MED02673,Cefixime (200mg) + Cloxacillin (500mg),183.03,19
MED02674,Cefixime (200mg) + Dicloxacillin (250mg),350.0,1
MED02675,Cefixime (200mg) + Dicloxacillin (500mg),206.27,69
MED02676,Cefixime (200mg) + Fluconazole (150mg),15.02,1
MED02677,Cefixime (200mg) + Lactobacillus (100Million spores),158.33,3
MED02678,Cefixime (200mg) + Lactobacillus (120Million cells),130.0,1
MED02679,Cefixime (200mg) + Lactobacillus (120Million spores),187.2,5
MED02680,Cefixime (200mg) + Lactobacillus (2.5Billion Spores),140.55,70
MED02681,Cefixime (200mg) + Lactobacillus (2.5Billion cells),137.6,6
MED02682,Cefixime (200mg) + Lactobacillus (2.5Million spores),143.76,18
MED02683,Cefixime (200mg) + Lactobacillus (2.5billioncells),127.0,1
MED02684,Cefixime (200mg) + Lactobacillus (20Million spores),134.62,1
MED02685,Cefixime (200mg) + Lactobacillus (2500mg),114.48,1
MED02686,Cefixime (200mg) + Lactobacillus (250Million cells),130.0,1
MED02687,Cefixime (200mg) + Lactobacillus (250Million spores),138.42,4
MED02688,Cefixime (200mg) + Lactobacillus (25Billion Spores),138.65,1
MED02689,Cefixime (200mg) + Lactobacillus (25Million spores),119.46,2
MED02690,Cefixime (200mg) + Lactobacillus (30Million cells),215.0,1
MED02691,Cefixime (200mg) + Lactobacillus (30Million spores),150.0,1
MED02692,Cefixime (200mg) + Lactobacillus (40Million spores),96.84,2
MED02693,Cefixime (200mg) + Lactobacillus (60000IU),130.0,1
MED02694,Cefixime (200mg) + Lactobacillus (60Million Spores),140.07,12
MED02695,Cefixime (200mg) + Lactobacillus (60Million cells),150.37,18
MED02696,Cefixime (200mg) + Lactobacillus (60Million spores),142.42,612
MED02697,Cefixime (200mg) + Lactobacillus (60mg),153.33,3
MED02698,Cefixime (200mg) + Lactobacillus (60millionspores),130.16,4
MED02699,Cefixime (200mg) + Lactobacillus (90Million Spores),176.0,1
MED02700,Cefixime (200mg) + Lactobacillus (90Million spores),134.75,4
MED02701,Cefixime (200mg) + Lactobacillus (NA),134.54,6
MED02702,Cefixime (200mg) + Linezolid (600mg),401.31,44
MED02703,Cefixime (200mg) + Ofloxacin (200mg),160.16,1319
MED02704,Cefixime (200mg) + Ofloxacin (250mg),150.75,2
MED02705,Cefixime (200mg) + Ofloxacin (500mg),163.8,5
MED02706,Cefixime (200mg) + Ornidazole (200mg),169.0,1
MED02707,Cefixime (200mg) + Ornidazole (500mg),166.07,174
MED02708,Cefixime (200mg) + Potassium Clavulanate (125mg),223.75,34
MED02709,Cefixime (200mg) + Saccharomyces boulardii (2Million Spores),138.56,1
MED02710,Cefixime (200mg) + Saccharomyces boulardii (2Million spores),144.0,1
MED02711,Cefixime (200mg) + Sulbactam (125mg),350.0,1
MED02712,Cefixime (200mg) + Sulbactam (150mg),348.15,21
MED02713,Cefixime (200mg/5ml),59.46,9
MED02714,Cefixime (250mg),138.42,11
MED02715,Cefixime (250mg) + Clavulanic Acid (125mg),180.0,1
MED02716,Cefixime (250mg) + Lactobacillus (NA),150.0,1
MED02717,Cefixime (25mg),53.59,21
MED02718,Cefixime (25mg/ml),66.79,3
MED02719,Cefixime (300mg),151.82,1
MED02720,Cefixime (300mg) + Clavulanic Acid (125mg),200.0,1
MED02721,Cefixime (30mg),37.38,1
MED02722,Cefixime (30mg) + Lactobacillus (20Million Spores),40.66,1
MED02723,Cefixime (400mg),219.16,33
MED02724,Cefixime (400mg) + Lactobacillus (60Million spores),258.0,1
MED02725,Cefixime (400mg) + Levofloxacin (500mg),257.25,1
MED02726,Cefixime (400mg) + Moxifloxacin (400mg),356.47,7
MED02727,Cefixime (400mg) + Ofloxacin (400mg),213.58,6
MED02728,Cefixime (500mg),266.25,9
MED02729,Cefixime (500mg) + Lactobacillus (60Million spores),209.0,1
MED02730,Cefixime (50mg),50.06,1009
MED02731,Cefixime (50mg) + Clavulanic Acid (125mg),80.0,1
MED02732,Cefixime (50mg) + Clavulanic Acid (28.5mg),81.43,23
MED02733,Cefixime (50mg) + Clavulanic Acid (31.25mg),86.48,111
MED02734,Cefixime (50mg) + Clavulanic Acid (31.25mg/5ml),92.0,1
MED02735,Cefixime (50mg) + Clavulanic Acid (31.5mg),85.64,7
MED02736,Cefixime (50mg) + Clavulanic Acid (NA),108.0,1
MED02737,Cefixime (50mg) + Cloxacillin (250mg),52.0,1
MED02738,Cefixime (50mg) + Dicloxacillin (250mg),52.0,1
MED02739,Cefixime (50mg) + Lactobacillus (2.5Million spores),61.9,1
MED02740,Cefixime (50mg) + Lactobacillus (20Million cells),57.17,3
MED02741,Cefixime (50mg) + Lactobacillus (20Million spores),54.54,17
MED02742,Cefixime (50mg) + Lactobacillus (25Million spores),48.0,1
MED02743,Cefixime (50mg) + Lactobacillus (30Million cells),56.0,2
MED02744,Cefixime (50mg) + Lactobacillus (30Million spores),55.84,4
MED02745,Cefixime (50mg) + Lactobacillus (31.25mg),81.0,1
MED02746,Cefixime (50mg) + Lactobacillus (40Million cells),45.0,1
MED02747,Cefixime (50mg) + Lactobacillus (40Million spores),52.62,4
MED02748,Cefixime (50mg) + Lactobacillus (50Million cells),59.9,1
MED02749,Cefixime (50mg) + Lactobacillus (60Million Spores),39.9,1
MED02750,Cefixime (50mg) + Lactobacillus (60Million spores),63.19,65
MED02751,Cefixime (50mg) + Lactobacillus (NA),36.78,3
MED02752,Cefixime (50mg) + Ofloxacin (125mg),81.33,3
MED02753,Cefixime (50mg) + Ofloxacin (50mg),76.98,142
MED02754,Cefixime (50mg) + Ofloxacin (50mg/5ml),83.63,3
MED02755,Cefixime (50mg) + Ornidazole (125mg),64.25,2
MED02756,Cefixime (50mg) + Ornidazole (125mg/5ml),95.0,1
MED02757,Cefixime (50mg) + Potassium Clavulanate (28.5mg),69.0,1
MED02758,Cefixime (50mg) + Potassium Clavulanate (31.25mg),90.29,7
MED02759,Cefixime (50mg/5ml),50.47,315
MED02760,Cefixime (50mg/5ml) + Clavulanic Acid (28.5mg/5ml),95.47,3
MED02761,Cefixime (50mg/5ml) + Clavulanic Acid (31.125mg/5ml),78.5,2
MED02762,Cefixime (50mg/5ml) + Clavulanic Acid (31.25mg/5ml),82.57,38
MED02763,Cefixime (50mg/5ml) + Lactobacillus (20Million cells),52.0,1
MED02764,Cefixime (50mg/5ml) + Lactobacillus (50Million cells),79.45,2
MED02765,Cefixime (50mg/5ml) + Lactobacillus (60Million spores),71.0,4
MED02766,Cefixime (50mg/5ml) + Ofloxacin (50mg/5ml),77.43,52
MED02767,Cefixime (50mg/5ml) + Ornidazole (125mg/5ml),84.61,6
MED02768,Cefixime (50mg/5ml) + Potassium Clavulanate (32.25mg/5ml),85.0,1
MED02769,Cefixime (50mg/ml),42.2,1
MED02770,Cefixime (5mg/5ml),42.0,1
MED02771,Cefixime (NA),66.78,13
MED02772,Cefixime (NA) + Clavulanic Acid (NA),350.55,9
MED02773,Cefixime (NA) + Lactobacillus (NA),47.9,1
MED02774,Cefixime (NA) + Ofloxacin (NA),133.33,3
MED02775,Cefixime (NA) + Ornidazole (NA),95.04,2
MED02776,Cefoperazone (0.5gm) + Sulbactam (0.5gm),168.14,14
MED02777,Cefoperazone (0.5mg) + Sulbactam (0.5mg),245.0,1
MED02778,Cefoperazone (1000mg),232.06,57
MED02779,Cefoperazone (1000mg) + Sulbactam (1000mg),360.06,53
MED02780,Cefoperazone (1000mg) + Sulbactam (125mg),472.5,2
MED02781,Cefoperazone (1000mg) + Sulbactam (500mg),284.39,587
MED02782,Cefoperazone (1000mg) + Tazobactum (125mg),348.26,43
MED02783,Cefoperazone (100mg) + Sulbactam (100mg),40.9,1
MED02784,Cefoperazone (1125mg) + Tazobactum (NA),586.0,1
MED02785,Cefoperazone (125mg) + Sulbactam (125mg),44.5,2
MED02786,Cefoperazone (1gm),168.18,15
MED02787,Cefoperazone (1gm) + Sulbactam (0.5gm),190.75,8
MED02788,Cefoperazone (1gm) + Sulbactam (1gm),302.67,3
MED02789,Cefoperazone (1gm) + Sulbactam (500mg),282.5,19
MED02790,Cefoperazone (1mg) + Sulbactam (0.5mg),230.0,1
MED02791,Cefoperazone (2000mg),458.5,4
MED02792,Cefoperazone (2000mg) + Sulbactam (1000mg),676.56,34
MED02793,Cefoperazone (250mg),66.55,19
MED02794,Cefoperazone (250mg) + Sulbactam (125mg),116.72,4
MED02795,Cefoperazone (250mg) + Sulbactam (250mg),97.17,14
MED02796,Cefoperazone (2gm) + Sulbactam (1gm),774.99,5
MED02797,Cefoperazone (500mg),79.01,5
MED02798,Cefoperazone (500mg) + Sulbactam (125mg),150.0,1
MED02799,Cefoperazone (500mg) + Sulbactam (250mg),62.5,1
MED02800,Cefoperazone (500mg) + Sulbactam (500mg),251.02,450
MED02801,Cefoperazone (500mg) + Tazobactum (62.5mg),184.42,5
MED02802,Cefoperazone (750mg) + Sulbactam (750mg),300.0,1
MED02803,Cefoperazone (NA),70.12,2
MED02804,Cefoperazone (NA) + Sulbactam (NA),59.52,1
MED02805,Cefotaxime (1.5gm),146.72,1
MED02806,Cefotaxime (1.5gm) + Sulbactam (NA),35.6,1
MED02807,Cefotaxime (1000mg),42.54,73
MED02808,Cefotaxime (1000mg) + Sulbactam (500mg),72.73,25
MED02809,Cefotaxime (100mg),96.35,3
MED02810,Cefotaxime (125mg),12.51,17
MED02811,Cefotaxime (1gm),50.13,35
MED02812,Cefotaxime (2000mg),79.82,1
MED02813,Cefotaxime (200mg),174.88,4
MED02814,Cefotaxime (200mg) + Sulbactam (125mg),10.0,1
MED02815,Cefotaxime (250mg),23.41,77
MED02816,Cefotaxime (250mg) + Sulbactam (125mg),28.54,11
MED02817,Cefotaxime (375mg),17.32,1
MED02818,Cefotaxime (500mg),30.75,67
MED02819,Cefotaxime (500mg) + Sulbactam (250mg),37.63,16
MED02820,Cefotaxime (500mg) + Sulbactam (500mg),250.0,1
MED02821,Cefotaxime (50mg),67.37,1
MED02822,Cefotaxime (5mg),29.9,1
MED02823,Cefotaxime (750mg),24.53,1
MED02824,Cefpirome (1000mg),412.67,9
MED02825,Cefpirome (1000mg) + Sulbactam (500mg),1278.25,4
MED02826,Cefpirome (1gm),406.14,19
MED02827,Cefpirome (2000mg) + Sulbactam (1000mg),1920.5,2
MED02828,Cefpirome (250mg),106.03,5
MED02829,Cefpirome (500mg),220.08,3
MED02830,Cefpodoxime Proxetil (1000mg),243.97,1
MED02831,Cefpodoxime Proxetil (100mg),115.69,1180
MED02832,Cefpodoxime Proxetil (100mg) + Clavulanic Acid (125mg),247.0,2
MED02833,Cefpodoxime Proxetil (100mg) + Clavulanic Acid (28.5mg),90.0,1
MED02834,Cefpodoxime Proxetil (100mg) + Clavulanic Acid (57mg),129.0,1
MED02835,Cefpodoxime Proxetil (100mg) + Clavulanic Acid (62.5mg),152.25,107
MED02836,Cefpodoxime Proxetil (100mg) + Clavulanic Acid (68.5mg),190.0,1
MED02837,Cefpodoxime Proxetil (100mg) + Lactobacillus (60Million spores),124.7,12
MED02838,Cefpodoxime Proxetil (100mg) + Ofloxacin (100mg),143.32,6
MED02839,Cefpodoxime Proxetil (100mg) + Ofloxacin (200mg),155.0,1
MED02840,Cefpodoxime Proxetil (100mg/5ml),120.35,200
MED02841,Cefpodoxime Proxetil (100mg/5ml) + Clavulanic Acid (62.50mg/5ml),154.0,1
MED02842,Cefpodoxime Proxetil (100mg/5ml) + Clavulanic Acid (62.5mg/5ml),133.34,9
MED02843,Cefpodoxime Proxetil (128mg) + Clavulanic Acid (NA),219.0,1
MED02844,Cefpodoxime Proxetil (200mg),189.13,1657
MED02845,Cefpodoxime Proxetil (200mg) + Clavulanic Acid (125mg),247.3,906
MED02846,Cefpodoxime Proxetil (200mg) + Clavulanic Acid (200mg),223.0,1
MED02847,Cefpodoxime Proxetil (200mg) + Clavulanic Acid (62.5mg),190.0,1
MED02848,Cefpodoxime Proxetil (200mg) + Cloxacillin (500mg),182.87,3
MED02849,Cefpodoxime Proxetil (200mg) + Dicloxacillin (500mg),252.36,13
MED02850,Cefpodoxime Proxetil (200mg) + Lactobacillus (500mg),299.99,1
MED02851,Cefpodoxime Proxetil (200mg) + Lactobacillus (60Million spores),172.08,11
MED02852,Cefpodoxime Proxetil (200mg) + Lactobacillus (90Million spores),290.0,1
MED02853,Cefpodoxime Proxetil (200mg) + Lactobacillus (NA),186.66,2
MED02854,Cefpodoxime Proxetil (200mg) + Levofloxacin (250mg),216.22,23
MED02855,Cefpodoxime Proxetil (200mg) + Levofloxacin (500mg),220.0,1
MED02856,Cefpodoxime Proxetil (200mg) + Ofloxacin (200mg),222.9,244
MED02857,Cefpodoxime Proxetil (200mg) + Ofloxacin (NA),200.0,1
MED02858,Cefpodoxime Proxetil (200mg) + Sulbactam (150mg),365.0,2
MED02859,Cefpodoxime Proxetil (20mg),70.0,1
MED02860,Cefpodoxime Proxetil (250mg),145.0,1
MED02861,Cefpodoxime Proxetil (250mg) + Clavulanic Acid (125mg),319.5,2
MED02862,Cefpodoxime Proxetil (25mg),70.8,29
MED02863,Cefpodoxime Proxetil (25mg/ml),74.07,4
MED02864,Cefpodoxime Proxetil (300mg) + Clavulanic Acid (187.5mg),71.5,1
MED02865,Cefpodoxime Proxetil (400mg),169.75,2
MED02866,Cefpodoxime Proxetil (40mg),65.0,1
MED02867,Cefpodoxime Proxetil (500mg),301.93,4
MED02868,Cefpodoxime Proxetil (500mg) + Clavulanic Acid (125mg),243.12,4
MED02869,Cefpodoxime Proxetil (500mg) + Lactobacillus (60Million spores),48.0,1
MED02870,Cefpodoxime Proxetil (50mg),69.09,951
MED02871,Cefpodoxime Proxetil (50mg) + Clavulanic Acid (125mg),91.55,3
MED02872,Cefpodoxime Proxetil (50mg) + Clavulanic Acid (28.5mg),91.34,21
MED02873,Cefpodoxime Proxetil (50mg) + Clavulanic Acid (3.25mg),84.0,1
MED02874,Cefpodoxime Proxetil (50mg) + Clavulanic Acid (31.25mg),98.71,229
MED02875,Cefpodoxime Proxetil (50mg) + Clavulanic Acid (31.5mg),93.67,13
MED02876,Cefpodoxime Proxetil (50mg) + Clavulanic Acid (81.25mg),120.0,1
MED02877,Cefpodoxime Proxetil (50mg) + Cloxacillin (NA),64.15,1
MED02878,Cefpodoxime Proxetil (50mg) + Lactobacillus (20millionspores),47.96,1
MED02879,Cefpodoxime Proxetil (50mg) + Lactobacillus (30Million spores),57.0,1
MED02880,Cefpodoxime Proxetil (50mg) + Lactobacillus (30mg),52.98,1
MED02881,Cefpodoxime Proxetil (50mg) + Lactobacillus (60Million cells),71.5,1
MED02882,Cefpodoxime Proxetil (50mg) + Lactobacillus (60Million spores),76.67,3
MED02883,Cefpodoxime Proxetil (50mg) + Lactobacillus (60mg),51.04,2
MED02884,Cefpodoxime Proxetil (50mg) + Lactobacillus (NA),70.0,1
MED02885,Cefpodoxime Proxetil (50mg) + Ofloxacin (50mg),68.5,1
MED02886,Cefpodoxime Proxetil (50mg) + Ofloxacin (NA),65.0,1
MED02887,Cefpodoxime Proxetil (50mg/5ml),70.65,296
MED02888,Cefpodoxime Proxetil (50mg/5ml) + Clavulanic Acid (125mg/5ml),60.0,1
MED02889,Cefpodoxime Proxetil (50mg/5ml) + Clavulanic Acid (28.5mg/5ml),81.8,5
MED02890,Cefpodoxime Proxetil (50mg/5ml) + Clavulanic Acid (31.25mg/15ml),97.0,1
MED02891,Cefpodoxime Proxetil (50mg/5ml) + Clavulanic Acid (31.25mg/5ml),96.96,62
MED02892,Cefpodoxime Proxetil (50mg/5ml) + Eperisone (50mg/5ml),91.2,1
MED02893,Cefpodoxime Proxetil (50mg/5ml) + Lactobacillus (30Million cells),59.9,1
MED02894,Cefpodoxime Proxetil (50mg/ml),60.0,1
MED02895,Cefpodoxime Proxetil (NA),61.7,8
MED02896,Cefpodoxime Proxetil (NA) + Clavulanic Acid (NA),92.59,4
MED02897,Cefpodoxime Proxetil (NA) + Lactobacillus (NA),46.98,3
MED02898,Cefprozil (125mg),439.06,1
MED02899,Cefprozil (125mg/5ml),161.0,2
MED02900,Cefprozil (250mg),376.72,6
MED02901,Cefprozil (500mg),498.81,6
MED02902,Cefprozil (50mg),160.0,1
MED02903,Ceftazidime (1.125gm),485.0,1
MED02904,Ceftazidime (1000mg),255.86,228
MED02905,Ceftazidime (1000mg) + Sulbactam (125mg),368.22,3
MED02906,Ceftazidime (1000mg) + Sulbactam (500mg),345.85,21
MED02907,Ceftazidime (1000mg) + Tazobactum (125mg),362.76,109
MED02908,Ceftazidime (1000mg) + Tobramycin (120mg),492.52,10
MED02909,Ceftazidime (1125mg),289.0,1
MED02910,Ceftazidime (125mg),58.24,15
MED02911,Ceftazidime (1gm),248.55,54
MED02912,Ceftazidime (1gm) + Tazobactum (0.125gm),370.0,1
MED02913,Ceftazidime (1gm) + Tazobactum (125mg),392.0,4
MED02914,Ceftazidime (2000mg),580.0,1
MED02915,Ceftazidime (2000mg) + Sulbactam (1000mg),1620.0,1
MED02916,Ceftazidime (250mg),78.96,167
MED02917,Ceftazidime (250mg) + Sulbactam (125mg),46.0,1
MED02918,Ceftazidime (250mg) + Tazobactum (31.25mg),114.65,34
MED02919,Ceftazidime (250mg) + Tazobactum (31.5mg),110.0,1
MED02920,Ceftazidime (2gm),520.94,4
MED02921,Ceftazidime (2gm) + Tazobactum (0.25gm),874.0,1
MED02922,Ceftazidime (500mg),253.66,30
MED02923,Ceftazidime (500mg) + Tazobactum (62.5mg),135.24,7
MED02924,Ceftazidime (NA),72.35,1
MED02925,Ceftazidime (NA) + Sulbactam (NA),485.0,1
MED02926,Ceftibuten (90mg),349.5,1
MED02927,Ceftizoxime (1000mg),633.2,5
MED02928,Ceftizoxime (1gm),432.23,8
MED02929,Ceftizoxime (1mg),336.0,1
MED02930,Ceftizoxime (250mg),132.14,5
MED02931,Ceftizoxime (500mg),248.33,1
MED02932,Ceftriaxone (0.5gm),45.0,1
MED02933,Ceftriaxone (1.125mg),105.81,1
MED02934,Ceftriaxone (1.5gm),135.29,4
MED02935,Ceftriaxone (1000mg),65.52,1207
MED02936,Ceftriaxone (1000mg) + Disodium edetate (37mg),1131.35,1
MED02937,Ceftriaxone (1000mg) + Sulbactam (125mg),148.0,2
MED02938,Ceftriaxone (1000mg) + Sulbactam (250mg),140.0,1
MED02939,Ceftriaxone (1000mg) + Sulbactam (500mg),127.57,1234
MED02940,Ceftriaxone (1000mg) + Tazobactum (125mg),152.94,532
MED02941,Ceftriaxone (1000mg) + Tazobactum (250mg),184.9,1
MED02942,Ceftriaxone (1000mg) + Tazobactum (500mg),139.0,1
MED02943,Ceftriaxone (1000mg) + Vancomycin (500mg),410.75,4
MED02944,Ceftriaxone (100mg),74.34,5
MED02945,Ceftriaxone (100mg) + Sulbactam (500mg),145.0,1
MED02946,Ceftriaxone (125mg),24.34,64
MED02947,Ceftriaxone (125mg) + Sulbactam (62.5mg),35.91,21
MED02948,Ceftriaxone (125mg) + Tazobactum (15.6mg),40.53,10
MED02949,Ceftriaxone (1500mg),105.0,1
MED02950,Ceftriaxone (1gm),69.3,137
MED02951,Ceftriaxone (1gm) + Sulbactam (0.5gm),123.97,46
MED02952,Ceftriaxone (1gm) + Sulbactam (500mg),104.45,5
MED02953,Ceftriaxone (1gm) + Tazobactum (0.125gm),158.5,2
MED02954,Ceftriaxone (1gm) + Tazobactum (125mg),150.98,8
MED02955,Ceftriaxone (2000mg),128.72,41
MED02956,Ceftriaxone (2000mg) + Disodium edetate (37mg),1598.0,1
MED02957,Ceftriaxone (2000mg) + Disodium edetate (74mg),2274.67,1
MED02958,Ceftriaxone (2000mg) + Sulbactam (1000mg),204.08,6
MED02959,Ceftriaxone (2000mg) + Tazobactum (250mg),340.0,1
MED02960,Ceftriaxone (2000mg) + Vancomycin (1000mg),788.15,3
MED02961,Ceftriaxone (200mg),132.67,3
MED02962,Ceftriaxone (200mg) + Sulbactam (125mg),64.17,3
MED02963,Ceftriaxone (200mg) + Tazobactum (81.5mg),55.0,1
MED02964,Ceftriaxone (250mg),29.25,763
MED02965,Ceftriaxone (250mg) + Sulbactam (125mg),48.92,652
MED02966,Ceftriaxone (250mg) + Sulbactam (175mg),44.85,2
MED02967,Ceftriaxone (250mg) + Sulbactam (31.25mg),50.0,1
MED02968,Ceftriaxone (250mg) + Sulbactam (500mg),85.0,1
MED02969,Ceftriaxone (250mg) + Tazobactum (125mg),54.0,1
MED02970,Ceftriaxone (250mg) + Tazobactum (31.25mg),54.77,186
MED02971,Ceftriaxone (250mg) + Tazobactum (31.5mg),54.0,3
MED02972,Ceftriaxone (2gm),133.15,13
MED02973,Ceftriaxone (3000mg) + Tazobactum (375mg),320.0,1
MED02974,Ceftriaxone (500gm),44.0,1
MED02975,Ceftriaxone (500mg),48.2,767
MED02976,Ceftriaxone (500mg) + Sulbactam (1000mg),135.0,1
MED02977,Ceftriaxone (500mg) + Sulbactam (125mg),74.0,4
MED02978,Ceftriaxone (500mg) + Sulbactam (250mg),79.37,324
MED02979,Ceftriaxone (500mg) + Sulbactam (500mg),167.36,4
MED02980,Ceftriaxone (500mg) + Sulbactam (62.5mg),120.0,1
MED02981,Ceftriaxone (500mg) + Tazobactum (62.25mg),98.0,1
MED02982,Ceftriaxone (500mg) + Tazobactum (62.50mg),94.5,2
MED02983,Ceftriaxone (500mg) + Tazobactum (62.5mg),88.92,98
MED02984,Ceftriaxone (50mg),47.52,1
MED02985,Ceftriaxone (750mg),67.51,3
MED02986,Ceftriaxone (875mg) + Sulbactam (125mg),110.0,1
MED02987,Ceftriaxone (NA),130.47,1
MED02988,Ceftriaxone (NA) + Sulbactam (NA),76.42,2
MED02989,Ceftriaxone (NA) + Tazobactum (NA),180.0,1
MED02990,Cefuroxime (1.125mg) + Sulbactam (NA),130.0,1
MED02991,Cefuroxime (1.5gm),244.93,56
MED02992,Cefuroxime (1000mg),143.51,7
MED02993,Cefuroxime (1000mg) + Lactobacillus (500mg),189.0,1
MED02994,Cefuroxime (1000mg) + Sulbactam (500mg),248.0,3
MED02995,Cefuroxime (100mg),166.96,5
MED02996,Cefuroxime (125mg),124.33,150
MED02997,Cefuroxime (125mg) + Clavulanic Acid (28.5mg),139.0,1
MED02998,Cefuroxime (125mg) + Clavulanic Acid (31.25mg),166.42,12
MED02999,Cefuroxime (125mg) + Lactobacillus (60Million spores),85.5,2
MED03000,Cefuroxime (125mg/5ml),124.58,25
MED03001,Cefuroxime (125mg/5ml) + Clavulanic Acid (31.25mg/5ml),152.62,4
MED03002,Cefuroxime (1500mcg),250.0,1
MED03003,Cefuroxime (1500mg),288.57,152
MED03004,Cefuroxime (1500mg) + Sulbactam (750mg),330.41,14
MED03005,Cefuroxime (15gm),250.88,1
MED03006,Cefuroxime (2000mg) + Sulbactam (250mg),247.5,1
MED03007,Cefuroxime (200mg),214.25,7
MED03008,Cefuroxime (200mg) + Clavulanic Acid (125mg),287.17,3
MED03009,Cefuroxime (250mg),222.6,913
MED03010,Cefuroxime (250mg) + Clavulanic Acid (125mg),268.08,64
MED03011,Cefuroxime (250mg) + Clavulanic Acid (62.50mg),382.0,1
MED03012,Cefuroxime (250mg) + Clavulanic Acid (62.5mg),187.74,12
MED03013,Cefuroxime (250mg) + Lactobacillus (120Million spores),290.0,1
MED03014,Cefuroxime (250mg) + Lactobacillus (30Million spores),124.1,1
MED03015,Cefuroxime (250mg) + Lactobacillus (60Million spores),218.99,4
MED03016,Cefuroxime (250mg) + Lactobacillus (90Million spores),122.06,1
MED03017,Cefuroxime (500mg),433.0,1318
MED03018,Cefuroxime (500mg) + Clavulanic Acid (125mg),454.68,301
MED03019,Cefuroxime (500mg) + Lactobacillus (120Million spores),634.5,2
MED03020,Cefuroxime (500mg) + Lactobacillus (60Million spores),539.18,5
MED03021,Cefuroxime (500mg) + Lactobacillus (90Million spores),191.36,1
MED03022,Cefuroxime (500mg) + Linezolid (600mg),575.91,29
MED03023,Cefuroxime (500mg) + Sulbactam (500mg),148.9,1
MED03024,Cefuroxime (50mg),63.32,2
MED03025,Cefuroxime (50mg/5ml),82.5,2
MED03026,Cefuroxime (750mg),142.87,153
MED03027,Cefuroxime (750mg) + Sulbactam (375mg),169.46,5
MED03028,Cefuroxime (NA),178.17,4
MED03029,Cefuroxime (NA) + Clavulanic Acid (NA),325.0,1
MED03030,Cefuroxime axetil (250mg),326.5,2
MED03031,Cefuroxime axetil (500mg),429.25,4
MED03032,Celecoxib (100mg),60.41,21
MED03033,Celecoxib (100mg) + Diacerein (50mg),111.5,1
MED03034,Celecoxib (200mg),109.83,23
MED03035,Celecoxib (200mg) + Diacerein (50mg),126.0,1
MED03036,Celecoxib (90mg),33.33,1
MED03037,Celiprolol (100mg),34.85,2
MED03038,Celiprolol (200mg),83.54,1
MED03039,Centbucridine (0.5% w/w) + Feracrylum (3% w/w),68.45,2
MED03040,Centchroman (30mg),191.97,3
MED03041,Centchroman (60mg),231.69,8
MED03042,Centchroman (NA),120.5,1
MED03043,Cerebroprotein Hydrolysate (120mg) + Piracetam (800mg),365.0,2
MED03044,Cerebroprotein Hydrolysate (215.2mg),1150.0,1
MED03045,Cerebroprotein Hydrolysate (30mg),736.39,4
MED03046,Cerebroprotein Hydrolysate (60mg),1017.09,35
MED03047,Cerebroprotein Hydrolysate (90mg),196.32,31
MED03048,Ceritinib (150mg),8698.0,1
MED03049,Certoparin (3000IU),246.8,1
MED03050,Cetalkonium Chloride (0.01% w/w) + Choline Salicylate (8.7% w/w),78.5,2
MED03051,Cetilistat (120mg),389.9,1
MED03052,Cetilistat (60mg),481.0,2
MED03053,Cetirizine (0.50%) + Pseudoephedrine (NA),60.85,1
MED03054,Cetirizine (1.25mg) + Paracetamol (125mg),68.9,2
MED03055,Cetirizine (100mg) + Paracetamol (500mg),56.0,1
MED03056,Cetirizine (10mg),20.72,467
MED03057,Cetirizine (10mg) + Dextromethorphan Hydrobromide (5mg),44.0,1
MED03058,Cetirizine (10mg) + Diethylcarbamazine (300mg),50.33,6
MED03059,Cetirizine (10mg) + Paracetamol (325mg),35.12,8
MED03060,Cetirizine (10mg) + Paracetamol (500mg),22.12,20
MED03061,Cetirizine (10mg) + Phenylephrine (10mg),50.81,7
MED03062,Cetirizine (10mg) + Phenylephrine (5mg),20.0,1
MED03063,Cetirizine (10mg) + Pseudoephedrine (30mg),32.56,5
MED03064,Cetirizine (10mg) + Pseudoephedrine (60mg),31.44,15
MED03065,Cetirizine (10mg) + Pseudoephedrine (NA),31.25,1
MED03066,Cetirizine (10mg/5ml),17.0,1
MED03067,Cetirizine (10mg/ml),81.5,1
MED03068,Cetirizine (15mg) + Dextromethorphan Hydrobromide (10mg),42.75,1
MED03069,Cetirizine (1mg),23.41,3
MED03070,Cetirizine (1mg/5ml) + Paracetamol (125mg/5ml),37.5,2
MED03071,Cetirizine (2.5mg) + Dextromethorphan Hydrobromide (10mg),75.08,2
MED03072,Cetirizine (2.5mg) + Dextromethorphan Hydrobromide (5mg),68.51,5
MED03073,Cetirizine (2.5mg) + Paracetamol (125mg),46.71,50
MED03074,Cetirizine (2.5mg) + Paracetamol (125mg/5ml),36.0,1
MED03075,Cetirizine (2.5mg) + Paracetamol (250mg),54.77,11
MED03076,Cetirizine (2.5mg) + Paracetamol (500mg),28.76,3
MED03077,Cetirizine (2.5mg) + Phenylephrine (1mg),39.0,1
MED03078,Cetirizine (2.5mg/5ml) + Dextromethorphan Hydrobromide (5mg/5ml),90.0,2
MED03079,Cetirizine (2.5mg/5ml) + Dextromethorphan Hydrobromide (7.5mg/5ml),56.0,1
MED03080,Cetirizine (2.5mg/5ml) + Paracetamol (125mg/5ml),44.48,38
MED03081,Cetirizine (2.5mg/5ml) + Paracetamol (250mg/5ml),55.63,19
MED03082,Cetirizine (2.5mg/5ml) + Phenylephrine (5mg/5ml),68.5,1
MED03083,Cetirizine (2.5mg/ml) + Paracetamol (100mg/ml),27.0,1
MED03084,Cetirizine (20mg),21.94,5
MED03085,Cetirizine (25mg) + Paracetamol (250mg),61.0,1
MED03086,Cetirizine (25mg) + Paracetamol (NA),39.0,1
MED03087,Cetirizine (2mg) + Dextromethorphan Hydrobromide (10mg),27.73,1
MED03088,Cetirizine (2mg) + Diethylcarbamazine (50mg),24.46,2
MED03089,Cetirizine (2mg) + Paracetamol (125mg),28.48,15
MED03090,Cetirizine (2mg) + Paracetamol (15mg),41.0,1
MED03091,Cetirizine (2mg) + Paracetamol (250mg),36.0,1
MED03092,Cetirizine (2mg/5ml) + Dextromethorphan Hydrobromide (10mg/5ml),28.74,2
MED03093,Cetirizine (2mg/5ml) + Paracetamol (125mg/5ml),40.85,6
MED03094,Cetirizine (2mg/5ml) + Paracetamol (250mg/5ml),45.5,2
MED03095,Cetirizine (2mg/5ml) + Phenylephrine (2.5mg/5ml),64.0,1
MED03096,Cetirizine (500mg) + Paracetamol (15mg),36.0,1
MED03097,Cetirizine (5mg),27.22,77
MED03098,Cetirizine (5mg) + Dextromethorphan Hydrobromide (10mg),64.92,18
MED03099,Cetirizine (5mg) + Dextromethorphan Hydrobromide (5mg),75.0,1
MED03100,Cetirizine (5mg) + Diethylcarbamazine (120mg),47.8,1
MED03101,Cetirizine (5mg) + Diethylcarbamazine (150mg),33.21,7
MED03102,Cetirizine (5mg) + Paracetamol (125mg),55.88,4
MED03103,Cetirizine (5mg) + Paracetamol (250mg),57.76,4
MED03104,Cetirizine (5mg) + Paracetamol (325mg),42.03,190
MED03105,Cetirizine (5mg) + Paracetamol (400mg),30.0,1
MED03106,Cetirizine (5mg) + Paracetamol (500mg),34.78,109
MED03107,Cetirizine (5mg) + Paracetamol (60mg),23.0,1
MED03108,Cetirizine (5mg) + Phenylephrine (10mg),40.32,3
MED03109,Cetirizine (5mg) + Phenylephrine (120mg),22.5,1
MED03110,Cetirizine (5mg) + Phenylephrine (20mg),50.0,1
MED03111,Cetirizine (5mg) + Phenylephrine (5mg),53.0,2
MED03112,Cetirizine (5mg) + Pseudoephedrine (120mg),31.29,9
MED03113,Cetirizine (5mg) + Pseudoephedrine (5mg),19.0,1
MED03114,Cetirizine (5mg) + Pseudoephedrine (60mg),34.38,3
MED03115,Cetirizine (5mg/5ml),27.29,69
MED03116,Cetirizine (5mg/5ml) + Dextromethorphan Hydrobromide (10mg/5ml),87.42,6
MED03117,Cetirizine (5mg/5ml) + Dextromethorphan Hydrobromide (5mg/5ml),81.0,1
MED03118,Cetirizine (5mg/5ml) + Paracetamol (125mg/5ml),60.0,3
MED03119,Cetirizine (5mg/5ml) + Phenylephrine (125mg/5ml),42.0,1
MED03120,Cetirizine (5mg/5ml) + Phenylephrine (5mg/5ml),68.43,7
MED03121,Cetirizine (5mg/ml),43.68,1
MED03122,Cetirizine (5ml) + Pseudoephedrine (NA),26.93,1
MED03123,Cetirizine (NA),26.72,53
MED03124,Cetirizine (NA) + Diethylcarbamazine (NA),27.81,2
MED03125,Cetirizine (NA) + Paracetamol (NA),36.27,14
MED03126,Cetirizine (NA) + Phenylephrine (NA),49.05,1
MED03127,Cetirizine (NA) + Phenylpropanolamine (NA),26.0,1
MED03128,Cetirizine (NA) + Pseudoephedrine (NA),32.03,6
MED03129,Cetrimide (0.01% w/v) + Permethrin (5% w/v),125.0,2
MED03130,Cetrimide (0.06% w/v) + Lindane (1% w/v),37.0,1
MED03131,Cetrimide (0.1% w/v),75.33,3
MED03132,Cetrimide (0.1% w/v) + Lindane (0.1% w/v),75.0,1
MED03133,Cetrimide (0.1% w/v) + Lindane (1% w/v),69.29,43
MED03134,Cetrimide (0.1% w/v) + Lindane (1% w/w),69.0,1
MED03135,Cetrimide (0.1% w/v) + Lindane (1.0% w/v),75.0,1
MED03136,Cetrimide (0.1% w/v) + Permethrin (5% w/v),93.92,12
MED03137,Cetrimide (0.1% w/w) + Ketoconazole (2% w/w),89.0,1
MED03138,Cetrimide (0.1% w/w) + Lindane (1% w/w),52.96,7
MED03139,Cetrimide (0.3% w/v) + Lindane (1% w/v),52.0,1
MED03140,Cetrimide (0.3% w/w) + Chlorhexidine Gluconate (1.5% w/w),115.0,1
MED03141,Cetrimide (0.5% w/v) + Ketoconazole (2% w/v),199.33,3
MED03142,Cetrimide (0.5% w/v) + Lindane (2% w/v),110.0,1
MED03143,Cetrimide (0.5% w/v) + Permethrin (5% w/v),110.0,1
MED03144,Cetrimide (0.5% w/w),58.65,1
MED03145,Cetrimide (0.5% w/w) + Ketoconazole (2% w/w),112.46,37
MED03146,Cetrimide (0.5% w/w) + Lindane (2% w/w),49.07,7
MED03147,Cetrimide (0.5% w/w) + Permethrin (1% w/w),80.0,12
MED03148,Cetrimide (0.6% v/v) + Chlorhexidine Gluconate (0.3% v/v),158.0,1
MED03149,Cetrimide (0.6% w/v) + Chlorhexidine Gluconate (0.3% v/v),165.8,5
MED03150,Cetrimide (0.6% w/v) + Chlorhexidine Gluconate (0.3% w/v),104.66,7
MED03151,Cetrimide (0.6% w/w) + Chlorhexidine Gluconate (0.3% w/w),60.0,1
MED03152,Cetrimide (1% w/v) + Lindane (0.1% w/v),75.0,1
MED03153,Cetrimide (1% w/v) + Lindane (1% w/v),40.0,1
MED03154,Cetrimide (1% w/v) + Permethrin (5% w/v),155.0,1
MED03155,Cetrimide (1% w/w) + Chlorhexidine Gluconate (0.5% w/w),53.0,2
MED03156,Cetrimide (1% w/w) + Ketoconazole (2% w/w),75.0,1
MED03157,Cetrimide (1% w/w) + Lindane (0.1% w/w),36.35,2
MED03158,Cetrimide (1% w/w) + Lindane (1% w/w),26.85,1
MED03159,Cetrimide (1%) + Lindane (0.1%),65.0,1
MED03160,Cetrimide (1%) + Lindane (0.5%),30.52,2
MED03161,Cetrimide (15% w/v) + Chlorhexidine Gluconate (7.5% v/v),225.5,2
MED03162,Cetrimide (15% w/v) + Chlorhexidine Gluconate (7.5% w/v),74.5,1
MED03163,Cetrimide (2% w/v) + Ketoconazole (0.5% w/v),240.0,1
MED03164,Cetrimide (20% w/w),70.0,1
MED03165,Cetrimide (3% w/v) + Chlorhexidine Gluconate (1.5% w/v),83.33,3
MED03166,Cetrimide (5% w/v),50.5,2
MED03167,Cetrimide (NA) + Chlorhexidine Gluconate (NA),196.81,3
MED03168,Cetrimide (NA) + Lindane (NA),186.04,6
MED03169,Cetrorelix (0.25mg),1241.93,20
MED03170,Cetuximab (100mg),94544.4,1
MED03171,Cetuximab (500mg),101110.0,1
MED03172,Cetuximab (5mg/ml),18325.1,1
MED03173,Cetyl Alcohol (2% w/w),570.0,2
MED03174,Chlorambucil (2mg),1158.0,3
MED03175,Chlorambucil (5mg),2313.62,4
MED03176,Chloramphenicol (0.03% w/v),19.9,1
MED03177,Chloramphenicol (0.1% w/v) + Dexamethasone (0.5% w/v),13.8,1
MED03178,Chloramphenicol (0.25%),13.75,1
MED03179,Chloramphenicol (0.4% w/v),18.95,3
MED03180,Chloramphenicol (0.4%),34.78,1
MED03181,Chloramphenicol (0.5% w/v),25.9,12
MED03182,Chloramphenicol (0.5% w/v) + Dexamethasone (0.1% w/v),24.45,19
MED03183,Chloramphenicol (0.5% w/v) + Flurbiprofen (0.03% w/v),100.5,1
MED03184,Chloramphenicol (0.5% w/v) + Hydroxypropylmethylcellulose (0.25% w/v),17.0,4
MED03185,Chloramphenicol (0.5% w/v) + Sulphacetamide (20% w/v),71.87,5
MED03186,Chloramphenicol (0.5% w/w) + Dexamethasone (0.1% w/w),11.79,2
MED03187,Chloramphenicol (0.5%) + Dexamethasone (5000IU),40.0,1
MED03188,Chloramphenicol (1% w/v) + Dexamethasone (0.01% w/v),21.0,1
MED03189,Chloramphenicol (1% w/v) + Dexamethasone (0.1% w/v),17.75,14
MED03190,Chloramphenicol (1% w/v) + Polymyxin B (5000IU),50.0,1
MED03191,Chloramphenicol (1% w/w),35.65,10
MED03192,Chloramphenicol (1% w/w) + Hydrocortisone (0.5% w/w),76.71,8
MED03193,Chloramphenicol (1%),36.21,1
MED03194,Chloramphenicol (1%) + Polymyxin B (5000IU),45.02,1
MED03195,Chloramphenicol (1000mg),25.33,3
MED03196,Chloramphenicol (10mg) + Dexamethasone (1mg),66.97,17
MED03197,Chloramphenicol (10mg) + Hydrocortisone (5mg),74.0,16
MED03198,Chloramphenicol (10mg) + Polymyxin B (10000IU),95.0,1
MED03199,Chloramphenicol (10mg) + Polymyxin B (10000units),70.1,2
MED03200,Chloramphenicol (10mg) + Polymyxin B (5000IU),28.0,3
MED03201,Chloramphenicol (10mg/gm) + Hydrocortisone (5mg/gm),52.0,1
MED03202,Chloramphenicol (10mg/gm) + Polymyxin B (10000IU/gm),61.15,1
MED03203,Chloramphenicol (125mg),37.8,13
MED03204,Chloramphenicol (125mg/5ml),55.37,18
MED03205,Chloramphenicol (1gm),38.98,11
MED03206,Chloramphenicol (1mg) + Polymyxin B (5000IU),39.86,6
MED03207,Chloramphenicol (250mg),37.55,64
MED03208,Chloramphenicol (4mg) + Dexamethasone (1mg),80.51,14
MED03209,Chloramphenicol (4mg/ml) + Polymyxin B (5000IU/ml),58.47,5
MED03210,Chloramphenicol (5% w/v),26.08,4
MED03211,Chloramphenicol (5% w/v) + Clotrimazole (1% w/v),53.5,5
MED03212,Chloramphenicol (5% w/v) + Prednisolone (0.5% w/v),57.9,2
MED03213,Chloramphenicol (5% w/w) + Clotrimazole (1% w/w),27.28,2
MED03214,Chloramphenicol (500mg),57.34,57
MED03215,Chloramphenicol (5mg/ml) + Polymyxin B (10000IU/ml),60.0,1
MED03216,Chloramphenicol (NA),35.37,10
MED03217,Chloramphenicol (NA) + Clotrimazole (NA),30.46,9
MED03218,Chloramphenicol (NA) + Dexamethasone (NA),27.23,10
MED03219,Chloramphenicol (NA) + Fluorometholone (NA),36.18,1
MED03220,Chloramphenicol (NA) + Hydrocortisone (NA),54.52,5
MED03221,Chloramphenicol (NA) + Prednisolone (NA),25.85,3
MED03222,Chlorbutol (0.5% w/v) + Proparacaine (0.5% w/v),51.4,3
MED03223,Chlorbutol (0.5% w/v) + Tropicamide (1% w/v),50.57,1
MED03224,Chlorbutol (5% w/v) + Paradichlorobenzene (2% w/v),93.69,2
MED03225,Chlorbutol (5% w/v) + Paradichlorobenzene (2.05% w/v),33.5,1
MED03226,Chlorbutol (5mg) + Tropicamide (10mg),49.67,1
MED03227,Chlordiazepoxide (0.5mg) + Trifluoperazine (5mg),22.0,1
MED03228,Chlordiazepoxide (10mg),30.15,43
MED03229,Chlordiazepoxide (10mg) + Clidinium (2.5mg),31.5,2
MED03230,Chlordiazepoxide (10mg) + Imipramine (25mg),24.51,9
MED03231,Chlordiazepoxide (10mg) + Trifluoperazine (1mg),27.71,70
MED03232,Chlordiazepoxide (10mg) + Trifluoperazine (2mg),36.0,1
MED03233,Chlordiazepoxide (1mg) + Trifluoperazine (10mg),26.12,9
MED03234,Chlordiazepoxide (2.5mg) + Clidinium (5mg),97.5,1
MED03235,Chlordiazepoxide (20mg),24.85,2
MED03236,Chlordiazepoxide (25mg),42.45,25
MED03237,Chlordiazepoxide (50mg) + Trifluoperazine (5mg),16.56,2
MED03238,Chlordiazepoxide (5mg),27.8,5
MED03239,Chlordiazepoxide (5mg) + Clidinium (12.5mg),24.0,1
MED03240,Chlordiazepoxide (5mg) + Clidinium (2.5mg),37.94,143
MED03241,Chlordiazepoxide (5mg) + Mebeverine (135mg),132.74,49
MED03242,Chlordiazepoxide (5mg) + Pantoprazole (20mg),77.0,1
MED03243,Chlordiazepoxide (5mg) + Trifluoperazine (1mg),25.0,2
MED03244,Chlordiazepoxide (7mg) + Pantoprazole (20mg),79.0,1
MED03245,Chlordiazepoxide (NA),25.0,1
MED03246,Chlordiazepoxide (NA) + Imipramine (10mg),27.64,1
MED03247,Chlordiazepoxide (NA) + Imipramine (20mg),39.81,1
MED03248,Chlordiazepoxide (NA) + Imipramine (NA),49.0,1
MED03249,Chlordiazepoxide (NA) + Trifluoperazine (NA),35.69,2
MED03250,Chlorhexidine Gluconate (0.002% w/v),95.0,1
MED03251,Chlorhexidine Gluconate (0.004% w/w),282.0,1
MED03252,Chlorhexidine Gluconate (0.02% w/w) + Clobetasol (0.05% w/w),60.5,2
MED03253,Chlorhexidine Gluconate (0.1% w/v),102.53,3
MED03254,Chlorhexidine Gluconate (0.1% w/w) + Neomycin (0.5% w/w),70.95,1
MED03255,Chlorhexidine Gluconate (0.2% v/v),75.0,1
MED03256,Chlorhexidine Gluconate (0.2% w/v),78.38,91
MED03257,Chlorhexidine Gluconate (0.2% w/v) + Sodium Fluoride (0.05% w/v),107.07,20
MED03258,Chlorhexidine Gluconate (0.2% w/v) + Sodium Fluoride (0.07% w/v),104.0,1
MED03259,Chlorhexidine Gluconate (0.2% w/v) + Sodium Monofluorophosphate (0.07% w/v),168.0,1
MED03260,Chlorhexidine Gluconate (0.2% w/w),34.52,2
MED03261,Chlorhexidine Gluconate (0.2% w/w) + Clobetasol (0.05% w/w),83.67,6
MED03262,Chlorhexidine Gluconate (0.2% w/w) + Recombinant Human Epidermal Growth Factor (10mcg),553.0,2
MED03263,Chlorhexidine Gluconate (0.2% w/w) + Silver Nitrate (0.2% w/w),68.3,5
MED03264,Chlorhexidine Gluconate (0.2% w/w) + Silver Sulfadiazine (0.5% w/w),331.33,3
MED03265,Chlorhexidine Gluconate (0.2% w/w) + Silver Sulfadiazine (1% w/w),178.63,14
MED03266,Chlorhexidine Gluconate (0.2%),71.31,5
MED03267,Chlorhexidine Gluconate (0.2%) + Sulfadiazine (1%),57.54,5
MED03268,Chlorhexidine Gluconate (0.20% w/w) + Clobetasol (0.05% w/w),107.16,4
MED03269,Chlorhexidine Gluconate (0.20% w/w) + Silver Nitrate (0.20% w/w),81.95,1
MED03270,Chlorhexidine Gluconate (0.20% w/w) + Silver Nitrate (1% w/w),35.0,1
MED03271,Chlorhexidine Gluconate (0.20% w/w) + Silver Sulfadiazine (1% w/w),356.67,3
MED03272,Chlorhexidine Gluconate (0.20%),68.22,3
MED03273,Chlorhexidine Gluconate (0.25% w/v),50.0,1
MED03274,Chlorhexidine Gluconate (0.25% w/w) + Metronidazole (0.01% w/w),35.0,1
MED03275,Chlorhexidine Gluconate (0.25% w/w) + Metronidazole (1% w/w),23.43,7
MED03276,Chlorhexidine Gluconate (0.25% w/w) + Metronidazole (10mg),86.75,1
MED03277,Chlorhexidine Gluconate (0.25% w/w) + Ornidazole (1% w/w),59.17,3
MED03278,Chlorhexidine Gluconate (0.4% w/v),129.8,1
MED03279,Chlorhexidine Gluconate (0.5% w/v),370.0,4
MED03280,Chlorhexidine Gluconate (0.5% w/w) + Metronidazole (1.5% w/w),53.0,2
MED03281,Chlorhexidine Gluconate (0.5% w/w) + Miconazole (2% w/w),133.0,3
MED03282,Chlorhexidine Gluconate (0.5%) + Silver Sulfadiazine (1%),21.0,1
MED03283,Chlorhexidine Gluconate (1% w/w),65.59,5
MED03284,Chlorhexidine Gluconate (1% w/w) + Lidocaine (2% w/w),80.08,6
MED03285,Chlorhexidine Gluconate (1.5% w/w),68.0,1
MED03286,Chlorhexidine Gluconate (2% w/v),47.6,9
MED03287,Chlorhexidine Gluconate (2% w/w),42.5,2
MED03288,Chlorhexidine Gluconate (20% w/w),66.35,1
MED03289,Chlorhexidine Gluconate (20%),100.0,1
MED03290,Chlorhexidine Gluconate (30% w/w) + Silver Sulfadiazine (1% w/w),70.0,1
MED03291,Chlorhexidine Gluconate (4% w/v),416.87,3
MED03292,Chlorhexidine Gluconate (4% w/w),200.0,1
MED03293,Chlorhexidine Gluconate (NA),56.42,9
MED03294,Chlorhexidine Gluconate (NA) + Metronidazole (NA),35.77,3
MED03295,Chlorhexidine Gluconate (NA) + Sulfadiazine (NA),55.23,6
MED03296,Chlormezanone (250mg) + Paracetamol (325mg),55.0,2
MED03297,Chlormezanone (NA) + Paracetamol (500mg),55.0,1
MED03298,Chlormezanone (NA) + Paracetamol (NA),46.25,1
MED03299,Chlorocresol (0.1% w/w) + Clobetasol (0.05% w/w),64.35,5
MED03300,Chloroform (0.15% w/v) + Potassium Iodide (2% w/v),52.37,1
MED03301,Chloroprocaine (50mg),44.0,1
MED03302,Chloroquine (0.03% w/v),171.96,2
MED03303,Chloroquine (0.5mg),60.0,1
MED03304,Chloroquine (100gm),5.51,1
MED03305,Chloroquine (100mg),12.48,7
MED03306,Chloroquine (100mg) + Primaquine (NA),25.03,1
MED03307,Chloroquine (125mg),23.65,2
MED03308,Chloroquine (160mg),12.9,2
MED03309,Chloroquine (1mg),70.2,1
MED03310,Chloroquine (250mg),18.33,49
MED03311,Chloroquine (2mg),88.75,1
MED03312,Chloroquine (40mg),14.49,13
MED03313,Chloroquine (500mg),11.12,28
MED03314,Chloroquine (50mg),15.23,8
MED03315,Chloroquine (64.5mg),15.08,6
MED03316,Chloroquine (750mg),4.03,1
MED03317,Chloroquine (80.6mg),100.0,1
MED03318,Chloroquine (80mg),17.2,11
MED03319,Chloroquine (80mg/5ml),15.37,1
MED03320,Chloroquine (NA),46.4,9
MED03321,Chloroquine (NA) + Primaquine (NA),70.96,1
MED03322,Chlorpheniramine Maleate (0.01% w/v) + Naphazoline (0.0056% w/v),61.0,1
MED03323,Chlorpheniramine Maleate (0.01% w/v) + Naphazoline (0.05% w/v),87.5,2
MED03324,Chlorpheniramine Maleate (0.01% w/v) + Naphazoline (0.056% w/v),77.27,14
MED03325,Chlorpheniramine Maleate (0.01% w/v) + Naphazoline (0.1% w/v),67.78,23
MED03326,Chlorpheniramine Maleate (0.01% w/v) + Naphazoline (0.1% w/w),54.6,1
MED03327,Chlorpheniramine Maleate (0.01% w/v) + Naphazoline (0.56% w/v),69.0,1
MED03328,Chlorpheniramine Maleate (0.01% w/v) + Olopatadine (0.1% w/v),140.0,1
MED03329,Chlorpheniramine Maleate (0.01% w/v) + Sulphacetamide (12.5% w/v),50.0,1
MED03330,Chlorpheniramine Maleate (0.01%) + Naphazoline (0.056%),54.48,9
MED03331,Chlorpheniramine Maleate (0.03% w/v) + Sodium Chloride (0.05% w/v),96.0,1
MED03332,Chlorpheniramine Maleate (0.1% w/v) + Naphazoline (0.05% w/v),74.5,2
MED03333,Chlorpheniramine Maleate (0.2% w/v) + Ketorolac (0.5% w/v),70.0,1
MED03334,Chlorpheniramine Maleate (0.2% w/v) + Phenylephrine (0.12% w/v),68.31,2
MED03335,Chlorpheniramine Maleate (0.5% w/v) + Sulphacetamide (20% w/v),29.32,1
MED03336,Chlorpheniramine Maleate (0.5mg) + Menthol (1mg),75.6,1
MED03337,Chlorpheniramine Maleate (0.5mg) + Paracetamol (125mg),54.17,18
MED03338,Chlorpheniramine Maleate (0.5mg) + Paracetamol (250mg),65.0,1
MED03339,Chlorpheniramine Maleate (0.5mg) + Phenylephrine (5mg),50.47,7
MED03340,Chlorpheniramine Maleate (0.5mg/5ml) + Menthol (1mg/5ml),51.0,1
MED03341,Chlorpheniramine Maleate (0.5mg/5ml) + Paracetamol (125mg/5ml),58.73,41
MED03342,Chlorpheniramine Maleate (0.5mg/5ml) + Paracetamol (250mg/5ml),63.0,1
MED03343,Chlorpheniramine Maleate (1.25mg) + Codeine (10mg),110.0,1
MED03344,Chlorpheniramine Maleate (1.5mg) + Dextromethorphan Hydrobromide (5mg),51.25,7
MED03345,Chlorpheniramine Maleate (1.5mg) + Menthol (1mg),39.9,1
MED03346,Chlorpheniramine Maleate (1.5mg) + Paracetamol (125mg),30.0,1
MED03347,Chlorpheniramine Maleate (1.5mg) + Phenylephrine (2.5mg),76.4,1
MED03348,Chlorpheniramine Maleate (1.5mg) + Phenylpropanolamine (8mg),33.48,3
MED03349,Chlorpheniramine Maleate (1.5mg/5ml) + Dextromethorphan Hydrobromide (5mg/5ml),51.97,3
MED03350,Chlorpheniramine Maleate (10mg),40.7,5
MED03351,Chlorpheniramine Maleate (12.5mg) + Trithioparamethoxy Phenylpropene (3mg),65.86,1
MED03352,Chlorpheniramine Maleate (12.5mg/5ml) + Phenylpropanolamine (1.5mg/5ml),43.62,4
MED03353,Chlorpheniramine Maleate (1mg) + Codeine (30mg),59.0,1
MED03354,Chlorpheniramine Maleate (1mg) + Dextromethorphan Hydrobromide (5mg),48.7,2
MED03355,Chlorpheniramine Maleate (1mg) + Guaifenesin (50mg),25.0,1
MED03356,Chlorpheniramine Maleate (1mg) + Menthol (1mg),55.0,3
MED03357,Chlorpheniramine Maleate (1mg) + Paracetamol (125mg),45.8,238
MED03358,Chlorpheniramine Maleate (1mg) + Paracetamol (125mg/0.5ml),64.0,1
MED03359,Chlorpheniramine Maleate (1mg) + Paracetamol (160mg),58.56,1
MED03360,Chlorpheniramine Maleate (1mg) + Paracetamol (250mg),51.34,11
MED03361,Chlorpheniramine Maleate (1mg) + Paracetamol (325mg),29.28,3
MED03362,Chlorpheniramine Maleate (1mg) + Paracetamol (500mg),42.38,3
MED03363,Chlorpheniramine Maleate (1mg) + Phenylephrine (2.5mg),43.03,11
MED03364,Chlorpheniramine Maleate (1mg) + Phenylephrine (5mg),60.59,23
MED03365,Chlorpheniramine Maleate (1mg) + Phenylpropanolamine (6.25mg),22.0,1
MED03366,Chlorpheniramine Maleate (1mg/5ml) + Dextromethorphan Hydrobromide (10mg/5ml),48.0,1
MED03367,Chlorpheniramine Maleate (1mg/5ml) + Dextromethorphan Hydrobromide (5mg/5ml),93.35,2
MED03368,Chlorpheniramine Maleate (1mg/5ml) + Paracetamol (125mg/5ml),52.08,168
MED03369,Chlorpheniramine Maleate (1mg/5ml) + Paracetamol (250mg/5ml),59.32,9
MED03370,Chlorpheniramine Maleate (1mg/5ml) + Phenylephrine (2.5mg/5ml),65.43,5
MED03371,Chlorpheniramine Maleate (1mg/5ml) + Phenylephrine (5mg/5ml),54.55,5
MED03372,Chlorpheniramine Maleate (1mg/ml) + Paracetamol (125mg/ml),51.3,8
MED03373,Chlorpheniramine Maleate (1mg/ml) + Phenylephrine (1.25mg/ml),44.96,1
MED03374,Chlorpheniramine Maleate (1mg/ml) + Phenylephrine (2.5mg/ml),55.55,23
MED03375,Chlorpheniramine Maleate (2.5mg) + Dextromethorphan Hydrobromide (10mg),63.95,3
MED03376,Chlorpheniramine Maleate (2.5mg) + Diethylcarbamazine (100mg),107.0,1
MED03377,Chlorpheniramine Maleate (2.5mg) + Diethylcarbamazine (125mg),29.8,1
MED03378,Chlorpheniramine Maleate (2.5mg) + Diethylcarbamazine (150mg),25.0,3
MED03379,Chlorpheniramine Maleate (2.5mg) + Guaifenesin (50mg),64.61,3
MED03380,Chlorpheniramine Maleate (2.5mg) + Levocetirizine (5mg),79.3,1
MED03381,Chlorpheniramine Maleate (2.5mg) + Paracetamol (125mg),65.0,2
MED03382,Chlorpheniramine Maleate (2.5mg) + Paracetamol (250mg),54.5,2
MED03383,Chlorpheniramine Maleate (2.5mg) + Paracetamol (500mg),41.96,5
MED03384,Chlorpheniramine Maleate (2.5mg) + Pseudoephedrine (10mg),24.0,1
MED03385,Chlorpheniramine Maleate (2.5mg/5ml) + Paracetamol (125mg/5ml),54.0,2
MED03386,Chlorpheniramine Maleate (200mg) + Codeine (80mg),66.31,1
MED03387,Chlorpheniramine Maleate (200mg) + Dextromethorphan Hydrobromide (40mg),45.0,1
MED03388,Chlorpheniramine Maleate (2mg),37.63,5
MED03389,Chlorpheniramine Maleate (2mg) + Codeine (10mg),56.0,2
MED03390,Chlorpheniramine Maleate (2mg) + Codeine (30mg),35.0,1
MED03391,Chlorpheniramine Maleate (2mg) + Dextromethorphan Hydrobromide (10mg),70.08,109
MED03392,Chlorpheniramine Maleate (2mg) + Dextromethorphan Hydrobromide (15mg),41.83,3
MED03393,Chlorpheniramine Maleate (2mg) + Dextromethorphan Hydrobromide (5mg),49.38,5
MED03394,Chlorpheniramine Maleate (2mg) + Diethylcarbamazine (100mg),21.0,2
MED03395,Chlorpheniramine Maleate (2mg) + Diethylcarbamazine (150mg),22.62,1
MED03396,Chlorpheniramine Maleate (2mg) + Guaifenesin (100mg),46.45,2
MED03397,Chlorpheniramine Maleate (2mg) + Guaifenesin (50mg),45.15,3
MED03398,Chlorpheniramine Maleate (2mg) + Menthol (1.5mg),38.0,1
MED03399,Chlorpheniramine Maleate (2mg) + Menthol (1mg),50.71,7
MED03400,Chlorpheniramine Maleate (2mg) + Paracetamol (125mg),46.25,48
MED03401,Chlorpheniramine Maleate (2mg) + Paracetamol (250mg),57.16,156
MED03402,Chlorpheniramine Maleate (2mg) + Paracetamol (325mg),38.61,42
MED03403,Chlorpheniramine Maleate (2mg) + Paracetamol (500mg),44.82,71
MED03404,Chlorpheniramine Maleate (2mg) + Paracetamol (5mg),56.45,1
MED03405,Chlorpheniramine Maleate (2mg) + Paracetamol (650mg),38.47,2
MED03406,Chlorpheniramine Maleate (2mg) + Paracetamol/Acetaminophen (250mg),54.99,1
MED03407,Chlorpheniramine Maleate (2mg) + Phenylephrine (10mg),47.74,3
MED03408,Chlorpheniramine Maleate (2mg) + Phenylephrine (12.5mg),50.27,9
MED03409,Chlorpheniramine Maleate (2mg) + Phenylephrine (2.5mg),71.81,6
MED03410,Chlorpheniramine Maleate (2mg) + Phenylephrine (2mg),49.0,1
MED03411,Chlorpheniramine Maleate (2mg) + Phenylephrine (30mg),55.0,1
MED03412,Chlorpheniramine Maleate (2mg) + Phenylephrine (50mg),31.9,1
MED03413,Chlorpheniramine Maleate (2mg) + Phenylephrine (5mcg),72.0,1
MED03414,Chlorpheniramine Maleate (2mg) + Phenylephrine (5mg),66.43,404
MED03415,Chlorpheniramine Maleate (2mg) + Phenylephrine (5mg/ml),42.0,1
MED03416,Chlorpheniramine Maleate (2mg) + Phenylpropanolamine (10mg),35.42,3
MED03417,Chlorpheniramine Maleate (2mg) + Phenylpropanolamine (12.5mg),38.2,47
MED03418,Chlorpheniramine Maleate (2mg) + Phenylpropanolamine (125mg),40.0,2
MED03419,Chlorpheniramine Maleate (2mg) + Phenylpropanolamine (25mg),32.75,2
MED03420,Chlorpheniramine Maleate (2mg) + Pseudoephedrine (10mg),36.0,1
MED03421,Chlorpheniramine Maleate (2mg) + Pseudoephedrine (15mg),28.5,2
MED03422,Chlorpheniramine Maleate (2mg) + Pseudoephedrine (30mg),41.04,2
MED03423,Chlorpheniramine Maleate (2mg) + Salbutamol (2mg),19.0,1
MED03424,Chlorpheniramine Maleate (2mg/10ml) + Dextromethorphan Hydrobromide (10mg/10ml),50.0,2
MED03425,Chlorpheniramine Maleate (2mg/4ml) + Levodropropizine (30mg/5ml),85.0,1
MED03426,Chlorpheniramine Maleate (2mg/5ml) + Codeine (10mg/5ml),34.7,2
MED03427,Chlorpheniramine Maleate (2mg/5ml) + Dextromethorphan Hydrobromide (100mg/5ml),78.6,1
MED03428,Chlorpheniramine Maleate (2mg/5ml) + Dextromethorphan Hydrobromide (10mg/5ml),69.08,77
MED03429,Chlorpheniramine Maleate (2mg/5ml) + Dextromethorphan Hydrobromide (5mg/5ml),74.23,14
MED03430,Chlorpheniramine Maleate (2mg/5ml) + Levodropropizine (30mg/5ml),87.57,7
MED03431,Chlorpheniramine Maleate (2mg/5ml) + Menthol (1.5mg/5ml),52.0,1
MED03432,Chlorpheniramine Maleate (2mg/5ml) + Menthol (1mg/5ml),55.3,3
MED03433,Chlorpheniramine Maleate (2mg/5ml) + Noscapine (7mg/5ml),102.85,1
MED03434,Chlorpheniramine Maleate (2mg/5ml) + Paracetamol (125mg/5ml),53.88,28
MED03435,Chlorpheniramine Maleate (2mg/5ml) + Paracetamol (12mg/5ml),60.0,1
MED03436,Chlorpheniramine Maleate (2mg/5ml) + Paracetamol (250mg/5ml),59.73,172
MED03437,Chlorpheniramine Maleate (2mg/5ml) + Paracetamol (250ml/5ml),64.0,1
MED03438,Chlorpheniramine Maleate (2mg/5ml) + Paracetamol (325mg/5ml),66.0,1
MED03439,Chlorpheniramine Maleate (2mg/5ml) + Phenylephrine (10mg/5ml),84.25,4
MED03440,Chlorpheniramine Maleate (2mg/5ml) + Phenylephrine (2.5mg/5ml),63.0,7
MED03441,Chlorpheniramine Maleate (2mg/5ml) + Phenylephrine (5mg/5ml),72.48,900
MED03442,Chlorpheniramine Maleate (2mg/5ml) + Phenylephrine (5mg/gm),83.6,1
MED03443,Chlorpheniramine Maleate (2mg/5ml) + Phenylpropanolamine (12.5mg/5ml),49.09,5
MED03444,Chlorpheniramine Maleate (2mg/5ml) + Phenylpropanolamine (5mg/5ml),49.0,1
MED03445,Chlorpheniramine Maleate (2mg/5ml) + Pseudoephedrine (30mg/5ml),15.0,1
MED03446,Chlorpheniramine Maleate (2mg/5ml) + Terpin Hydrate (5mg/5ml),65.0,1
MED03447,Chlorpheniramine Maleate (2mg/ml) + Paracetamol (125mg/ml),73.0,1
MED03448,Chlorpheniramine Maleate (2mg/ml) + Phenylephrine (2.5mg/ml),46.45,11
MED03449,Chlorpheniramine Maleate (2mg/ml) + Phenylephrine (5mg),39.0,1
MED03450,Chlorpheniramine Maleate (2mg/ml) + Phenylephrine (5mg/ml),53.52,58
MED03451,Chlorpheniramine Maleate (30mg) + Dextromethorphan Hydrobromide (4mg),70.75,1
MED03452,Chlorpheniramine Maleate (3mg) + Phenylpropanolamine (12.5mg),41.0,1
MED03453,Chlorpheniramine Maleate (40mg) + Phenylephrine (5mg),30.0,1
MED03454,Chlorpheniramine Maleate (4mg),47.2,13
MED03455,Chlorpheniramine Maleate (4mg) + Citric Acid (55mg),59.0,1
MED03456,Chlorpheniramine Maleate (4mg) + Codeine (10mg),72.63,116
MED03457,Chlorpheniramine Maleate (4mg) + Codeine (30mg),77.0,1
MED03458,Chlorpheniramine Maleate (4mg) + Dextromethorphan Hydrobromide (10mg),67.81,38
MED03459,Chlorpheniramine Maleate (4mg) + Dextromethorphan Hydrobromide (15mg),69.75,2
MED03460,Chlorpheniramine Maleate (4mg) + Dextromethorphan Hydrobromide (5mg),44.75,1
MED03461,Chlorpheniramine Maleate (4mg) + Diethylcarbamazine (250mg),53.5,1
MED03462,Chlorpheniramine Maleate (4mg) + Guaifenesin (100mg),46.12,11
MED03463,Chlorpheniramine Maleate (4mg) + Menthol (1mg),50.0,1
MED03464,Chlorpheniramine Maleate (4mg) + Paracetamol (325mg),45.35,4
MED03465,Chlorpheniramine Maleate (4mg) + Paracetamol (500mg),24.34,18
MED03466,Chlorpheniramine Maleate (4mg) + Phenylephrine (10mg),35.66,10
MED03467,Chlorpheniramine Maleate (4mg) + Phenylephrine (5mg),72.14,7
MED03468,Chlorpheniramine Maleate (4mg) + Phenylpropanolamine (10mg),41.95,2
MED03469,Chlorpheniramine Maleate (4mg) + Phenylpropanolamine (12.5mg),34.0,1
MED03470,Chlorpheniramine Maleate (4mg) + Phenylpropanolamine (25mg),30.58,10
MED03471,Chlorpheniramine Maleate (4mg) + Pseudoephedrine (60mg),71.9,1
MED03472,Chlorpheniramine Maleate (4mg/5ml) + Codeine (10mg/5ml),81.49,16
MED03473,Chlorpheniramine Maleate (4mg/5ml) + Dextromethorphan Hydrobromide (10mg/5ml),83.95,59
MED03474,Chlorpheniramine Maleate (4mg/5ml) + Dextromethorphan Hydrobromide (30mg/5ml),98.0,1
MED03475,Chlorpheniramine Maleate (4mg/5ml) + Guaifenesin (100mg/5ml),71.43,4
MED03476,Chlorpheniramine Maleate (4mg/5ml) + Levocloperastine (20mg/5ml),169.4,1
MED03477,Chlorpheniramine Maleate (4mg/5ml) + Noscapine (15mg/5ml),94.98,2
MED03478,Chlorpheniramine Maleate (4mg/5ml) + Phenylephrine (5mg/5ml),80.0,2
MED03479,Chlorpheniramine Maleate (4mg/ml),25.0,1
MED03480,Chlorpheniramine Maleate (500mg) + Paracetamol (4mg),8.0,1
MED03481,Chlorpheniramine Maleate (50mg) + Paracetamol (500mg),41.06,1
MED03482,Chlorpheniramine Maleate (5mg) + Dextromethorphan Hydrobromide (10mg),50.0,1
MED03483,Chlorpheniramine Maleate (5mg) + Diethylcarbamazine (250mg),68.87,7
MED03484,Chlorpheniramine Maleate (5mg) + Paracetamol (325mg),45.0,1
MED03485,Chlorpheniramine Maleate (5mg) + Paracetamol (500mg),8.64,2
MED03486,Chlorpheniramine Maleate (5mg) + Phenylephrine (2mg),71.01,6
MED03487,Chlorpheniramine Maleate (5mg) + Phenylephrine (4mg),25.0,1
MED03488,Chlorpheniramine Maleate (5mg/5ml) + Dextromethorphan Hydrobromide (10mg/5ml),78.0,1
MED03489,Chlorpheniramine Maleate (5mg/5ml) + Phenylephrine (2mg/5ml),75.0,2
MED03490,Chlorpheniramine Maleate (5mg/5ml) + Phenylephrine (7.5mg/5ml),39.9,1
MED03491,Chlorpheniramine Maleate (7.5mg) + Codeine (2mg),87.0,1
MED03492,Chlorpheniramine Maleate (8mg),24.75,1
MED03493,Chlorpheniramine Maleate (8mg) + Phenylephrine (20mg),140.0,1
MED03494,Chlorpheniramine Maleate (8mg) + Phenylpropanolamine (50mg),32.0,1
MED03495,Chlorpheniramine Maleate (NA),19.86,7
MED03496,Chlorpheniramine Maleate (NA) + Citric Acid (NA),33.3,6
MED03497,Chlorpheniramine Maleate (NA) + Codeine (NA),45.42,13
MED03498,Chlorpheniramine Maleate (NA) + Dextromethorphan Hydrobromide (NA),39.04,9
MED03499,Chlorpheniramine Maleate (NA) + Diethylcarbamazine (NA),6.64,1
MED03500,Chlorpheniramine Maleate (NA) + Guaifenesin (NA),38.37,13
MED03501,Chlorpheniramine Maleate (NA) + Menthol (NA),35.13,1
MED03502,Chlorpheniramine Maleate (NA) + Naphazoline (NA),71.27,6
MED03503,Chlorpheniramine Maleate (NA) + Paracetamol (2.5mg),45.0,1
MED03504,Chlorpheniramine Maleate (NA) + Paracetamol (2.5mlmg),57.0,1
MED03505,Chlorpheniramine Maleate (NA) + Paracetamol (50mg),15.93,1
MED03506,Chlorpheniramine Maleate (NA) + Paracetamol (NA),34.88,53
MED03507,Chlorpheniramine Maleate (NA) + Phenylephrine (125mg),19.96,1
MED03508,Chlorpheniramine Maleate (NA) + Phenylephrine (NA),46.63,38
MED03509,Chlorpheniramine Maleate (NA) + Phenylpropanolamine (NA),34.93,24
MED03510,Chlorpheniramine Maleate (NA) + Pseudoephedrine (100ml),55.25,1
MED03511,Chlorpheniramine Maleate (NA) + Pseudoephedrine (NA),36.57,15
MED03512,Chlorpromazine (100mg),10.85,25
MED03513,Chlorpromazine (100mg) + Trihexyphenidyl (2mg),17.94,17
MED03514,Chlorpromazine (10mg),3.31,3
MED03515,Chlorpromazine (200mg),18.48,7
MED03516,Chlorpromazine (200mg) + Trihexyphenidyl (2mg),31.37,10
MED03517,Chlorpromazine (25mg),28.19,10
MED03518,Chlorpromazine (25mg) + Trihexyphenidyl (2mg),15.25,7
MED03519,Chlorpromazine (25mg/ml),3.1,3
MED03520,Chlorpromazine (50mg),19.79,22
MED03521,Chlorpromazine (50mg) + Trihexyphenidyl (2mg),18.53,26
MED03522,Chlorpromazine (5mg),3.0,1
MED03523,Chlorpromazine (NA),4.12,2
MED03524,Chlorpropamide (250mg),7.38,1
MED03525,Chlorpropamide (25mg) + Phenformin (50mg),1.93,1
MED03526,Chlorthalidone (12.50mg) + Metoprolol Succinate (50mg),144.55,1
MED03527,Chlorthalidone (12.5mg),67.38,33
MED03528,Chlorthalidone (12.5mg) + Cilnidipine (10mg),105.61,12
MED03529,Chlorthalidone (12.5mg) + Cilnidipine (5mg),125.0,1
MED03530,Chlorthalidone (12.5mg) + Irbesartan (150mg),214.0,4
MED03531,Chlorthalidone (12.5mg) + Losartan (25mg),75.0,1
MED03532,Chlorthalidone (12.5mg) + Losartan (50mg),99.0,8
MED03533,Chlorthalidone (12.5mg) + Metoprolol Succinate (23.75mg),121.8,1
MED03534,Chlorthalidone (12.5mg) + Metoprolol Succinate (25mg),126.08,11
MED03535,Chlorthalidone (12.5mg) + Metoprolol Succinate (50mg),135.02,22
MED03536,Chlorthalidone (12.5mg) + Nebivolol (5mg),93.0,3
MED03537,Chlorthalidone (12.5mg) + Olmesartan Medoxomil (20mg),117.7,50
MED03538,Chlorthalidone (12.5mg) + Olmesartan Medoxomil (40mg),189.34,48
MED03539,Chlorthalidone (12.5mg) + Ramipril (10mg),100.0,1
MED03540,Chlorthalidone (12.5mg) + Ramipril (2.5mg),82.5,1
MED03541,Chlorthalidone (12.5mg) + Ramipril (5mg),114.95,1
MED03542,Chlorthalidone (12.5mg) + Telmisartan (20mg),107.26,5
MED03543,Chlorthalidone (12.5mg) + Telmisartan (40mg),105.53,232
MED03544,Chlorthalidone (12.5mg) + Telmisartan (80mg),174.72,62
MED03545,Chlorthalidone (15mg) + Clonidine (100mcg),19.21,1
MED03546,Chlorthalidone (25mg),70.0,1
MED03547,Chlorthalidone (6.25mg),43.46,26
MED03548,Chlorthalidone (6.25mg) + Cilnidipine (10mg),89.59,6
MED03549,Chlorthalidone (6.25mg) + Losartan (25mg),104.7,2
MED03550,Chlorthalidone (6.25mg) + Losartan (50mg),106.92,4
MED03551,Chlorthalidone (6.25mg) + Metoprolol Succinate (25mg),107.72,10
MED03552,Chlorthalidone (6.25mg) + Metoprolol Succinate (50mg),116.3,11
MED03553,Chlorthalidone (6.25mg) + Nebivolol (5mg),105.0,1
MED03554,Chlorthalidone (6.25mg) + Olmesartan Medoxomil (20mg),107.4,11
MED03555,Chlorthalidone (6.25mg) + Olmesartan Medoxomil (40mg),179.88,7
MED03556,Chlorthalidone (6.25mg) + Telmisartan (20mg),124.88,2
MED03557,Chlorthalidone (6.25mg) + Telmisartan (40mg),98.45,53
MED03558,Chlorthalidone (6.25mg) + Telmisartan (80mg),196.74,7
MED03559,Chlorthalidone (6.5mg),73.2,1
MED03560,Chlorthalidone (6.5mg) + Telmisartan (40mg),88.0,1
MED03561,Chlorthalidone (NA) + Olmesartan Medoxomil (NA),85.0,1
MED03562,Chlorthalidone (NA) + Telmisartan (40mg),70.0,1
MED03563,Chlorthalidone (NA) + Telmisartan (NA),72.43,1
MED03564,Chlorzoxazone (100mg) + Diclofenac (50mg),22.0,1
MED03565,Chlorzoxazone (150mg) + Ibuprofen (100mg),36.0,1
MED03566,Chlorzoxazone (250mg) + Diclofenac (100mg),63.33,6
MED03567,Chlorzoxazone (250mg) + Diclofenac (200mg),55.0,1
MED03568,Chlorzoxazone (250mg) + Diclofenac (325mg),60.0,2
MED03569,Chlorzoxazone (250mg) + Diclofenac (46.5mg),40.96,1
MED03570,Chlorzoxazone (250mg) + Diclofenac (500mg),36.5,2
MED03571,Chlorzoxazone (250mg) + Diclofenac (50mg),53.55,828
MED03572,Chlorzoxazone (250mg) + Ibuprofen (400mg),31.56,2
MED03573,Chlorzoxazone (250mg) + Nimesulide (100mg),33.81,19
MED03574,Chlorzoxazone (250mg) + Paracetamol (300mg),69.0,2
MED03575,Chlorzoxazone (250mg) + Paracetamol (325mg),74.05,17
MED03576,Chlorzoxazone (250mg) + Paracetamol (500mg),68.56,10
MED03577,Chlorzoxazone (250mg) + Paracetamol (650mg),27.0,1
MED03578,Chlorzoxazone (250mg) + Tramadol (50mg),105.0,1
MED03579,Chlorzoxazone (325mg) + Diclofenac (50mg),38.7,2
MED03580,Chlorzoxazone (500mg),60.65,1
MED03581,Chlorzoxazone (500mg) + Diclofenac (100mg),58.0,1
MED03582,Chlorzoxazone (500mg) + Diclofenac (30mg),66.0,1
MED03583,Chlorzoxazone (500mg) + Diclofenac (50mg),65.53,108
MED03584,Chlorzoxazone (500mg) + Nimesulide (100mg),42.25,2
MED03585,Chlorzoxazone (500mg) + Paracetamol (650mg),75.0,1
MED03586,Chlorzoxazone (NA) + Diclofenac (500mg),64.8,1
MED03587,Chlorzoxazone (NA) + Diclofenac (NA),60.64,15
MED03588,Cholera Vaccine (Inactivated) (NA),470.0,1
MED03589,Cholestyramine (4gm),750.5,2
MED03590,Cholestyramine (5mg),31.73,1
MED03591,Choline (275mg) + Cyproheptadine (NA),70.0,1
MED03592,Choline (275mg/5ml) + Cyproheptadine (2mg/5ml),69.3,8
MED03593,Choline (55mg) + Cyproheptadine (1.5mg),23.98,2
MED03594,Choline (NA) + Cyproheptadine (NA),64.21,11
MED03595,Choline Salicylate (8% w/v) + Tannic Acid (5% w/v),89.67,3
MED03596,Choline Salicylate (8.7% w/w),60.53,2
MED03597,Choline Salicylate (8.7% w/w) + Lidocaine (2% w/w),63.03,45
MED03598,Choline Salicylate (8.7% w/w) + Tannic Acid (10% w/w),104.0,1
MED03599,Choline Salicylate (8.7%),90.0,1
MED03600,Choline Salicylate (8.70% w/w) + Lidocaine (2% w/w),71.0,1
MED03601,Choline Salicylate (9% w/v),70.16,6
MED03602,Choline Salicylate (9% w/w) + Lidocaine (2% w/w),118.0,1
MED03603,Choline Salicylate (NA),58.63,5
MED03604,Choline Salicylate (NA) + Clotrimazole (NA),99.0,1
MED03605,Choline Salicylate (NA) + Lidocaine (NA),31.15,5
MED03606,Choline Theophyllinate (100mg) + Salbutamol (2mg),99.54,2
MED03607,Choline Theophyllinate (157.23mg) + Salbutamol (2mg),11.65,1
MED03608,Choline Theophyllinate (200mg) + Salbutamol (4mg),31.0,1
MED03609,Choline Theophyllinate (50mg) + Salbutamol (1mg),35.34,6
MED03610,Choline Theophyllinate (50mg) + Terbutaline (1.25mg),14.35,1
MED03611,Choline Theophyllinate (50mg/5ml) + Salbutamol (1mg/5ml),52.5,2
MED03612,Choline Theophyllinate (50mg/5ml) + Terbutaline (1.25mg/5ml),45.56,7
MED03613,Choline Theophyllinate (60mg/5ml) + Salbutamol (2mg/5ml),30.0,1
MED03614,Choline fenofibrate (135mg),202.0,1
MED03615,Choline fenofibrate (135mg) + Pitavastatin (2mg),200.0,1
MED03616,Choline fenofibrate (45mg),49.0,1
MED03617,Chondroitin (100mg) + Diacerein (50mg),335.0,1
MED03618,Chondroitin (100mg) + Glucosamine (750mg),252.5,2
MED03619,Chondroitin (200mg) + Collagen Peptide (40mg),237.05,7
MED03620,Chondroitin (200mg) + Glucosamine (250mg),116.62,6
MED03621,Chondroitin (200mg) + Glucosamine (500mg),180.0,1
MED03622,Chondroitin (200mg) + Glucosamine (750mg),160.9,1
MED03623,Chondroitin (200mg) + Sodium Hyaluronate (40mg),300.0,1
MED03624,Chondroitin (250mg) + Glucosamine (500mg),270.0,1
MED03625,Chondroitin (400mg) + Glucosamine (500mg),232.47,8
MED03626,Chondroitin (400mg) + Glucosamine (750mg),398.78,2
MED03627,Chondroitin (40mg) + Sodium Hyaluronate (30mg),1800.0,1
MED03628,Chondroitin (600mg) + Glucosamine (750mg),465.72,3
MED03629,Chondroitin (NA) + Collagen Peptide (NA),170.0,1
MED03630,Chondroitin (NA) + Glucosamine (NA),116.08,5
MED03631,Chromium (0.4mg) + Copper (0.4mg),179.0,1
MED03632,Chromium (400mcg),120.0,1
MED03633,Chromium Chloride (0.4mg) + Copper Sulphate (0.4mg),142.0,1
MED03634,Chromium Chloride (4mcg) + Copper Sulphate (0.4mcg),187.0,1
MED03635,Chromium Picolinate (100mcg) + D-Chiro Inositol (13.8mg),224.95,2
MED03636,Ciclesonide (160mcg),342.15,4
MED03637,Ciclesonide (160mcg) + Formoterol (12mcg),473.75,2
MED03638,Ciclesonide (160mcg) + Formoterol (4.5mcg),311.76,3
MED03639,Ciclesonide (200mcg),173.13,1
MED03640,Ciclesonide (200mcg) + Formoterol (6mcg),820.79,3
MED03641,Ciclesonide (320mcg) + Formoterol (12mcg),359.5,1
MED03642,Ciclesonide (320mcg) + Formoterol (4.5mcg),253.45,1
MED03643,Ciclesonide (400mcg) + Formoterol (12mcg),553.99,3
MED03644,Ciclesonide (50mcg),250.53,3
MED03645,Ciclesonide (6mcg) + Formoterol (100mcg),160.0,1
MED03646,Ciclesonide (6mcg) + Formoterol (400mcg),260.0,1
MED03647,Ciclesonide (80mcg),292.26,2
MED03648,Ciclesonide (80mcg) + Formoterol (4.5mcg),381.12,1
MED03649,Ciclesonide (NA) + Formoterol (NA),316.16,1
MED03650,Ciclopirox (0.77% w/w),255.0,1
MED03651,Ciclopirox (1% w/v),250.0,2
MED03652,Ciclopirox (1% w/v) + Zinc pyrithione (1% w/v),308.9,5
MED03653,Ciclopirox (1% w/w),180.76,30
MED03654,Ciclopirox (1% w/w) + Fluocinolone acetonide (0.01% w/w),158.0,1
MED03655,Ciclopirox (1% w/w) + Zinc pyrithione (1% w/w),330.0,1
MED03656,Ciclopirox (1.5% w/w),224.26,2
MED03657,Ciclopirox (8% w/v),302.09,4
MED03658,Ciclosporin (0.05% w/v),539.35,15
MED03659,Ciclosporin (0.1% w/v),356.82,8
MED03660,Ciclosporin (0.5% w/v),329.0,1
MED03661,Ciclosporin (0.5mg),362.5,1
MED03662,Ciclosporin (100mg),1758.85,29
MED03663,Ciclosporin (100mg/ml),5153.24,2
MED03664,Ciclosporin (2% w/v),250.0,1
MED03665,Ciclosporin (25mg),442.11,14
MED03666,Ciclosporin (50mg),383.03,27
MED03667,Cilastatin (1000mg) + Imipenem (1000mg),2516.74,10
MED03668,Cilastatin (125mg) + Imipenem (125mg),393.3,3
MED03669,Cilastatin (1gm) + Imipenem (1gm),3418.0,1
MED03670,Cilastatin (250mg) + Imipenem (250mg),1074.36,33
MED03671,Cilastatin (500mg) + Imipenem (500mg),1571.37,137
MED03672,Cilastatin (NA) + Imipenem (500mg),1076.43,4
MED03673,Cilnidipine (10mg),79.92,201
MED03674,Cilnidipine (10mg) + Irbesartan (150mg),215.0,1
MED03675,Cilnidipine (10mg) + Metoprolol Succinate (23.75mg),98.61,11
MED03676,Cilnidipine (10mg) + Metoprolol Succinate (25mg),122.1,32
MED03677,Cilnidipine (10mg) + Metoprolol Succinate (47.50mg),145.04,1
MED03678,Cilnidipine (10mg) + Metoprolol Succinate (47.5mg),114.48,11
MED03679,Cilnidipine (10mg) + Metoprolol Succinate (50mg),123.94,50
MED03680,Cilnidipine (10mg) + Nebivolol (2.5mg),134.54,8
MED03681,Cilnidipine (10mg) + Nebivolol (5mg),163.11,13
MED03682,Cilnidipine (10mg) + Olmesartan Medoxomil (20mg),144.75,36
MED03683,Cilnidipine (10mg) + Olmesartan Medoxomil (40mg),201.78,22
MED03684,Cilnidipine (10mg) + Telmisartan (40mg),118.92,249
MED03685,Cilnidipine (10mg) + Telmisartan (80mg),187.86,18
MED03686,Cilnidipine (20mg),123.99,82
MED03687,Cilnidipine (20mg) + Metoprolol Succinate (25mg),119.0,1
MED03688,Cilnidipine (20mg) + Metoprolol Succinate (50mg),242.5,2
MED03689,Cilnidipine (20mg) + Telmisartan (40mg),157.07,10
MED03690,Cilnidipine (20mg) + Telmisartan (80mg),180.14,2
MED03691,Cilnidipine (40mg),82.46,1
MED03692,Cilnidipine (5mg),51.11,127
MED03693,Cilnidipine (5mg) + Irbesartan (150mg),215.0,1
MED03694,Cilnidipine (5mg) + Metoprolol Succinate (40mg),90.0,1
MED03695,Cilnidipine (5mg) + Olmesartan Medoxomil (40mg),165.0,1
MED03696,Cilnidipine (5mg) + Telmisartan (40mg),100.28,8
MED03697,Cilnidipine (NA) + Telmisartan (NA),124.0,1
MED03698,Cilostazol (100mg),209.66,22
MED03699,Cilostazol (50mg),114.3,23
MED03700,Cimetidine (150mg),5.7,1
MED03701,Cimetidine (200mg),11.28,5
MED03702,Cimetidine (300mg),12.5,1
MED03703,Cimetidine (400mg),18.8,5
MED03704,Cimetropium Bromide (50mg),118.85,1
MED03705,Cinacalcet (30mg),651.04,8
MED03706,Cinacalcet (60mg),1188.03,4
MED03707,Cinacalcet (90mg),1762.18,2
MED03708,Cinitapride (1mg),82.65,22
MED03709,Cinitapride (3mg),240.67,5
MED03710,Cinitapride (3mg) + Omeprazole (20mg),250.0,1
MED03711,Cinitapride (3mg) + Pantoprazole (40mg),196.95,16
MED03712,Cinitapride (3mg) + Rabeprazole (20mg),128.83,1
MED03713,Cinnarizine (10mg) + Domperidone (20mg),62.75,1
MED03714,Cinnarizine (15mg) + Domperidone (10mg),41.58,1
MED03715,Cinnarizine (15mg) + Domperidone (20mg),62.0,2
MED03716,Cinnarizine (20mg),41.0,1
MED03717,Cinnarizine (20mg) + Dimenhydrinate (40mg),92.48,57
MED03718,Cinnarizine (20mg) + Domperidone (10mg),43.35,20
MED03719,Cinnarizine (20mg) + Domperidone (15mg),56.42,161
MED03720,Cinnarizine (20mg) + Domperidone (50mg),40.0,1
MED03721,Cinnarizine (25mg),35.28,117
MED03722,Cinnarizine (25mg) + Domperidone (10mg),48.77,9
MED03723,Cinnarizine (25mg) + Domperidone (15mg),53.62,6
MED03724,Cinnarizine (50mg),15.0,1
MED03725,Cinnarizine (75mg),84.63,50
MED03726,Cinnarizine (NA),17.5,1
MED03727,Cinnarizine (NA) + Domperidone (NA),52.0,1
MED03728,Ciprofloxacin (0.2% w/v),17.74,1
MED03729,Ciprofloxacin (0.25% w/v),11.87,1
MED03730,Ciprofloxacin (0.3% w/v),15.65,66
MED03731,Ciprofloxacin (0.3% w/v) + Dexamethasone (0.05% w/v),36.75,2
MED03732,Ciprofloxacin (0.3% w/v) + Dexamethasone (0.1% w/v),21.15,23
MED03733,Ciprofloxacin (0.3% w/v) + Hydroxypropylmethylcellulose (0.25% w/v),17.48,3
MED03734,Ciprofloxacin (0.3% w/w),9.76,7
MED03735,Ciprofloxacin (0.3% w/w) + Dexamethasone (0.1% w/w),14.82,2
MED03736,Ciprofloxacin (0.5% w/w),19.5,1
MED03737,Ciprofloxacin (0.5% w/w) + Fluocinolone acetonide (0.01% w/w),27.0,1
MED03738,Ciprofloxacin (0.5% w/w) + Fluocinolone acetonide (0.025% w/w),39.12,15
MED03739,Ciprofloxacin (1% w/w) + Metronidazole (1% w/w),75.08,12
MED03740,Ciprofloxacin (1.5gm),198.0,1
MED03741,Ciprofloxacin (1000mg),83.59,11
MED03742,Ciprofloxacin (100mg),45.76,11
MED03743,Ciprofloxacin (100mg) + Metronidazole (125mg),33.77,3
MED03744,Ciprofloxacin (10mg),18.88,1
MED03745,Ciprofloxacin (125mg),30.03,5
MED03746,Ciprofloxacin (125mg) + Tinidazole (150mg),42.0,1
MED03747,Ciprofloxacin (150mg),6.15,1
MED03748,Ciprofloxacin (1gm),135.0,1
MED03749,Ciprofloxacin (200mg),37.46,20
MED03750,Ciprofloxacin (200mg) + Ornidazole (500mg),75.0,1
MED03751,Ciprofloxacin (200mg) + Tinidazole (NA),60.0,1
MED03752,Ciprofloxacin (250mg),32.27,425
MED03753,Ciprofloxacin (250mg) + Phenazopyridine (200mg),102.5,1
MED03754,Ciprofloxacin (250mg) + Tinidazole (250mg),27.0,1
MED03755,Ciprofloxacin (250mg) + Tinidazole (300mg),45.37,46
MED03756,Ciprofloxacin (250mg) + Tinidazole (600mg),94.48,2
MED03757,Ciprofloxacin (250mg/10ml),25.85,1
MED03758,Ciprofloxacin (25mg),35.0,1
MED03759,Ciprofloxacin (2mg),34.82,7
MED03760,Ciprofloxacin (375mg),85.0,1
MED03761,Ciprofloxacin (3mg),6.5,1
MED03762,Ciprofloxacin (400mg) + Tinidazole (600mg),67.9,1
MED03763,Ciprofloxacin (400mg) + Tinidazole (NA),129.7,1
MED03764,Ciprofloxacin (500mg),55.4,724
MED03765,Ciprofloxacin (500mg) + Dexamethasone (10mg),826.46,1
MED03766,Ciprofloxacin (500mg) + Metronidazole (300mg),67.5,1
MED03767,Ciprofloxacin (500mg) + Ornidazole (500mg),87.68,11
MED03768,Ciprofloxacin (500mg) + Ornidazole (600mg),77.0,1
MED03769,Ciprofloxacin (500mg) + Tinidazole (250mg),72.0,1
MED03770,Ciprofloxacin (500mg) + Tinidazole (300mg),62.03,3
MED03771,Ciprofloxacin (500mg) + Tinidazole (500mg),38.56,1
MED03772,Ciprofloxacin (500mg) + Tinidazole (600mg),72.01,381
MED03773,Ciprofloxacin (500mg) + Tinidazole (NA),85.0,1
MED03774,Ciprofloxacin (50mg),69.5,2
MED03775,Ciprofloxacin (50mg) + Ornidazole (125mg),36.0,1
MED03776,Ciprofloxacin (5mg),24.5,1
MED03777,Ciprofloxacin (750mg),82.98,27
MED03778,Ciprofloxacin (75mg),50.0,1
MED03779,Ciprofloxacin (NA),18.02,15
MED03780,Ciprofloxacin (NA) + Dexamethasone (NA),26.64,5
MED03781,Ciprofloxacin (NA) + Ornidazole (NA),63.4,2
MED03782,Ciprofloxacin (NA) + Tinidazole (NA),84.26,6
MED03783,Cisapride (10mg),37.68,27
MED03784,Cisapride (10mg) + Methylpolysiloxane (125mg),38.88,5
MED03785,Cisapride (10mg) + Simethicone (125mg),34.39,10
MED03786,Cisapride (125mg) + Methylpolysiloxane (10mg),37.0,1
MED03787,Cisapride (125mg) + Simethicone (10mg),36.96,1
MED03788,Cisapride (1mg),3016.94,3
MED03789,Cisapride (20mg),70.61,4
MED03790,Cisapride (5mg),21.59,3
MED03791,Cisapride (5mg) + Simethicone (125mg),31.44,2
MED03792,Cisapride (NA) + Methylpolysiloxane (NA),38.0,1
MED03793,Cisatracurium (10mg),422.5,2
MED03794,Cisatracurium (20mg),691.02,1
MED03795,Cisatracurium (2mg),690.5,2
MED03796,Cisatracurium (2mg/ml),556.0,2
MED03797,Cisplatin (10mg),298.3,19
MED03798,Cisplatin (1mg),236.53,2
MED03799,Cisplatin (20mg),197.45,1
MED03800,Cisplatin (50mg),668.65,26
MED03801,Citalopram (10mg),55.17,28
MED03802,Citalopram (2.5mg),29.0,1
MED03803,Citalopram (20mg),57.61,26
MED03804,Citalopram (40mg),94.46,18
MED03805,Citalopram (500mg),485.91,1
MED03806,Citalopram (5mg),35.85,5
MED03807,Citicoline (1000mg),563.55,19
MED03808,Citicoline (100mg),349.0,1
MED03809,Citicoline (100mg/ml),327.5,2
MED03810,Citicoline (200mg) + Piracetam (800mg),590.0,1
MED03811,Citicoline (250mg),161.08,86
MED03812,Citicoline (250mg/ml),156.33,24
MED03813,Citicoline (2mg),100.76,2
MED03814,Citicoline (4mg),181.0,2
MED03815,Citicoline (500mg),419.13,274
MED03816,Citicoline (500mg) + Methylcobalamin (1500mcg),440.0,1
MED03817,Citicoline (500mg) + Methylcobalamin (750mcg),492.14,8
MED03818,Citicoline (500mg) + Piracetam (1200mg),499.0,1
MED03819,Citicoline (500mg) + Piracetam (400mg),579.04,84
MED03820,Citicoline (500mg) + Piracetam (800mg),601.7,218
MED03821,Citicoline (500mg/2ml),127.06,3
MED03822,Citicoline (500mg/5ml),567.45,12
MED03823,Citicoline (500mg/5ml) + Piracetam (400mg/5ml),495.54,2
MED03824,Citicoline (750mg),553.33,3
MED03825,Citicoline (NA),260.53,5
MED03826,Citicoline (NA) + Piracetam (NA),460.0,1
MED03827,Citric Acid (22mg) + Ephedrine (8mg),40.9,1
MED03828,Citric Acid (334mg) + Potassium Citrate (1100mg),80.0,1
MED03829,Citric Acid (334mg/5ml) + Potassium Citrate (1100mg/5ml),118.64,16
MED03830,Citric Acid (57.03mg) + Diphenhydramine (14.08mg),37.47,2
MED03831,Citric Acid (57mg) + Diphenhydramine (14.08mg),75.0,1
MED03832,Citric Acid (60mg) + Diphenhydramine (10mg),90.0,1
MED03833,Citric Acid (85mg) + Diphenhydramine (15mg),80.52,1
MED03834,Citric Acid (NA) + Diphenhydramine (NA),22.17,11
MED03835,Citric Acid (NA) + Ephedrine (NA),15.0,1
MED03836,Cladribine (10mg),12182.0,1
MED03837,Clarithromycin (1% w/w),75.72,7
MED03838,Clarithromycin (1%),61.75,1
MED03839,Clarithromycin (1000mg),288.47,1
MED03840,Clarithromycin (125mg),140.82,50
MED03841,Clarithromycin (125mg/5ml),135.08,17
MED03842,Clarithromycin (125ml/5ml),110.0,1
MED03843,Clarithromycin (150mg),603.47,3
MED03844,Clarithromycin (250mg),189.94,129
MED03845,Clarithromycin (250mg) + Tinidazole (500mg),89.34,4
MED03846,Clarithromycin (3% w/w),15.0,1
MED03847,Clarithromycin (300mg),219.98,4
MED03848,Clarithromycin (500mg),550.86,116
MED03849,Clarithromycin (600mg),169.0,1
MED03850,Clarithromycin (NA),20.68,2
MED03851,Clavulanic Acid (1000mg) + Ticarcillin (3000mg),950.0,1
MED03852,Clavulanic Acid (100mg) + Ticarcillin (3000mg),988.76,13
MED03853,Clavulanic Acid (100mg) + Ticarcillin (300mg),1050.0,1
MED03854,Clavulanic Acid (125mg) + Faropenem (200mg),785.29,7
MED03855,Clebopride (0.5mg),54.9,1
MED03856,Clemastine (0.5mg),44.17,2
MED03857,Clemastine (1mg),72.82,3
MED03858,Clidinium (2.5mg) + Dicyclomine (10mg),32.69,1
MED03859,Clidinium (2.5mg) + Drotaverine (80mg),76.05,2
MED03860,Climbazole (0.5% w/v) + Piroctone Olamine (0.5% w/v),245.0,1
MED03861,Climbazole (1% w/w),285.0,1
MED03862,Climbazole (1% w/w) + Piroctone Olamine (0.5% w/w),785.0,1
MED03863,Clindamycin (0.1% w/w),78.84,3
MED03864,Clindamycin (1% w/v),206.52,13
MED03865,Clindamycin (1% w/v) + Nicotinamide (4% w/v),149.0,1
MED03866,Clindamycin (1% w/w),95.48,70
MED03867,Clindamycin (1% w/w) + Clotrimazole (4% w/w),117.0,1
MED03868,Clindamycin (1% w/w) + Isotretinoin (0.05% w/w),160.0,2
MED03869,Clindamycin (1% w/w) + Niacinamide (4% w/w),102.0,3
MED03870,Clindamycin (1% w/w) + Nicotinamide (4% w/w),111.15,170
MED03871,Clindamycin (1% w/w) + Nicotinamide (5% w/w),120.0,1
MED03872,Clindamycin (1% w/w) + Tretinoin (0.025% w/w),119.34,10
MED03873,Clindamycin (1% w/w) + Tretinoin (0.04% w/w),337.5,2
MED03874,Clindamycin (1% w/w) + Zinc acetate (1% w/w),70.67,3
MED03875,Clindamycin (1%),86.0,25
MED03876,Clindamycin (1%) + Nicotinamide (0.5%),53.32,1
MED03877,Clindamycin (1.0% w/w) + Nicotinamide (4% w/w),107.0,1
MED03878,Clindamycin (1.00% w/w),149.9,1
MED03879,Clindamycin (1.00% w/w) + Nicotinamide (4.0% w/w),130.0,1
MED03880,Clindamycin (100mg),226.0,1
MED03881,Clindamycin (100mg) + Clotrimazole (100mg),154.36,49
MED03882,Clindamycin (100mg) + Clotrimazole (200mg),103.28,68
MED03883,Clindamycin (100mg) + Metronidazole (100mg),124.93,10
MED03884,Clindamycin (100mg) + Metronidazole (400mg),105.0,1
MED03885,Clindamycin (100mg) + Miconazole (200mg),70.66,4
MED03886,Clindamycin (10mg) + Isotretinoin (0.5mg),124.57,1
MED03887,Clindamycin (150mg),151.82,38
MED03888,Clindamycin (150mg/ml),280.69,9
MED03889,Clindamycin (150mg/ml) + Disodium edetate (0.5mg/ml),282.82,2
MED03890,Clindamycin (2% w/w),71.0,1
MED03891,Clindamycin (2% w/w) + Clotrimazole (2% w/w),190.5,3
MED03892,Clindamycin (200mg) + Clotrimazole (100mg),79.9,1
MED03893,Clindamycin (300mg),203.41,182
MED03894,Clindamycin (3gm),112.0,1
MED03895,Clindamycin (4% w/w),71.0,1
MED03896,Clindamycin (500mg),270.0,1
MED03897,Clindamycin (600mg),266.18,68
MED03898,Clindamycin (NA),62.9,12
MED03899,Clindamycin (NA) + Clotrimazole (NA),89.71,3
MED03900,Clindamycin (NA) + Metronidazole (NA),126.0,1
MED03901,Clindamycin (NA) + Miconazole (NA),89.0,2
MED03902,Clindamycin (NA) + Nicotinamide (NA),99.35,7
MED03903,Clinidipine (10mg),77.0,5
MED03904,Clinidipine (10mg) + Telmisartan (40mg),104.78,2
MED03905,Clinidipine (20mg),200.0,1
MED03906,Clinidipine (5mg),35.0,1
MED03907,Clioquinol (Iodochlorhydroxyquin) (1% w/w) + Clobetasol (0.05% w/w),105.0,1
MED03908,Clioquinol (Iodochlorhydroxyquin) (1% w/w) + Ketoconazole (2% w/w),88.3,25
MED03909,Clioquinol (Iodochlorhydroxyquin) (10mg) + Ketoconazole (20mg),100.0,1
MED03910,Clioquinol (Iodochlorhydroxyquin) (250mg) + Metronidazole (200mg),5.6,1
MED03911,Clioquinol (Iodochlorhydroxyquin) (4% w/w),13.58,2
MED03912,Clioquinol (Iodochlorhydroxyquin) (8% w/w),17.14,2
MED03913,Clobazam (0.50mg),29.5,1
MED03914,Clobazam (0.5mg),21.0,1
MED03915,Clobazam (10mg),87.2,92
MED03916,Clobazam (2.5mg),48.92,4
MED03917,Clobazam (2.5mg/ml),383.0,1
MED03918,Clobazam (20mg),159.93,17
MED03919,Clobazam (2mg),41.43,1
MED03920,Clobazam (40mg),57.32,1
MED03921,Clobazam (5mg),50.22,88
MED03922,Clobazam (5mg/5ml),90.0,1
MED03923,Clobazam (7.5mg),78.88,1
MED03924,Clobazam (NA),103.84,2
MED03925,Clobetasol (.05% w/w) + Terbinafine (1% w/w),70.0,1
MED03926,Clobetasol (0.005% w/w),23.56,1
MED03927,Clobetasol (0.005% w/w) + Miconazole (2% w/w),65.5,1
MED03928,Clobetasol (0.025% w/w),231.0,1
MED03929,Clobetasol (0.025% w/w) + Clotrimazole (1% w/w),72.0,1
MED03930,Clobetasol (0.05% w/v),94.85,34
MED03931,Clobetasol (0.05% w/v) + Clotrimazole (2% w/v),80.7,1
MED03932,Clobetasol (0.05% w/v) + Fusidic Acid (2% w/v),128.0,1
MED03933,Clobetasol (0.05% w/v) + Gentamicin (0.1% w/v),46.0,1
MED03934,Clobetasol (0.05% w/v) + Miconazole (2% w/v),95.5,2
MED03935,Clobetasol (0.05% w/v) + Miconazole (2% w/w/1gm),28.75,1
MED03936,Clobetasol (0.05% w/v) + Neomycin (0.5% w/v),35.0,1
MED03937,Clobetasol (0.05% w/v) + Salicylic Acid (0.3% w/v),99.0,1
MED03938,Clobetasol (0.05% w/v) + Salicylic Acid (2% w/v),96.0,4
MED03939,Clobetasol (0.05% w/v) + Salicylic Acid (3% w/v),153.78,28
MED03940,Clobetasol (0.05% w/v) + Salicylic Acid (6% w/v),131.69,9
MED03941,Clobetasol (0.05% w/v) + Terbinafine (1% w/v),65.0,1
MED03942,Clobetasol (0.05% w/v) + Terbinafine (1% w/w),75.0,1
MED03943,Clobetasol (0.05% w/w),95.87,169
MED03944,Clobetasol (0.05% w/w) + Clotrimazole (1% w/w),85.25,24
MED03945,Clobetasol (0.05% w/w) + Dexpanthenol (0.05% w/w),76.0,2
MED03946,Clobetasol (0.05% w/w) + Fusidic Acid (2% w/w),168.82,29
MED03947,Clobetasol (0.05% w/w) + Fusidic Acid (2.0% w/w),115.0,1
MED03948,Clobetasol (0.05% w/w) + Gentamicin (0.01% w/w),48.0,2
MED03949,Clobetasol (0.05% w/w) + Gentamicin (0.1% w/w),56.27,106
MED03950,Clobetasol (0.05% w/w) + Gentamicin (0.10% w/w),49.5,1
MED03951,Clobetasol (0.05% w/w) + Gentamicin (0.2% w/w),19.0,1
MED03952,Clobetasol (0.05% w/w) + Lactic Acid (12% w/w),201.33,3
MED03953,Clobetasol (0.05% w/w) + Miconazole (0.2% w/w),75.0,1
MED03954,Clobetasol (0.05% w/w) + Miconazole (0.5% w/w),62.67,3
MED03955,Clobetasol (0.05% w/w) + Miconazole (2% w/w),63.18,203
MED03956,Clobetasol (0.05% w/w) + Miconazole (2.0% w/w),57.55,2
MED03957,Clobetasol (0.05% w/w) + Miconazole (2.00% w/w),35.0,1
MED03958,Clobetasol (0.05% w/w) + Nadifloxacin (1% w/w),161.09,7
MED03959,Clobetasol (0.05% w/w) + Neomycin (0.05% w/w),43.38,2
MED03960,Clobetasol (0.05% w/w) + Neomycin (0.5% w/w),65.59,82
MED03961,Clobetasol (0.05% w/w) + Neomycin (0.50% w/w),38.0,1
MED03962,Clobetasol (0.05% w/w) + Ofloxacin (0.75% w/w),86.0,3
MED03963,Clobetasol (0.05% w/w) + Salicylic Acid (3% w/w),115.49,131
MED03964,Clobetasol (0.05% w/w) + Salicylic Acid (3.0% w/w),120.0,1
MED03965,Clobetasol (0.05% w/w) + Salicylic Acid (3.5% w/w),181.67,3
MED03966,Clobetasol (0.05% w/w) + Salicylic Acid (5% w/w),160.0,1
MED03967,Clobetasol (0.05% w/w) + Salicylic Acid (6% w/w),105.28,81
MED03968,Clobetasol (0.05% w/w) + Salicylic Acid (6.0% w/w),110.0,1
MED03969,Clobetasol (0.05% w/w) + Salicylic Acid (6.5% w/w),96.25,4
MED03970,Clobetasol (0.05% w/w) + Terbinafine (1% w/v),50.0,1
MED03971,Clobetasol (0.05% w/w) + Terbinafine (1% w/w),68.55,138
MED03972,Clobetasol (0.05% w/w) + Terbinafine (1.0% w/w),70.5,2
MED03973,Clobetasol (0.05% w/w) + Zinc (2.5% w/w),90.6,1
MED03974,Clobetasol (0.05%),87.14,2
MED03975,Clobetasol (0.05%) + Clotrimazole (2%),55.44,1
MED03976,Clobetasol (0.05%) + Fusidic Acid (2%),56.0,1
MED03977,Clobetasol (0.05%) + Miconazole (2%),32.0,1
MED03978,Clobetasol (0.05%) + Salicylic Acid (3%),99.0,1
MED03979,Clobetasol (0.05%) + Terbinafine (1%),65.0,1
MED03980,Clobetasol (0.05mg) + Clotrimazole (1mg),60.0,1
MED03981,Clobetasol (0.5% w/w) + Gentamicin (0.2% w/w),35.0,1
MED03982,Clobetasol (0.5% w/w) + Miconazole (2% w/w),56.0,3
MED03983,Clobetasol (0.5% w/w) + Salicylic Acid (3% w/w),93.0,1
MED03984,Clobetasol (0.5% w/w) + Salicylic Acid (6% w/w),89.0,1
MED03985,Clobetasol (0.5% w/w) + Terbinafine (1% w/w),59.2,3
MED03986,Clobetasol (0.50mg) + Miconazole (20mg),18.0,1
MED03987,Clobetasol (0.5mg) + Gentamicin (1mg),72.0,1
MED03988,Clobetasol (1% w/w) + Salicylic Acid (3% w/w),150.0,1
MED03989,Clobetasol (1% w/w) + Terbinafine (1% w/w),46.0,1
MED03990,Clobetasol (2.0% w/w) + Terbinafine (0.05% w/w),60.0,1
MED03991,Clobetasol (5% w/w),92.0,1
MED03992,Clobetasol (500mcg) + Nadifloxacin (10mg),140.0,1
MED03993,Clobetasol (NA),56.61,18
MED03994,Clobetasol (NA) + Gentamicin (NA),33.2,6
MED03995,Clobetasol (NA) + Miconazole (NA),38.54,11
MED03996,Clobetasol (NA) + Neomycin (NA),40.0,1
MED03997,Clobetasol (NA) + Salicylic Acid (NA),73.89,13
MED03998,Clobetasol (NA) + Terbinafine (NA),58.39,5
MED03999,Clobetasol (NA) + Zinc (NA),53.0,1
MED04000,Clobetasone (0.05% w/w),66.94,5
MED04001,Clobetasone (0.05% w/w) + Gentamicin (0.1% w/w),45.11,10
MED04002,Clobetasone (0.05% w/w) + Gentamicin (0.2% w/w),35.0,1
MED04003,Clobetasone (0.05% w/w) + Ketoconazole (2% w/w),180.0,1
MED04004,Clobetasone (0.05% w/w) + Miconazole (2% w/w),70.42,5
MED04005,Clobetasone (500mcg) + Nadifloxacin (10mg),152.25,1
MED04006,Clobetasone (NA) + Gentamicin (NA),48.08,1
MED04007,Clofarabine (20mg),12460.28,2
MED04008,Clofazimine (100mg),64.02,5
MED04009,Clofazimine (50mg),32.56,7
MED04010,Clomiphene (100mg),127.37,28
MED04011,Clomiphene (100mg) + Coenzyme Q10 (100mg),409.23,3
MED04012,Clomiphene (100mg) + Coenzyme Q10 (50mg),209.05,4
MED04013,Clomiphene (100mg) + Coenzyme Q10 (75mg),474.0,2
MED04014,Clomiphene (100mg) + Melatonin (3mg),371.5,8
MED04015,Clomiphene (25mg),90.61,38
MED04016,Clomiphene (25mg) + Coenzyme Q10 (30mg),422.0,3
MED04017,Clomiphene (25mg) + Coenzyme Q10 (50mg),354.13,8
MED04018,Clomiphene (25mg) + Melatonin (3mg),173.5,2
MED04019,Clomiphene (25mg) + Methylcobalamin (1500mcg),855.0,1
MED04020,Clomiphene (25mg) + Vitamin B6 (Pyridoxine) (1.5mg),856.5,1
MED04021,Clomiphene (300mg),190.0,1
MED04022,Clomiphene (50mg),80.64,88
MED04023,Clomiphene (50mg) + Coenzyme Q10 (50mg),273.14,14
MED04024,Clomiphene (50mg) + Coenzyme Q10 (75mg),382.33,3
MED04025,Clomiphene (50mg) + Melatonin (3mg),249.4,5
MED04026,Clomiphene (NA),28.43,1
MED04027,Clomipramine (100mg),176.0,1
MED04028,Clomipramine (10mg),27.58,15
MED04029,Clomipramine (25mg),46.21,32
MED04030,Clomipramine (50mg),85.14,32
MED04031,Clomipramine (75mg),132.06,20
MED04032,Clonazepam (.5mg) + Paroxetine (12.5mg),139.0,1
MED04033,Clonazepam (0.25mg),18.72,206
MED04034,Clonazepam (0.25mg) + Desvenlafaxine (100mg),259.54,1
MED04035,Clonazepam (0.25mg) + Desvenlafaxine (50mg),145.2,1
MED04036,Clonazepam (0.25mg) + Escitalopram Oxalate (10mg),99.01,83
MED04037,Clonazepam (0.25mg) + Escitalopram Oxalate (5mg),75.27,44
MED04038,Clonazepam (0.25mg) + Melatonin (10mg),102.67,1
MED04039,Clonazepam (0.25mg) + Melatonin (3mg),68.97,2
MED04040,Clonazepam (0.25mg) + Melatonin (5mg),75.0,1
MED04041,Clonazepam (0.25mg) + Paroxetine (12.5mg),164.39,8
MED04042,Clonazepam (0.25mg) + Paroxetine (25mg),215.47,3
MED04043,Clonazepam (0.25mg) + Propranolol (10mg),34.55,14
MED04044,Clonazepam (0.25mg) + Propranolol (20mg),57.08,16
MED04045,Clonazepam (0.25mg) + Propranolol (40mg),51.0,1
MED04046,Clonazepam (0.25mg) + Sertraline (50mg),70.0,1
MED04047,Clonazepam (0.50mg),19.5,2
MED04048,Clonazepam (0.50mg) + Escitalopram Oxalate (10mg),80.0,1
MED04049,Clonazepam (0.50mg) + Propranolol (20mg),63.99,1
MED04050,Clonazepam (0.5mg),30.39,325
MED04051,Clonazepam (0.5mg) + Desvenlafaxine (100mg),236.89,11
MED04052,Clonazepam (0.5mg) + Desvenlafaxine (50mg),155.46,15
MED04053,Clonazepam (0.5mg) + Escitalopram Oxalate (10mg),102.21,412
MED04054,Clonazepam (0.5mg) + Escitalopram Oxalate (20mg),173.22,14
MED04055,Clonazepam (0.5mg) + Escitalopram Oxalate (5mg),78.85,65
MED04056,Clonazepam (0.5mg) + Melatonin (10mg),118.0,1
MED04057,Clonazepam (0.5mg) + Melatonin (3mg),52.0,1
MED04058,Clonazepam (0.5mg) + Melatonin (5mg),116.86,2
MED04059,Clonazepam (0.5mg) + Paroxetine (12.5mg),134.01,38
MED04060,Clonazepam (0.5mg) + Paroxetine (25mg),177.72,37
MED04061,Clonazepam (0.5mg) + Propranolol (10mg),46.9,4
MED04062,Clonazepam (0.5mg) + Propranolol (20mg),54.21,33
MED04063,Clonazepam (0.5mg) + Propranolol (40mg),123.0,1
MED04064,Clonazepam (0.5mg) + Sertraline (50mg),80.0,1
MED04065,Clonazepam (10mg),76.25,1
MED04066,Clonazepam (10mg) + Escitalopram Oxalate (0.5mg),409.5,2
MED04067,Clonazepam (12.5mg),57.38,1
MED04068,Clonazepam (1mg),39.52,121
MED04069,Clonazepam (2.5mg),19.0,1
MED04070,Clonazepam (25mg),19.9,1
MED04071,Clonazepam (2mg),65.79,113
MED04072,Clonazepam (4mg),70.0,1
MED04073,Clonazepam (50mg),33.8,1
MED04074,Clonazepam (5mg),30.75,2
MED04075,Clonazepam (5mg) + Escitalopram Oxalate (10mg),72.0,1
MED04076,Clonazepam (7.5mg),55.38,1
MED04077,Clonazepam (NA),21.1,2
MED04078,Clonazepam (NA) + Escitalopram Oxalate (NA),96.83,6
MED04079,Clonidine (100mcg),32.72,13
MED04080,Clonidine (100mcg) + Hydrochlorothiazide (20mg),23.55,1
MED04081,Clonidine (100mg),24.0,1
MED04082,Clonidine (150mcg),51.82,5
MED04083,Clopidogrel (150mg),104.59,15
MED04084,Clopidogrel (300mg),64.35,4
MED04085,Clopidogrel (50mg) + Metoprolol Succinate (5mg),106.0,1
MED04086,Clopidogrel (75mg),60.94,202
MED04087,Clopidogrel (75mg) + Metoprolol Succinate (25mg),86.0,1
MED04088,Clopidogrel (75mg) + Rosuvastatin (10mg),166.46,107
MED04089,Clopidogrel (75mg) + Rosuvastatin (20mg),215.6,45
MED04090,Clopidogrel (75mg) + Rosuvastatin (5mg),179.03,7
MED04091,Clostridium botulinum type A toxin-haemagglutinin complex (500IU),28970.0,1
MED04092,Clotrimazole (0.5% w/w),55.0,1
MED04093,Clotrimazole (1% w/v),85.14,45
MED04094,Clotrimazole (1% w/v) + Gentamicin (0.03% w/v),21.75,1
MED04095,Clotrimazole (1% w/v) + Gentamicin (0.3% w/v),62.24,17
MED04096,Clotrimazole (1% w/v) + Lidocaine (2% w/v),57.54,70
MED04097,Clotrimazole (1% w/v) + Selenium (2.5% w/v),175.23,3
MED04098,Clotrimazole (1% w/w),75.84,198
MED04099,Clotrimazole (1% w/w) + Fluocinolone acetonide (0.01% w/w),27.75,2
MED04100,Clotrimazole (1% w/w) + Fluocinolone acetonide (0.025% w/w),70.0,1
MED04101,Clotrimazole (1% w/w) + Fusidic Acid (2% w/w),275.5,2
MED04102,Clotrimazole (1% w/w) + Hydrocortisone (1% w/w),72.5,2
MED04103,Clotrimazole (1% w/w) + Mometasone (0.1% w/w),136.07,6
MED04104,Clotrimazole (1% w/w) + Zinc Oxide (8% w/w),98.0,1
MED04105,Clotrimazole (1%),82.0,2
MED04106,Clotrimazole (1%) + Lidocaine (2%),59.85,1
MED04107,Clotrimazole (1.0% w/w),99.0,1
MED04108,Clotrimazole (1.0% w/w) + Fluocinolone acetonide (0.025% w/w),54.0,1
MED04109,Clotrimazole (100mg),40.58,39
MED04110,Clotrimazole (10mg),45.17,7
MED04111,Clotrimazole (10mg/ml),80.85,1
MED04112,Clotrimazole (11.3% w/w),46.3,1
MED04113,Clotrimazole (150mg),27.33,1
MED04114,Clotrimazole (2% w/v),95.32,2
MED04115,Clotrimazole (2% w/w),72.63,23
MED04116,Clotrimazole (2% w/w) + Ofloxacin (0.75% w/w),123.83,3
MED04117,Clotrimazole (2% w/w) + Tinidazole (5% w/w),101.0,2
MED04118,Clotrimazole (2.5% w/v),139.98,1
MED04119,Clotrimazole (200mg),49.48,5
MED04120,Clotrimazole (200mg) + Lactobacillus (150Million spores),64.87,12
MED04121,Clotrimazole (200mg) + Lactobacillus (NA),88.3,1
MED04122,Clotrimazole (20mg) + Miconazole (100mg),58.25,4
MED04123,Clotrimazole (250mg) + Lactobacillus (150Million cells),54.0,1
MED04124,Clotrimazole (250mg) + Tinidazole (500mg),49.9,1
MED04125,Clotrimazole (5% w/w),50.25,1
MED04126,Clotrimazole (500mg),47.47,5
MED04127,Clotrimazole (75mg),27.0,1
MED04128,Clotrimazole (NA),89.99,24
MED04129,Clotrimazole (NA) + Lactobacillus Acidophilus (NA),60.95,1
MED04130,Clotrimazole (NA) + Metronidazole (NA),72.5,1
MED04131,Clotrimazole (NA) + Tinidazole (NA),78.99,2
MED04132,Cloxacillin (1000mg),110.0,1
MED04133,Cloxacillin (125mg),12.75,1
MED04134,Cloxacillin (250mg),18.11,7
MED04135,Cloxacillin (500mg),26.58,10
MED04136,Cloxacillin (625mg),120.0,1
MED04137,Clozapine (100mg),73.34,56
MED04138,Clozapine (12.5mg),25.83,3
MED04139,Clozapine (200mg),183.4,10
MED04140,Clozapine (25mg),24.05,47
MED04141,Clozapine (50mg),45.57,50
MED04142,Co-trimoxazole (NA),2.5,1
MED04143,Coal Tar (1% w/v) + Salicylic Acid (3% w/v),153.9,2
MED04144,Coal Tar (1% w/w) + Salicylic Acid (3% w/w),117.75,5
MED04145,Coal Tar (2% v/v) + Ketoconazole (2% w/v),290.0,1
MED04146,Coal Tar (2% w/v) + Ketoconazole (2% w/v),217.62,13
MED04147,Coal Tar (2% w/w) + Salicylic Acid (0.5% w/w),98.0,1
MED04148,Coal Tar (4% v/v) + Ketoconazole (2% w/v),369.0,1
MED04149,Coal Tar (4% w/v) + Ketoconazole (2% w/v),300.5,10
MED04150,Coal Tar (4.25% w/v) + Salicylic Acid (2% w/v),250.0,1
MED04151,Coal Tar (4.25% w/w) + Salicylic Acid (2% w/w),299.67,3
MED04152,Coal Tar (6% w/w) + Salicylic Acid (3% w/w),132.75,2
MED04153,Cod liver oil (300mg) + Vitamin E (150mg),1500.0,1
MED04154,Codeine (100mg) + Triprolidine (1.25mg),110.0,1
MED04155,Codeine (10mg),19.0,1
MED04156,Codeine (10mg) + Paracetamol (500mg),24.14,4
MED04157,Codeine (10mg) + Triprolidine (1.25mg),112.9,11
MED04158,Codeine (10mg) + Triprolidine (125mg),120.0,1
MED04159,Codeine (10mg/5ml) + Triprolidine (1.25mg/5ml),119.05,29
MED04160,Codeine (15mg),69.42,4
MED04161,Codeine (20mg) + Papaverine (11mg),11.25,1
MED04162,Codeine (30mg) + Paracetamol (325mg),70.0,1
MED04163,Codeine (30mg) + Paracetamol (650mg),99.02,5
MED04164,Codeine (50mg) + Diclofenac (50mg),100.16,2
MED04165,Codeine (NA),49.23,2
MED04166,Codergocrine Mesylate (1mg),114.58,1
MED04167,Coenzyme Q10 (100mg),520.0,2
MED04168,Coenzyme Q10 (100mg) + Dehydroepiandrosterone (Micronized) (75mg),537.0,4
MED04169,Coenzyme Q10 (100mg) + Docosahexanoic Acid (60mg),590.0,1
MED04170,Coenzyme Q10 (100mg) + L-Arginine (100mg),577.0,4
MED04171,Coenzyme Q10 (100mg) + L-Carnitine L-Tartrate (500mg),550.0,1
MED04172,Coenzyme Q10 (100mg) + L-Carnitine L-Tartrate (50mg),749.0,1
MED04173,Coenzyme Q10 (100mg) + Levo-carnitine (1000mg),595.0,1
MED04174,Coenzyme Q10 (100mg) + Levo-carnitine (500mg),485.91,11
MED04175,Coenzyme Q10 (100mg) + Levo-carnitine (50mg),718.33,3
MED04176,Coenzyme Q10 (100mg) + Lycopene (5000mcg),446.0,1
MED04177,Coenzyme Q10 (100mg) + Omega-3 fatty acid (300mg),2191.0,1
MED04178,Coenzyme Q10 (100mg) + Vitamin B6 (Pyridoxine) (25mg),840.0,1
MED04179,Coenzyme Q10 (10mg) + Levo-carnitine (250mg),1000.0,1
MED04180,Coenzyme Q10 (10mg) + Levo-carnitine (50mg),483.51,1
MED04181,Coenzyme Q10 (180mg) + Levo-carnitine (100mg),720.0,1
MED04182,Coenzyme Q10 (300mg),1030.67,3
MED04183,Coenzyme Q10 (300mg) + L-Arginine (250mg),1186.0,3
MED04184,Coenzyme Q10 (300mg) + Omega-3 fatty acid (500mg),1480.0,1
MED04185,Coenzyme Q10 (30mg),177.5,1
MED04186,Coenzyme Q10 (30mg) + Levo-carnitine (500mg),379.17,6
MED04187,Coenzyme Q10 (50mg) + Levo-carnitine (1000mg),374.6,1
MED04188,Coenzyme Q10 (50mg) + Levo-carnitine (340mg),323.0,1
MED04189,Coenzyme Q10 (50mg) + Levo-carnitine (500mg),346.84,10
MED04190,Coenzyme Q10 (60mg) + L-Carnitine L-Tartrate (1000mg),479.0,1
MED04191,Coenzyme Q10 (60mg) + Levo-carnitine (1000mg),484.25,4
MED04192,Coenzyme Q10 (75mg),31.5,1
MED04193,Coenzyme Q10 (75mg) + Dehydroepiandrosterone (Micronized) (75mg),600.0,2
MED04194,Coenzyme Q10 (NA) + Levo-carnitine (NA),190.18,2
MED04195,Colchicine (0.5mg),34.44,9
MED04196,Colesevelam (3.75gm),375.0,1
MED04197,Colfosceril Palmitate (108mg),5790.0,1
MED04198,Colistimethate Sodium (0.5Million IU),475.22,1
MED04199,Colistimethate Sodium (1000000IU),1032.5,2
MED04200,Colistimethate Sodium (1Million IU),987.82,59
MED04201,Colistimethate Sodium (2000000IU),2370.64,2
MED04202,Colistimethate Sodium (2Million IU),1737.47,47
MED04203,Colistimethate Sodium (3Million IU),2525.69,30
MED04204,Colistimethate Sodium (3Million cells),3403.0,1
MED04205,Colistimethate Sodium (4.5Million IU),4207.16,25
MED04206,Colistimethate Sodium (4500000IU),4499.0,1
MED04207,Colistimethate Sodium (500000IU),1152.0,2
MED04208,Colistimethate Sodium (NA),785.0,1
MED04209,Colistin Sulphate (12.5mg),45.91,33
MED04210,Colistin Sulphate (12.5mg/5ml),52.0,3
MED04211,Colistin Sulphate (1Million IU),850.29,10
MED04212,Colistin Sulphate (25mg),65.47,7
MED04213,Colistin Sulphate (25mg/5ml),57.69,15
MED04214,Colistin Sulphate (2Million IU),1695.9,10
MED04215,Colistin Sulphate (3Million IU),2547.01,7
MED04216,Colistin Sulphate (4.5Million IU),3850.95,3
MED04217,Collagen Peptide (10gm) + Sodium Hyaluronate (80mg),114.77,3
MED04218,Collagen Peptide (10mg),99.0,1
MED04219,Collagen Peptide (140mg) + Rosehip (250mg),250.0,1
MED04220,Collagen Peptide (40mg) + Rosehip (250mg),262.5,2
MED04221,Collagen Peptide (40mg) + Sodium Hyaluronate (30mg),299.0,1
MED04222,Collagen Peptide (NA),79.0,1
MED04223,Colloidal bismuth subcitrate (120mg),201.75,4
MED04224,Colostrum (1000mg),640.0,3
MED04225,Colostrum (500mg),216.6,5
MED04226,Conivaptan (20mg),1399.5,2
MED04227,Conjugated Estrogens (0.3mg),804.5,1
MED04228,Conjugated Estrogens (0.625mg),555.57,5
MED04229,Conjugated Estrogens (1.25mg),850.0,1
MED04230,Conjugated Estrogens (50mcg),67.0,1
MED04231,Conjugated Estrogens (5mg),599.0,1
MED04232,Corticotropin (60IU),1854.39,2
MED04233,Cranberry Extract (150mg) + Nitrofurantoin (100mg),152.0,1
MED04234,Crizotinib (200mg),100177.5,1
MED04235,Crizotinib (250mg),106270.25,1
MED04236,Crotamiton (10% w/v),157.98,1
MED04237,Crotamiton (10% w/w),66.12,1
MED04238,Crotamiton (10% w/w) + Hydrocortisone (0.25% w/w),102.53,4
MED04239,Curcuma Longa (500mg),672.0,1
MED04240,Curcuma Longa (50mg) + Diacerein (50mg),120.0,1
MED04241,Cyanocobalamin (1000mcg),95.68,2
MED04242,Cyanocobalamin (1500mcg) + Vitamin C (150mg),51.0,1
MED04243,Cyanocobalamin (1mcg) + Folic Acid (5mg),165.0,1
MED04244,Cyanocobalamin (2.5mcg) + Iron (30mg),196.0,2
MED04245,Cyanocobalamin (3mcg) + D-Panthenol (3mg),63.25,2
MED04246,Cyanocobalamin (500mcg),30.0,1
MED04247,Cyanocobalamin (500mcg) + Folic Acid (15mcg),60.0,1
MED04248,Cyanocobalamin (500mcg) + Iron (30mg),169.0,1
MED04249,Cyanocobalamin (50mcg) + Iron (50mg),349.15,1
MED04250,Cyanocobalamin (7.5mcg) + Iron (32.8mg),142.0,1
MED04251,Cyanocobalamin (8mcg) + D-Panthenol (6mg),19.95,2
MED04252,Cyclandelate (200mg),36.91,4
MED04253,Cyclandelate (400mg),54.53,5
MED04254,Cyclobenzaprine (10mg),90.0,1
MED04255,Cyclobenzaprine (15mg),159.69,12
MED04256,Cyclobenzaprine (2% w/v) + Diclofenac diethylamine (1.16% w/v),330.0,1
MED04257,Cyclobenzaprine (2% w/w) + Diclofenac diethylamine (1% w/w),167.0,2
MED04258,Cyclobenzaprine (2% w/w) + Diclofenac diethylamine (1.16% w/w),125.0,1
MED04259,Cyclobenzaprine (30mg),195.8,5
MED04260,Cyclobenzaprine (4mg),52.88,1
MED04261,Cyclobenzaprine (5mg),94.4,6
MED04262,Cyclopentolate (0.1% w/v),22.0,1
MED04263,Cyclopentolate (1% w/v),55.51,29
MED04264,Cyclopentolate (1% w/v) + Dexamethasone (0.1% w/v),146.05,3
MED04265,Cyclopentolate (1% w/w),42.5,2
MED04266,Cyclopentolate (NA),36.88,2
MED04267,Cyclophosphamide (1000mg),134.67,17
MED04268,Cyclophosphamide (200mg),40.77,11
MED04269,Cyclophosphamide (500mg),68.54,19
MED04270,Cyclophosphamide (50mg),34.1,8
MED04271,Cycloserine (250mg),421.74,10
MED04272,Cyproheptadine (1.5mg),27.53,5
MED04273,Cyproheptadine (1.5mg) + Tricholine Citrate (55mg),42.1,55
MED04274,Cyproheptadine (1.5mg/1ml) + Tricholine Citrate (55mg/1ml),30.33,3
MED04275,Cyproheptadine (1.5mg/5ml),63.0,1
MED04276,Cyproheptadine (1.5mg/5ml) + Tricholine Citrate (55mg/5ml),39.0,1
MED04277,Cyproheptadine (1.5mg/ml) + Tricholine Citrate (55mg/ml),53.38,4
MED04278,Cyproheptadine (1mg),57.4,1
MED04279,Cyproheptadine (200mg),69.0,1
MED04280,Cyproheptadine (250mg),59.0,1
MED04281,Cyproheptadine (2gm/5ml) + Tricholine Citrate (275gm/5ml),84.5,1
MED04282,Cyproheptadine (2mg),59.79,52
MED04283,Cyproheptadine (2mg) + Lysine (100mg),44.25,2
MED04284,Cyproheptadine (2mg) + Lysine (150mg),59.9,3
MED04285,Cyproheptadine (2mg) + Tricholine Citrate (0.275gm),76.0,5
MED04286,Cyproheptadine (2mg) + Tricholine Citrate (0.375gm),48.0,1
MED04287,Cyproheptadine (2mg) + Tricholine Citrate (0.55gm),79.0,1
MED04288,Cyproheptadine (2mg) + Tricholine Citrate (250mg),71.5,2
MED04289,Cyproheptadine (2mg) + Tricholine Citrate (27.5mg),56.1,1
MED04290,Cyproheptadine (2mg) + Tricholine Citrate (275mg),90.43,620
MED04291,Cyproheptadine (2mg) + Tricholine Citrate (3.575gm),107.0,1
MED04292,Cyproheptadine (2mg) + Tricholine Citrate (55mg),46.9,4
MED04293,Cyproheptadine (2mg/10ml),54.1,1
MED04294,Cyproheptadine (2mg/10ml) + Tricholine Citrate (275mg/10ml),78.0,1
MED04295,Cyproheptadine (2mg/5ml),73.19,34
MED04296,Cyproheptadine (2mg/5ml) + Peptone (25mg/5ml),67.5,1
MED04297,Cyproheptadine (2mg/5ml) + Tricholine Citrate (0.275gm/5ml),75.0,1
MED04298,Cyproheptadine (2mg/5ml) + Tricholine Citrate (0.275mg/5ml),105.0,1
MED04299,Cyproheptadine (2mg/5ml) + Tricholine Citrate (275mg/5ml),96.69,161
MED04300,Cyproheptadine (2mg/5ml) + Tricholine Citrate (2mg/5ml),110.0,1
MED04301,Cyproheptadine (4mg),17.74,51
MED04302,Cyproheptadine (4mg) + Tricholine Citrate (0.55gm),50.5,2
MED04303,Cyproheptadine (500mg),31.5,1
MED04304,Cyproheptadine (5mg),99.37,1
MED04305,Cyproheptadine (5mg) + Tricholine Citrate (275mg),43.0,1
MED04306,Cyproheptadine (5ml),73.71,3
MED04307,Cyproheptadine (NA),48.58,69
MED04308,Cyproheptadine (NA) + Lysine (NA),76.31,4
MED04309,Cyproheptadine (NA) + Tricholine Citrate (NA),36.5,3
MED04310,Cyproterone (2mg) + Ethinyl Estradiol (0.035mg),277.62,34
MED04311,Cytarabine (1000mg),1094.56,12
MED04312,Cytarabine (1000mg/10ml),950.0,1
MED04313,Cytarabine (100mg),337.17,11
MED04314,Cytarabine (100mg/ml),471.25,4
MED04315,Cytarabine (500mg),596.78,11
MED04316,D-Chiro Inositol (13.8mg) + Myo-Inositol (550mg),254.27,11
MED04317,D-Chiro Inositol (25mg) + Myo-Inositol (1000mg),849.0,2
MED04318,D-Panthenol (0.5% w/w),105.0,1
MED04319,D-Panthenol (10mg) + Thiamine(Vitamin B1) (100mg),7.85,1
MED04320,D-Panthenol (5% w/v) + Hyaluronic Acid (0.1% w/v),274.0,1
MED04321,D-Panthenol (5% w/v) + Sodium Hyaluronate (0.1% w/v),248.0,2
MED04322,D-Panthenol (5% w/w),150.0,3
MED04323,D-Panthenol (50mg),150.0,1
MED04324,D-Panthenol (50mg) + Sodium Hyaluronate (1mg),425.0,1
MED04325,Dabigatran Etexilate (110mg),316.51,29
MED04326,Dabigatran Etexilate (150mg),391.12,25
MED04327,Dabigatran Etexilate (75mg),253.07,18
MED04328,Dacarbazine (1000mg),1195.0,2
MED04329,Dacarbazine (100mg),293.33,3
MED04330,Dacarbazine (200mg),428.98,14
MED04331,Dacarbazine (500mg),984.15,14
MED04332,Daclatasvir (30mg),4000.0,1
MED04333,Daclatasvir (60mg),6032.45,16
MED04334,Daclatasvir (60mg) + Sofosbuvir (400mg),17475.0,2
MED04335,Daclizumab (25mg),23920.0,1
MED04336,Dacomitinib (15mg),44500.0,1
MED04337,Dacomitinib (30mg),61000.0,1
MED04338,Dacomitinib (45mg),65000.0,1
MED04339,Dactinomycin (0.5mg),426.92,5
MED04340,Dactinomycin (0.5mg/2ml),499.0,1
MED04341,Dalfampridine (10mg),451.0,1
MED04342,Dalteparin (10000IU),1865.11,3
MED04343,Dalteparin (2500IU),297.66,4
MED04344,Dalteparin (5000IU),564.12,3
MED04345,Dalteparin (7500IU),710.6,1
MED04346,Danazol (100mg),292.26,18
MED04347,Danazol (200mg),553.45,16
MED04348,Danazol (50mg),141.62,12
MED04349,Dapagliflozin (10mg),170.42,183
MED04350,Dapagliflozin (10mg) + Metformin (1000mg),160.74,64
MED04351,Dapagliflozin (10mg) + Metformin (100mg),220.0,1
MED04352,Dapagliflozin (10mg) + Metformin (500mg),146.98,97
MED04353,Dapagliflozin (10mg) + Saxagliptin (5mg),812.0,1
MED04354,Dapagliflozin (10mg) + Sitagliptin (100mg),209.95,23
MED04355,Dapagliflozin (10mg) + Sitagliptin (50mg),174.5,2
MED04356,Dapagliflozin (10mg) + Teneligliptin (20mg),223.5,1
MED04357,Dapagliflozin (10mg) + Vildagliptin (100mg),185.1,35
MED04358,Dapagliflozin (5mg),140.82,82
MED04359,Dapagliflozin (5mg) + Metformin (1000mg),142.83,27
MED04360,Dapagliflozin (5mg) + Metformin (500mg),96.13,29
MED04361,Dapagliflozin (5mg) + Sitagliptin (100mg),185.0,1
MED04362,Dapagliflozin (5mg) + Sitagliptin (50mg),155.85,13
MED04363,Dapagliflozin (5mg) + Teneligliptin (20mg),208.5,1
MED04364,Dapagliflozin (5mg) + Vildagliptin (100mg),166.41,17
MED04365,Dapoxetine (30mg),166.32,38
MED04366,Dapoxetine (30mg) + Sildenafil (100mg),180.0,1
MED04367,Dapoxetine (30mg) + Sildenafil (50mg),223.35,28
MED04368,Dapoxetine (30mg) + Tadalafil (10mg),280.47,27
MED04369,Dapoxetine (30mg) + Tadalafil (20mg),241.25,4
MED04370,Dapoxetine (60mg),205.52,17
MED04371,Dapoxetine (60mg) + Sildenafil (100mg),343.5,2
MED04372,Dapoxetine (NA),330.0,1
MED04373,Dapsone (100mg),416.94,1
MED04374,Dapsone (5% w/w),241.84,4
MED04375,Daptomycin (350mg),4784.28,9
MED04376,Daratumumab (100mg),18900.0,1
MED04377,Daratumumab (400mg),75500.0,1
MED04378,Darbepoetin alfa (100mcg),5782.71,7
MED04379,Darbepoetin alfa (200mcg),10468.04,6
MED04380,Darbepoetin alfa (25mcg),1662.71,15
MED04381,Darbepoetin alfa (40mcg),2584.05,23
MED04382,Darbepoetin alfa (500mcg),26425.0,1
MED04383,Darbepoetin alfa (60mcg),4491.36,7
MED04384,Darifenacin (15mg),314.0,5
MED04385,Darifenacin (7.5mg),281.22,12
MED04386,Darunavir (300mg),6649.92,2
MED04387,Darunavir (400mg) + Ritonavir (50mg),9000.0,1
MED04388,Darunavir (600mg),10854.06,3
MED04389,Darunavir (600mg) + Ritonavir (100mg),9791.04,1
MED04390,Darunavir (800mg) + Ritonavir (100mg),6398.78,1
MED04391,Dasatinib (100mg),4317.33,6
MED04392,Dasatinib (20mg),12349.64,9
MED04393,Dasatinib (50mg),17722.71,17
MED04394,Dasatinib (70mg),29698.25,10
MED04395,Daunorubicin (20mg),350.45,6
MED04396,Deca Peptide (10mg),1560.0,1
MED04397,Deca Peptide (1mg/ml),885.25,6
MED04398,Deca Peptide (2mg),490.0,1
MED04399,Deca Peptide (3mg),500.0,1
MED04400,Deca Peptide (5mg),910.0,1
MED04401,Deca Peptide (6mg),900.0,1
MED04402,Decitabine (30mg),4126.84,4
MED04403,Decitabine (50mg),9709.43,12
MED04404,Deferasirox (100mg),223.21,2
MED04405,Deferasirox (125mg),199.0,1
MED04406,Deferasirox (180mg),863.34,2
MED04407,Deferasirox (250mg),482.02,3
MED04408,Deferasirox (360mg),2133.33,1
MED04409,Deferasirox (400mg),683.5,2
MED04410,Deferasirox (500mg),727.15,4
MED04411,Deferasirox (90mg),752.0,1
MED04412,Deferiprone (250mg),231.0,1
MED04413,Deferiprone (500mg),500.0,1
MED04414,Deferoxamine (500mg),167.63,1
MED04415,Deflazacort (120mg),50.36,1
MED04416,Deflazacort (12mg),150.99,55
MED04417,Deflazacort (18mg),193.77,21
MED04418,Deflazacort (1mg),21.18,21
MED04419,Deflazacort (24mg),244.08,28
MED04420,Deflazacort (30mg),315.59,274
MED04421,Deflazacort (30mg) + Tamsulosin (0.4mg),625.48,9
MED04422,Deflazacort (360mg),55.0,1
MED04423,Deflazacort (60mg),88.0,1
MED04424,Deflazacort (6mg),88.14,1640
MED04425,Deflazacort (6mg/5ml),71.86,81
MED04426,Deflazacort (NA),62.83,3
MED04427,Degarelix (120mg),25595.83,6
MED04428,Degarelix (80mg),14000.0,7
MED04429,Dehydroemetine (30mg),25.12,1
MED04430,Dehydroemetine (60mg),48.03,1
MED04431,Dehydroepiandrosterone (Micronized) (25mg),123.01,17
MED04432,Dehydroepiandrosterone (Micronized) (25mg) + Folic Acid (1.5mg),186.78,4
MED04433,Dehydroepiandrosterone (Micronized) (75mg),353.24,22
MED04434,Dehydroepiandrosterone (Micronized) (75mg) + Folic Acid (0.1mg),510.0,1
MED04435,Dehydroepiandrosterone (Micronized) (75mg) + Folic Acid (1.5mg),340.0,1
MED04436,Dehydroepiandrosterone (Micronized) (75mg) + Folic Acid (1mg),450.0,1
MED04437,Dehydroepiandrosterone (Micronized) (75mg) + Folic Acid (3.5mg),587.0,1
MED04438,Dehydroepiandrosterone (Micronized) (75mg) + Folic Acid (4.5mg),548.54,7
MED04439,Dehydroepiandrosterone (Micronized) (75mg) + Folic Acid (5mg),555.5,1
MED04440,Dehydroepiandrosterone (Micronized) (75mg) + L-Methyl Folate (1mg),592.65,2
MED04441,Dehydroepiandrosterone (Micronized) (75mg) + L-Methyl Folate (400mcg),438.0,1
MED04442,Dehydroepiandrosterone (Micronized) (75mg) + L-Methyl Folate (500mcg),372.0,1
MED04443,Dehydroepiandrosterone (Micronized) (75mg) + Melatonin (3mg),341.67,3
MED04444,Dehydroepiandrosterone (Micronized) (NA),275.0,1
MED04445,Demeclocycline (150mg),19.91,1
MED04446,Demeclocycline (300mg),40.76,1
MED04447,Denosumab (120mg),28643.5,2
MED04448,Denosumab (60mg),20600.0,5
MED04449,Denosumab (60mg/ml),19333.33,3
MED04450,Desidustat (25mg),300.0,1
MED04451,Desidustat (50mg),600.0,1
MED04452,Desloratadine (10mg),96.15,10
MED04453,Desloratadine (2.5mg),42.2,3
MED04454,Desloratadine (5mg),58.95,101
MED04455,Desloratadine (5mg) + Montelukast (10mg),129.89,46
MED04456,Desloratadine (NA),38.22,3
MED04457,Desloratadine (NA) + Pseudoephedrine (NA),42.45,1
MED04458,Desmopressin (0.01% w/v),1290.0,1
MED04459,Desmopressin (0.06mg),484.67,1
MED04460,Desmopressin (0.1mg),505.36,4
MED04461,Desmopressin (0.1mg/ml),1033.66,2
MED04462,Desmopressin (0.2mg),1311.39,3
MED04463,Desmopressin (120mcg),814.67,1
MED04464,Desogestrel (0.075mg),351.7,2
MED04465,Desogestrel (0.15mg) + Ethinyl Estradiol (0.02mg),184.58,14
MED04466,Desogestrel (0.15mg) + Ethinyl Estradiol (0.03mg),176.93,19
MED04467,Desogestrel (50mg),188.57,1
MED04468,Desogestrel (NA),399.0,1
MED04469,Desogestrel (NA) + Ethinyl Estradiol (NA),80.95,1
MED04470,Desonide (0.05% w/v),143.6,5
MED04471,Desonide (0.05% w/w),142.24,25
MED04472,Desoximetasone (0.25% w/w),153.03,6
MED04473,Desvenlafaxine (100mg),214.47,59
MED04474,Desvenlafaxine (25mg),94.58,5
MED04475,Desvenlafaxine (500mg),35.0,1
MED04476,Desvenlafaxine (50mg),122.66,71
MED04477,Desvenlafaxine (75mg),155.0,1
MED04478,Dexamethasone (0.01% w/v),29.0,2
MED04479,Dexamethasone (0.01% w/v) + Ketorolac (0.5% w/v),45.72,4
MED04480,Dexamethasone (0.01% w/v) + Moxifloxacin (0.5% w/v),90.0,1
MED04481,Dexamethasone (0.01% w/v) + Ofloxacin (0.3% w/v),32.0,3
MED04482,Dexamethasone (0.01% w/v) + Tobramycin (0.3% w/v),33.5,1
MED04483,Dexamethasone (0.05% w/v),12.48,2
MED04484,Dexamethasone (0.05% w/v) + Gentamicin (0.3% w/v),27.5,2
MED04485,Dexamethasone (0.05% w/v) + Norfloxacin (0.3% w/v),21.0,1
MED04486,Dexamethasone (0.05% w/v) + Ofloxacin (0.3% w/v),26.79,7
MED04487,Dexamethasone (0.1% w/v),29.41,6
MED04488,Dexamethasone (0.1% w/v) + Gatifloxacin (0.3% w/v),34.5,1
MED04489,Dexamethasone (0.1% w/v) + Gentamicin (0.3% w/v),18.72,10
MED04490,Dexamethasone (0.1% w/v) + Ketorolac (0.5% w/v),62.85,2
MED04491,Dexamethasone (0.1% w/v) + Moxifloxacin (0.5% w/v),110.27,112
MED04492,Dexamethasone (0.1% w/v) + Neomycin (0.35% w/v),146.0,1
MED04493,Dexamethasone (0.1% w/v) + Neomycin (0.5% w/v),17.95,8
MED04494,Dexamethasone (0.1% w/v) + Norfloxacin (0.3% w/v),35.0,1
MED04495,Dexamethasone (0.1% w/v) + Ofloxacin (0.3% w/v),30.24,53
MED04496,Dexamethasone (0.1% w/v) + Sparfloxacin (0.3% w/v),39.9,1
MED04497,Dexamethasone (0.1% w/v) + Tobramycin (0.3% w/v),35.67,13
MED04498,Dexamethasone (0.1% w/w) + Framycetin (1% w/w),27.5,2
MED04499,Dexamethasone (0.1% w/w) + Gatifloxacin (0.3% w/w),35.27,11
MED04500,Dexamethasone (0.1% w/w) + Neomycin (0.5% w/w),8.96,1
MED04501,Dexamethasone (0.1% w/w) + Tobramycin (0.3% w/w),42.7,6
MED04502,Dexamethasone (0.1%) + Framycetin (1%),15.89,1
MED04503,Dexamethasone (0.1%) + Gentamicin (0.3%),10.89,10
MED04504,Dexamethasone (0.1%) + Moxifloxacin (0.5%),110.0,1
MED04505,Dexamethasone (0.1%) + Neomycin (0.5%),9.03,4
MED04506,Dexamethasone (0.1%) + Norfloxacin (0.3%),12.48,1
MED04507,Dexamethasone (0.1%) + Ofloxacin (0.3%),8.21,3
MED04508,Dexamethasone (0.1%) + Tobramycin (0.3%),28.93,17
MED04509,Dexamethasone (0.10% w/v),11.55,6
MED04510,Dexamethasone (0.10%),17.73,1
MED04511,Dexamethasone (0.14% w/v) + Neomycin (0.5% w/v),13.0,1
MED04512,Dexamethasone (0.5% w/v) + Moxifloxacin (0.1% w/v),135.0,2
MED04513,Dexamethasone (0.5% w/v) + Ofloxacin (0.3% w/v),38.0,1
MED04514,Dexamethasone (0.5% w/v) + Tobramycin (0.3% w/v),34.9,1
MED04515,Dexamethasone (0.5mg),5.47,16
MED04516,Dexamethasone (1% w/v) + Moxifloxacin (0.5% w/v),85.0,1
MED04517,Dexamethasone (1% w/v) + Moxifloxacin (5% w/v),96.0,2
MED04518,Dexamethasone (1% w/v) + Ofloxacin (0.3% w/v),28.0,1
MED04519,Dexamethasone (125mg),39.95,1
MED04520,Dexamethasone (1mg) + Moxifloxacin (5mg),138.33,3
MED04521,Dexamethasone (1mg/ml) + Moxifloxacin (5mg/ml),175.0,1
MED04522,Dexamethasone (250mg),44.5,1
MED04523,Dexamethasone (2mg),10.34,2
MED04524,Dexamethasone (4mg),22.73,71
MED04525,Dexamethasone (4mg/2ml),8.0,1
MED04526,Dexamethasone (4mg/5ml),37.08,1
MED04527,Dexamethasone (4mg/ml),25.12,6
MED04528,Dexamethasone (500mg),2.15,1
MED04529,Dexamethasone (6mg),37.63,1
MED04530,Dexamethasone (8mg),35.39,16
MED04531,Dexamethasone (8mg/2ml),15.25,1
MED04532,Dexamethasone (NA),34.72,16
MED04533,Dexamethasone (NA) + Gatifloxacin (NA),8.5,3
MED04534,Dexamethasone (NA) + Gentamicin (NA),10.48,2
MED04535,Dexamethasone (NA) + Ketorolac (NA),77.0,1
MED04536,Dexamethasone (NA) + Moxifloxacin (NA),35.13,4
MED04537,Dexamethasone (NA) + Norfloxacin (NA),49.5,1
MED04538,Dexamethasone (NA) + Ofloxacin (NA),30.45,10
MED04539,Dexamethasone (NA) + Tobramycin (NA),23.32,3
MED04540,Dexamethasone Intravitreal Implant (0.7mg),35000.0,1
MED04541,Dexchlorpheniramine (0.5mg/5ml),22.2,1
MED04542,Dexchlorpheniramine (1mg) + Phenylpropanolamine (6.25mg),21.68,1
MED04543,Dexchlorpheniramine (2.5mg),16.0,1
MED04544,Dexchlorpheniramine (2mg),18.57,16
MED04545,Dexchlorpheniramine (4mg),13.0,1
MED04546,Dexchlorpheniramine (60mg),34.0,1
MED04547,Dexchlorpheniramine (6mg),34.8,20
MED04548,Dexchlorpheniramine (NA),14.32,2
MED04549,Dexchlorpheniramine (NA) + Phenylpropanolamine (NA),28.33,23
MED04550,Dexibuprofen (200mg),38.0,2
MED04551,Dexibuprofen (300mg),37.69,3
MED04552,Dexibuprofen (300mg) + Paracetamol (325mg),71.5,1
MED04553,Dexibuprofen (300mg) + Paracetamol (500mg),38.32,4
MED04554,Dexibuprofen (400mg),48.75,3
MED04555,Dexketoprofen (1.25% w/w),107.53,3
MED04556,Dexketoprofen (25mg),48.58,3
MED04557,Dexketoprofen (25mg) + Paracetamol (325mg),112.35,2
MED04558,Dexketoprofen (25mg) + Paracetamol (500mg),74.03,2
MED04559,Dexketoprofen (50mg),26.21,2
MED04560,Dexketoprofen (75mg),105.43,3
MED04561,Dexlansoprazole (30mg),139.82,5
MED04562,Dexlansoprazole (60mg),214.16,8
MED04563,Dexmedetomidine (100mcg),457.51,8
MED04564,Dexmedetomidine (200mcg),768.0,3
MED04565,Dexmedetomidine (50mcg),258.0,5
MED04566,Dexrabeprazole (10mg),80.35,12
MED04567,Dexrabeprazole (10mg) + Domperidone (30mg),109.32,19
MED04568,Dexrabeprazole (10mg) + Levosulpiride (25mg),79.0,1
MED04569,Dexrabeprazole (10mg) + Levosulpiride (75mg),207.16,5
MED04570,Dexrabeprazole (20mg) + Domperidone (30mg),105.6,2
MED04571,Dexrabeprazole (5mg),44.5,2
MED04572,Dextran 40 (10gm) + Dextrose (5gm),411.88,2
MED04573,Dextran 40 (10gm) + Sodium Chloride (0.9gm),427.79,2
MED04574,Dextran 70 (0.1% w/v) + Hydroxypropylmethylcellulose (0.3% w/v),196.0,1
MED04575,Dextromethorphan Hydrobromide (10mg),32.5,6
MED04576,Dextromethorphan Hydrobromide (10mg) + Diphenhydramine (8mg),81.45,2
MED04577,Dextromethorphan Hydrobromide (10mg) + Guaifenesin (100mg),47.59,13
MED04578,Dextromethorphan Hydrobromide (10mg) + Guaifenesin (50mg),43.67,3
MED04579,Dextromethorphan Hydrobromide (10mg) + Menthol (1.5mg),53.25,2
MED04580,Dextromethorphan Hydrobromide (10mg) + Menthol (3.75mg),70.55,3
MED04581,Dextromethorphan Hydrobromide (10mg) + Phenylephrine (5mg),41.66,4
MED04582,Dextromethorphan Hydrobromide (10mg) + Phenylpropanolamine (12.5mg),24.0,2
MED04583,Dextromethorphan Hydrobromide (10mg) + Pseudoephedrine (30mg),46.7,12
MED04584,Dextromethorphan Hydrobromide (10mg) + Pseudoephedrine (5mg),70.0,1
MED04585,Dextromethorphan Hydrobromide (10mg) + Triprolidine (1.25mg),57.53,3
MED04586,Dextromethorphan Hydrobromide (10mg/5ml),50.0,1
MED04587,Dextromethorphan Hydrobromide (10mg/5ml) + Guaifenesin (100mg/5ml),76.96,17
MED04588,Dextromethorphan Hydrobromide (10mg/5ml) + Guaifenesin (50mg/5ml),67.5,6
MED04589,Dextromethorphan Hydrobromide (10mg/5ml) + Phenylephrine (5mg),55.0,1
MED04590,Dextromethorphan Hydrobromide (10mg/5ml) + Phenylephrine (5mg/5ml),62.72,5
MED04591,Dextromethorphan Hydrobromide (10mg/5ml) + Promethazine (5mg/5ml),35.0,1
MED04592,Dextromethorphan Hydrobromide (10mg/5ml) + Triprolidine (1.25mg/5ml),71.5,1
MED04593,Dextromethorphan Hydrobromide (15mg),40.7,1
MED04594,Dextromethorphan Hydrobromide (15mg) + Guaifenesin (100mg),50.0,1
MED04595,Dextromethorphan Hydrobromide (15mg) + Levocetirizine (5mg),250.0,1
MED04596,Dextromethorphan Hydrobromide (15mg) + Phenylephrine (5mg),60.6,3
MED04597,Dextromethorphan Hydrobromide (15mg) + Promethazine (5mg),19.72,1
MED04598,Dextromethorphan Hydrobromide (15mg/5ml),78.86,7
MED04599,Dextromethorphan Hydrobromide (15mg/5ml) + Guaifenesin (100mg/5ml),48.0,1
MED04600,Dextromethorphan Hydrobromide (15mg/5ml) + Phenylephrine (5mg/5ml),55.0,1
MED04601,Dextromethorphan Hydrobromide (20mg),45.0,1
MED04602,Dextromethorphan Hydrobromide (2mg) + Guaifenesin (10mg),13.12,1
MED04603,Dextromethorphan Hydrobromide (30mg),57.0,1
MED04604,Dextromethorphan Hydrobromide (30mg/5ml),90.62,5
MED04605,Dextromethorphan Hydrobromide (4mg/5ml) + Guaifenesin (10mg/5ml),31.25,1
MED04606,Dextromethorphan Hydrobromide (5mg),64.4,5
MED04607,Dextromethorphan Hydrobromide (5mg) + Guaifenesin (2.5mg),16.75,1
MED04608,Dextromethorphan Hydrobromide (5mg) + Pseudoephedrine (15mg),56.57,1
MED04609,Dextromethorphan Hydrobromide (5mg/5ml) + Guaifenesin (100mg/5ml),129.0,1
MED04610,Dextromethorphan Hydrobromide (5mg/5ml) + Levocetirizine (2.5mg/5ml),75.0,1
MED04611,Dextromethorphan Hydrobromide (5mg/5ml) + Phenylephrine (5mg/5ml),67.45,2
MED04612,Dextromethorphan Hydrobromide (7.5mg/5ml),93.0,1
MED04613,Dextromethorphan Hydrobromide (7.5mg/5ml) + Pseudoephedrine (15mg/5ml),42.0,1
MED04614,Dextromethorphan Hydrobromide (NA),62.84,6
MED04615,Dextromethorphan Hydrobromide (NA) + Guaifenesin (NA),65.95,4
MED04616,Dextromethorphan Hydrobromide (NA) + Phenylephrine (NA),57.0,1
MED04617,Dextromethorphan Hydrobromide (NA) + Phenylpropanolamine (NA),41.23,3
MED04618,Dextromethorphan Hydrobromide (NA) + Pseudoephedrine (NA),30.19,3
MED04619,Dextropropoxyphene (32.5mg) + Ibuprofen (200mg),7.02,1
MED04620,Dextropropoxyphene (32.5mg) + Paracetamol (500mg),228.57,1
MED04621,Dextropropoxyphene (500mg) + Dicyclomine (20mg),25.62,2
MED04622,Dextropropoxyphene (65mg),82.95,1
MED04623,Dextropropoxyphene (65mg) + Dicyclomine (10mg),29.03,5
MED04624,Dextropropoxyphene (65mg) + Ibuprofen (400mg),32.18,5
MED04625,Dextropropoxyphene (65mg) + Paracetamol (400mg),20.71,4
MED04626,Dextropropoxyphene (65mg) + Paracetamol (650mg),10.74,5
MED04627,Dextropropoxyphene (NA) + Dicyclomine (NA),13.62,2
MED04628,Dextrose (10% w/v),48.38,2
MED04629,Dextrose (25% w/v),19.88,3
MED04630,Dextrose (5% w/v),29.8,5
MED04631,Dextrose (5% w/v) + Sodium Chloride (0.9% w/v),89.39,7
MED04632,Dextrose (5gm),33.43,1
MED04633,Dextrose (5gm) + Sodium Chloride (0.37gm),38.49,2
MED04634,Dextrose (5gm) + Sodium Chloride (0.91mg),30.62,1
MED04635,Dextrose (5gm) + Sodium Chloride (320mg),44.48,1
MED04636,Dextrose (NA) + Sodium Chloride (NA),109.93,1
MED04637,Dextrothyroxine (25mcg),56.35,1
MED04638,Dextrothyroxine (50mcg),65.0,1
MED04639,Di-iodohydroxyquinoline (300mg),47.0,1
MED04640,Diacerein (1% w/w) + Glucosamine (10% w/w),199.0,1
MED04641,Diacerein (100mg),75.0,1
MED04642,Diacerein (20mg),45.65,1
MED04643,Diacerein (20mg) + Glucosamine Sulfate Potassium Chloride (50mg),145.0,1
MED04644,Diacerein (500mg),99.0,1
MED04645,Diacerein (50mg),97.84,112
MED04646,Diacerein (50mg) + Glucosamine (1500mg),258.81,11
MED04647,Diacerein (50mg) + Glucosamine (150mg),177.0,1
MED04648,Diacerein (50mg) + Glucosamine (250mg),75.0,1
MED04649,Diacerein (50mg) + Glucosamine (500mg),134.2,17
MED04650,Diacerein (50mg) + Glucosamine (750mcg),189.9,1
MED04651,Diacerein (50mg) + Glucosamine (750mg),161.02,228
MED04652,Diacerein (50mg) + Glucosamine Sulfate Potassium Chloride (250mg),139.5,1
MED04653,Diacerein (50mg) + Glucosamine Sulfate Potassium Chloride (500mg),188.58,5
MED04654,Diacerein (50mg) + Glucosamine Sulfate Potassium Chloride (750mg),161.54,287
MED04655,Diacerein (50mg) + Paracetamol (325mg),65.0,1
MED04656,Diacerein (75mg) + Glucosamine Sulfate Potassium Chloride (750mg),152.0,1
MED04657,Diacerein (NA),79.73,7
MED04658,Diacerein (NA) + Glucosamine (375mg),48.4,1
MED04659,Diacerein (NA) + Glucosamine (NA),147.76,9
MED04660,Diastase (10mg) + Dimethicone (40mg),33.21,1
MED04661,Diatrizoic Acid (58%),445.41,1
MED04662,Diatrizoic Acid (60%),246.26,3
MED04663,Diatrizoic Acid (65%),283.78,2
MED04664,Diatrizoic Acid (76%),516.63,4
MED04665,Diazepam (10mg),28.73,26
MED04666,Diazepam (2.5mg),45.45,2
MED04667,Diazepam (2.5mg) + Imipramine (25mg),44.5,2
MED04668,Diazepam (2.5mg) + Oxyphenonium (5mg),82.6,1
MED04669,Diazepam (2.5mg) + Propranolol (20mg),32.83,13
MED04670,Diazepam (25mg) + Imipramine (10mg),16.2,1
MED04671,Diazepam (2mg),12.8,8
MED04672,Diazepam (2mg) + Dicyclomine (20mg),36.58,2
MED04673,Diazepam (2mg) + Imipramine (12.5mg),18.0,1
MED04674,Diazepam (2mg) + Imipramine (25mg),15.53,37
MED04675,Diazepam (40mg),30.0,1
MED04676,Diazepam (5mg),20.0,46
MED04677,Diazepam (5mg) + Imipramine (0.25mg),13.0,1
MED04678,Diazepam (5mg) + Imipramine (25mg),17.46,27
MED04679,Diazepam (5mg) + Imipramine (50mg),31.0,1
MED04680,Diazepam (5mg/ml),28.97,3
MED04681,Diazepam (80mg) + Dicyclomine (NA),43.5,1
MED04682,Diazepam (NA),20.46,3
MED04683,Diazepam (NA) + Imipramine (NA),19.88,2
MED04684,Diazepam (NA) + Propranolol (NA),16.64,3
MED04685,Diazoxide (25mg),1747.0,2
MED04686,Dibasic sodium phosphate (0.032% w/w) + Monobasic sodium phosphate (0.009% w/w),109.9,1
MED04687,Dibucaine (1.1% w/w),165.04,1
MED04688,Diclofenac (0.05%) + Paracetamol (NA),16.64,1
MED04689,Diclofenac (0.07%),70.18,1
MED04690,Diclofenac (0.1% w/v),26.81,13
MED04691,Diclofenac (0.1%),9.96,2
MED04692,Diclofenac (0.25mg) + Paracetamol (NA),10.0,1
MED04693,Diclofenac (1% w/v),42.74,2
MED04694,Diclofenac (1% w/w),64.54,38
MED04695,Diclofenac (1% w/w) + Heparin (200IU),115.0,1
MED04696,Diclofenac (1% w/w) + Linseed Oil (0.050% w/w),79.0,1
MED04697,Diclofenac (1% w/w) + Linseed Oil (3% w/w),128.91,19
MED04698,Diclofenac (1%),71.96,20
MED04699,Diclofenac (1.0% w/w) + Tramadol (0.5% w/w),69.0,1
MED04700,Diclofenac (1.16% w/v),125.38,2
MED04701,Diclofenac (1.16% w/v) + Linseed Oil (3% w/v),68.0,1
MED04702,Diclofenac (1.16% w/w),100.52,35
MED04703,Diclofenac (1.16% w/w) + Linseed Oil (3% w/w),94.7,29
MED04704,Diclofenac (1.16% w/w) + Mephenesin (10% w/w),142.5,1
MED04705,Diclofenac (1.16% w/w) + Methyl Salicylate (10% w/w),44.9,1
MED04706,Diclofenac (1.16% w/w) + Tramadol (0.5% w/w),120.0,1
MED04707,Diclofenac (1.16%),58.42,11
MED04708,Diclofenac (1.6% w/w) + Linseed Oil (3% w/w),55.5,1
MED04709,Diclofenac (100mg),64.59,101
MED04710,Diclofenac (100mg) + Dicyclomine (20mg),48.65,1
MED04711,Diclofenac (100mg) + Eperisone (150mg),214.06,13
MED04712,Diclofenac (100mg) + Misoprostol (100mcg),168.32,2
MED04713,Diclofenac (100mg) + Misoprostol (200mcg),235.0,1
MED04714,Diclofenac (100mg) + Paracetamol (325mg),54.94,9
MED04715,Diclofenac (100mg) + Paracetamol (400mg),53.0,1
MED04716,Diclofenac (100mg) + Paracetamol (500mg),44.67,8
MED04717,Diclofenac (100mg) + Rabeprazole (20mg),63.29,27
MED04718,Diclofenac (100mg) + Serratiopeptidase (30mg),144.9,1
MED04719,Diclofenac (100mg) + Serratiopeptidase (500mg),63.0,1
MED04720,Diclofenac (100mg) + Tolperisone (450mg),191.86,5
MED04721,Diclofenac (10mg),31.42,4
MED04722,Diclofenac (10mg) + Methyl Salicylate (50mg),138.9,1
MED04723,Diclofenac (10mg) + Paracetamol (15mg),70.0,1
MED04724,Diclofenac (10mg) + Serratiopeptidase (10mg),5.8,1
MED04725,Diclofenac (10mg) + Serratiopeptidase (50mg),47.73,3
MED04726,Diclofenac (12.5mg),37.88,6
MED04727,Diclofenac (125mg),143.4,1
MED04728,Diclofenac (145.6mg),65.0,1
MED04729,Diclofenac (150mg),118.94,3
MED04730,Diclofenac (15mg),109.0,1
MED04731,Diclofenac (15mg) + Thiocolchicoside (0.25mg),82.5,1
MED04732,Diclofenac (1gm),69.0,1
MED04733,Diclofenac (2% w/w),41.0,1
MED04734,Diclofenac (2.32% w/w),54.0,1
MED04735,Diclofenac (2.32% w/w) + Mephenesin (10% w/w),109.0,1
MED04736,Diclofenac (2.32% w/w) + Methyl Salicylate (10% w/w),147.62,2
MED04737,Diclofenac (200mg),97.49,4
MED04738,Diclofenac (200mg) + Paracetamol (400mg),4.37,1
MED04739,Diclofenac (250mg),75.0,1
MED04740,Diclofenac (250mg) + Dicyclomine (10mg),79.0,1
MED04741,Diclofenac (25mg),11.63,112
MED04742,Diclofenac (25mg) + Dicyclomine (10mg),9.0,1
MED04743,Diclofenac (25mg) + Paracetamol (325mg),53.6,2
MED04744,Diclofenac (25mg) + Paracetamol (500mg),17.13,1
MED04745,Diclofenac (25mg) + Paracetamol (75mg),20.87,10
MED04746,Diclofenac (25mg) + Serratiopeptidase (10mg),19.63,1
MED04747,Diclofenac (25mg/1ml),8.49,6
MED04748,Diclofenac (25mg/ml),13.54,33
MED04749,Diclofenac (25mg/ml) + Dicyclomine (10mg/ml),16.85,4
MED04750,Diclofenac (3% w/w),101.39,1
MED04751,Diclofenac (3% w/w) + Lidocaine (2.5% w/w),137.5,2
MED04752,Diclofenac (30gm),84.55,1
MED04753,Diclofenac (30mg) + Paracetamol (50mg),12.8,1
MED04754,Diclofenac (30mg) + Paracetamol (NA),11.06,1
MED04755,Diclofenac (30mg) + Tramadol (NA),95.0,1
MED04756,Diclofenac (325mg) + Dicyclomine (20mg),55.0,1
MED04757,Diclofenac (37.5mg) + Thiocolchicoside (2mg),48.47,7
MED04758,Diclofenac (4% w/v),225.88,2
MED04759,Diclofenac (4% w/w),139.99,2
MED04760,Diclofenac (4% w/w) + Gabapentin (8% w/w),258.5,1
MED04761,Diclofenac (4.64% w/w) + Gabapentin (8% w/w),218.9,1
MED04762,Diclofenac (400mg),43.02,1
MED04763,Diclofenac (400mg) + Paracetamol (500mg),15.47,1
MED04764,Diclofenac (46.5mg) + Paracetamol (325mg),118.0,1
MED04765,Diclofenac (500mg) + Paracetamol (325mg),29.25,2
MED04766,Diclofenac (500mg) + Paracetamol (500mg),28.94,2
MED04767,Diclofenac (500mg) + Paracetamol (50mg),62.4,1
MED04768,Diclofenac (500mg) + Paracetamol (NA),26.5,2
MED04769,Diclofenac (50mg),23.7,171
MED04770,Diclofenac (50mg) + Dicyclomine (10mg),15.0,1
MED04771,Diclofenac (50mg) + Dicyclomine (20mg),30.01,44
MED04772,Diclofenac (50mg) + Drotaverine (80mg),77.93,4
MED04773,Diclofenac (50mg) + Eperisone (150mg),224.67,3
MED04774,Diclofenac (50mg) + Famotidine (20mg),36.53,5
MED04775,Diclofenac (50mg) + Fenpiverinium (0.1mg),35.25,4
MED04776,Diclofenac (50mg) + Magnesium Trisilicate (100mg),18.52,24
MED04777,Diclofenac (50mg) + Magnesium Trisilicate (50mg),14.65,3
MED04778,Diclofenac (50mg) + Metaxalone (400mg),136.82,53
MED04779,Diclofenac (50mg) + Methocarbamol (300mg),33.3,1
MED04780,Diclofenac (50mg) + Misoprostol (100mcg),103.33,3
MED04781,Diclofenac (50mg) + Misoprostol (200mcg),89.0,1
MED04782,Diclofenac (50mg) + Nimesulide (100mg),26.9,19
MED04783,Diclofenac (50mg) + Nimesulide (50mg),49.0,1
MED04784,Diclofenac (50mg) + Omeprazole (10mg),54.0,2
MED04785,Diclofenac (50mg) + Paracetamol (100mg),35.0,1
MED04786,Diclofenac (50mg) + Paracetamol (10mg),52.5,2
MED04787,Diclofenac (50mg) + Paracetamol (125mg),35.0,1
MED04788,Diclofenac (50mg) + Paracetamol (15mg),72.0,1
MED04789,Diclofenac (50mg) + Paracetamol (250mg),20.5,2
MED04790,Diclofenac (50mg) + Paracetamol (320mg),53.0,1
MED04791,Diclofenac (50mg) + Paracetamol (325mg),61.24,1419
MED04792,Diclofenac (50mg) + Paracetamol (350mg),11.25,1
MED04793,Diclofenac (50mg) + Paracetamol (500mg),36.58,528
MED04794,Diclofenac (50mg) + Paracetamol (50mg),72.0,1
MED04795,Diclofenac (50mg) + Paracetamol (625mg),18.0,1
MED04796,Diclofenac (50mg) + Paracetamol (650mg),21.27,7
MED04797,Diclofenac (50mg) + Paracetamol (NA),5.5,2
MED04798,Diclofenac (50mg) + Rabeprazole (10mg),22.5,1
MED04799,Diclofenac (50mg) + Rabeprazole (20mg),61.19,1
MED04800,Diclofenac (50mg) + Serratiopeptidase (10mg),62.86,918
MED04801,Diclofenac (50mg) + Serratiopeptidase (15mg),65.89,64
MED04802,Diclofenac (50mg) + Serratiopeptidase (30mg),59.0,1
MED04803,Diclofenac (50mg) + Serratiopeptidase (500mg),38.48,1
MED04804,Diclofenac (50mg) + Serratiopeptidase (NA),65.71,1
MED04805,Diclofenac (50mg) + Thiocolchicoside (4mg),145.98,43
MED04806,Diclofenac (50mg) + Thiocolchicoside (8mg),197.52,22
MED04807,Diclofenac (50mg) + Tizanidine (2mg),50.75,17
MED04808,Diclofenac (50mg) + Tolperisone (150mg),154.89,39
MED04809,Diclofenac (50mg) + Tranexamic Acid (500mg),266.65,1
MED04810,Diclofenac (50mg) + Trypsin Chymotrypsin (100000AU),92.46,2
MED04811,Diclofenac (50mg) + Trypsin Chymotrypsin (100000IU),90.0,1
MED04812,Diclofenac (50mg) + Trypsin Chymotrypsin (50000AU),92.36,13
MED04813,Diclofenac (50mg) + Trypsin Chymotrypsin (50000IU),88.71,22
MED04814,Diclofenac (50mg) + Trypsin Chymotrypsin (5000IU),67.62,1
MED04815,Diclofenac (5mg) + Serratiopeptidase (10mg),16.15,1
MED04816,Diclofenac (60mg) + Tramadol (NA),125.0,1
MED04817,Diclofenac (75mg),20.93,749
MED04818,Diclofenac (75mg) + Famotidine (20mg),57.4,2
MED04819,Diclofenac (75mg) + Fenpiverinium (0.04mg),14.0,1
MED04820,Diclofenac (75mg) + Misoprostol (200mcg),178.0,1
MED04821,Diclofenac (75mg) + Pantoprazole (20mg),36.81,1
MED04822,Diclofenac (75mg) + Pantoprazole (40mg),72.1,1
MED04823,Diclofenac (75mg) + Paracetamol (225mg),15.31,1
MED04824,Diclofenac (75mg) + Paracetamol (325mg),80.0,2
MED04825,Diclofenac (75mg) + Paracetamol (500mg),70.2,9
MED04826,Diclofenac (75mg) + Pitofenone (3.99mg),12.0,1
MED04827,Diclofenac (75mg) + Serratiopeptidase (15mg),68.65,8
MED04828,Diclofenac (75mg) + Thiocolchicoside (4mg),141.0,1
MED04829,Diclofenac (75mg) + Tramadol (18.75mg),58.0,1
MED04830,Diclofenac (75mg) + Tramadol (50mg),121.01,10
MED04831,Diclofenac (75mg/1ml),14.8,2
MED04832,Diclofenac (75mg/3ml),9.11,7
MED04833,Diclofenac (75mg/ml),18.38,22
MED04834,Diclofenac (NA),46.11,97
MED04835,Diclofenac (NA) + Dicyclomine (NA),36.97,5
MED04836,Diclofenac (NA) + Linseed Oil (NA),76.5,1
MED04837,Diclofenac (NA) + Paracetamol (NA),44.37,35
MED04838,Diclofenac (NA) + Serratiopeptidase (NA),62.93,11
MED04839,Diclofenac (NA) + Tramadol (NA),99.0,1
MED04840,Diclofenac (NA) + Zinc Carnosine (NA),95.7,1
MED04841,Diclofenac diethylamine (1% w/w) + Linseed Oil (3% w/w),100.98,6
MED04842,Diclofenac diethylamine (1% w/w) + Methyl Salicylate (10% w/w),86.67,3
MED04843,Diclofenac diethylamine (1.16% w/v) + Linseed Oil (3% w/v),145.0,3
MED04844,Diclofenac diethylamine (1.16% w/w) + Linseed Oil (10% w/w),65.0,1
MED04845,Diclofenac diethylamine (1.16% w/w) + Linseed Oil (3% w/w),100.89,100
MED04846,Diclofenac diethylamine (1.16% w/w) + Methyl Salicylate (10% w/w),81.98,10
MED04847,Diclofenac diethylamine (1.16% w/w) + Thiocolchicoside (0.125% w/w),196.0,1
MED04848,Diclofenac diethylamine (10mg) + Methyl Salicylate (150mg),175.0,1
MED04849,Diclofenac diethylamine (11.6mg) + Methyl Salicylate (100mg),25.0,1
MED04850,Diclofenac diethylamine (2.32% w/v) + Methyl Salicylate (10% w/v),228.13,3
MED04851,Diclofenac diethylamine (2.32% w/w) + Linseed Oil (3% w/w),109.33,3
MED04852,Diclofenac diethylamine (2.32% w/w) + Methyl Salicylate (10% w/w),200.0,1
MED04853,Diclofenac diethylamine (4.64% w/w),110.0,1
MED04854,Diclofenac diethylamine (4.64% w/w) + Methyl Salicylate (10% w/w),94.0,1
MED04855,Dicloxacillin (250mg),35.6,1
MED04856,Dicloxacillin (500mg),64.8,1
MED04857,Dicyclomine (100mg),9.28,2
MED04858,Dicyclomine (100mg) + Mefenamic Acid (250mg),32.0,1
MED04859,Dicyclomine (100mg) + Mefenamic Acid (5mg),15.75,1
MED04860,Dicyclomine (10mg),24.8,22
MED04861,Dicyclomine (10mg) + Dimethicone (40mg),28.74,67
MED04862,Dicyclomine (10mg) + Dimethicone (40mg/1ml),28.0,1
MED04863,Dicyclomine (10mg) + Dimethicone (50mg),23.0,1
MED04864,Dicyclomine (10mg) + Famotidine (20mg),29.0,1
MED04865,Dicyclomine (10mg) + Magaldrate (400mg),56.38,2
MED04866,Dicyclomine (10mg) + Magaldrate (480mg),117.0,1
MED04867,Dicyclomine (10mg) + Mefenamic Acid (100mg),29.98,1
MED04868,Dicyclomine (10mg) + Mefenamic Acid (150mg),29.33,3
MED04869,Dicyclomine (10mg) + Mefenamic Acid (250mg),32.02,364
MED04870,Dicyclomine (10mg) + Mefenamic Acid (40mg),18.8,2
MED04871,Dicyclomine (10mg) + Mefenamic Acid (500mg),54.67,3
MED04872,Dicyclomine (10mg) + Mefenamic Acid (50mg),25.12,4
MED04873,Dicyclomine (10mg) + Metronidazole (200mg),19.0,1
MED04874,Dicyclomine (10mg) + Nimesulide (100mg),25.09,12
MED04875,Dicyclomine (10mg) + Nimesulide (50mg),27.73,3
MED04876,Dicyclomine (10mg) + Omeprazole (10mg),46.22,6
MED04877,Dicyclomine (10mg) + Paracetamol (125mg),30.0,1
MED04878,Dicyclomine (10mg) + Paracetamol (250mg),27.0,2
MED04879,Dicyclomine (10mg) + Paracetamol (325mg),38.06,17
MED04880,Dicyclomine (10mg) + Paracetamol (350mg),20.0,1
MED04881,Dicyclomine (10mg) + Paracetamol (40mg),16.81,2
MED04882,Dicyclomine (10mg) + Paracetamol (500mg),12.94,7
MED04883,Dicyclomine (10mg) + Ranitidine (150mg),16.69,21
MED04884,Dicyclomine (10mg) + Ranitidine (300mg),5.35,1
MED04885,Dicyclomine (10mg) + Simethicone (25mg),118.5,1
MED04886,Dicyclomine (10mg) + Simethicone (40mg),41.77,73
MED04887,Dicyclomine (10mg) + Simethicone (40mg/5ml),38.0,1
MED04888,Dicyclomine (10mg/1ml) + Dimethicone (40mg/1ml),28.0,1
MED04889,Dicyclomine (10mg/5ml) + Dimethicone (40mg/5ml),35.69,5
MED04890,Dicyclomine (10mg/5ml) + Simethicone (40mg/5ml),54.21,8
MED04891,Dicyclomine (10mg/ml),35.0,1
MED04892,Dicyclomine (10mg/ml) + Dimethicone (40mg/ml),38.5,2
MED04893,Dicyclomine (10mg/ml) + Simethicone (40mg/ml),44.0,2
MED04894,Dicyclomine (10mspores) + Loperamide (2mspores),20.0,1
MED04895,Dicyclomine (15mg) + Mefenamic Acid (500mg),130.81,1
MED04896,Dicyclomine (15mg) + Omeprazole (10mg),14.61,2
MED04897,Dicyclomine (15mg) + Paracetamol (325mg),8.0,1
MED04898,Dicyclomine (15mg) + Paracetamol (500mg),9.0,1
MED04899,Dicyclomine (20mg),33.75,5
MED04900,Dicyclomine (20mg) + Ethylmorphine (11mg),32.6,2
MED04901,Dicyclomine (20mg) + Magaldrate (540mg),53.0,1
MED04902,Dicyclomine (20mg) + Magnesium Trisilicate (250mg),19.0,1
MED04903,Dicyclomine (20mg) + Mefenamic Acid (200mg),18.0,1
MED04904,Dicyclomine (20mg) + Mefenamic Acid (250mg),40.65,86
MED04905,Dicyclomine (20mg) + Mefenamic Acid (500mg),33.77,21
MED04906,Dicyclomine (20mg) + Metronidazole (200mg),8.4,1
MED04907,Dicyclomine (20mg) + Nimesulide (100mg),26.04,38
MED04908,Dicyclomine (20mg) + Paracetamol (100mg),167.52,1
MED04909,Dicyclomine (20mg) + Paracetamol (325mg),33.28,61
MED04910,Dicyclomine (20mg) + Paracetamol (500mg),26.68,165
MED04911,Dicyclomine (20mg) + Paracetamol (650mg),19.33,3
MED04912,Dicyclomine (20mg) + Ranitidine (100mg),14.5,1
MED04913,Dicyclomine (20mg) + Ranitidine (150mg),22.75,2
MED04914,Dicyclomine (20mg) + Tramadol (100mg),115.5,1
MED04915,Dicyclomine (20mg) + Tramadol (50mg),92.0,1
MED04916,Dicyclomine (40mg),38.0,1
MED04917,Dicyclomine (40mg) + Mefenamic Acid (10mg),199.0,1
MED04918,Dicyclomine (50gm) + Paracetamol (125mg),35.0,1
MED04919,Dicyclomine (5mg) + Magaldrate (300mg),75.0,1
MED04920,Dicyclomine (5mg) + Mefenamic Acid (250mg),21.0,1
MED04921,Dicyclomine (5mg) + Paracetamol (125mg),35.17,3
MED04922,Dicyclomine (5mg) + Simethicone (25mg),45.0,1
MED04923,Dicyclomine (5mg) + Simethicone (50mg),25.0,1
MED04924,Dicyclomine (6mg) + Methylpolysiloxane (50mg),69.3,1
MED04925,Dicyclomine (80mg) + Mefenamic Acid (250mg),25.0,1
MED04926,Dicyclomine (80mg) + Mefenamic Acid (500mg),35.0,1
MED04927,Dicyclomine (NA),18.93,4
MED04928,Dicyclomine (NA) + Dimethicone (NA),20.85,1
MED04929,Dicyclomine (NA) + Magaldrate (NA),33.63,1
MED04930,Dicyclomine (NA) + Mefenamic Acid (NA),29.05,4
MED04931,Dicyclomine (NA) + Paracetamol (NA),24.97,11
MED04932,Dicyclomine (NA) + Ranitidine (NA),53.1,1
MED04933,Didanosine (100mg),929.75,1
MED04934,Didanosine (250mg),891.34,3
MED04935,Didanosine (250mg) + Lamivudine (300mg),107.0,1
MED04936,Didanosine (400mg),1417.04,3
MED04937,Didanosine (400mg) + Lamivudine (300mg),125.19,1
MED04938,Dienogest (2mg),634.34,45
MED04939,Dienogest (2mg) + Ethinyl Estradiol (30mcg),489.06,4
MED04940,Diethylcarbamazine (100mg),33.88,9
MED04941,Diethylcarbamazine (100mg) + Guaifenesin (60mg),25.05,2
MED04942,Diethylcarbamazine (120mg),43.87,5
MED04943,Diethylcarbamazine (150mg),32.73,7
MED04944,Diethylcarbamazine (150mg) + Levocetirizine (2.5mg),34.57,5
MED04945,Diethylcarbamazine (300mg),24.4,1
MED04946,Diethylcarbamazine (300mg) + Levocetirizine (5mg),45.9,2
MED04947,Diethylcarbamazine (50mg),34.53,5
MED04948,Diethylcarbamazine (50mg/5ml) + Levocetirizine (2.5mg/5ml),65.0,1
MED04949,Diethylcarbamazine (NA),21.78,1
MED04950,Diethylcarbamazine (NA) + Guaifenesin (250mg),55.0,1
MED04951,Diethylcarbamazine (NA) + Guaifenesin (50mg),65.5,1
MED04952,Diflorasone Diacetate (0.05%),68.0,1
MED04953,Difluprednate (0.005% w/v) + Moxifloxacin (0.5% w/v),145.0,1
MED04954,Difluprednate (0.05% w/v),121.72,17
MED04955,Difluprednate (0.05% w/v) + Moxifloxacin (0.5% w/v),188.25,8
MED04956,Difluprednate (0.05% w/w) + Gatifloxacin (0.3% w/w),122.0,1
MED04957,Difluprednate (0.5mg),189.0,1
MED04958,Difluprednate (0.5mg) + Moxifloxacin (5mg),141.0,3
MED04959,Difluprednate (NA) + Moxifloxacin (5mg),170.0,1
MED04960,Digoxin (0.25mg),11.48,16
MED04961,Digoxin (0.5mg),8.39,2
MED04962,Digoxin (1% w/v),20.52,1
MED04963,Digoxin (3mg),89.0,2
MED04964,Digoxin (500mcg/2ml),11.0,1
MED04965,Digoxin (50mcg/ml),57.58,2
MED04966,Dihydralazine (10mg) + Reserpine (0.1mg),13.05,2
MED04967,Dihydralazine (25mg),112.82,2
MED04968,Dill Oil (0.005mg) + Fennel Oil (0.0007ml),78.85,1
MED04969,Dill Oil (0.005ml) + Dimethicone (40mg),53.0,2
MED04970,Dill Oil (0.005ml) + Fennel Oil (0.0007ml),56.93,7
MED04971,Dill Oil (0.005ml) + Fennel Oil (0.005ml),55.0,1
MED04972,Dill Oil (0.005ml/5ml) + Fennel Oil (0.0035ml/5ml),110.0,1
MED04973,Dill Oil (0.005ml/5ml) + Fennel Oil (0.007ml/5ml),90.0,1
MED04974,Diloxanide (125mg) + Metronidazole (100mg),20.69,5
MED04975,Diloxanide (125mg) + Tinidazole (150mg),25.0,1
MED04976,Diloxanide (250mg) + Metronidazole (200mg),16.82,9
MED04977,Diloxanide (250mg) + Tinidazole (300mg),33.81,19
MED04978,Diloxanide (300mg) + Tinidazole (200mg),52.0,1
MED04979,Diloxanide (375mg) + Ornidazole (250mg),96.03,3
MED04980,Diloxanide (500mg),12.3,2
MED04981,Diloxanide (500mg) + Metronidazole (400mg),22.27,13
MED04982,Diloxanide (500mg) + Tinidazole (300mg),28.65,1
MED04983,Diloxanide (500mg) + Tinidazole (500mg),25.3,1
MED04984,Diloxanide (500mg) + Tinidazole (600mg),26.71,1
MED04985,Diloxanide (62.5mg) + Tinidazole (75mg),88.3,1
MED04986,Diloxanide (NA) + Metronidazole (NA),30.47,1
MED04987,Diltiazem (10mg),36.0,1
MED04988,Diltiazem (120mg),100.16,16
MED04989,Diltiazem (180mg),208.07,5
MED04990,Diltiazem (2% w/v),25.3,1
MED04991,Diltiazem (2% w/w),147.59,4
MED04992,Diltiazem (2% w/w) + Lidocaine (2% w/w),250.0,1
MED04993,Diltiazem (20mg),94.86,1
MED04994,Diltiazem (240mg),158.49,2
MED04995,Diltiazem (30mg),23.38,46
MED04996,Diltiazem (5mg/ml),19.43,1
MED04997,Diltiazem (60mg),48.59,35
MED04998,Diltiazem (80mg),65.0,1
MED04999,Diltiazem (90mg),81.37,33
MED05000,Dimenhydrinate (15.625mg/5ml),8.99,1
MED05001,Dimenhydrinate (50mg),28.6,4
MED05002,Dimercaprol (100mg),311.63,1
MED05003,Dimethicone (10%),51.0,1
MED05004,Dimethicone (1000CST),2145.0,1
MED05005,Dimethicone (10ml),1785.71,1
MED05006,Dimethicone (12% w/w) + Hydrocortisone (0.5% w/w),556.0,1
MED05007,Dimethicone (125mg) + Domperidone (10mg),33.66,2
MED05008,Dimethicone (125mg) + Levosulpiride (25mg),105.0,1
MED05009,Dimethicone (125mg) + Mosapride (10mg),24.95,1
MED05010,Dimethicone (125mg) + Mosapride (5mg),64.1,2
MED05011,Dimethicone (1300CST),2376.0,1
MED05012,Dimethicone (20% w/w) + Sucralfate (7% w/w),50.0,1
MED05013,Dimethicone (20mg),42.33,1
MED05014,Dimethicone (20mg) + Magaldrate (400mg),120.94,2
MED05015,Dimethicone (20mg) + Magaldrate (480mg),52.5,1
MED05016,Dimethicone (20mg/5ml) + Magaldrate (400mg/5ml),48.0,1
MED05017,Dimethicone (40mg),6.48,2
MED05018,Dimethicone (40mg) + Pancreatin (170mg),84.0,1
MED05019,Dimethicone (40mg) + Pancreatin (192mg),66.0,1
MED05020,Dimethicone (50mg) + Magaldrate (400mg),34.6,1
MED05021,Dimethicone (50mg) + Magaldrate (480mg),52.0,1
MED05022,Dimethicone (50mg) + Pancreatin (175mg),51.5,2
MED05023,Dimethicone (60mg) + Magaldrate (400mg),25.0,1
MED05024,Dimethicone (60mg) + Pancreatin (200mg),59.0,1
MED05025,Dimethicone (80mg) + Pancreatin (170mg),106.45,16
MED05026,Dimethicone (NA),59.55,1
MED05027,Dimethicone (NA) + Pancreatin (NA),69.61,5
MED05028,Dimethindene (1mg),36.96,1
MED05029,Dimethindene (2.5mg),57.57,2
MED05030,Dimethyl fumarate (120mg),5370.2,5
MED05031,Dimethyl fumarate (240mg),6083.6,5
MED05032,Dinoprostone (0.5mg),265.33,4
MED05033,Dinoprostone (10mg),2887.5,1
MED05034,Dioctyl sodium sulfosuccinate (0.5% w/v),63.0,1
MED05035,Diosmin (1000mg),270.0,1
MED05036,Diosmin (150mg),115.03,1
MED05037,Diosmin (300mg),110.74,3
MED05038,Diosmin (450mg),271.35,2
MED05039,Diosmin (450mg) + Hesperidin (50mg),175.56,4
MED05040,Diosmin (500mg),103.65,2
MED05041,Diosmin (900mg),495.46,1
MED05042,Diosmin (900mg) + Hesperidin (100mg),233.0,4
MED05043,Diosmin (NA),183.0,1
MED05044,Diphenhydramine (125mg),20.0,1
MED05045,Diphenhydramine (15mg) + Sodium Citrate (50mg),19.0,1
MED05046,Diphenhydramine (15mg/5ml) + Sodium Citrate (80mg/5ml),73.0,1
MED05047,Diphenhydramine (2% w/w),108.0,1
MED05048,Diphenhydramine (250mg),43.5,1
MED05049,Diphenhydramine (25mg),29.79,11
MED05050,Diphenhydramine (75mg),50.0,1
MED05051,Diphenhydramine (8mg/5ml) + Guaifenesin (50mg/5ml),108.0,1
MED05052,Diphenhydramine (NA),13.12,1
MED05053,Diphenhydramine (NA) + Menthol (1mg),29.83,1
MED05054,Diphenhydramine (NA) + Menthol (2mg),34.63,1
MED05055,Diphenhydramine (NA) + Menthol (NA),50.51,12
MED05056,Diphtheria Immune Globulin (20IU) + Haemophilus Type B Conjugate Vaccine (12mcg),4095.0,1
MED05057,Diphtheria Immune Globulin (30IU) + Haemophilus Influenzae Type B Capsular Polysaccharide (10mcg),450.0,1
MED05058,Diphtheria Immune Globulin (30IU) + Haemophilus Type B Conjugate Vaccine (10mcg),2632.0,1
MED05059,Diphtheria Toxoid (20LF) + Tetanus Toxoid (5LF),125.0,1
MED05060,Diphtheria Toxoid (2520LF) + Tetanus Toxoid (57.5LF),235.12,1
MED05061,Diphtheria Toxoid (25LF) + Haemophilus Type B Conjugate Vaccine (10mcg),642.85,1
MED05062,Diphtheria Toxoid (25LF) + Tetanus Toxoid (15LF),103.7,1
MED05063,Diphtheria Toxoid (25LF) + Tetanus Toxoid (5LF),31.17,3
MED05064,Diphtheria Toxoid (2IU) + Tetanus Toxoid (20IU),662.45,2
MED05065,Diphtheria Toxoid (30IU) + Haemophilus Influenzae Type B Capsular Polysaccharide (10mcg),2995.0,1
MED05066,Diphtheria Toxoid (30IU) + Haemophilus Type B Conjugate Vaccine (10mcg),631.42,2
MED05067,Diphtheria Toxoid (30IU) + Tetanus Toxoid (40IU),1232.78,8
MED05068,Diphtheria Toxoid (30IU) + Tetanus Toxoid (60IU),503.54,8
MED05069,"Diphtheria Toxoid (48mcg) + Meningococcal Vaccine (Group A, C, Y & W-135) (16mcg)",5440.0,1
MED05070,Diphtheria Toxoid (5LF) + Tetanus Toxoid (22.5LF),1160.0,1
MED05071,Diphtheria Toxoid (5LF) + Tetanus Toxoid (5LF),96.41,2
MED05072,Diphtheria Toxoid (NA) + Tetanus Toxoid (NA),910.0,1
MED05073,Dipyridamole (100mg),21.99,3
MED05074,Dipyridamole (75mg),23.0,2
MED05075,Dipyridamole (NA),74.37,1
MED05076,Disodium Hydrogen Citrate (1.14gm/5ml),58.0,1
MED05077,Disodium Hydrogen Citrate (1.1gm),88.75,2
MED05078,Disodium Hydrogen Citrate (1.25gm),63.18,15
MED05079,Disodium Hydrogen Citrate (1.25gm/5ml),69.46,19
MED05080,Disodium Hydrogen Citrate (1.25mg),70.0,2
MED05081,Disodium Hydrogen Citrate (1.25mg/5ml),44.67,3
MED05082,Disodium Hydrogen Citrate (1.2gm),18.5,1
MED05083,Disodium Hydrogen Citrate (1.33gm/5ml),26.0,1
MED05084,Disodium Hydrogen Citrate (1.375gm),29.0,1
MED05085,Disodium Hydrogen Citrate (1.37gm),63.77,25
MED05086,Disodium Hydrogen Citrate (1.37gm/5ml),68.27,34
MED05087,Disodium Hydrogen Citrate (1.37mg),49.5,1
MED05088,Disodium Hydrogen Citrate (1.37mg/5ml),125.0,1
MED05089,Disodium Hydrogen Citrate (1.38gm),60.5,20
MED05090,Disodium Hydrogen Citrate (1.3gm),23.5,1
MED05091,Disodium Hydrogen Citrate (1.3mg),15.0,1
MED05092,Disodium Hydrogen Citrate (1.42gm),27.5,1
MED05093,Disodium Hydrogen Citrate (1.49gm),36.0,1
MED05094,Disodium Hydrogen Citrate (1.4gm),58.29,40
MED05095,Disodium Hydrogen Citrate (1.4gm/5ml),81.56,42
MED05096,Disodium Hydrogen Citrate (1.4mg),35.0,1
MED05097,Disodium Hydrogen Citrate (1.4mg/5ml),48.0,1
MED05098,Disodium Hydrogen Citrate (1.53gm),62.62,24
MED05099,Disodium Hydrogen Citrate (1.53gm/5ml),66.12,26
MED05100,Disodium Hydrogen Citrate (1.53mg),53.5,2
MED05101,Disodium Hydrogen Citrate (1.53mg/5ml),58.67,3
MED05102,Disodium Hydrogen Citrate (1.55mg),25.8,1
MED05103,Disodium Hydrogen Citrate (1.5gm),64.5,2
MED05104,Disodium Hydrogen Citrate (1.5mg),42.5,2
MED05105,Disodium Hydrogen Citrate (1.5mg/5ml),65.0,1
MED05106,Disodium Hydrogen Citrate (1000mg),39.0,1
MED05107,Disodium Hydrogen Citrate (1250mg),28.5,1
MED05108,Disodium Hydrogen Citrate (125mg/5ml),35.0,1
MED05109,Disodium Hydrogen Citrate (1300mg),29.0,1
MED05110,Disodium Hydrogen Citrate (130mg),150.0,1
MED05111,Disodium Hydrogen Citrate (4.14gm),26.4,1
MED05112,Disodium Hydrogen Citrate (625mg/5ml),107.5,1
MED05113,Disodium Hydrogen Citrate (NA),54.81,20
MED05114,Disodium edetate (150mg),110.0,1
MED05115,Disodium edetate (250mg),53.9,1
MED05116,Disodium edetate (37.5mg),749.0,1
MED05117,Disopyramide (100mg),133.31,3
MED05118,Disulfiram (250mg),31.75,29
MED05119,Disulfiram (500mg),60.0,22
MED05120,Dithranol (0.25% w/w),28.72,1
MED05121,Dithranol (1.15% w/w),32.82,1
MED05122,Dithranol (1.15% w/w) + Salicylic Acid (1.15% w/w),109.79,1
MED05123,Divalproex (1000mg),158.78,54
MED05124,Divalproex (100mg),35.48,2
MED05125,Divalproex (125mg),42.34,22
MED05126,Divalproex (200mg),39.25,4
MED05127,Divalproex (250mg),74.16,161
MED05128,Divalproex (250mg/5ml),189.98,4
MED05129,Divalproex (300mg),48.74,3
MED05130,Divalproex (500mg),128.81,202
MED05131,Divalproex (500mg/5ml),436.69,3
MED05132,Divalproex (750mcg),114.9,1
MED05133,Divalproex (750mg),147.35,62
MED05134,Divalproex (75mg),75.88,1
MED05135,Divalproex (NA),50.51,1
MED05136,Dobutamine (250mg),303.69,23
MED05137,Dobutamine (250mg/5ml),180.0,1
MED05138,Dobutamine (40mg),209.0,1
MED05139,Dobutamine (50mg),371.86,6
MED05140,Dobutamine (50mg/ml),70.0,1
MED05141,Docetaxel (120mg),13060.02,43
MED05142,Docetaxel (20mg),3213.1,46
MED05143,Docetaxel (20mg/ml),5000.0,1
MED05144,Docetaxel (80mg),10280.26,43
MED05145,Docosahexanoic acid(DHA) (1.44gm) + Eicosapentaenoic acid (1.25gm),935.0,1
MED05146,Docosahexanoic acid(DHA) (120mg) + Eicosapentaenoic Acid (180mg),235.43,14
MED05147,Docosahexanoic acid(DHA) (120mg) + Eicosapentaenoic acid (180mg),144.75,4
MED05148,Docosahexanoic acid(DHA) (200mg),1200.0,1
MED05149,Docosahexanoic acid(DHA) (200mg) + Pyridoxal-5-phosphate (0.5mg),187.18,3
MED05150,Docosahexanoic acid(DHA) (200mg) + Pyridoxal-5-phosphate (1.5mg),150.0,1
MED05151,Docosahexanoic acid(DHA) (200mg) + Pyridoxal-5-phosphate (2mg),152.0,1
MED05152,Docosahexanoic acid(DHA) (220mg) + Eicosapentaenoic acid (330mg),149.0,1
MED05153,Docosahexanoic acid(DHA) (60mg) + Eicosapentaenoic Acid (90mg),325.5,4
MED05154,Docosahexanoic acid(DHA) (NA) + Eicosapentaenoic acid (NA),194.12,5
MED05155,Docusate (100mg),30.36,2
MED05156,Dolutegravir (50mg),3563.01,1
MED05157,Dolutegravir (50mg) + Emtricitabine (200mg),4388.5,1
MED05158,Dolutegravir (50mg) + Lamivudine (300mg),3935.5,2
MED05159,Domperidone (100mg) + Rabeprazole (20mg),69.0,1
MED05160,Domperidone (10mg),24.53,183
MED05161,Domperidone (10mg) + Esomeprazole (20mg),60.66,11
MED05162,Domperidone (10mg) + Esomeprazole (40mg),109.4,6
MED05163,Domperidone (10mg) + Famotidine (20mg),28.13,3
MED05164,Domperidone (10mg) + Flunarizine (10mg),85.0,1
MED05165,Domperidone (10mg) + Flunarizine (5mg),50.25,17
MED05166,Domperidone (10mg) + Lansoprazole (15mg),35.0,1
MED05167,Domperidone (10mg) + Lansoprazole (30mg),59.61,35
MED05168,Domperidone (10mg) + Magaldrate (400mg),71.67,3
MED05169,Domperidone (10mg) + Magaldrate (450mg),32.0,1
MED05170,Domperidone (10mg) + Magaldrate (480mg),76.66,23
MED05171,Domperidone (10mg) + Magaldrate (540mg),99.0,1
MED05172,Domperidone (10mg) + Naproxen (250mg),70.03,49
MED05173,Domperidone (10mg) + Naproxen (500mg),106.76,81
MED05174,Domperidone (10mg) + Omeprazole (10mg),48.36,25
MED05175,Domperidone (10mg) + Omeprazole (15mg),30.0,1
MED05176,Domperidone (10mg) + Omeprazole (20mg),56.21,1039
MED05177,Domperidone (10mg) + Pantoprazole (20mg),61.08,128
MED05178,Domperidone (10mg) + Pantoprazole (40mg),69.25,931
MED05179,Domperidone (10mg) + Pantoprazole (500mg),25.0,1
MED05180,Domperidone (10mg) + Paracetamol (325mg),58.26,88
MED05181,Domperidone (10mg) + Paracetamol (500mg),38.8,45
MED05182,Domperidone (10mg) + Paracetamol (650mg),49.5,1
MED05183,Domperidone (10mg) + Rabeprazole (10mg),68.75,1
MED05184,Domperidone (10mg) + Rabeprazole (20mg),67.48,628
MED05185,Domperidone (10mg) + Rabeprazole (30mg),60.0,1
MED05186,Domperidone (10mg) + Rabeprazole (40mg),71.0,3
MED05187,Domperidone (10mg) + Ranitidine (10mg),26.22,2
MED05188,Domperidone (10mg) + Ranitidine (150mg),23.88,64
MED05189,Domperidone (10mg) + Sucralfate (500mg),50.0,1
MED05190,Domperidone (10mg/5ml) + Magaldrate (480mg/5ml),66.0,1
MED05191,Domperidone (10mg/ml),79.85,1
MED05192,Domperidone (15mg) + Esomeprazole (20mg),49.9,1
MED05193,Domperidone (15mg) + Omeprazole (10mg),40.57,12
MED05194,Domperidone (15mg) + Pantoprazole (40mg),120.0,1
MED05195,Domperidone (15mg) + Paracetamol (500mg),59.0,1
MED05196,Domperidone (15mg) + Rabeprazole (10mg),52.0,1
MED05197,Domperidone (15mg) + Ranitidine (150mg),24.5,1
MED05198,Domperidone (1mg),31.83,22
MED05199,Domperidone (1mg/1ml),20.4,1
MED05200,Domperidone (1mg/ml),28.48,50
MED05201,Domperidone (20mg),45.26,12
MED05202,Domperidone (20mg) + Omeprazole (10mg),87.5,2
MED05203,Domperidone (20mg) + Omeprazole (20mg),57.2,1
MED05204,Domperidone (20mg) + Pantoprazole (40mg),68.42,18
MED05205,Domperidone (20mg) + Paracetamol (325mg),52.62,10
MED05206,Domperidone (20mg) + Paracetamol (500mg),39.69,14
MED05207,Domperidone (20mg) + Paracetamol (650mg),75.25,2
MED05208,Domperidone (20mg) + Rabeprazole (20mg),64.75,7
MED05209,Domperidone (20mg) + Rabeprazole (30mg),42.0,2
MED05210,Domperidone (20mg) + Rabeprazole (NA),50.29,3
MED05211,Domperidone (24mg) + Pantoprazole (NA),99.88,1
MED05212,Domperidone (2mg/5ml),25.0,1
MED05213,Domperidone (30mg),48.06,7
MED05214,Domperidone (30mg) + Esomeprazole (20mg),105.49,17
MED05215,Domperidone (30mg) + Esomeprazole (40mg),109.43,543
MED05216,Domperidone (30mg) + Ilaprazole (10mg),131.18,24
MED05217,Domperidone (30mg) + Lafutidine (10mg),89.72,11
MED05218,Domperidone (30mg) + Lansoprazole (30mg),113.83,3
MED05219,Domperidone (30mg) + Omeprazole (20mg),69.36,74
MED05220,Domperidone (30mg) + Omeprazole (40mg),77.67,3
MED05221,Domperidone (30mg) + Pantoprazole (10mg),80.0,1
MED05222,Domperidone (30mg) + Pantoprazole (20mg),99.91,15
MED05223,Domperidone (30mg) + Pantoprazole (40mg),93.39,1753
MED05224,Domperidone (30mg) + Pantoprazole (80mg),181.5,1
MED05225,Domperidone (30mg) + Rabeprazole (10mg),99.5,2
MED05226,Domperidone (30mg) + Rabeprazole (120mg),130.0,1
MED05227,Domperidone (30mg) + Rabeprazole (20mg),89.75,2617
MED05228,Domperidone (30mg) + Rabeprazole (30mg),88.0,1
MED05229,Domperidone (30mg) + Rabeprazole (40mg),116.18,50
MED05230,Domperidone (40mg),76.04,2
MED05231,Domperidone (40mg) + Pantoprazole (10mg),61.9,1
MED05232,Domperidone (40mg) + Pantoprazole (20mg),72.0,1
MED05233,Domperidone (40mg) + Pantoprazole (30mg),80.58,8
MED05234,Domperidone (40mg) + Pantoprazole (40mg),61.9,1
MED05235,Domperidone (40mg) + Pantoprazole (NA),38.0,1
MED05236,Domperidone (40mg) + Rabeprazole (20mg),49.5,1
MED05237,Domperidone (4mg),42.74,2
MED05238,Domperidone (5mg),27.99,24
MED05239,Domperidone (5mg) + Lansoprazole (15mg),82.95,1
MED05240,Domperidone (5mg) + Pantoprazole (250mg),56.0,1
MED05241,Domperidone (5mg) + Paracetamol (250mg),31.44,4
MED05242,Domperidone (5mg) + Sucralfate (500mg),209.22,2
MED05243,Domperidone (5mg/5ml),29.34,2
MED05244,Domperidone (5mg/5ml) + Paracetamol (250mg/5ml),52.0,2
MED05245,Domperidone (5mg/5ml) + Sucralfate (500mg/5ml),171.5,4
MED05246,Domperidone (7.5mg) + Sucralfate (1000mg),115.68,2
MED05247,Domperidone (8mg),68.95,1
MED05248,Domperidone (NA),28.67,21
MED05249,Domperidone (NA) + Esomeprazole (NA),60.73,1
MED05250,Domperidone (NA) + Ilaprazole (NA),109.0,1
MED05251,Domperidone (NA) + Lansoprazole (NA),50.0,1
MED05252,Domperidone (NA) + Magaldrate (NA),62.0,1
MED05253,Domperidone (NA) + Omeprazole (NA),29.09,2
MED05254,Domperidone (NA) + Pantoprazole (NA),80.52,21
MED05255,Domperidone (NA) + Paracetamol (NA),55.36,7
MED05256,Domperidone (NA) + Rabeprazole (NA),59.15,10
MED05257,Domperidone (NA) + Ranitidine (NA),12.52,4
MED05258,Donepezil (10mg),154.93,35
MED05259,Donepezil (10mg) + Memantine (10mg),197.41,3
MED05260,Donepezil (11.5mg),192.75,4
MED05261,Donepezil (23mg),308.67,6
MED05262,Donepezil (5mg),103.91,48
MED05263,Donepezil (5mg) + Memantine (10mg),194.22,22
MED05264,Donepezil (5mg) + Memantine (5mg),156.17,16
MED05265,Dopamine (200mg),28.12,14
MED05266,Dopamine (40mg),95.0,2
MED05267,Dopamine (40mg/5ml),120.0,1
MED05268,Dopamine (40mg/ml),58.9,5
MED05269,Doripenem (250mg),1593.33,3
MED05270,Doripenem (500mg),3174.83,40
MED05271,Dorzolamide (2% w/v),335.17,18
MED05272,Dorzolamide (2% w/v) + Timolol (0.5% w/v),361.5,30
MED05273,Dorzolamide (2% w/w),234.0,1
MED05274,Dosulepin (100mg),93.74,1
MED05275,Dosulepin (150mg),29.04,1
MED05276,Dosulepin (25mg),44.8,62
MED05277,Dosulepin (26mg),57.0,1
MED05278,Dosulepin (27mg),78.0,1
MED05279,Dosulepin (50mg),72.58,35
MED05280,Dosulepin (50mg) + Methylcobalamin (1500mcg),195.99,3
MED05281,Dosulepin (75mg),80.75,48
MED05282,Dosulepin (75mg) + Methylcobalamin (1500mcg),292.24,2
MED05283,Doxapram (20mg),130.92,1
MED05284,Doxazosin (1mg),30.33,3
MED05285,Doxazosin (2mg),47.25,4
MED05286,Doxazosin (4mg),93.25,2
MED05287,Doxepin (10mg),40.39,11
MED05288,Doxepin (25mg),54.04,24
MED05289,Doxepin (3.3% w/w),42.32,1
MED05290,Doxepin (5% w/w),101.09,3
MED05291,Doxepin (6mg),17.0,1
MED05292,Doxepin (75mg),86.97,8
MED05293,Doxifluridine (200mg),253.65,1
MED05294,Doxofylline (100mg),54.42,19
MED05295,Doxofylline (100mg/5ml),68.25,2
MED05296,Doxofylline (10mg/ml),90.0,1
MED05297,Doxofylline (200mg),55.77,3
MED05298,Doxofylline (400mg),71.01,144
MED05299,Doxofylline (400mg) + Montelukast (10mg),134.87,76
MED05300,Doxofylline (400mg) + Montelukast (5mg),195.0,1
MED05301,Doxofylline (400mg) + Salbutamol (2mg),79.5,2
MED05302,Doxofylline (400mg) + Terbutaline (2.5mg),50.0,1
MED05303,Doxofylline (400mg) + Terbutaline (5mg),83.73,11
MED05304,Doxofylline (650mg),127.57,7
MED05305,Doxofylline (800mg),109.38,7
MED05306,Doxofylline (800mg) + Montelukast (10mg),113.34,2
MED05307,Doxofylline (NA),41.0,3
MED05308,Doxofylline (NA) + Salbutamol (NA),52.78,1
MED05309,Doxorubicin (Liposomal) (10mg),254.66,4
MED05310,Doxorubicin (Liposomal) (20mg),5601.61,10
MED05311,Doxorubicin (Liposomal) (2mg),15429.54,5
MED05312,Doxorubicin (Liposomal) (2mg/ml),10288.33,3
MED05313,Doxorubicin (Liposomal) (50mg),8658.15,10
MED05314,Doxorubicin (Plain) (10mg),221.94,31
MED05315,Doxorubicin (Plain) (10mg/5ml),28.47,1
MED05316,Doxorubicin (Plain) (20mg),6649.33,3
MED05317,Doxorubicin (Plain) (2mg/ml),1309.52,1
MED05318,Doxorubicin (Plain) (50mg),1412.49,34
MED05319,Doxorubicin (Plain) (50mg/ml),118.62,1
MED05320,Doxycycline (100mg),162.38,198
MED05321,Doxycycline (100mg) + Lactobacillus (100Million cells),325.0,1
MED05322,Doxycycline (100mg) + Lactobacillus (100Million spores),105.0,1
MED05323,Doxycycline (100mg) + Lactobacillus (100mg),35.0,1
MED05324,Doxycycline (100mg) + Lactobacillus (2.5Million spores),85.0,1
MED05325,Doxycycline (100mg) + Lactobacillus (40Million spores),50.0,1
MED05326,Doxycycline (100mg) + Lactobacillus (50Million spores),102.0,4
MED05327,Doxycycline (100mg) + Lactobacillus (5Billion Spores),93.36,92
MED05328,Doxycycline (100mg) + Lactobacillus (5Million spores),99.79,5
MED05329,Doxycycline (100mg) + Lactobacillus (60Billion Spores),98.0,1
MED05330,Doxycycline (100mg) + Lactobacillus (60Million Spores),58.0,1
MED05331,Doxycycline (100mg) + Lactobacillus (60Million cells),28.0,1
MED05332,Doxycycline (100mg) + Lactobacillus (60Million spores),86.23,50
MED05333,Doxycycline (100mg) + Lactobacillus (6Million spores),150.0,1
MED05334,Doxycycline (100mg) + Lactobacillus (90Million spores),72.0,1
MED05335,Doxycycline (100mg) + Ornidazole (500mg),85.0,1
MED05336,Doxycycline (100mg) + Serratiopeptidase (10mg),51.56,9
MED05337,Doxycycline (100mg) + Serratiopeptidase (15mg),58.67,3
MED05338,Doxycycline (100mg) + Tinidazole (600mg),59.52,8
MED05339,Doxycycline (100mg) + Vitamin C (500mg),814.0,2
MED05340,Doxycycline (100mg) + Zinc acetate (50mg),152.5,2
MED05341,Doxycycline (200mg),270.54,5
MED05342,Doxycycline (250mg),47.96,1
MED05343,Doxycycline (500mg),62.4,1
MED05344,Doxycycline (50mg),47.28,4
MED05345,Doxycycline (NA),46.07,18
MED05346,Doxycycline (NA) + Lactobacillus (NA),32.62,1
MED05347,Doxylamine (100mg),547.0,1
MED05348,Doxylamine (10mg),33.65,3
MED05349,Doxylamine (10mg) + Vitamin B6 (Pyridoxine) (0.5mg),169.0,1
MED05350,Doxylamine (10mg) + Vitamin B6 (Pyridoxine) (10mg),50.98,414
MED05351,Doxylamine (10mg) + Vitamin B6 (Pyridoxine) (25mg),38.0,3
MED05352,Doxylamine (10mg) + Vitamin B6 (Pyridoxine) (3mg),28.88,4
MED05353,Doxylamine (20mg) + Vitamin B6 (Pyridoxine) (20mg),82.4,131
MED05354,Doxylamine (25mg),85.8,1
MED05355,Doxylamine (NA),39.0,2
MED05356,Doxylamine (NA) + Vitamin B6 (Pyridoxine) (NA),40.06,15
MED05357,Dronedarone (400mg),765.0,2
MED05358,Drospirenone (3mg) + Ethinyl Estradiol (0.02mg),323.46,9
MED05359,Drospirenone (3mg) + Ethinyl Estradiol (0.03mg),435.39,21
MED05360,Drospirenone (4mg),485.0,2
MED05361,Drospirenone (NA) + Ethinyl Estradiol (3mg),290.0,1
MED05362,Drospirenone (NA) + Ethinyl Estradiol (NA),390.0,1
MED05363,Drotaverine (10mg),168.4,1
MED05364,Drotaverine (10mg/5ml),140.0,1
MED05365,Drotaverine (20mg),18.38,20
MED05366,Drotaverine (20mg) + Mefenamic Acid (500mg),63.3,1
MED05367,Drotaverine (20mg/5ml),146.78,4
MED05368,Drotaverine (20mg/ml),14.33,3
MED05369,Drotaverine (250mg) + Mefenamic Acid (80mg),55.0,1
MED05370,Drotaverine (40mg),30.63,123
MED05371,Drotaverine (40mg) + Mefenamic Acid (250mg),73.42,6
MED05372,Drotaverine (40mg) + Mefenamic Acid (500mg),49.5,1
MED05373,Drotaverine (40mg) + Nimesulide (100mg),43.88,8
MED05374,Drotaverine (40mg) + Paracetamol (500mg),28.0,1
MED05375,Drotaverine (40mg) + Ranitidine (150mg),40.33,1
MED05376,Drotaverine (40mg/2ml),16.11,5
MED05377,Drotaverine (40mg/ml),15.0,1
MED05378,Drotaverine (50mg) + Mefenamic Acid (250mg),55.0,1
MED05379,Drotaverine (70mg) + Mefenamic Acid (250mg),24.0,1
MED05380,Drotaverine (80mg),61.93,134
MED05381,Drotaverine (80mg) + Ethamsylate (250mg),159.9,1
MED05382,Drotaverine (80mg) + Mefenamic Acid (250mg),71.5,779
MED05383,Drotaverine (80mg) + Mefenamic Acid (325mg),80.0,1
MED05384,Drotaverine (80mg) + Mefenamic Acid (500mg),62.45,2
MED05385,Drotaverine (80mg) + Nimesulide (100mg),62.85,2
MED05386,Drotaverine (80mg) + Paracetamol (325mg),73.69,4
MED05387,Drotaverine (80mg) + Paracetamol (500mg),85.12,9
MED05388,Drotaverine (NA),46.58,10
MED05389,Drotaverine (NA) + Ethamsylate (NA),200.0,1
MED05390,Drotaverine (NA) + Mefenamic Acid (NA),56.44,5
MED05391,Dulaglutide (0.75mg),4998.0,1
MED05392,Dulaglutide (0.75mg/0.5ml),4998.0,1
MED05393,Dulaglutide (1.5mg),4998.0,1
MED05394,Dulaglutide (1.5mg/0.5ml),4998.0,1
MED05395,Duloxetine (10mg),56.75,6
MED05396,Duloxetine (10mg) + Pregabalin (50mg),89.0,1
MED05397,Duloxetine (1500mg),54.24,1
MED05398,Duloxetine (20mg),74.54,142
MED05399,Duloxetine (20mg) + Methylcobalamin (1.5mg),98.75,4
MED05400,Duloxetine (20mg) + Methylcobalamin (500mcg),77.43,3
MED05401,Duloxetine (20mg) + Methylcobalamin (750mcg),222.4,5
MED05402,Duloxetine (20mg) + Methylcobalamin (NA),62.98,3
MED05403,Duloxetine (20mg) + Pregabalin (50mg),148.29,13
MED05404,Duloxetine (20mg) + Pregabalin (75mg),195.34,15
MED05405,Duloxetine (30mg),103.76,106
MED05406,Duloxetine (30mg) + Methylcobalamin (1500mcg),97.2,5
MED05407,Duloxetine (30mg) + Methylcobalamin (750mg),66.06,1
MED05408,Duloxetine (30mg) + Pregabalin (75mg),239.38,8
MED05409,Duloxetine (40mg),110.03,43
MED05410,Duloxetine (40mg) + Methylcobalamin (1500mcg),143.0,1
MED05411,Duloxetine (40mg) + Methylcobalamin (500mcg),90.2,1
MED05412,Duloxetine (500mg),98.43,1
MED05413,Duloxetine (60mg),164.84,25
MED05414,Duloxetine (60mg) + Methylcobalamin (1000mcg),135.6,1
MED05415,Duloxetine (60mg) + Methylcobalamin (1500mcg),114.8,3
MED05416,Duloxetine (60mg) + Methylcobalamin (NA),132.33,2
MED05417,Duloxetine (NA),33.74,2
MED05418,Durvalumab (120mg),45500.0,1
MED05419,Durvalumab (500mg),189585.0,1
MED05420,Dutasteride (0.025% w/v),490.0,1
MED05421,Dutasteride (0.50mg),185.0,1
MED05422,Dutasteride (0.5mg),144.05,49
MED05423,Dutasteride (0.5mg) + Silodosin (4mg),254.98,16
MED05424,Dutasteride (0.5mg) + Silodosin (8mg),376.44,72
MED05425,Dutasteride (0.5mg) + Tamsulosin (0.4mg),194.18,202
MED05426,Dydrogesterone (100mg),96.0,1
MED05427,Dydrogesterone (10mg),536.92,20
MED05428,Dydrogesterone (2.5mg) + Estradiol (0.5mg),999.0,1
MED05429,Dydrogesterone (5mg) + Estradiol (1mg),1417.0,1
MED05430,Ebastine (10mg),63.99,42
MED05431,Ebastine (10mg) + Montelukast (10mg),132.66,12
MED05432,Ebastine (10mg) + Phenylephrine (10mg),81.36,7
MED05433,Ebastine (20mg),85.0,50
MED05434,Ebastine (5mg),45.73,2
MED05435,Ebastine (5mg) + Montelukast (4mg),62.8,1
MED05436,Eberconazole (1% w/w),326.59,53
MED05437,Eberconazole (1% w/w) + Mometasone (0.1% w/w),252.19,9
MED05438,Eberconazole (1.0% w/w),250.0,1
MED05439,Eberconazole (10mg),387.0,1
MED05440,Edaravone (1.5mg),505.41,28
MED05441,Edaravone (1.5mg/ml),390.0,1
MED05442,Edaravone (1500mg),505.67,3
MED05443,Edaravone (30mg),439.0,1
MED05444,Edaravone (NA),471.58,1
MED05445,Efavirenz (200mg),594.71,5
MED05446,Efavirenz (600mg),2020.28,10
MED05447,Eflornithine (13.9% w/w),680.3,6
MED05448,Efonidipine (10mg),50.0,2
MED05449,Efonidipine (20mg),103.95,2
MED05450,Efonidipine (20mg) + Telmisartan (40mg),131.0,1
MED05451,Efonidipine (40mg),172.92,2
MED05452,Efonidipine (40mg) + Metoprolol Succinate (25mg),190.0,1
MED05453,Electrolytes (250ml),27.38,2
MED05454,Electrolytes (500ml),46.25,1
MED05455,Electrolytes (NA),53.04,4
MED05456,Elemental Iron (100mg),228.75,2
MED05457,Elemental Iron (100mg/5ml),251.63,1
MED05458,Elemental Iron (20mg),257.14,13
MED05459,Elemental Iron (20mg/ml),258.26,6
MED05460,Elemental Iron (50mg),79.52,2
MED05461,Elemental Iron (5mg),274.07,1
MED05462,Elemental Iron (62.5mg),262.0,1
MED05463,Eletriptan (20mg),150.0,1
MED05464,Eletriptan (40mg),336.0,1
MED05465,Eltrombopag (25mg),4698.5,2
MED05466,Eltrombopag (50mg),9347.0,2
MED05467,Embramine (25mg),27.6,1
MED05468,Empagliflozin (10mg),369.6,5
MED05469,Empagliflozin (10mg) + Linagliptin (5mg),750.0,2
MED05470,Empagliflozin (12.5mg) + Metformin (1000mg),420.0,2
MED05471,Empagliflozin (12.5mg) + Metformin (500mg),400.0,2
MED05472,Empagliflozin (25mg),447.0,5
MED05473,Empagliflozin (25mg) + Linagliptin (5mg),820.0,3
MED05474,Empagliflozin (5mg) + Metformin (500mg),350.0,1
MED05475,Emtricitabine (200mg) + Tenofovir disoproxil fumarate (10mg),1047.0,1
MED05476,Emtricitabine (200mg) + Tenofovir disoproxil fumarate (25mg),1901.04,2
MED05477,Emtricitabine (200mg) + Tenofovir disoproxil fumarate (300mg),2695.73,23
MED05478,Enalapril (10mg),43.27,35
MED05479,Enalapril (10mg) + Hydrochlorothiazide (12.5mg),30.0,1
MED05480,Enalapril (10mg) + Hydrochlorothiazide (25mg),86.42,12
MED05481,Enalapril (2.5mg),16.8,42
MED05482,Enalapril (2.5mg) + Hydrochlorothiazide (12.5mg),52.15,2
MED05483,Enalapril (20mg),64.91,2
MED05484,Enalapril (5mg),25.14,65
MED05485,Enalapril (5mg) + Hydrochlorothiazide (12.5mg),77.03,5
MED05486,Enalapril (5mg) + Losartan (25mg),60.15,3
MED05487,Enalapril (5mg) + Losartan (50mg),60.0,1
MED05488,Enalaprilat (1.25mg),233.0,1
MED05489,Enclomiphene (100mg),302.4,5
MED05490,Enclomiphene (25mg),119.48,4
MED05491,Enclomiphene (50mg),215.82,10
MED05492,Enclomiphene (NA),475.0,2
MED05493,Endoxifen (8mg),700.0,1
MED05494,Enoxaparin (20mg),341.14,22
MED05495,Enoxaparin (300mg),2969.0,4
MED05496,Enoxaparin (30mg),47.62,1
MED05497,Enoxaparin (400mg),483.0,1
MED05498,Enoxaparin (40mg),421.92,95
MED05499,Enoxaparin (50mg),562.5,1
MED05500,Enoxaparin (60mg),592.56,86
MED05501,Enoxaparin (80mg),772.62,9
MED05502,Enrofloxacin (100mg),150.0,1
MED05503,Entacapone (200mg),83.25,2
MED05504,Entecavir (0.05mg),6210.0,1
MED05505,Entecavir (0.5mg),1311.91,24
MED05506,Entecavir (1mg),2218.26,9
MED05507,Enzalutamide (40mg),33105.4,15
MED05508,Enzalutamide (80mg),8285.0,4
MED05509,Epalrestat (150mg),229.8,5
MED05510,Epalrestat (150mg) + Methylcobalamin (1500mcg),251.44,9
MED05511,Epalrestat (150mg) + Pregabalin (150mg),366.18,2
MED05512,Epalrestat (150mg) + Pregabalin (75mg),401.32,2
MED05513,Epalrestat (50mg),93.41,10
MED05514,Epalrestat (50mg) + Methylcobalamin (500mcg),121.12,2
MED05515,Epalrestat (75mg) + Methylcobalamin (750mcg),205.5,1
MED05516,Eperisone (150mg),182.31,16
MED05517,Eperisone (50mg),98.25,14
MED05518,Eperisone (50mg) + Paracetamol (325mg),89.33,3
MED05519,Ephedrine (12mg) + Piperazine (80mg),75.45,1
MED05520,Ephedrine (24mg) + Theophylline (130mg),9.76,1
MED05521,Ephedrine (25mg) + Hydroxyzine (10mg),17.12,1
MED05522,Ephedrine (2mg),10.0,1
MED05523,Ephedrine (30mg),37.0,1
MED05524,Ephedrine (48mg) + Theophylline (198mg),5.93,1
MED05525,Ephedrine (50mg) + Theophylline (65mg),5.92,1
MED05526,Epinastine (0.05% w/v),169.49,5
MED05527,Epirubicin (100mg),3031.5,9
MED05528,Epirubicin (10mg),450.45,31
MED05529,Epirubicin (150mg),2903.0,1
MED05530,Epirubicin (50mg),1689.64,33
MED05531,Eplerenone (10mg),182.8,1
MED05532,Eplerenone (25mg),261.3,14
MED05533,Eplerenone (25mg) + Torasemide (10mg),265.88,9
MED05534,Eplerenone (25mg) + Torasemide (20mg),294.67,6
MED05535,Eplerenone (50mg),422.36,10
MED05536,Eprosartan (400mg),190.0,1
MED05537,Eprosartan (600mg),283.0,1
MED05538,Epsilon Aminocaproic Acid (500mg),83.67,1
MED05539,Epsilon Aminocaproic Acid (5gm),142.75,1
MED05540,Epsilon Aminocaproic Acid (NA),48.7,1
MED05541,Eptacog alfa (1mg),45750.0,1
MED05542,Eptacog alfa (2mg),91500.0,1
MED05543,Eptifibatide (0.75mg/ml),9446.24,12
MED05544,Eptifibatide (20mg),2557.62,12
MED05545,Eptifibatide (75mg),8404.0,1
MED05546,Equine Rabies Immunoglobulin (1000IU),515.0,2
MED05547,Equine Rabies Immunoglobulin (1200IU),350.0,1
MED05548,Equine Rabies Immunoglobulin (1500IU),514.71,1
MED05549,Equine Rabies Immunoglobulin (300IU),635.0,1
MED05550,Erdosteine (175mg),69.9,1
MED05551,Erdosteine (300mg),48.5,2
MED05552,Erenumab (70mg/ml),24899.0,1
MED05553,Ergoloid Mesylates (1mg),220.0,1
MED05554,Ergotamine (2mg),67.64,2
MED05555,Eribulin Mesylate (0.44mg),22000.0,1
MED05556,Eribulin Mesylate (0.5mg),19600.0,1
MED05557,Eribulin Mesylate (0.5mg/ml),21468.5,4
MED05558,Eribulin Mesylate (1mg),25692.5,2
MED05559,Erlotinib (100mg),9240.36,15
MED05560,Erlotinib (150mg),9946.95,24
MED05561,Erlotinib (NA),25500.0,1
MED05562,Ertapenem (1000mg),2725.0,4
MED05563,Ertapenem (1gm),2786.64,18
MED05564,Ertapenem (500mg),2304.0,1
MED05565,Erythromycin (0.025%),49.0,1
MED05566,Erythromycin (0.1% w/w),123.15,1
MED05567,Erythromycin (1%),66.0,1
MED05568,Erythromycin (100mg),27.55,11
MED05569,Erythromycin (10mg),76.92,1
MED05570,Erythromycin (125mg),24.68,19
MED05571,Erythromycin (125mg/5ml),33.83,4
MED05572,Erythromycin (150mg),97.0,1
MED05573,Erythromycin (2%),60.0,1
MED05574,Erythromycin (20mg),115.37,1
MED05575,Erythromycin (250mg),46.08,56
MED05576,Erythromycin (3% w/w),48.62,4
MED05577,Erythromycin (333mg),48.72,4
MED05578,Erythromycin (4% w/w),41.21,1
MED05579,Erythromycin (500mg),63.7,28
MED05580,Erythromycin (50mg),20.92,1
MED05581,Erythromycin (NA),36.92,10
MED05582,Escitalopram Oxalate (10mg),76.37,357
MED05583,Escitalopram Oxalate (10mg) + Etizolam (0.25mg),105.0,2
MED05584,Escitalopram Oxalate (10mg) + Etizolam (0.5mg),104.53,55
MED05585,Escitalopram Oxalate (10mg) + Flupenthixol (0.5mg),79.17,36
MED05586,Escitalopram Oxalate (10mg) + L-Methyl Folate (7.5mg),103.03,5
MED05587,Escitalopram Oxalate (10mg) + Propranolol (20mg),64.0,1
MED05588,Escitalopram Oxalate (15mg),138.2,5
MED05589,Escitalopram Oxalate (20mg),123.69,165
MED05590,Escitalopram Oxalate (40mg),78.95,1
MED05591,Escitalopram Oxalate (5mg),45.37,176
MED05592,Escitalopram Oxalate (5mg) + Etizolam (0.25mg),99.0,1
MED05593,Escitalopram Oxalate (5mg) + Etizolam (0.5mg),86.49,22
MED05594,Escitalopram Oxalate (5mg) + Flupenthixol (0.5mg),59.64,7
MED05595,Escitalopram Oxalate (7.5mg),115.0,1
MED05596,Escitalopram Oxalate (NA),80.96,5
MED05597,Eslicarbazepine (200mg),87.0,1
MED05598,Eslicarbazepine (400mg),210.0,6
MED05599,Eslicarbazepine (600mg),220.73,3
MED05600,Eslicarbazepine (800mg),315.17,6
MED05601,Esmolol (100mg),190.8,5
MED05602,Esomeprazole (10mg),16.73,5
MED05603,Esomeprazole (20mg),53.6,74
MED05604,Esomeprazole (20mg) + Levosulpiride (75mg),190.0,2
MED05605,Esomeprazole (20mg) + Naproxen (325mg),132.8,1
MED05606,Esomeprazole (20mg) + Naproxen (375mg),132.8,1
MED05607,Esomeprazole (20mg) + Naproxen (500mg),184.25,2
MED05608,Esomeprazole (30mg),132.33,3
MED05609,Esomeprazole (40mg),90.63,491
MED05610,Esomeprazole (40mg) + Itopride (150mg),164.56,11
MED05611,Esomeprazole (40mg) + Levosulpiride (75mg),193.92,152
MED05612,Esomeprazole (50mg),78.5,1
MED05613,Esomeprazole (NA),79.9,1
MED05614,Estradiol (0.06% w/w),652.52,3
MED05615,Estradiol (0.06%),726.0,1
MED05616,Estradiol (0.1%),615.0,1
MED05617,Estradiol (0.375mg),1774.88,1
MED05618,Estradiol (1.5mg),390.0,1
MED05619,Estradiol (10mg),489.9,1
MED05620,Estradiol (1mg),206.32,7
MED05621,Estradiol (1mg) + Estradiol (1mg),1417.0,1
MED05622,Estradiol (1mg) + Sildenafil (25mg),218.0,2
MED05623,Estradiol (1mg) + Testosterone Propionate (4mg),218.7,1
MED05624,Estradiol (2mg),305.08,60
MED05625,Estradiol (2mg) + Estradiol (2mg),1507.0,1
MED05626,Estradiol (2mg) + Sildenafil (25mg),328.77,6
MED05627,Estradiol (3.2mg),148.1,1
MED05628,Estradiol (4mg),290.5,3
MED05629,Estradiol (NA),187.5,2
MED05630,Estradiol (NA) + Sildenafil (NA),220.0,1
MED05631,Estramustine (140mg),5845.67,3
MED05632,Estriol (1mg),301.02,4
MED05633,Estriol (2mg),199.33,3
MED05634,Eszopiclone (1mg),48.53,7
MED05635,Eszopiclone (2mg),79.61,8
MED05636,Eszopiclone (3mg),91.25,4
MED05637,Etanercept (25mg),11663.5,4
MED05638,Etanercept (50mg),11520.0,3
MED05639,Ethacridine (1mg),104.02,1
MED05640,Ethacridine (50mg),37.29,1
MED05641,Ethambutol (1000mg),65.03,17
MED05642,Ethambutol (200mg),8.48,6
MED05643,Ethambutol (400mg),19.81,11
MED05644,Ethambutol (600mg),31.28,10
MED05645,Ethambutol (600mg) + Isoniazid (300mg),60.0,1
MED05646,Ethambutol (800mg),38.89,58
MED05647,Ethambutol (800mg) + Isoniazid (300mg),56.93,18
MED05648,Ethambutol (NA),32.49,3
MED05649,Ethamsylate (125mg),24.89,32
MED05650,Ethamsylate (125mg/ml),22.0,1
MED05651,Ethamsylate (250mg),55.48,126
MED05652,Ethamsylate (250mg) + Mefenamic Acid (250mg),167.5,2
MED05653,Ethamsylate (250mg) + Mefenamic Acid (500mg),154.0,1
MED05654,Ethamsylate (250mg) + Tranexamic Acid (250mg),150.34,126
MED05655,Ethamsylate (250mg) + Tranexamic Acid (500mg),199.94,18
MED05656,Ethamsylate (250mg/2ml),52.31,1
MED05657,Ethamsylate (500mg),107.81,101
MED05658,Ethamsylate (500mg) + Mefenamic Acid (500mg),254.3,1
MED05659,Ethamsylate (500mg) + Menadione (20mcg),228.0,1
MED05660,Ethamsylate (500mg) + Tranexamic Acid (250mg),192.0,1
MED05661,Ethamsylate (NA),58.77,7
MED05662,Ethinyl Estradiol (0.015mg) + Etonogestrel (0.120mg),790.0,1
MED05663,Ethinyl Estradiol (0.01mg),16.31,5
MED05664,Ethinyl Estradiol (0.02mg),17.63,3
MED05665,Ethinyl Estradiol (0.02mg) + Levonorgestrel (0.10mg),134.04,6
MED05666,Ethinyl Estradiol (0.02mg) + Levonorgestrel (10mg),125.0,1
MED05667,Ethinyl Estradiol (0.035mg) + Levonorgestrel (0.15mg),65.0,1
MED05668,Ethinyl Estradiol (0.03mg),699.0,1
MED05669,Ethinyl Estradiol (0.03mg) + Gestodene (0.075mg),247.5,1
MED05670,Ethinyl Estradiol (0.03mg) + Levonorgestrel (0.05mg),175.9,1
MED05671,Ethinyl Estradiol (0.03mg) + Levonorgestrel (0.15mg),86.42,28
MED05672,Ethinyl Estradiol (0.05mg),38.25,1
MED05673,Ethinyl Estradiol (0.05mg) + Levonorgestrel (0.25mg),119.34,7
MED05674,Ethinyl Estradiol (0.05mg) + Levonorgestrel (2.5mg),22.91,1
MED05675,Ethinyl Estradiol (0.05mg) + Norgestrel (0.5mg),153.79,3
MED05676,Ethinyl Estradiol (0.2mg),54.0,1
MED05677,Ethinyl Estradiol (15mcg) + Gestodene (60mcg),309.95,1
MED05678,Ethinyl Estradiol (1mg),22.25,1
MED05679,Ethinyl Estradiol (5mg),12.51,1
MED05680,Ethinyl Estradiol (NA) + Levonorgestrel (NA),41.0,1
MED05681,Ethionamide (250mg),108.42,15
MED05682,Ethylmorphine (16mg),131.22,4
MED05683,Etidronate (200mg),214.82,3
MED05684,Etizolam (0.25mg),35.14,131
MED05685,Etizolam (0.25mg) + Propranolol (10mg),61.0,2
MED05686,Etizolam (0.25mg) + Propranolol (20mg),54.02,13
MED05687,Etizolam (0.25mg) + Propranolol (40mg),65.0,2
MED05688,Etizolam (0.50mg),55.0,1
MED05689,Etizolam (0.50mg) + Propranolol (20mg),82.8,1
MED05690,Etizolam (0.5mg),51.05,181
MED05691,Etizolam (0.5mg) + Paroxetine (12.5mg),120.0,1
MED05692,Etizolam (0.5mg) + Paroxetine (25mg),150.0,1
MED05693,Etizolam (0.5mg) + Propranolol (20mg),64.83,52
MED05694,Etizolam (0.5mg) + Propranolol (40mg),69.79,3
MED05695,Etizolam (0.5mg) + Propranolol (5mg),69.0,1
MED05696,Etizolam (1.5mg),117.4,5
MED05697,Etizolam (1mg),76.38,33
MED05698,Etizolam (2mg),117.5,1
MED05699,Etizolam (50mg),40.0,1
MED05700,Etizolam (50mg) + Propranolol (20mg),55.0,1
MED05701,Etizolam (NA),81.2,2
MED05702,Etodolac (2% w/w),170.0,1
MED05703,Etodolac (200mg),74.91,3
MED05704,Etodolac (200mg) + Thiocolchicoside (4mg),304.2,4
MED05705,Etodolac (300mg),165.58,14
MED05706,Etodolac (300mg) + Paracetamol (325mg),126.75,4
MED05707,Etodolac (300mg) + Paracetamol (500mg),200.0,1
MED05708,Etodolac (300mg) + Thiocolchicoside (4mg),295.0,1
MED05709,Etodolac (300mg) + Thiocolchicoside (8mg),172.57,1
MED05710,Etodolac (400mg),110.61,57
MED05711,Etodolac (400mg) + Paracetamol (325mg),113.55,45
MED05712,Etodolac (400mg) + Paracetamol (500mg),97.79,10
MED05713,Etodolac (400mg) + Thiocolchicoside (4mg),224.6,44
MED05714,Etodolac (400mg) + Thiocolchicoside (8mg),259.5,6
MED05715,Etodolac (400mg) + Tolperisone (150mg),215.7,2
MED05716,Etodolac (500mg),146.1,5
MED05717,Etodolac (600mg),179.02,43
MED05718,Etodolac (60mg) + Thiocolchicoside (4mg),168.0,1
MED05719,Etodolac (800mg),129.8,1
MED05720,Etofylline (100mg) + Guaifenesin (100mg),42.85,1
MED05721,Etofylline (10mg) + Terbutaline (2.5mg),14.28,1
MED05722,Etofylline (115mg) + Theophylline (35mg),21.12,2
MED05723,Etofylline (169.4mg) + Theophylline (50.6mg),3.06,3
MED05724,Etofylline (2.5mg) + Salbutamol (100mg),34.85,1
MED05725,Etofylline (200mg) + Salbutamol (2mg),20.67,3
MED05726,Etofylline (200mg) + Salbutamol (4mg),13.12,4
MED05727,Etofylline (231mg) + Theophylline (69mg),71.8,10
MED05728,Etofylline (346mg) + Theophylline (104mg),97.0,3
MED05729,Etofylline (46.50mg) + Theophylline (14mg),18.5,1
MED05730,Etofylline (46.5mg) + Theophylline (14mg),15.6,1
MED05731,Etofylline (46.5mg/5ml) + Theophylline (12.73mg/5ml),65.65,1
MED05732,Etofylline (462mg) + Theophylline (138mg),55.7,1
MED05733,Etofylline (4mg) + Salbutamol (100mg),21.7,3
MED05734,Etofylline (50mg) + Guaifenesin (50mg),63.0,1
MED05735,Etofylline (50mg) + Salbutamol (1mg),48.58,4
MED05736,Etofylline (50mg) + Salbutamol (2mg),29.4,1
MED05737,Etofylline (50mg/5ml) + Salbutamol (1mg/5ml),55.0,1
MED05738,Etofylline (77mg) + Theophylline (23mg),28.35,9
MED05739,Etofylline (84.7mg) + Theophylline (25.3mg),14.96,11
MED05740,Etofylline (85mg) + Salbutamol (1mg),53.69,1
MED05741,Etofylline (8mg) + Salbutamol (2mg),19.94,7
MED05742,Etofylline (8mg) + Salbutamol (4mg),29.5,1
MED05743,Etofylline (NA) + Guaifenesin (NA),60.47,2
MED05744,Etofylline (NA) + Salbutamol (NA),33.54,4
MED05745,Etofylline (NA) + Terbutaline (NA),32.13,1
MED05746,Etofylline (NA) + Theophylline (110mg),4.8,1
MED05747,Etomidate (20mg/10ml),516.25,2
MED05748,Etomidate (2mg/ml),532.0,2
MED05749,Etoposide (100mg),221.03,28
MED05750,Etoposide (20mg/5ml),350.0,1
MED05751,Etoposide (20mg/ml),190.0,1
MED05752,Etoposide (50mg),458.75,6
MED05753,Etoricoxib (1% w/w),66.5,1
MED05754,Etoricoxib (10mg) + Linseed Oil (30mg),105.82,3
MED05755,Etoricoxib (120mg),127.46,306
MED05756,Etoricoxib (120mg) + Thiocolchicoside (4mg),225.4,1
MED05757,Etoricoxib (60mg),83.39,134
MED05758,Etoricoxib (60mg) + Paracetamol (325mg),96.79,218
MED05759,Etoricoxib (60mg) + Paracetamol (500mg),78.74,5
MED05760,Etoricoxib (60mg) + Pregabalin (75mg),236.42,17
MED05761,Etoricoxib (60mg) + Serratiopeptidase (10mg),112.74,8
MED05762,Etoricoxib (60mg) + Serratiopeptidase (15mg),107.0,3
MED05763,Etoricoxib (60mg) + Thiocolchicoside (325mg),100.0,1
MED05764,Etoricoxib (60mg) + Thiocolchicoside (4mg),197.74,519
MED05765,Etoricoxib (60mg) + Thiocolchicoside (8mg),258.25,33
MED05766,Etoricoxib (60mg) + Tolperisone (150mg),210.0,1
MED05767,Etoricoxib (90mg),101.89,738
MED05768,Etoricoxib (90mg) + Paracetamol (325mg),135.65,2
MED05769,Etoricoxib (90mg) + Thiocolchicoside (4mg),205.53,7
MED05770,Etoricoxib (90mg) + Thiocolchicoside (8mg),295.34,5
MED05771,Etoricoxib (90mg) + Vitamin D3 (600IU),200.95,1
MED05772,Euphorbia Prostrata Extract (100mg),291.77,2
MED05773,Euphorbia Prostrata Extract (10mg) + Lidocaine (30mg),239.25,1
MED05774,Euphorbia Prostrata Extract (NA),239.8,1
MED05775,Evening Primrose Oil (1000mg),200.63,3
MED05776,Evening Primrose Oil (500mg),120.0,1
MED05777,Evening Primrose Oil (500mg) + Tocoferol (30mg),185.0,1
MED05778,Everolimus (0.25mg),627.38,5
MED05779,Everolimus (0.5mg),1356.59,4
MED05780,Everolimus (0.75mg),2390.0,1
MED05781,Everolimus (10mg),19168.27,13
MED05782,Everolimus (5mg),16625.69,11
MED05783,Evogliptin (5mg),341.0,1
MED05784,Evogliptin (5mg) + Metformin (1000mg),340.0,1
MED05785,Evogliptin (5mg) + Metformin (500mg),316.0,1
MED05786,Exemestane (25mg),1535.28,7
MED05787,Exenatide (10mcg),6957.0,1
MED05788,Exenatide (250mcg),1536.0,1
MED05789,Exenatide (250mcg/2ml),493.0,1
MED05790,Extractum Cepae-Cepalin (0.1gm) + Heparin (50IU),383.5,2
MED05791,Ezetimibe (10mg),109.17,22
MED05792,Ezetimibe (10mg) + Fenofibrate (145mg),105.0,1
MED05793,Ezetimibe (10mg) + Fenofibrate (200mg),109.07,1
MED05794,Ezetimibe (10mg) + Pitavastatin (2mg),273.4,5
MED05795,Ezetimibe (10mg) + Pitavastatin (4mg),327.5,2
MED05796,Ezetimibe (10mg) + Rosuvastatin (10mg),191.97,11
MED05797,Ezetimibe (10mg) + Rosuvastatin (20mg),239.42,4
MED05798,Ezetimibe (10mg) + Simvastatin (10mg),84.11,6
MED05799,Ezetimibe (10mg) + Simvastatin (20mg),257.0,1
MED05800,Ezetimibe (5mg),85.25,1
MED05801,Famciclovir (250mg),316.24,9
MED05802,Famciclovir (500mg),395.91,9
MED05803,Famciclovir (NA),190.47,1
MED05804,Famotidine (10mg),1.64,2
MED05805,Famotidine (10mg) + Mefenamic Acid (250mg),26.15,1
MED05806,Famotidine (20mg),10.66,40
MED05807,Famotidine (20mg) + Paracetamol (325mg),15.0,1
MED05808,Famotidine (20mg/ml),3.95,2
MED05809,Famotidine (40mg),19.44,49
MED05810,Famotidine (50mg),80.0,1
MED05811,Faropenem (150mg),215.3,5
MED05812,Faropenem (200mg),542.98,105
MED05813,Faropenem (300mg),754.41,38
MED05814,Faropenem (450mg),345.29,1
MED05815,Faropenem (50mg/5ml),250.0,1
MED05816,Faropenem (600mg),580.0,1
MED05817,Favipiravir (200mg),1295.91,25
MED05818,Favipiravir (200mg) + Favipiravir (800mg),2560.0,1
MED05819,Favipiravir (400mg),989.31,45
MED05820,Favipiravir (800mg),1660.0,13
MED05821,Febuxostat (120mg),171.3,8
MED05822,Febuxostat (20mg),138.38,4
MED05823,Febuxostat (40mg),99.49,521
MED05824,Febuxostat (60mg),244.0,2
MED05825,Febuxostat (80mg),160.15,236
MED05826,Felbinac (3% w/w),93.0,2
MED05827,Felodipine (10mg),106.42,2
MED05828,Felodipine (2.5mg),34.08,2
MED05829,Felodipine (5mg),74.0,2
MED05830,Fenbendazole (3gm),40.0,1
MED05831,Fenfluramine (20mg),28.54,1
MED05832,Fenfluramine (60mg),90.09,1
MED05833,Fenofibrate (105mg),152.48,4
MED05834,Fenofibrate (105mg) + Rosuvastatin (10mg),135.93,2
MED05835,Fenofibrate (105mg) + Rosuvastatin (5mg),99.0,1
MED05836,Fenofibrate (135mg),130.75,2
MED05837,Fenofibrate (135mg) + Rosuvastatin (10mg),273.0,1
MED05838,Fenofibrate (135mg) + Rosuvastatin (5mg),177.0,1
MED05839,Fenofibrate (145mg),133.4,14
MED05840,Fenofibrate (145mg) + Rosuvastatin (10mg),164.36,64
MED05841,Fenofibrate (145mg) + Rosuvastatin (20mg),254.38,4
MED05842,Fenofibrate (145mg) + Rosuvastatin (5mg),136.25,12
MED05843,Fenofibrate (160mg),117.4,18
MED05844,Fenofibrate (160mg) + Metformin (500mg),83.0,1
MED05845,Fenofibrate (160mg) + Rosuvastatin (10mg),169.25,218
MED05846,Fenofibrate (160mg) + Rosuvastatin (20mg),313.21,18
MED05847,Fenofibrate (160mg) + Rosuvastatin (5mg),138.51,30
MED05848,Fenofibrate (200mg),124.77,17
MED05849,Fenofibrate (20mg),28.0,1
MED05850,Fenofibrate (250mg),109.75,1
MED05851,Fenofibrate (35mg),94.65,3
MED05852,Fenofibrate (35mg) + Rosuvastatin (10mg),144.82,2
MED05853,Fenofibrate (35mg) + Rosuvastatin (5mg),103.03,1
MED05854,Fenofibrate (40mg),49.76,1
MED05855,Fenofibrate (45mg),97.0,1
MED05856,Fenofibrate (67.5mg) + Pitavastatin (2mg),285.0,2
MED05857,Fenofibrate (67mg),134.96,3
MED05858,Fenofibrate (67mg) + Rosuvastatin (10mg),213.62,10
MED05859,Fenofibrate (67mg) + Rosuvastatin (20mg),233.2,1
MED05860,Fenofibrate (67mg) + Rosuvastatin (5mg),138.81,10
MED05861,Fenofibrate (75mg) + Rosuvastatin (10mg),165.0,1
MED05862,Fenofibrate (80mg) + Metformin (500mg),53.0,1
MED05863,Fenofibrate (80mg) + Rosuvastatin (5mg),131.0,1
MED05864,Fenofibrate (NA) + Rosuvastatin (5mg),75.0,1
MED05865,Fenoverine (100mg),104.05,2
MED05866,Fenoverine (200mg),274.0,1
MED05867,Fentanyl (12.5mg),900.0,1
MED05868,Fentanyl (25mcg),774.92,3
MED05869,Fentanyl (25mg),1590.0,1
MED05870,Fentanyl (50mcg),727.5,9
MED05871,Fentanyl (50mg),3150.0,1
MED05872,Fenticonazole (2% w/w),204.27,13
MED05873,Fenticonazole (600mg),172.9,19
MED05874,Feracrylum (1%),149.62,7
MED05875,Feracrylum (3%),50.82,1
MED05876,Ferric Carboxymaltose (1000mg),5907.0,1
MED05877,Ferric Carboxymaltose (50mg),1740.0,1
MED05878,Ferric Carboxymaltose (50mg/ml),3339.62,12
MED05879,Ferric Citrate (1gm),210.0,1
MED05880,Ferric Citrate (210mg),225.0,1
MED05881,Ferrous Ascorbate (100mg),215.0,1
MED05882,Ferrous Ascorbate (100mg) + Folic Acid (1.1mg),132.0,1
MED05883,Ferrous Ascorbate (100mg) + Folic Acid (1.5mg),121.62,39
MED05884,Ferrous Ascorbate (100mg) + Folic Acid (5mg),95.0,1
MED05885,Ferrous Ascorbate (100mg) + Vitamin D3 (1000IU),129.9,1
MED05886,Ferrous Ascorbate (195mg) + Folic Acid (1.5mg),10.0,1
MED05887,Ferrous Ascorbate (20mg),243.75,1
MED05888,Ferrous Ascorbate (30mg) + Folic Acid (0.5mg),110.0,1
MED05889,Ferrous Ascorbate (30mg) + Folic Acid (500mcg),98.0,1
MED05890,Ferrous Ascorbate (30mg) + Folic Acid (550mcg),115.95,2
MED05891,Ferrous Ascorbate (30mg) + Folic Acid (550mg),210.0,1
MED05892,Ferrous Ascorbate (50mg),95.0,1
MED05893,Ferrous Ascorbate (50mg/5ml) + Folic Acid (1.5mg/5ml),170.0,1
MED05894,Ferrous Ascorbate (60mg) + Folic Acid (1mg),172.5,1
MED05895,Ferrous Ascorbate (NA) + Folic Acid (NA),60.11,2
MED05896,Ferrous Bisglycinate (20mg),273.09,1
MED05897,Ferrous Bisglycinate (300mg) + Zinc bisglycinate (15mg),150.0,1
MED05898,Ferrous Bisglycinate (60mg) + Zinc bisglycinate (15mg),105.58,5
MED05899,Ferrous Fumarate (60mg) + Folic Acid (1mg),162.85,1
MED05900,Fexofenadine (10mg) + Montelukast (120mg),119.9,1
MED05901,Fexofenadine (10mg) + Montelukast (4mg),110.0,1
MED05902,Fexofenadine (120mg),97.33,368
MED05903,Fexofenadine (120mg) + Montelukast (100mg),225.0,1
MED05904,Fexofenadine (120mg) + Montelukast (10mg),150.18,746
MED05905,Fexofenadine (120mg) + Montelukast (4mg),110.0,1
MED05906,Fexofenadine (120mg) + Montelukast (5mg),129.0,1
MED05907,Fexofenadine (150mg) + Montelukast (10mg),105.0,1
MED05908,Fexofenadine (160mg) + Montelukast (10mg),140.0,1
MED05909,Fexofenadine (180mg),131.01,329
MED05910,Fexofenadine (180mg) + Montelukast (10mg),171.07,9
MED05911,Fexofenadine (30mg),60.18,20
MED05912,Fexofenadine (30mg) + Montelukast (4mg),97.0,2
MED05913,Fexofenadine (30mg) + Phenylephrine (2.5mg/5ml),77.0,1
MED05914,Fexofenadine (30mg/5ml),94.52,37
MED05915,Fexofenadine (30mg/5ml) + Montelukast (4mg/5ml),107.66,4
MED05916,Fexofenadine (30mg/5ml) + Phenylephrine (2.5mg/5ml),64.95,2
MED05917,Fexofenadine (40mg),125.0,1
MED05918,Fexofenadine (60mg),65.25,2
MED05919,Fexofenadine (60mg) + Montelukast (4mg),128.59,7
MED05920,Fexofenadine (60mg) + Phenylephrine (10mg),113.86,6
MED05921,Fexofenadine (60mg/5ml) + Montelukast (4mg/5ml),107.56,10
MED05922,Fexofenadine (NA),64.42,1
MED05923,Fexofenadine (NA) + Montelukast (NA),140.84,4
MED05924,Fibrinogen (170.5mg) + Thrombin (62.2IU),29000.0,1
MED05925,Fibrinogen (337.4mg) + Thrombin (123.1IU),26000.0,1
MED05926,Fibrinogen (55.5mg) + Thrombin (20.3IU),5000.0,1
MED05927,Filgrastim (150mcg),1347.0,1
MED05928,Filgrastim (300mcg),1833.71,39
MED05929,Filgrastim (6mg),5500.0,1
MED05930,Fimasartan (120mg),190.0,2
MED05931,Fimasartan (60mg),125.5,2
MED05932,Finasteride (0.01% w/v) + Minoxidil (5% w/v),995.0,1
MED05933,Finasteride (0.1% w/v) + Minoxidil (10% w/v),1008.8,14
MED05934,Finasteride (0.1% w/v) + Minoxidil (3% w/v),485.0,2
MED05935,Finasteride (0.1% w/v) + Minoxidil (5% w/v),818.02,57
MED05936,Finasteride (0.1% w/w) + Minoxidil (10% w/w),775.0,1
MED05937,Finasteride (0.1% w/w) + Minoxidil (5% w/w),657.5,2
MED05938,Finasteride (0.5mg) + Tamsulosin (0.4mg),115.0,1
MED05939,Finasteride (1% w/v) + Minoxidil (10% w/v),870.0,1
MED05940,Finasteride (1% w/v) + Minoxidil (5% w/v),679.25,4
MED05941,Finasteride (1mg),68.13,63
MED05942,Finasteride (2.5mg),78.1,1
MED05943,Finasteride (2mg),128.8,1
MED05944,Finasteride (5mg),150.46,26
MED05945,Finasteride (5mg) + Tamsulosin (0.4mg),195.57,29
MED05946,Finasteride (5mg) + Tamsulosin (4mg),301.0,1
MED05947,Finerenone (10mg),1365.0,1
MED05948,Fingolimod (0.5mg),756.5,2
MED05949,Flavoxate (200mg),145.36,127
MED05950,Flavoxate (200mg) + Ofloxacin (200mg),178.24,56
MED05951,Flavoxate (NA),114.96,3
MED05952,Flecainide (100mg),335.2,1
MED05953,Flecainide (50mg),174.75,1
MED05954,Flucloxacillin Sodium (1000mg),699.0,4
MED05955,Flucloxacillin Sodium (500mg),411.33,3
MED05956,Fluconazole (0.025% w/w),90.0,2
MED05957,Fluconazole (0.1% w/v),80.0,1
MED05958,Fluconazole (0.3% w/v),55.34,17
MED05959,Fluconazole (0.3% w/w),75.0,1
MED05960,Fluconazole (0.3%),25.15,1
MED05961,Fluconazole (0.5% w/w),95.78,15
MED05962,Fluconazole (1% w/w),103.53,5
MED05963,Fluconazole (100mg),83.72,14
MED05964,Fluconazole (10mg),34.7,1
MED05965,Fluconazole (150mg),39.43,967
MED05966,Fluconazole (150mg) + Ivermectin (6mg),21.44,4
MED05967,Fluconazole (150mg) + Ornidazole (750mg),39.95,2
MED05968,Fluconazole (150mg) + Secnidazole (1000mg),99.37,1
MED05969,Fluconazole (150mg) + Tinidazole (1000mg),44.12,14
MED05970,Fluconazole (2% w/v),153.0,1
MED05971,Fluconazole (2% w/w),94.45,5
MED05972,Fluconazole (2% w/w) + Zinc pyrithione (1% w/w),224.9,1
MED05973,Fluconazole (200mg),50.89,214
MED05974,Fluconazole (20mg),38.52,1
MED05975,Fluconazole (2mg),283.94,1
MED05976,Fluconazole (2mg/ml),119.0,1
MED05977,Fluconazole (300mg),34.95,7
MED05978,Fluconazole (400mg),47.83,65
MED05979,Fluconazole (500mg),14.87,1
MED05980,Fluconazole (50mg),44.96,69
MED05981,Fluconazole (50mg/5ml),95.0,1
MED05982,Fluconazole (5mg),14.95,2
MED05983,Fluconazole (75mg) + Tinidazole (1000mg),36.5,1
MED05984,Fluconazole (NA),42.45,21
MED05985,Fluconazole (NA) + Tinidazole (NA),32.0,1
MED05986,Flucytosine (500mg),5013.8,5
MED05987,Fludarabine (10mg),16294.03,3
MED05988,Fludarabine (50mg),8365.76,7
MED05989,Fludrocortisone (100mcg),159.26,2
MED05990,Fludrocortisone (NA),105.0,1
MED05991,Flumazenil (0.5mg),900.0,1
MED05992,Flunarizine (10mg),47.19,218
MED05993,Flunarizine (10mg) + Propranolol (20mg),95.78,5
MED05994,Flunarizine (10mg) + Propranolol (40mg),103.55,98
MED05995,Flunarizine (20mg) + Propranolol (10mg),129.0,1
MED05996,Flunarizine (40mg) + Propranolol (10mg),130.0,1
MED05997,Flunarizine (5mg),31.19,100
MED05998,Flunarizine (5mg) + Propranolol (10mg),72.81,1
MED05999,Flunarizine (5mg) + Propranolol (20mg),47.09,3
MED06000,Flunarizine (5mg) + Propranolol (40mg),74.13,32
MED06001,Flunarizine (NA),40.0,1
MED06002,Fluocinolone acetonide (0.01% w/v),210.44,10
MED06003,Fluocinolone acetonide (0.01% w/v) + Miconazole (2% w/v),55.67,3
MED06004,Fluocinolone acetonide (0.01% w/w),22.0,1
MED06005,Fluocinolone acetonide (0.01% w/w) + Miconazole (2% w/w),50.42,28
MED06006,Fluocinolone acetonide (0.01% w/w) + Miconazole (2.0% w/w),48.0,1
MED06007,Fluocinolone acetonide (0.01% w/w) + Ofloxacin (0.5% w/w),68.0,2
MED06008,Fluocinolone acetonide (0.025% w/v),92.33,3
MED06009,Fluocinolone acetonide (0.025% w/w),62.08,6
MED06010,Fluocinolone acetonide (0.025% w/w) + Gentamicin (0.1% w/w),56.0,2
MED06011,Fluocinolone acetonide (0.025% w/w) + Miconazole (2% w/w),58.17,11
MED06012,Fluocinolone acetonide (0.025% w/w) + Neomycin (0.5% w/w),74.67,3
MED06013,Fluocinolone acetonide (0.025% w/w) + Povidone Iodine (1% w/w),35.26,1
MED06014,Fluocinolone acetonide (0.1% w/w),120.47,3
MED06015,Fluocinolone acetonide (0.25mg) + Miconazole (20mg),20.0,1
MED06016,Fluocinolone acetonide (NA),174.36,3
MED06017,Fluocinolone acetonide (NA) + Miconazole (NA),30.04,4
MED06018,Fluocinolone acetonide (NA) + Neomycin (NA),28.0,1
MED06019,Fluorescein (0.45mg),400.0,1
MED06020,Fluorescein (20%),87.4,1
MED06021,Fluorescein (4%),255.96,1
MED06022,Fluorescein (600mg),59.8,1
MED06023,Fluorometholone (0.1% w/v),97.65,47
MED06024,Fluorometholone (0.1% w/v) + Neomycin (0.35% w/v),130.44,2
MED06025,Fluorometholone (0.1% w/v) + Tobramycin (0.3% w/v),109.23,53
MED06026,Fluorometholone (0.1% w/w),125.0,2
MED06027,Fluorometholone (0.1%) + Tobramycin (0.3%),83.84,2
MED06028,Fluorometholone (1% w/v) + Tobramycin (0.3% w/v),91.5,2
MED06029,Fluorometholone (1mg),36.1,1
MED06030,Fluorometholone (1mg) + Tobramycin (3mg),113.47,4
MED06031,Fluorometholone (NA),55.06,2
MED06032,Fluorometholone (NA) + Tobramycin (NA),90.77,5
MED06033,Fluorouracil (1% w/w),118.0,2
MED06034,Fluorouracil (250mg),18.35,12
MED06035,Fluorouracil (5% w/w),267.0,1
MED06036,Fluorouracil (500mg),33.63,11
MED06037,Fluorouracil (50mg/ml),30.0,1
MED06038,Fluoxetine (10mg),29.06,32
MED06039,Fluoxetine (20mg),41.03,197
MED06040,Fluoxetine (20mg) + Olanzapine (10mg),96.52,23
MED06041,Fluoxetine (20mg) + Olanzapine (5mg),76.22,62
MED06042,Fluoxetine (20mg/5ml),71.43,3
MED06043,Fluoxetine (25mg),13.96,1
MED06044,Fluoxetine (40mg),57.84,41
MED06045,Fluoxetine (60mg),86.88,37
MED06046,Fluoxetine (75mg),310.0,1
MED06047,Fluoxetine (90mg),136.5,2
MED06048,Fluoxetine (NA),17.4,3
MED06049,Flupenthixol (0.5mg),45.67,40
MED06050,Flupenthixol (0.5mg) + Melitracen (10mg),69.26,120
MED06051,Flupenthixol (0.5mg) + Nortriptyline (10mg),117.82,7
MED06052,Flupenthixol (1mg),64.19,12
MED06053,Flupenthixol (20mg),194.83,3
MED06054,Flupenthixol (20mg) + Melitracen (NA),169.0,1
MED06055,Flupenthixol (20mg/ml),211.85,1
MED06056,Flupenthixol (3mg),116.13,5
MED06057,Flupenthixol (40mg),410.85,2
MED06058,Flupenthixol (40mg) + Melitracen (NA),339.0,1
MED06059,Flupenthixol (50mg) + Melitracen (10mg),65.0,1
MED06060,Flupenthixol (5mg) + Melitracen (1mg),130.0,1
MED06061,Flupenthixol (NA),51.97,1
MED06062,Flupenthixol (NA) + Melitracen (NA),77.89,4
MED06063,Fluphenazine (0.5mg) + Nortriptyline (10mg),59.0,1
MED06064,Fluphenazine (25mg),49.4,12
MED06065,Fluphenazine (2mg),6.5,1
MED06066,Flupirtine (100mg),129.28,62
MED06067,Flupirtine (100mg) + Paracetamol (325mg),143.81,38
MED06068,Flupirtine (100mg) + Thiocolchicoside (4mg),227.88,4
MED06069,Flupirtine (100mg) + Thiocolchicoside (8mg),283.5,1
MED06070,Flupirtine (400mg),209.62,9
MED06071,Flurazepam (10mg),44.4,2
MED06072,Flurazepam (15mg),33.75,2
MED06073,Flurazepam (5mg),24.9,2
MED06074,Flurbiprofen (0.03% w/v),53.69,31
MED06075,Flurbiprofen (0.03% w/v) + Gatifloxacin (0.3% w/v),88.85,11
MED06076,Flurbiprofen (0.03% w/v) + Hydroxypropylmethylcellulose (0.25% w/v),73.72,17
MED06077,Flurbiprofen (0.03% w/v) + Phenyl Mercuric Nitrate (0.001% w/v),43.33,3
MED06078,Flurbiprofen (0.03% w/w),40.0,1
MED06079,Flurbiprofen (0.3% w/v),23.22,1
MED06080,Flurbiprofen (0.3% w/v) + Hydroxypropylmethylcellulose (0.25% w/v),60.0,1
MED06081,Flurbiprofen (0.3mg) + Gatifloxacin (3mg),79.0,1
MED06082,Flurbiprofen (100mg),29.0,1
MED06083,Flurbiprofen (10mg),37.12,1
MED06084,Flurbiprofen (5% w/w),174.06,1
MED06085,Flurbiprofen (5mg),21.16,1
MED06086,Flurbiprofen (NA),28.0,1
MED06087,Flutamide (250mg),114.31,7
MED06088,Fluticasone Furoate (0.0275% w/v),375.0,2
MED06089,Fluticasone Furoate (0.05% w/v),225.0,1
MED06090,Fluticasone Furoate (0.05% w/w),195.5,3
MED06091,Fluticasone Furoate (0.055% w/v),437.75,1
MED06092,Fluticasone Furoate (0.055% w/w),363.78,2
MED06093,Fluticasone Furoate (100mcg) + Umeclidinium (62.5mcg),3135.0,1
MED06094,Fluticasone Furoate (100mcg) + Vilanterol (25mcg),296.67,3
MED06095,Fluticasone Furoate (125mcg),275.0,1
MED06096,Fluticasone Furoate (27.5mcg),360.91,36
MED06097,Fluticasone Furoate (27.5mcg/spray),429.0,1
MED06098,Fluticasone Furoate (50mcg),209.67,3
MED06099,Fluticasone Propionate (0.005% w/v),425.16,1
MED06100,Fluticasone Propionate (0.005% w/w),87.67,5
MED06101,Fluticasone Propionate (0.005% w/w) + Mupirocin (2% w/w),184.65,10
MED06102,Fluticasone Propionate (0.05% w/v),229.48,20
MED06103,Fluticasone Propionate (0.05% w/v) + Terbinafine (1% w/v),132.5,6
MED06104,Fluticasone Propionate (0.05% w/w),137.21,44
MED06105,Fluticasone Propionate (0.05% w/w) + Terbinafine (1% w/w),92.09,4
MED06106,Fluticasone Propionate (0.05%),237.0,1
MED06107,Fluticasone Propionate (0.5mg),204.87,3
MED06108,Fluticasone Propionate (100mcg),77.62,2
MED06109,Fluticasone Propionate (100mcg) + Formoterol (6mcg),206.13,8
MED06110,Fluticasone Propionate (100mcg) + Salmeterol (50mcg),196.21,15
MED06111,Fluticasone Propionate (125mcg),258.7,2
MED06112,Fluticasone Propionate (125mcg) + Formoterol (6mcg),487.4,11
MED06113,Fluticasone Propionate (125mcg) + Salmeterol (25mcg),456.83,18
MED06114,Fluticasone Propionate (125mcg) + Salmeterol (50mcg),317.0,1
MED06115,Fluticasone Propionate (200mcg) + Formoterol (6mcg),173.2,1
MED06116,Fluticasone Propionate (250mcg),152.32,2
MED06117,Fluticasone Propionate (250mcg) + Formoterol (6mcg),504.82,32
MED06118,Fluticasone Propionate (250mcg) + Salmeterol (25mcg),635.34,19
MED06119,Fluticasone Propionate (250mcg) + Salmeterol (50mcg),392.14,26
MED06120,Fluticasone Propionate (250mcg) + Salmeterol (50mg),429.0,1
MED06121,Fluticasone Propionate (27.5mcg),340.36,14
MED06122,Fluticasone Propionate (27mcg),240.0,1
MED06123,Fluticasone Propionate (2mg),475.8,1
MED06124,Fluticasone Propionate (500mcg) + Formoterol (12mcg),443.07,4
MED06125,Fluticasone Propionate (500mcg) + Formoterol (6mcg),418.67,3
MED06126,Fluticasone Propionate (500mcg) + Salmeterol (25mcg),380.0,1
MED06127,Fluticasone Propionate (500mcg) + Salmeterol (50mcg),465.39,20
MED06128,Fluticasone Propionate (50mcg),232.75,13
MED06129,Fluticasone Propionate (50mcg) + Formoterol (6mcg),476.0,1
MED06130,Fluticasone Propionate (50mcg) + Salmeterol (25mcg),326.0,5
MED06131,Fluticasone Propionate (50mg),261.0,1
MED06132,Fluticasone Propionate (NA),173.6,5
MED06133,Fluticasone Propionate (NA) + Formoterol (500mcg),355.98,1
MED06134,Fluvastatin (40mg),297.0,1
MED06135,Fluvastatin (80mg),473.5,1
MED06136,Fluvoxamine (100mg),260.36,53
MED06137,Fluvoxamine (150mg),373.09,5
MED06138,Fluvoxamine (200mg),167.5,3
MED06139,Fluvoxamine (25mg),99.46,3
MED06140,Fluvoxamine (50mg),144.04,52
MED06141,Folic Acid (0.7mcg) + Methylcobalamin (1500mcg),63.0,1
MED06142,Folic Acid (0.7mcg) + Thiamine(Vitamin B1) (2500mcg),8.06,1
MED06143,Folic Acid (0.7mg) + Methylcobalamin (1.5mg),26.6,1
MED06144,Folic Acid (0.7mg) + Methylcobalamin (1500mcg),67.23,13
MED06145,Folic Acid (0.7mg) + Methylcobalamin (2500mcg),58.25,26
MED06146,Folic Acid (0.7mg/ml) + Methylcobalamin (1500mcg/ml),97.0,1
MED06147,Folic Acid (1.5mg) + L-Carnitine L-Tartrate (500mg),151.0,2
MED06148,Folic Acid (1.5mg) + Levo-carnitine (500mg),273.88,3
MED06149,Folic Acid (1.5mg) + Methylcobalamin (1500mcg),302.0,3
MED06150,Folic Acid (1.5mg) + Methylcobalamin (15mcg),57.0,1
MED06151,Folic Acid (1.5mg) + Methylcobalamin (NA),80.0,1
MED06152,Folic Acid (1.5mg) + Sodium Feredetate (231mg),151.24,2
MED06153,Folic Acid (15mg) + Nicotinamide (200mg),42.0,1
MED06154,Folic Acid (15mg/ml) + Nicotinamide (200mg/ml),87.45,1
MED06155,Folic Acid (1mg) + Methotrexate (7.5mg),64.75,2
MED06156,Folic Acid (2.5mg) + Meclizine (25mg),37.5,1
MED06157,Folic Acid (3.3mg) + Sodium Feredetate (231mg),109.0,1
MED06158,Folic Acid (400mcg),3599.0,1
MED06159,Folic Acid (550mcg) + Sodium Feredetate (30mg),64.0,1
MED06160,Folic Acid (5mg),30.48,35
MED06161,Folic Acid (5mg) + Meclizine (50mg),94.42,4
MED06162,Folic Acid (5mg) + Methylcobalamin (1500mcg),215.0,1
MED06163,Folic Acid (NA) + Meclizine (NA),85.0,1
MED06164,Fondaparinux (2.5mg),816.56,7
MED06165,Fondaparinux (2.5mg/0.5ml),675.0,1
MED06166,Fondaparinux (7.5mg),1706.8,5
MED06167,Fondaparinux (NA),1480.0,1
MED06168,Formoterol (12mcg),55.22,3
MED06169,Formoterol (12mcg) + Glycopyrrolate (12.5mcg),535.0,1
MED06170,Formoterol (12mcg) + Glycopyrrolate (25mcg),265.66,6
MED06171,Formoterol (12mcg) + Tiotropium (18mcg),328.88,14
MED06172,Formoterol (15mcg),21.52,1
MED06173,Formoterol (160mcg) + Tiotropium (NA),260.0,1
MED06174,Formoterol (18mcg) + Tiotropium (9mcg),479.0,1
MED06175,Formoterol (4.8mcg) + Glycopyrrolate (9mcg),556.25,2
MED06176,Formoterol (6mcg) + Glycopyrrolate (25mcg),259.59,4
MED06177,Formoterol (6mcg) + Mometasone (100mcg),186.5,2
MED06178,Formoterol (6mcg) + Mometasone (200mcg),342.48,5
MED06179,Formoterol (6mcg) + Mometasone (400mcg),395.43,5
MED06180,Formoterol (6mcg) + Tiotropium (9mcg),595.56,8
MED06181,Formoterol (NA),17.0,1
MED06182,Fosaprepitant (150mg),2485.24,16
MED06183,Fosfestrol (120mg),351.0,1
MED06184,Fosfestrol (60mg/ml),26.85,1
MED06185,Fosfomycin (3000mg),420.0,1
MED06186,Fosfomycin (3gm),402.78,23
MED06187,Fosfomycin (4gm),4013.42,22
MED06188,Fosfomycin (5.631gm),503.0,1
MED06189,Fosfomycin (NA),329.75,2
MED06190,Fosinopril (10mg),1279.97,2
MED06191,Fosinopril (20mg),117.82,2
MED06192,Fosphenytoin (10mg),151.0,1
MED06193,Fosphenytoin (150mg),58.97,3
MED06194,Fosphenytoin (750mg),393.9,1
MED06195,Fosphenytoin (75mg),172.62,4
MED06196,Fosphenytoin (75mg/ml),101.5,2
MED06197,Framycetin (0.5%),23.86,2
MED06198,Framycetin (1% w/w),81.16,3
MED06199,Framycetin (NA),89.16,2
MED06200,Freeze-dried Live Attenuated Hepatitis A Vaccine (160IU),1298.18,1
MED06201,Freeze-dried Live Attenuated Hepatitis A Vaccine (360ELISA) + Hepatitis B Vaccine (rDNA) (10mcg),762.3,1
MED06202,Freeze-dried Live Attenuated Hepatitis A Vaccine (6.5ccid50),1744.0,1
MED06203,Freeze-dried Live Attenuated Hepatitis A Vaccine (720ELISA),2099.0,1
MED06204,Freeze-dried Live Attenuated Hepatitis A Vaccine (720IU) + Hepatitis B Vaccine (rDNA) (20mg),1644.0,1
MED06205,Freeze-dried Live Attenuated Hepatitis A Vaccine (80IU),1385.0,1
MED06206,Freeze-dried Live Attenuated Hepatitis A Vaccine (NA),1003.0,1
MED06207,Fructo Oligosaccharide (1gm) + Levo-carnitine (1.5gm),55.0,2
MED06208,Fructo Oligosaccharide (2gm) + Lactitol (10gm),93.5,1
MED06209,Fulvestrant (120mg),18000.0,1
MED06210,Fulvestrant (250mg),14943.78,17
MED06211,Fulvestrant (250mg/5ml),14040.0,1
MED06212,Fulvestrant (500mg),42200.0,1
MED06213,Furazolidone (100mg),8.38,3
MED06214,Furazolidone (100mg) + Loperamide (1mg),60.0,1
MED06215,Furazolidone (100mg) + Loperamide (2mg),37.5,1
MED06216,Furazolidone (100mg) + Metronidazole (200mg),8.2,5
MED06217,Furazolidone (100mg) + Metronidazole (300mg),14.58,10
MED06218,Furazolidone (100mg) + Metronidazole (400mg),10.38,6
MED06219,Furazolidone (25mg),6.2,1
MED06220,Furazolidone (30mg) + Metronidazole (100mg),16.36,10
MED06221,Furazolidone (30mg/5ml) + Metronidazole (100mg/5ml),15.25,12
MED06222,Furazolidone (33mg) + Metronidazole (100mg),24.6,1
MED06223,Furazolidone (40mg/5ml) + Metronidazole (200mg/5ml),28.72,2
MED06224,Furazolidone (500mg),35.8,1
MED06225,Furazolidone (50mg) + Metronidazole (100mg),26.4,4
MED06226,Furazolidone (50mg) + Metronidazole (200mg),16.12,7
MED06227,Furazolidone (75mg) + Metronidazole (200mg),46.06,3
MED06228,Furazolidone (NA),3.17,1
MED06229,Furazolidone (NA) + Metronidazole (NA),17.96,2
MED06230,Furosemide (100mg),6.35,2
MED06231,Furosemide (10mg),3.05,3
MED06232,Furosemide (10mg/ml),30.1,4
MED06233,Furosemide (20mg),18.76,2
MED06234,Furosemide (20mg) + Potassium Chloride (250mg),39.0,1
MED06235,Furosemide (20mg) + Spironolactone (25mg),56.03,3
MED06236,Furosemide (20mg) + Spironolactone (50mg),49.41,26
MED06237,Furosemide (20mg) + Triamterene (50mg),23.77,1
MED06238,Furosemide (20mg/ml),2.97,1
MED06239,Furosemide (40mg),16.4,7
MED06240,Furosemide (40mg) + Potassium Chloride (600mg),111.0,1
MED06241,Furosemide (40mg) + Spironolactone (25mg),54.69,3
MED06242,Furosemide (40mg) + Spironolactone (50mg),53.7,1
MED06243,Furosemide (40mg) + Triamterene (50mg),29.21,1
MED06244,Furosemide (500mg),32.03,1
MED06245,Furosemide (NA) + Spironolactone (NA),8.63,1
MED06246,Fusidic Acid (0.2% w/w),105.0,1
MED06247,Fusidic Acid (10mg),495.0,1
MED06248,Fusidic Acid (2% w/v),187.0,2
MED06249,Fusidic Acid (2% w/w),88.7,114
MED06250,Fusidic Acid (2% w/w) + Halobetasol (0.05% w/w),190.83,6
MED06251,Fusidic Acid (2% w/w) + Halometasone (0.05% w/w),167.58,3
MED06252,Fusidic Acid (2% w/w) + Hydrocortisone (0.05% w/w),124.4,1
MED06253,Fusidic Acid (2% w/w) + Hydrocortisone (1% w/w),148.46,4
MED06254,Fusidic Acid (2% w/w) + Mometasone (0.1% w/w),180.92,66
MED06255,Fusidic Acid (2% w/w) + Mometasone (0.12% w/w),185.0,1
MED06256,Fusidic Acid (2%) + Mometasone (0.1%),120.0,1
MED06257,Fusidic Acid (20mg),68.91,6
MED06258,Fusidic Acid (20mg) + Halobetasol (0.5mg),180.0,1
MED06259,Fusidic Acid (5% w/w) + Mometasone (0.1% w/w),190.0,1
MED06260,Fusidic Acid (NA),62.66,8
MED06261,Gabapentin (1% w/w),158.0,1
MED06262,Gabapentin (100mg),70.55,105
MED06263,Gabapentin (100mg) + Methylcobalamin (0.5mg),132.9,5
MED06264,Gabapentin (100mg) + Methylcobalamin (1500mcg),85.0,1
MED06265,Gabapentin (100mg) + Methylcobalamin (500mcg),109.39,39
MED06266,Gabapentin (100mg) + Methylcobalamin (750mcg),156.88,2
MED06267,Gabapentin (100mg) + Nortriptyline (10mg),118.34,67
MED06268,Gabapentin (150mg) + Methylcobalamin (750mcg),112.13,5
MED06269,Gabapentin (200mg) + Methylcobalamin (500mcg),112.85,1
MED06270,Gabapentin (200mg) + Nortriptyline (10mg),211.46,5
MED06271,Gabapentin (200mg) + Nortriptyline (5mg),179.74,5
MED06272,Gabapentin (300mg),136.95,123
MED06273,Gabapentin (300mg) + Methylcobalamin (0.5mg),169.92,8
MED06274,Gabapentin (300mg) + Methylcobalamin (1000mcg),98.0,1
MED06275,Gabapentin (300mg) + Methylcobalamin (1500mcg),121.77,13
MED06276,Gabapentin (300mg) + Methylcobalamin (300mcg),95.0,1
MED06277,Gabapentin (300mg) + Methylcobalamin (500mcg),127.23,567
MED06278,Gabapentin (300mg) + Methylcobalamin (500mg),129.8,5
MED06279,Gabapentin (300mg) + Methylcobalamin (750mcg),137.77,13
MED06280,Gabapentin (300mg) + Methylcobalamin (75mcg),63.0,2
MED06281,Gabapentin (300mg) + Nortriptyline (100mg),168.0,1
MED06282,Gabapentin (300mg) + Nortriptyline (10mg),175.64,20
MED06283,Gabapentin (400mg),195.5,21
MED06284,Gabapentin (400mg) + Methylcobalamin (750mcg),385.0,1
MED06285,Gabapentin (400mg) + Nortriptyline (100mg),200.0,1
MED06286,Gabapentin (400mg) + Nortriptyline (10mg),206.76,287
MED06287,Gabapentin (450mg),230.93,7
MED06288,Gabapentin (6% w/w),269.71,2
MED06289,Gabapentin (6% w/w) + Lidocaine (5% w/w),231.58,24
MED06290,Gabapentin (600mg),232.85,10
MED06291,Gabapentin (600mg) + Methylcobalamin (1500mcg),320.0,1
MED06292,Gabapentin (800mg),446.0,2
MED06293,Gabapentin (900mg),197.13,1
MED06294,Gabapentin (NA) + Methylcobalamin (NA),81.47,3
MED06295,Gabapentin (NA) + Nortriptyline (NA),232.2,1
MED06296,Galantamine (4mg),211.22,2
MED06297,Galantamine (8mg),330.5,2
MED06298,Gamma Benzene Hexachloride (1% v/v),45.0,1
MED06299,Gamma Benzene Hexachloride (1% w/v),43.0,2
MED06300,Gamma Benzene Hexachloride (1% w/w),60.0,3
MED06301,Gamma Linolenic acid (100mg),160.0,1
MED06302,Gamma Linolenic acid (120mg) + Methylcobalamin (750mcg),390.0,1
MED06303,Ganciclovir (0.15% w/v),66.0,1
MED06304,Ganciclovir (0.15% w/w),84.8,5
MED06305,Ganciclovir (1.5mg),115.95,8
MED06306,Ganciclovir (250mg),1282.87,5
MED06307,Ganciclovir (5% w/w),90.0,1
MED06308,Ganciclovir (500mg),2007.06,5
MED06309,Ganirelix (0.25mg),2281.0,2
MED06310,Garenoxacin (200mg),887.0,1
MED06311,Gastroprokinetics Plain (NA),22.0,1
MED06312,Gatifloxacin (0.03% w/v),32.0,1
MED06313,Gatifloxacin (0.3% w/v),52.34,80
MED06314,Gatifloxacin (0.3% w/v) + Ketorolac (0.4% w/v),153.54,4
MED06315,Gatifloxacin (0.3% w/v) + Loteprednol etabonate (0.5% w/v),200.0,1
MED06316,Gatifloxacin (0.3% w/v) + Prednisolone (1% w/v),67.39,18
MED06317,Gatifloxacin (0.3% w/w),53.79,9
MED06318,Gatifloxacin (0.3% w/w) + Ketorolac (0.4% w/w),93.0,1
MED06319,Gatifloxacin (0.5% w/v),138.26,21
MED06320,Gatifloxacin (100mg),38.0,2
MED06321,Gatifloxacin (200mg),39.36,76
MED06322,Gatifloxacin (200mg) + Ornidazole (500mg),67.03,18
MED06323,Gatifloxacin (250mg),80.0,1
MED06324,Gatifloxacin (320mg),175.0,1
MED06325,Gatifloxacin (3mg) + Loteprednol etabonate (5mg),237.79,2
MED06326,Gatifloxacin (400mg),69.1,175
MED06327,Gatifloxacin (400mg) + Ornidazole (1000mg),54.91,1
MED06328,Gatifloxacin (500mg) + Ornidazole (200mg),75.0,1
MED06329,Gatifloxacin (50mg),41.0,1
MED06330,Gatifloxacin (NA),28.59,8
MED06331,Gefitinib (250mg),4412.56,54
MED06332,Gelatin Solutions (NA),395.0,1
MED06333,Gemcitabine (1.4gm),7426.54,5
MED06334,Gemcitabine (1000mg),5492.03,34
MED06335,Gemcitabine (1000mg) + Mannitol (62.5mg),6131.0,1
MED06336,Gemcitabine (1400mg),6078.0,7
MED06337,Gemcitabine (1400mg) + Mannitol (87.5mg),10317.0,1
MED06338,Gemcitabine (1600mg),9395.0,1
MED06339,Gemcitabine (1gm),5681.83,17
MED06340,Gemcitabine (200mg),1413.33,46
MED06341,Gemfibrozil (300mg),106.0,8
MED06342,Gemfibrozil (600mg),185.24,2
MED06343,Gemfibrozil (900mg),315.0,1
MED06344,Gemfibrozil (NA),90.0,1
MED06345,Gemifloxacin (1000mg),6145.0,1
MED06346,Gemifloxacin (200mg),1495.0,1
MED06347,Gemifloxacin (320mg),169.57,35
MED06348,Gemigliptin (50mg),599.0,1
MED06349,Gentamicin (0.1% w/v) + Miconazole (2% w/v),89.0,2
MED06350,Gentamicin (0.1% w/w),11.11,6
MED06351,Gentamicin (0.18%),17.5,1
MED06352,Gentamicin (0.25%),19.0,1
MED06353,Gentamicin (0.3% w/v),14.16,19
MED06354,Gentamicin (0.3% w/v) + Hydrocortisone (1% w/v),16.26,2
MED06355,Gentamicin (0.3% w/v) + Hydroxypropylmethylcellulose (0.25% w/v),14.52,2
MED06356,Gentamicin (0.3% w/w),22.5,2
MED06357,Gentamicin (0.3%),9.78,8
MED06358,Gentamicin (10mg),38.05,3
MED06359,Gentamicin (10mg/ml),36.33,2
MED06360,Gentamicin (15mg),8.38,1
MED06361,Gentamicin (20mg),12.45,3
MED06362,Gentamicin (20mg/2ml),6.71,9
MED06363,Gentamicin (20mg/ml),7.28,1
MED06364,Gentamicin (40mg),19.56,29
MED06365,Gentamicin (40mg/ml),27.75,2
MED06366,Gentamicin (60mg),4.2,1
MED06367,Gentamicin (80mg),11.78,29
MED06368,Gentamicin (80mg/2ml),45.18,3
MED06369,Gentamicin (NA),27.17,25
MED06370,Gimeracil (4.35mg) + Oteracil (11.8mg),3600.0,1
MED06371,Gimeracil (5.8mg) + Oteracil (15.8mg),3600.0,1
MED06372,Ginkgo Biloba (120mg) + Piracetam (800mg),297.5,2
MED06373,Ginkgo Biloba (40mg),71.0,5
MED06374,Ginkgo Biloba (40mg) + Methylcobalamin (500mcg),167.5,2
MED06375,Ginkgo Biloba (60mg) + Piracetam (400mg),106.33,4
MED06376,Ginkgo Biloba (60mg) + Piracetam (800mg),246.62,32
MED06377,Ginkgo Biloba (60mg) + Vinpocetine (10mg),129.94,1
MED06378,Ginkgo Biloba (800mg) + Piracetam (60mg),219.6,1
MED06379,Ginkgo biloba extract (EGb 761) (120mg),520.0,1
MED06380,Glatiramer Acetate (20mg),744.66,5
MED06381,Glibenclamide (1.25mg),4.55,1
MED06382,Glibenclamide (1.25mg) + Metformin (250mg),19.33,3
MED06383,Glibenclamide (10mg),14.2,2
MED06384,Glibenclamide (2.5mg),12.13,10
MED06385,Glibenclamide (2.5mg) + Metformin (250mg),32.16,2
MED06386,Glibenclamide (2.5mg) + Metformin (400mg),23.74,14
MED06387,Glibenclamide (2.5mg) + Metformin (500mg),45.5,5
MED06388,Glibenclamide (2mg) + Metformin (500mg),73.0,1
MED06389,Glibenclamide (5mg),11.92,30
MED06390,Glibenclamide (5mg) + Metformin (1000mg),71.5,1
MED06391,Glibenclamide (5mg) + Metformin (500mg),43.88,103
MED06392,Glibenclamide (5mg) + Metformin (800mg),31.46,3
MED06393,Glibenclamide (5mg) + Metformin (850mg),52.14,10
MED06394,Glibenclamide (NA) + Metformin (NA),19.76,1
MED06395,Gliclazide (120mg),375.0,1
MED06396,Gliclazide (160mg),130.9,1
MED06397,Gliclazide (20mg),59.0,1
MED06398,Gliclazide (2mg) + Metformin (500mg),68.0,1
MED06399,Gliclazide (2mg) + Rosiglitazone (80mg),64.8,1
MED06400,Gliclazide (30mg),69.05,41
MED06401,Gliclazide (30mg) + Metformin (1000mg),65.0,1
MED06402,Gliclazide (30mg) + Metformin (500mg),80.04,27
MED06403,Gliclazide (30mg) + Pioglitazone (15mg),100.45,8
MED06404,Gliclazide (30mg) + Pioglitazone (7.5mg),84.07,2
MED06405,Gliclazide (40mg),37.16,67
MED06406,Gliclazide (40mg) + Metformin (400mg),37.87,4
MED06407,Gliclazide (40mg) + Metformin (500mg),63.4,31
MED06408,Gliclazide (40mg) + Metformin (NA),49.0,1
MED06409,Gliclazide (40mg) + Pioglitazone (15mg),83.33,3
MED06410,Gliclazide (5mg),9.0,1
MED06411,Gliclazide (60mg),103.79,70
MED06412,Gliclazide (60mg) + Metformin (1000mg),155.75,6
MED06413,Gliclazide (60mg) + Metformin (500mg),115.69,52
MED06414,Gliclazide (60mg) + Pioglitazone (15mg),127.33,12
MED06415,Gliclazide (60mg) + Pioglitazone (7.5mg),95.0,3
MED06416,Gliclazide (80mg),55.67,130
MED06417,Gliclazide (80mg) + Metformin (1000mg),107.5,2
MED06418,Gliclazide (80mg) + Metformin (500mg),68.07,336
MED06419,Gliclazide (80mg) + Metformin (800mg),54.71,1
MED06420,Gliclazide (80mg) + Pioglitazone (15mg),126.8,5
MED06421,Gliclazide (80mg) + Pioglitazone (7.5mg),99.0,1
MED06422,Gliclazide (90mg),270.0,1
MED06423,Gliclazide (NA),47.14,2
MED06424,Gliclazide (NA) + Metformin (NA),39.41,3
MED06425,Glimepiride (0.2mg) + Metformin (500mg),84.45,1
MED06426,Glimepiride (0.5mg),85.23,5
MED06427,Glimepiride (0.5mg) + Metformin (1000mg),87.38,6
MED06428,Glimepiride (0.5mg) + Metformin (500mg),57.01,50
MED06429,Glimepiride (0.5mg) + Metformin (NA),11.37,1
MED06430,Glimepiride (1000mg) + Metformin (500mg),110.0,1
MED06431,Glimepiride (1mg),36.38,354
MED06432,Glimepiride (1mg) + Metformin (1000mg),87.89,302
MED06433,Glimepiride (1mg) + Metformin (400mg),40.35,1
MED06434,Glimepiride (1mg) + Metformin (500mg),75.83,1591
MED06435,Glimepiride (1mg) + Metformin (750mg),139.9,2
MED06436,Glimepiride (1mg) + Metformin (850mg),87.3,14
MED06437,Glimepiride (1mg) + Metformin (NA),89.85,1
MED06438,Glimepiride (1mg) + Pioglitazone (15mg),53.49,13
MED06439,Glimepiride (1mg) + Pioglitazone (7.5mg),30.0,1
MED06440,Glimepiride (1mg) + Rosiglitazone (2mg),62.5,1
MED06441,Glimepiride (20mg) + Metformin (500mg),125.0,1
MED06442,Glimepiride (2mg),54.53,351
MED06443,Glimepiride (2mg) + Metformin (1000mg),110.61,344
MED06444,Glimepiride (2mg) + Metformin (100mg),80.56,1
MED06445,Glimepiride (2mg) + Metformin (500mg),98.1,1819
MED06446,Glimepiride (2mg) + Metformin (750mg),182.62,2
MED06447,Glimepiride (2mg) + Metformin (850mg),110.8,16
MED06448,Glimepiride (2mg) + Metformin (NA),139.28,1
MED06449,Glimepiride (2mg) + Pioglitazone (15mg),70.88,18
MED06450,Glimepiride (2mg) + Pioglitazone (30mg),69.0,1
MED06451,Glimepiride (2mg) + Pioglitazone (7.5mg),40.0,1
MED06452,Glimepiride (35mg),70.0,1
MED06453,Glimepiride (3mg),91.12,63
MED06454,Glimepiride (3mg) + Metformin (1000mg),125.62,82
MED06455,Glimepiride (3mg) + Metformin (500mg),116.27,56
MED06456,Glimepiride (3mg) + Metformin (750mg),177.84,2
MED06457,Glimepiride (3mg) + Metformin (850mg),126.08,12
MED06458,Glimepiride (4mg),102.87,90
MED06459,Glimepiride (4mg) + Metformin (1000mg),135.57,60
MED06460,Glimepiride (4mg) + Metformin (500mg),124.62,34
MED06461,Glimepiride (4mg) + Metformin (850mg),122.0,1
MED06462,Glimepiride (500mg) + Metformin (1mg),51.0,1
MED06463,Glimepiride (5mg),13.96,1
MED06464,Glimepiride (NA) + Metformin (NA),81.5,5
MED06465,Glipizide (10mg),15.47,5
MED06466,Glipizide (1mg),3.75,1
MED06467,Glipizide (2.5mg),29.97,8
MED06468,Glipizide (2.5mg) + Metformin (250mg),6.75,1
MED06469,Glipizide (2.5mg) + Metformin (400mg),5.76,3
MED06470,Glipizide (2.5mg) + Metformin (500mg),12.0,1
MED06471,Glipizide (5mg),11.84,33
MED06472,Glipizide (5mg) + Metformin (500mg),21.9,40
MED06473,Glipizide (5mg) + Metformin (800mg),30.0,1
MED06474,Glipizide (7.5mg),14.2,1
MED06475,Glipizide (80mg) + Metformin (500mg),24.0,1
MED06476,Glipizide (NA) + Metformin (NA),21.17,2
MED06477,Glucagon (1mg),918.6,3
MED06478,Glucosamine (1000mg),65.0,1
MED06479,Glucosamine (10mg),54.0,1
MED06480,Glucosamine (1500mg),262.99,9
MED06481,Glucosamine (250mg),67.62,3
MED06482,Glucosamine (500mg),90.71,19
MED06483,Glucosamine (500mg) + Methyl Sulfonyl Methane (200mg),79.09,2
MED06484,Glucosamine (500mg) + Methyl Sulfonyl Methane (250mg),360.0,1
MED06485,Glucosamine (500mg) + Methyl Sulfonyl Methane (500mg),62.5,1
MED06486,Glucosamine (550mg),3195.0,1
MED06487,Glucosamine (750mg),66.06,6
MED06488,Glucosamine (750mg) + Methyl Sulfonyl Methane (200mg),152.5,2
MED06489,Glucosamine (750mg) + Methyl Sulfonyl Methane (250mg),43.69,3
MED06490,Glucosamine (750mg) + Sodium Hyaluronate (80mg),199.9,1
MED06491,Glucosamine (NA),76.48,6
MED06492,Glucosamine (NA) + Methyl Sulfonyl Methane (NA),124.37,2
MED06493,Glucosamine Sulfate Potassium Chloride (1000mg),130.0,1
MED06494,Glucosamine Sulfate Potassium Chloride (1500mg),498.0,1
MED06495,Glucosamine Sulfate Potassium Chloride (500mg),412.8,1
MED06496,Glucosamine Sulfate Potassium Chloride (750mg),471.8,1
MED06497,Glutathione (250mg),3895.0,1
MED06498,Glutathione (500mg),959.67,3
MED06499,Glutathione (50mg),1361.25,2
MED06500,Glutathione (50mg) + Tranexamic Acid (250mg),291.33,3
MED06501,Glutathione (600mg),1430.53,38
MED06502,Glycerin (0.2% w/v) + Hydroxypropylmethylcellulose (0.3% w/v),233.92,9
MED06503,Glycerin (0.34mg/ml) + Sodium Bicarbonate (34mg/ml),82.0,1
MED06504,Glycerin (10% w/v) + Mannitol (10% w/v),163.38,14
MED06505,Glycerin (10gm) + Mannitol (10gm),158.0,16
MED06506,Glycerin (10mg) + Mannitol (10mg),145.0,1
MED06507,Glycine (1.5% w/v),118.75,1
MED06508,Glycine (10mg) + L-Arginine (8mg),416.5,1
MED06509,Glycine (400mg) + Mono Ammonium Glycyrrhizinate (53mg),298.93,1
MED06510,Glycine (500mg),8099.0,1
MED06511,Glycolic acid (10% w/v),1100.0,1
MED06512,Glycopyrrolate (0.2mg),34.16,11
MED06513,Glycopyrrolate (0.2mg/1ml),13.75,2
MED06514,Glycopyrrolate (0.5mg) + Neostigmine (2.5mg),73.36,5
MED06515,Glycopyrrolate (1mg),82.75,2
MED06516,Glycopyrrolate (25mcg),225.25,4
MED06517,Glycopyrrolate (25mcg/2ml),253.5,1
MED06518,Glycopyrrolate (2mg),153.5,2
MED06519,Glycopyrrolate (50mcg),498.4,2
MED06520,Glycopyrrolate (50mcg) + Indacaterol (110mcg),1099.12,6
MED06521,Golimumab (50mg),56700.0,1
MED06522,Gonadotrophins Including Other Ovulation Stimulants (50mg),45.0,1
MED06523,Gonadotrophins Including Other Ovulation Stimulants (NA),1510.0,1
MED06524,Goserelin acetate (10.8mg),28890.0,1
MED06525,Goserelin acetate (3.6mg),9162.71,2
MED06526,Gramicidin (0.25mg) + Neomycin (2.5mg),44.62,2
MED06527,Granisetron (1mg),62.96,53
MED06528,Granisetron (1mg/5ml),56.35,3
MED06529,Granisetron (1mg/ml),45.42,3
MED06530,Granisetron (2mg),102.28,2
MED06531,Granisetron (3mg),98.67,15
MED06532,Granulocyte Colony Stimulating Factor (300mcg),2500.03,3
MED06533,Granulocyte Colony Stimulating Factor (6mg),3656.75,4
MED06534,Griseofulvin (125mg),40.6,9
MED06535,Griseofulvin (125mg/5ml),213.0,1
MED06536,Griseofulvin (150mg),14.87,1
MED06537,Griseofulvin (250mg),25.84,34
MED06538,Griseofulvin (375mg),51.44,7
MED06539,Griseofulvin (500mg),107.36,25
MED06540,Guaifenesin (100mg) + Phenylephrine (10mg),50.0,1
MED06541,Guaifenesin (100mg) + Salbutamol (2mg),14.15,5
MED06542,Guaifenesin (100mg) + Terbutaline (1.5mg),42.9,5
MED06543,Guaifenesin (100mg) + Terbutaline (2.5mg),43.81,46
MED06544,Guaifenesin (100mg) + Terbutaline (25mg),45.0,1
MED06545,Guaifenesin (100mg/10ml) + Terbutaline (2.5mg/10ml),75.0,1
MED06546,Guaifenesin (100mg/5ml) + Terbutaline (2.5mg/5ml),81.5,3
MED06547,Guaifenesin (100mg/5ml) + Terbutaline (2mg/5ml),34.77,1
MED06548,Guaifenesin (133mg),75.0,1
MED06549,Guaifenesin (1mg) + Terbutaline (15mg),50.0,1
MED06550,Guaifenesin (2.5mg/5ml) + Terbutaline (8mg/5ml),132.75,1
MED06551,Guaifenesin (200mg),99.29,4
MED06552,Guaifenesin (25mg) + Terbutaline (1.25mg),43.08,2
MED06553,Guaifenesin (400mg) + Terbutaline (50mg),39.0,1
MED06554,Guaifenesin (450mg) + Terbutaline (8mg),30.77,1
MED06555,Guaifenesin (50mg) + Loratadine (5mg),65.0,2
MED06556,Guaifenesin (50mg) + Phenylephrine (2.5mg),64.0,1
MED06557,Guaifenesin (50mg) + Phenylephrine (5mg),79.01,11
MED06558,Guaifenesin (50mg) + Pseudoephedrine (15mg),57.62,4
MED06559,Guaifenesin (50mg) + Salbutamol (0.5mg),53.5,1
MED06560,Guaifenesin (50mg) + Terbutaline (1.25mg),53.83,102
MED06561,Guaifenesin (50mg) + Terbutaline (1.5mg),39.35,3
MED06562,Guaifenesin (50mg) + Terbutaline (10mg),57.32,1
MED06563,Guaifenesin (50mg) + Terbutaline (12.5mg),40.0,1
MED06564,Guaifenesin (50mg) + Terbutaline (2.5mg),41.63,3
MED06565,Guaifenesin (50mg) + Terbutaline (25mg),32.0,1
MED06566,Guaifenesin (50mg) + Terbutaline (30mg),40.46,1
MED06567,Guaifenesin (50mg) + Terbutaline (5mg),52.0,1
MED06568,Guaifenesin (50mg/5ml) + Loratadine (5mg/5ml),103.41,6
MED06569,Guaifenesin (50mg/5ml) + Phenylephrine (5mg/5ml),77.0,1
MED06570,Guaifenesin (50mg/5ml) + Terbutaline (1.25mg/5ml),70.83,32
MED06571,Guaifenesin (50mg/5ml) + Terbutaline (2.5mg/5ml),36.82,1
MED06572,Guaifenesin (600mg),250.0,1
MED06573,Guaifenesin (66.5mg) + Terbutaline (1.5mg),23.35,2
MED06574,Guaifenesin (66.65mg) + Terbutaline (1.5mg),50.02,8
MED06575,Guaifenesin (8mg/5ml) + Terbutaline (1.25mg/5ml),69.0,1
MED06576,Guaifenesin (NA) + Phenylephrine (NA),44.83,6
MED06577,Guaifenesin (NA) + Terbutaline (NA),40.57,18
MED06578,Gynaecological Products (NA),59.0,1
MED06579,HUMAN PREMIX (100IU),250.8,1
MED06580,Haemophilus Influenzae Type B Capsular Polysaccharide (0.025mcg) + Thiomersal (10mcg),350.0,1
MED06581,Haemophilus Type B Conjugate Vaccine (10mcg),260.79,2
MED06582,Haemophilus Type B Conjugate Vaccine (10mcg) + Tetanus Toxoid (19mcg),412.5,1
MED06583,Haemophilus Type B Conjugate Vaccine (10mcg) + Tetanus Toxoid (30mcg),345.0,1
MED06584,Haemophilus Type B Conjugate Vaccine (NA),280.0,2
MED06585,Halobetasol (0.05% w/v),244.11,7
MED06586,Halobetasol (0.05% w/v) + Salicylic Acid (3% w/v),263.39,5
MED06587,Halobetasol (0.05% w/v) + Salicylic Acid (6% w/v),262.0,2
MED06588,Halobetasol (0.05% w/w),152.57,46
MED06589,Halobetasol (0.05% w/w) + Miconazole (2% w/w),113.3,2
MED06590,Halobetasol (0.05% w/w) + Mupirocin (2% w/w),228.55,2
MED06591,Halobetasol (0.05% w/w) + Salicylic Acid (3% w/w),168.17,33
MED06592,Halobetasol (0.05% w/w) + Salicylic Acid (6% w/w),190.05,16
MED06593,Halobetasol (0.05%) + Miconazole (2%),51.97,1
MED06594,Halobetasol (0.5% w/w),150.0,2
MED06595,Halobetasol (0.5% w/w) + Miconazole (2% w/w),117.5,1
MED06596,Halobetasol (0.5% w/w) + Salicylic Acid (3% w/w),215.0,1
MED06597,Halobetasol (5mg),37.0,1
MED06598,Halobetasol (NA),76.02,1
MED06599,Halobetasol (NA) + Mupirocin (NA),85.51,1
MED06600,Halobetasol (NA) + Salicylic Acid (NA),149.0,1
MED06601,Halometasone (0.05% w/w),179.0,1
MED06602,Haloperidol (0.25mg),11.37,26
MED06603,Haloperidol (0.5mg),29.67,6
MED06604,Haloperidol (1.5mg),15.78,49
MED06605,Haloperidol (1.5mg) + Trihexyphenidyl (2mg),22.87,5
MED06606,Haloperidol (10mg),42.86,54
MED06607,Haloperidol (10mg) + Trihexyphenidyl (2mg),24.32,5
MED06608,Haloperidol (2.5mg),27.66,4
MED06609,Haloperidol (20mg),59.2,11
MED06610,Haloperidol (2mg),44.05,2
MED06611,Haloperidol (2mg/5ml),60.05,1
MED06612,Haloperidol (2mg/ml),49.0,2
MED06613,Haloperidol (3mg),21.5,2
MED06614,Haloperidol (50mg),31.41,1
MED06615,Haloperidol (5mg),32.59,80
MED06616,Haloperidol (5mg) + Trihexyphenidyl (2mg),24.45,10
MED06617,Haloperidol (NA),53.01,1
MED06618,Haloperidol Decanoate (0.25mg),6.28,1
MED06619,Haloperidol Decanoate (100mg),20.8,1
MED06620,Haloperidol Decanoate (10mg/ml),4.9,1
MED06621,Haloperidol Decanoate (50mg),157.08,6
MED06622,Haloperidol Decanoate (50mg/ml),197.0,3
MED06623,Haloperidol Decanoate (5mg),9.35,11
MED06624,Haloperidol Decanoate (NA),8.1,2
MED06625,Halothane (100% w/v),1650.0,1
MED06626,Hemocoagulase (0.2CU),125.25,2
MED06627,Hemocoagulase (1CU),885.0,1
MED06628,Hemocoagulase (1IU),113.33,3
MED06629,Hemocoagulase (NA),650.3,3
MED06630,Heparin (10000 IU),185.71,1
MED06631,Heparin (1000IU),65.87,4
MED06632,Heparin (1000IU/ml),149.51,4
MED06633,Heparin (10IU),27.84,4
MED06634,Heparin (200IU),95.0,1
MED06635,Heparin (25000IU),236.43,34
MED06636,Heparin (250IU),47.38,1
MED06637,Heparin (5000IU),104.66,29
MED06638,Heparin (5000IU/ml),339.0,1
MED06639,Heparin (5000iu/5ml),205.0,1
MED06640,Heparin (500IU/gm),94.0,1
MED06641,Heparin (500iu/5ml),37.6,1
MED06642,Heparin (60mg),430.0,2
MED06643,Hepatitis B Vaccine (rDNA) (100IU),5177.25,4
MED06644,Hepatitis B Vaccine (rDNA) (100mcg),2119.5,4
MED06645,Hepatitis B Vaccine (rDNA) (10mcg),94.32,9
MED06646,Hepatitis B Vaccine (rDNA) (200IU),1400.0,1
MED06647,Hepatitis B Vaccine (rDNA) (200mcg),450.0,1
MED06648,Hepatitis B Vaccine (rDNA) (20mcg),1177.11,11
MED06649,Hepatitis B Vaccine (rDNA) (NA),52.25,1
MED06650,Histamine Dihydrochloride (0.15mcg) + Human Normal Immunoglobulin (12mg),215.33,2
MED06651,Homatropine (1% w/v),18.5,1
MED06652,Homatropine (2% w/v),32.81,9
MED06653,Homatropine (2% w/w),35.75,1
MED06654,Homatropine (NA),26.5,1
MED06655,Homotaurine (50mg),262.5,2
MED06656,Human Gamma Globulin (10%),1149.0,1
MED06657,Human Gamma Globulin (5% w/v),9742.95,2
MED06658,Human Hepatitis B Immunoglobulin (100IU),6586.14,7
MED06659,Human Hepatitis B Immunoglobulin (200IU),10165.5,2
MED06660,Human Hepatitis B Immunoglobulin (NA),11000.0,1
MED06661,Human Insulin/Soluble Insulin (25%) + Insulin Isophane/NPH (75%),266.83,2
MED06662,Human Insulin/Soluble Insulin (30%) + Insulin Isophane/NPH (70%),360.86,31
MED06663,Human Insulin/Soluble Insulin (50%) + Insulin Isophane/NPH (50%),361.29,19
MED06664,Human Normal Immunoglobulin (10%),19989.0,2
MED06665,Human Normal Immunoglobulin (1000mg),3375.0,1
MED06666,Human Normal Immunoglobulin (16.5% w/v),391.89,3
MED06667,Human Normal Immunoglobulin (16.5%),926.16,1
MED06668,Human Normal Immunoglobulin (1gm),1183.75,1
MED06669,Human Normal Immunoglobulin (2.5gm),8581.25,4
MED06670,Human Normal Immunoglobulin (2500mg),9232.0,1
MED06671,Human Normal Immunoglobulin (5% w/v),5700.0,1
MED06672,Human Normal Immunoglobulin (500mg),1961.0,1
MED06673,Human Normal Immunoglobulin (5gm),15400.3,14
MED06674,Human Normal Immunoglobulin (95%),5290.0,1
MED06675,Human Normal Immunoglobulin (NA),17000.0,1
MED06676,"Human Papillomavirus Bivalent (Types 16 and 18) Vaccine, Recombinant (NA)",2640.0,1
MED06677,"Human Papillomavirus Quadrivalent (Types 6, 11, 16, and 18) Vaccine, Recombinant (NA)",3927.0,2
MED06678,Human Rabies Immunoglobulin (300IU),6537.0,2
MED06679,Human Rabies Immunoglobulin (750IU),5714.28,1
MED06680,Human chorionic gonadotropin (hCG) (10000IU),877.18,37
MED06681,Human chorionic gonadotropin (hCG) (1000IU),201.9,1
MED06682,Human chorionic gonadotropin (hCG) (1500IU),862.5,2
MED06683,Human chorionic gonadotropin (hCG) (150IU),1170.0,1
MED06684,Human chorionic gonadotropin (hCG) (2000IU),352.12,38
MED06685,Human chorionic gonadotropin (hCG) (250mcg),1667.1,2
MED06686,Human chorionic gonadotropin (hCG) (3.75mg),4395.0,1
MED06687,Human chorionic gonadotropin (hCG) (5000IU),458.45,72
MED06688,Human chorionic gonadotropin (hCG) (500IU),265.0,1
MED06689,Human chorionic gonadotropin (hCG) (7500IU),731.0,3
MED06690,Human insulin (100IU),536.05,14
MED06691,Human insulin (100IU/ml),428.75,2
MED06692,Human insulin (40IU),154.49,20
MED06693,Hyaluronic Acid (0.18% w/v),383.0,1
MED06694,Hyaluronic Acid (0.2% w/w),200.0,1
MED06695,Hyaluronic Acid (0.20% w/w),1155.0,2
MED06696,Hyaluronic Acid (0.5%),66.67,1
MED06697,Hyaluronic Acid (1% w/v),4500.21,6
MED06698,Hyaluronic Acid (1%),1199.0,1
MED06699,Hyaluronic Acid (10mg),707.0,2
MED06700,Hyaluronic Acid (14mg),703.46,5
MED06701,Hyaluronic Acid (2%),3000.0,1
MED06702,Hyaluronic Acid (200mg),450.0,1
MED06703,Hyaluronic Acid (20mg),8565.79,7
MED06704,Hyaluronic Acid (48mg),12097.0,1
MED06705,Hyaluronic Acid (60mg),16185.0,2
MED06706,Hyaluronic Acid (8mg),14667.43,3
MED06707,Hyaluronic Acid (8mg/ml),15000.0,1
MED06708,Hyaluronic Acid (NA),9559.08,5
MED06709,Hyaluronidase (1%),728.12,1
MED06710,Hyaluronidase (1500IU),122.13,7
MED06711,Hydralazine (20mg),442.0,2
MED06712,Hydralazine (25mg),310.12,2
MED06713,Hydralazine (37.5mg) + Isosorbide Dinitrate (20mg),106.01,9
MED06714,Hydrochloride (200mg),75.0,1
MED06715,Hydrochlorothiazide (12.5mg),11.51,13
MED06716,Hydrochlorothiazide (12.5mg) + Irbesartan (100mg),110.0,1
MED06717,Hydrochlorothiazide (12.5mg) + Irbesartan (150mg),191.94,8
MED06718,Hydrochlorothiazide (12.5mg) + Irbesartan (300mg),329.36,1
MED06719,Hydrochlorothiazide (12.5mg) + Lisinopril (10mg),47.25,2
MED06720,Hydrochlorothiazide (12.5mg) + Lisinopril (5mg),66.08,8
MED06721,Hydrochlorothiazide (12.5mg) + Losartan (25mg),49.81,5
MED06722,Hydrochlorothiazide (12.5mg) + Losartan (50mcg),81.0,1
MED06723,Hydrochlorothiazide (12.5mg) + Losartan (50mg),70.75,224
MED06724,Hydrochlorothiazide (12.5mg) + Losartan (8mg),59.0,1
MED06725,Hydrochlorothiazide (12.5mg) + Metoprolol Succinate (100mg),24.71,2
MED06726,Hydrochlorothiazide (12.5mg) + Metoprolol Succinate (23.75mg),62.0,1
MED06727,Hydrochlorothiazide (12.5mg) + Metoprolol Succinate (25mg),75.64,13
MED06728,Hydrochlorothiazide (12.5mg) + Metoprolol Succinate (47.5mg),86.5,2
MED06729,Hydrochlorothiazide (12.5mg) + Metoprolol Succinate (50mg),102.36,18
MED06730,Hydrochlorothiazide (12.5mg) + Nebivolol (5mg),100.41,31
MED06731,Hydrochlorothiazide (12.5mg) + Olmesartan Medoxomil (20mg),103.56,125
MED06732,Hydrochlorothiazide (12.5mg) + Olmesartan Medoxomil (40mg),167.19,109
MED06733,Hydrochlorothiazide (12.5mg) + Olmesartan Medoxomil (50mg),109.9,1
MED06734,Hydrochlorothiazide (12.5mg) + Olmesartan Medoxomil (80mg),108.7,1
MED06735,Hydrochlorothiazide (12.5mg) + Quinapril (10mg),66.3,1
MED06736,Hydrochlorothiazide (12.5mg) + Quinapril (20mg),86.21,1
MED06737,Hydrochlorothiazide (12.5mg) + Ramipril (10mg),246.78,6
MED06738,Hydrochlorothiazide (12.5mg) + Ramipril (2.5mg),72.44,52
MED06739,Hydrochlorothiazide (12.5mg) + Ramipril (5mg),110.93,45
MED06740,Hydrochlorothiazide (12.5mg) + S-Amlodipine (2.5mg),77.3,2
MED06741,Hydrochlorothiazide (12.5mg) + S-Amlodipine (5mg),184.3,1
MED06742,Hydrochlorothiazide (12.5mg) + Telmisartan (20mg),114.0,3
MED06743,Hydrochlorothiazide (12.5mg) + Telmisartan (40mg),89.83,728
MED06744,Hydrochlorothiazide (12.5mg) + Telmisartan (80mg),156.8,112
MED06745,Hydrochlorothiazide (12.5mg) + Valsartan (160mg),280.6,2
MED06746,Hydrochlorothiazide (12.5mg) + Valsartan (40mg),135.0,1
MED06747,Hydrochlorothiazide (12.5mg) + Valsartan (80mg),321.06,8
MED06748,Hydrochlorothiazide (25mg),19.81,10
MED06749,Hydrochlorothiazide (25mg) + Olmesartan Medoxomil (40mg),126.0,1
MED06750,Hydrochlorothiazide (25mg) + Propranolol (40mg),83.3,1
MED06751,Hydrochlorothiazide (25mg) + Valsartan (160mg),974.0,2
MED06752,Hydrochlorothiazide (6.25mg) + Losartan (50mg),70.0,1
MED06753,Hydrochlorothiazide (NA) + Ramipril (NA),79.38,1
MED06754,Hydrochlorothiazide (NA) + Telmisartan (NA),72.0,2
MED06755,Hydrocortisone (0.01% w/v) + Minoxidil (12.5% w/v),615.0,1
MED06756,Hydrocortisone (0.01% w/v) + Minoxidil (5% w/v),660.0,1
MED06757,Hydrocortisone (0.1% w/w),139.6,6
MED06758,Hydrocortisone (0.127% w/w),193.2,1
MED06759,Hydrocortisone (0.25% w/w) + Lidocaine (3% w/w),158.0,1
MED06760,Hydrocortisone (0.25% w/w) + Zinc Oxide (5% w/w),142.3,5
MED06761,Hydrocortisone (0.5% w/v) + Sulphacetamide (10% w/v),18.97,1
MED06762,Hydrocortisone (0.5% w/w),166.9,1
MED06763,Hydrocortisone (1% w/v),260.0,1
MED06764,Hydrocortisone (1% w/w),105.21,23
MED06765,Hydrocortisone (1% w/w) + Ketoconazole (2% w/w),180.0,1
MED06766,Hydrocortisone (1% w/w) + Miconazole (2% w/w),53.68,1
MED06767,Hydrocortisone (1% w/w) + Quiniodochlor (4% w/w),8.91,1
MED06768,Hydrocortisone (1% w/w) + Tetracycline (1% w/w),40.2,2
MED06769,Hydrocortisone (10% w/w),934.25,3
MED06770,Hydrocortisone (1000mg),26.81,1
MED06771,Hydrocortisone (100mg),49.7,117
MED06772,Hydrocortisone (10gm) + Tetracycline (10gm),29.0,1
MED06773,Hydrocortisone (10mg),62.28,2
MED06774,Hydrocortisone (2.5% w/v),121.9,1
MED06775,Hydrocortisone (2.5mg),72.37,1
MED06776,Hydrocortisone (200mg),77.66,17
MED06777,Hydrocortisone (20mg),144.84,2
MED06778,Hydrocortisone (250mg),135.5,2
MED06779,Hydrocortisone (2gm),713.5,1
MED06780,Hydrocortisone (400mg),142.48,1
MED06781,Hydrocortisone (500mg),203.0,2
MED06782,Hydrocortisone (5mg),31.81,1
MED06783,Hydrocortisone (NA),164.57,7
MED06784,Hydrocortisone (NA) + Naphazoline (NA),25.25,1
MED06785,Hydrocortisone (NA) + Tetracycline (NA),29.62,1
MED06786,Hydroflumethiazide (25mg) + Spironolactone (25mg),14.13,1
MED06787,Hydrogen Peroxide (0.6% w/v),38.0,1
MED06788,Hydrogen Peroxide (1% w/w),117.0,1
MED06789,Hydrogen Peroxide (1.5% w/v),93.45,2
MED06790,Hydrogen Peroxide (3% w/v),22.0,1
MED06791,Hydrogen Peroxide (6% w/v),40.0,2
MED06792,Hydrogen Peroxide (6.5% w/v),29.0,2
MED06793,Hydrogen Peroxide (NA),46.0,2
MED06794,Hydroquinone (0.2% w/w) + Mometasone (0.1% w/w),120.0,1
MED06795,Hydroquinone (1% w/w) + Mometasone (0.1% w/w),145.0,1
MED06796,Hydroquinone (2% w/v) + Mometasone (0.1% w/v),141.67,3
MED06797,Hydroquinone (2% w/w),148.1,9
MED06798,Hydroquinone (2% w/w) + Mometasone (0.01% w/w),120.0,1
MED06799,Hydroquinone (2% w/w) + Mometasone (0.025% w/w),115.0,1
MED06800,Hydroquinone (2% w/w) + Mometasone (0.1% w/w),142.4,217
MED06801,Hydroquinone (2% w/w) + Mometasone (0.10% w/w),110.0,1
MED06802,Hydroquinone (2% w/w) + Octinoxate (5% w/w),87.75,2
MED06803,Hydroquinone (2% w/w) + Octinoxate (9% w/w),151.9,3
MED06804,Hydroquinone (2% w/w) + Sodium Hyaluronate (2% w/w),300.0,1
MED06805,Hydroquinone (2% w/w) + Tretinoin (0.0125% w/w),162.0,1
MED06806,Hydroquinone (2% w/w) + Tretinoin (0.025% w/w),189.91,37
MED06807,Hydroquinone (2% w/w) + Tretinoin (0.05% w/w),187.02,8
MED06808,Hydroquinone (2%) + Mometasone (0.10%),150.0,1
MED06809,Hydroquinone (2.0% w/w) + Mometasone (0.025% w/w),132.0,1
MED06810,Hydroquinone (20mg) + Tretinoin (0.25mg),170.0,2
MED06811,Hydroquinone (3% w/w),91.29,7
MED06812,Hydroquinone (4% w/w),98.66,17
MED06813,Hydroquinone (4% w/w) + Mometasone (0.1% w/w),221.67,3
MED06814,Hydroquinone (4% w/w) + Tretinoin (0.05% w/w),325.0,4
MED06815,Hydroquinone (5% w/v),117.0,4
MED06816,Hydroquinone (5% w/w),1518.5,2
MED06817,Hydroquinone (NA),68.49,9
MED06818,Hydroquinone (NA) + Mometasone (NA),134.84,5
MED06819,Hydroquinone (NA) + Tretinoin (NA),160.93,5
MED06820,Hydrotalcite (500mg) + Simethicone (50mg),51.1,3
MED06821,Hydrotalcite (NA) + Simethicone (NA),5.28,1
MED06822,Hydroxocobalamin (1000mcg) + Vitamin B6 (Pyridoxine) (1.5mg),75.2,1
MED06823,Hydroxocobalamin (1000mcg/ml),61.47,1
MED06824,Hydroxocobalamin (1000mg),15.9,1
MED06825,Hydroxocobalamin (1mg),148.0,1
MED06826,Hydroxychloroquine (200mg),72.39,71
MED06827,Hydroxychloroquine (300mg),174.16,12
MED06828,Hydroxychloroquine (400mg),142.25,21
MED06829,Hydroxyethyl Starch(HES) (3% w/v),290.4,1
MED06830,Hydroxyethyl Starch(HES) (6% w/v),533.89,4
MED06831,Hydroxyethyl Starch(HES) (6gm) + Sodium Chloride (0.9gm),499.0,1
MED06832,Hydroxyprogesterone (100mg),113.56,2
MED06833,Hydroxyprogesterone (150i.u),849.12,1
MED06834,Hydroxyprogesterone (200mg),193.73,3
MED06835,Hydroxyprogesterone (250mg),91.53,97
MED06836,Hydroxyprogesterone (250mg/ml),148.79,9
MED06837,Hydroxyprogesterone (500mg),159.49,138
MED06838,Hydroxyprogesterone (500mg/2ml),82.0,1
MED06839,Hydroxyprogesterone (50mg),23.52,1
MED06840,Hydroxyprogesterone (5mg),51.82,1
MED06841,Hydroxypropylmethylcellulose (0.025% w/v) + Ofloxacin (0.3% w/v),29.0,1
MED06842,Hydroxypropylmethylcellulose (0.1% w/v) + Ketorolac (0.4% w/v),73.5,3
MED06843,Hydroxypropylmethylcellulose (0.1% w/v) + Naphazoline (0.1% w/v),85.0,2
MED06844,Hydroxypropylmethylcellulose (0.2% w/v) + Ofloxacin (0.3% w/v),30.0,1
MED06845,Hydroxypropylmethylcellulose (0.25% w/v) + Ketorolac (0.4% w/v),70.2,2
MED06846,Hydroxypropylmethylcellulose (0.25% w/v) + Moxifloxacin (0.5% w/v),87.5,2
MED06847,Hydroxypropylmethylcellulose (0.25% w/v) + Naphazoline (0.056% w/v),83.0,1
MED06848,Hydroxypropylmethylcellulose (0.25% w/v) + Ofloxacin (0.3% w/v),31.75,4
MED06849,Hydroxypropylmethylcellulose (0.25% w/v) + Tobramycin (0.3% w/v),58.5,2
MED06850,Hydroxypropylmethylcellulose (0.3% w/v),159.57,28
MED06851,Hydroxypropylmethylcellulose (0.3% w/v) + sodium perborate monohydrate (0.03% w/v),156.0,1
MED06852,Hydroxypropylmethylcellulose (0.3% w/w),395.29,7
MED06853,Hydroxypropylmethylcellulose (0.3% w/w) + sodium perborate monohydrate (0.028% w/w),410.0,1
MED06854,Hydroxypropylmethylcellulose (0.7% w/v),79.5,8
MED06855,Hydroxypropylmethylcellulose (2% w/v),100.72,28
MED06856,Hydroxypropylmethylcellulose (2% w/w),105.56,14
MED06857,Hydroxypropylmethylcellulose (2%),89.37,5
MED06858,Hydroxypropylmethylcellulose (3mg),208.25,2
MED06859,Hydroxypropylmethylcellulose (4% w/v),145.0,1
MED06860,Hydroxypropylmethylcellulose (800mg) + Peppermint Powder (NA),350.0,1
MED06861,Hydroxypropylmethylcellulose (NA),68.28,8
MED06862,Hydroxyquinolines (200mg),64.96,1
MED06863,Hydroxyquinolines (300mg),35.0,1
MED06864,Hydroxyurea (1000mg),46.18,1
MED06865,Hydroxyurea (500mcg),143.9,1
MED06866,Hydroxyurea (500mg),157.03,25
MED06867,Hydroxyzine (10mg),37.45,163
MED06868,Hydroxyzine (10mg/5ml),65.9,11
MED06869,Hydroxyzine (25mg),41.55,231
MED06870,Hydroxyzine (50mg),28.95,2
MED06871,Hydroxyzine (6mg),44.73,20
MED06872,Hydroxyzine (6mg/1ml),28.0,1
MED06873,Hydroxyzine (6mg/ml),44.0,2
MED06874,Hydroxyzine (NA),39.0,1
MED06875,Hyoscine butylbromide (0.375mg),65.9,1
MED06876,Hyoscine butylbromide (10mg),33.64,11
MED06877,Hyoscine butylbromide (10mg) + Mefenamic Acid (250mg),133.92,1
MED06878,Hyoscine butylbromide (10mg) + Paracetamol (325mg),50.13,3
MED06879,Hyoscine butylbromide (10mg) + Paracetamol (500mg),60.18,4
MED06880,Hyoscine butylbromide (20mg),21.77,21
MED06881,Hyoscine butylbromide (NA),17.03,4
MED06882,Hyoscyamine (0.125mg),54.4,1
MED06883,Hyoscyamine (0.5mg),133.1,1
MED06884,Hyoscyamine (10mg),25.0,1
MED06885,Hyoscyamine (10mg) + Paracetamol (NA),33.33,1
MED06886,Hyoscyamine (10mg/5ml),162.0,1
MED06887,Ibandronic Acid (150mg),414.26,22
MED06888,Ibandronic Acid (1mg),1316.0,1
MED06889,Ibandronic Acid (3mg),1658.0,2
MED06890,Ibandronic Acid (50mg),1358.18,4
MED06891,Ibandronic Acid (6mg),5041.8,5
MED06892,Ibrutinib (140mg),79093.82,11
MED06893,Ibuprofen (10% w/w),54.0,1
MED06894,Ibuprofen (100mg) + Paracetamol (125mg),15.06,53
MED06895,Ibuprofen (100mg) + Paracetamol (15mg),70.0,1
MED06896,Ibuprofen (100mg) + Paracetamol (162.4mg),28.0,1
MED06897,Ibuprofen (100mg) + Paracetamol (162.50mg),31.5,1
MED06898,Ibuprofen (100mg) + Paracetamol (162.5mg),32.41,48
MED06899,Ibuprofen (100mg) + Paracetamol (500mg),24.73,1
MED06900,Ibuprofen (100mg/5ml),13.24,7
MED06901,Ibuprofen (100mg/5ml) + Paracetamol (125mg/5ml),18.82,3
MED06902,Ibuprofen (100mg/5ml) + Paracetamol (162.5mg/5ml),34.72,12
MED06903,Ibuprofen (200mg),38.96,15
MED06904,Ibuprofen (200mg) + Paracetamol (325mg),10.38,2
MED06905,Ibuprofen (200mg) + Paracetamol (500mg),10.16,3
MED06906,Ibuprofen (200mg) + Paracetamol (NA),9.0,1
MED06907,Ibuprofen (200mg) + Pseudoephedrine (30mg),174.57,2
MED06908,Ibuprofen (300mg),9.05,3
MED06909,Ibuprofen (300mg) + Paracetamol (500mg),70.0,1
MED06910,Ibuprofen (325mg) + Paracetamol (400mg),15.0,2
MED06911,Ibuprofen (400mg),31.9,28
MED06912,Ibuprofen (400mg) + Mefenamic Acid (250mg),43.73,1
MED06913,Ibuprofen (400mg) + Methionine (50mg),8.43,1
MED06914,Ibuprofen (400mg) + Methocarbamol (750mg),54.99,2
MED06915,Ibuprofen (400mg) + Paracetamol (125mg),12.0,1
MED06916,Ibuprofen (400mg) + Paracetamol (250mg),8.99,1
MED06917,Ibuprofen (400mg) + Paracetamol (300mg),28.38,4
MED06918,Ibuprofen (400mg) + Paracetamol (325mg),21.01,175
MED06919,Ibuprofen (400mg) + Paracetamol (333mg),11.76,8
MED06920,Ibuprofen (400mg) + Paracetamol (350mg),142.86,1
MED06921,Ibuprofen (400mg) + Paracetamol (400mg),16.67,3
MED06922,Ibuprofen (400mg) + Paracetamol (500mg),16.18,59
MED06923,Ibuprofen (400mg) + Paracetamol (600mg),11.5,2
MED06924,Ibuprofen (400mg) + Paracetamol (650mg),12.57,2
MED06925,Ibuprofen (400mg) + Pseudoephedrine (60mg),13.0,1
MED06926,Ibuprofen (400mg) + Tizanidine (2mg),45.43,9
MED06927,Ibuprofen (400mg) + Tramadol (50mg),61.75,1
MED06928,Ibuprofen (425mg) + Paracetamol (325mg),12.0,1
MED06929,Ibuprofen (50mg),9.92,1
MED06930,Ibuprofen (50mg) + Paracetamol (500mg),30.0,1
MED06931,Ibuprofen (600mg),19.75,7
MED06932,Ibuprofen (75mg) + Paracetamol (500mg),14.0,1
MED06933,Ibuprofen (NA),23.3,7
MED06934,Ibuprofen (NA) + Paracetamol (NA),15.89,26
MED06935,Ibuprofen (NA) + Pseudoephedrine (NA),59.0,1
MED06936,Ibutilide (NA),1328.55,1
MED06937,Ichthyol Pale (4% w/w),210.0,1
MED06938,Idarubicin (10mg),2883.46,1
MED06939,Idarubicin (25mg),6525.0,1
MED06940,Idarubicin (5mg),4554.29,2
MED06941,Idebenone (45mg),214.86,8
MED06942,Idoxuridine (0.1%),83.31,1
MED06943,Ifosfamide (1000mg) + Mesna (100mg),406.0,1
MED06944,Ifosfamide (1000mg) + Mesna (200mg),469.0,1
MED06945,Ifosfamide (1gm),460.78,9
MED06946,Ifosfamide (1gm) + Mesna (100mg),528.81,1
MED06947,Ifosfamide (1gm) + Mesna (200mg),443.23,2
MED06948,Ifosfamide (2gm),740.75,6
MED06949,Ifosfamide (2gm) + Mesna (100mg),867.26,2
MED06950,Ifosfamide (2gm) + Mesna (400mg),813.75,1
MED06951,Ifosfamide (500mg),316.9,1
MED06952,Ifosfamide (NA) + Mesna (1gm),387.38,2
MED06953,Ifosfamide (NA) + Mesna (2gm),882.86,1
MED06954,Iguratimod (25mg),279.96,7
MED06955,Ilaprazole (10mg),99.55,36
MED06956,Ilaprazole (10mg) + Levosulpiride (75mg),187.28,8
MED06957,Ilaprazole (20mg),140.0,1
MED06958,Ilaprazole (5mg),46.22,7
MED06959,Iloperidone (10mg),244.89,1
MED06960,Iloperidone (12mg),390.0,1
MED06961,Iloperidone (1mg),17.02,5
MED06962,Iloperidone (2mg),31.38,5
MED06963,Iloperidone (4mg),45.92,7
MED06964,Iloperidone (6mg),93.99,6
MED06965,Iloperidone (8mg),118.25,4
MED06966,Imatinib mesylate (100mg),1017.31,31
MED06967,Imatinib mesylate (400mg),2746.85,46
MED06968,Imidapril (10mg),150.0,1
MED06969,Imidapril (5mg),87.07,1
MED06970,Imipenem (500mg),1320.0,1
MED06971,Imipramine (10mg),14.24,2
MED06972,Imipramine (25mg),10.3,39
MED06973,Imipramine (50mg),21.81,10
MED06974,Imipramine (75mg),26.73,26
MED06975,Imiquimod (12.5mg),220.83,3
MED06976,Inactivated Hepatitis A Vaccine (1440IU),1980.28,1
MED06977,Inactivated Japanese Encephalitis virus protein (3mcg),654.5,2
MED06978,Inactivated Japanese Encephalitis virus protein (5mcg),782.37,3
MED06979,Inactivated Japanese Encephalitis virus protein (6mcg),1285.0,1
MED06980,Inactivated influenza vaccine (0.25ml),737.5,2
MED06981,Inactivated influenza vaccine (0.5ml),746.1,5
MED06982,Inactivated influenza vaccine (NA),1412.11,19
MED06983,Inactivated influenza vaccine (Quadrivalent) (NA),2001.25,4
MED06984,Indacaterol (150mcg),1080.5,2
MED06985,Indacaterol (150mcg) + Mometasone (160mcg),399.0,1
MED06986,Indacaterol (150mcg) + Mometasone (320mcg),499.0,1
MED06987,Indacaterol (150mcg) + Mometasone (80mcg),349.0,1
MED06988,Indacaterol (300mcg),2031.0,1
MED06989,Indapamide (1.25mg) + Perindopril erbumine (4mg),155.37,8
MED06990,Indapamide (1.5mg),82.63,27
MED06991,Indapamide (1.5mg) + Nebivolol (5mg),222.95,1
MED06992,Indapamide (1.5mg) + Olmesartan Medoxomil (20mg),133.0,2
MED06993,Indapamide (1.5mg) + Olmesartan Medoxomil (40mg),207.5,2
MED06994,Indapamide (1.5mg) + Ramipril (5mg),94.01,1
MED06995,Indapamide (1.5mg) + Telmisartan (40mg),160.05,4
MED06996,Indapamide (2.5mg),54.25,9
MED06997,Indapamide (2.5mg) + Perindopril erbumine (8mg),229.0,1
MED06998,Indinavir (400mg),420.72,3
MED06999,Indomethacin (1% w/v),29.0,1
MED07000,Indomethacin (1%),75.0,1
MED07001,Indomethacin (1mg),3600.0,2
MED07002,Indomethacin (25mg),43.14,20
MED07003,Indomethacin (25mg) + Paracetamol (325mg),70.0,1
MED07004,Indomethacin (25mg) + Paracetamol (500mg),97.5,1
MED07005,Indomethacin (50mg),149.54,4
MED07006,Indomethacin (75mg),92.63,30
MED07007,Indomethacin (NA),111.25,1
MED07008,Infliximab (100mg),26259.5,2
MED07009,Inositol nicotinate (1000mg),107.04,2
MED07010,Inositol nicotinate (500mg),81.11,1
MED07011,Inositol nicotinate (NA),51.0,1
MED07012,Inotuzumab Ozogamacin (1mg),330000.0,1
MED07013,Insulin Aspart (1.05mg) + Insulin Degludec (2.56mg),1450.0,1
MED07014,Insulin Aspart (1.05mg/1ml) + Insulin Degludec (2.56mg/1ml),1126.0,1
MED07015,Insulin Aspart (100IU),2097.26,4
MED07016,Insulin Aspart (100IU/ml),1158.43,4
MED07017,Insulin Aspart (30%) + Insulin Aspart Protamine (70%),2022.68,3
MED07018,Insulin Aspart (50%) + Insulin Aspart Protamine (50%),986.15,2
MED07019,Insulin Degludec (100IU),1440.0,1
MED07020,Insulin Degludec (100IU) + Liraglutide (3.6mg/1ml),4740.0,1
MED07021,Insulin Degludec (100IU/ml),1942.0,1
MED07022,Insulin Glargine (100IU),1286.76,11
MED07023,Insulin Glargine (100IU/ml),1031.82,9
MED07024,Insulin Glargine (3.64IU/ml),665.0,1
MED07025,Insulin Glargine (300u/ml),3015.66,2
MED07026,Insulin Glargine (40IU),1142.86,1
MED07027,Insulin Glulisine (100IU),1147.5,2
MED07028,Insulin Glulisine (100IU/ml),880.36,1
MED07029,Insulin Glulisine (300IU),661.51,1
MED07030,Insulin Isophane (100IU),349.92,11
MED07031,Insulin Isophane (100IU/ml),436.57,3
MED07032,Insulin Isophane (40IU),144.68,17
MED07033,Insulin Lispro (100IU),986.0,3
MED07034,Insulin Lispro (100IU/ml),964.5,2
MED07035,Insulin Lispro (200IU),1688.0,1
MED07036,Insulin Lispro (25%) + Insulin Lispro Protamine (75%),964.5,4
MED07037,Insulin Lispro (50%) + Insulin Lispro Protamine (50%),990.0,4
MED07038,Insulin detemir (100IU),1449.8,1
MED07039,Interferon Alpha 2A (135mcg),6890.0,1
MED07040,Interferon Alpha 2A (3Million IU),1157.88,2
MED07041,Interferon Alpha 2B (18miu),14718.0,1
MED07042,Interferon Alpha 2B (30%),24530.0,1
MED07043,Interferon Alpha 2B (3miu),775.92,5
MED07044,Interferon Alpha 2B (5Million IU),1149.82,4
MED07045,Interferon Beta-1A (250mcg),6957.5,1
MED07046,Interferon Beta-1A (30mcg),8171.0,2
MED07047,Interferon Beta-1A (44mcg),6030.0,1
MED07048,Invert Sugar (10%),170.0,1
MED07049,Invert Sugar (NA),38.25,2
MED07050,Iohexol (240mg),964.33,1
MED07051,Iohexol (300mg),1039.18,3
MED07052,Iohexol (350mg),1636.04,2
MED07053,Iopamidol (300mg),748.26,2
MED07054,Iopamidol (370mg),1266.32,1
MED07055,Iopromide (0.623gm),1579.52,1
MED07056,Iopromide (300mg I/ml),1216.49,2
MED07057,Iopromide (370mg I/ml),1757.86,1
MED07058,Ipratropium (0.06% w/v) + Xylometazoline (0.05% w/v),400.0,1
MED07059,Ipratropium (0.5mg) + Levosalbutamol (1.25mg),13.95,1
MED07060,Ipratropium (200mcg),125.0,1
MED07061,Ipratropium (200mg) + Salbutamol (200mg),92.9,1
MED07062,Ipratropium (20mcg),151.2,1
MED07063,Ipratropium (20mcg) + Levosalbutamol (50mcg),272.2,10
MED07064,Ipratropium (20mcg) + Salbutamol (100mcg),142.52,2
MED07065,Ipratropium (250mcg),68.19,4
MED07066,Ipratropium (40mcg),94.42,1
MED07067,Ipratropium (40mcg) + Levosalbutamol (100mcg),98.34,8
MED07068,Ipratropium (40mcg) + Levosalbutamol (50mcg),392.64,1
MED07069,Ipratropium (40mcg) + Salbutamol (200mcg),59.65,1
MED07070,Ipratropium (40mcg) + Salbutamol (200mg),64.06,2
MED07071,Ipratropium (500mcg),31.4,1
MED07072,Ipratropium (500mcg) + Levosalbutamol (0.63mg),112.26,5
MED07073,Ipratropium (500mcg) + Levosalbutamol (1.25mg),81.79,23
MED07074,Ipratropium (500mcg) + Salbutamol (1.25mg),108.5,1
MED07075,Ipratropium (500mcg) + Salbutamol (2.5mcg),9.5,1
MED07076,Ipratropium (500mg) + Salbutamol (2.5mg),4.47,1
MED07077,Ipratropium (80mcg) + Levosalbutamol (100mcg),164.9,1
MED07078,Ipratropium (NA),138.15,1
MED07079,Ipratropium (NA) + Levosalbutamol (NA),197.04,2
MED07080,Ipratropium (NA) + Salbutamol (NA),7.81,1
MED07081,Ipratropium (NA) + Xylometazoline (NA),145.0,1
MED07082,Irbesartan (150mg),163.78,15
MED07083,Irbesartan (300mg),302.17,5
MED07084,Irinotecan (100mg),4527.26,16
MED07085,Irinotecan (100mg/5ml),3680.0,3
MED07086,Irinotecan (20mg),2569.0,2
MED07087,Irinotecan (40mg),1104.44,16
MED07088,Iron (100mg),322.8,19
MED07089,Iron (15mg) + Zinc (5.5mg),173.0,2
MED07090,Iron (200mg),630.56,1
MED07091,Iron (20mg),199.48,15
MED07092,Iron (20mg/ml),199.0,5
MED07093,Iron (30mg),108.0,1
MED07094,Iron (30mg) + Zinc (10mg),166.02,3
MED07095,Iron (30mg) + Zinc (50mg),115.5,1
MED07096,Iron (500mg),1830.0,1
MED07097,Iron (50mg),136.43,10
MED07098,Iron (60mg) + Zinc (15mg),122.33,3
MED07099,Iron (NA),25.63,1
MED07100,Iron Hydroxide Polymaltose (50mg),59.5,1
MED07101,Iron Isomaltoside (100mg),2860.0,1
MED07102,Iron Isomaltoside (100mg/ml),3259.15,6
MED07103,Iron Sucrose (100mg),250.19,248
MED07104,Iron Sucrose (100mg/5ml),313.85,16
MED07105,Iron Sucrose (100mg/ml),242.5,2
MED07106,Iron Sucrose (2.5mg),154.88,4
MED07107,Iron Sucrose (200mg),223.12,2
MED07108,Iron Sucrose (20mg),239.85,51
MED07109,Iron Sucrose (20mg/5ml),243.5,2
MED07110,Iron Sucrose (20mg/ml),253.76,26
MED07111,Iron Sucrose (500mg),260.0,1
MED07112,Iron Sucrose (50mg),136.4,39
MED07113,Iron Sucrose (50mg/2.5ml),155.0,1
MED07114,Iron Sucrose (5mg),230.7,5
MED07115,Isavuconazole (100mg),43139.0,1
MED07116,Iso Amyl 2-Cynoacrylate (NA),750.0,2
MED07117,Isoflurane (100%),1514.3,3
MED07118,Isoflurane (250mg),2733.44,1
MED07119,Isoflurane (NA),1299.46,9
MED07120,Isoniazid (100mg),148.73,2
MED07121,Isoniazid (100mg) + Pyrazinamide (300mg),35.0,1
MED07122,Isoniazid (100mg) + Pyrazinamide (350mg),37.0,1
MED07123,Isoniazid (100mg) + Pyrazinamide (375mg),58.5,1
MED07124,Isoniazid (100mg) + Pyrazinamide (500mg),44.44,5
MED07125,Isoniazid (100mg) + Pyrazinamide (50mg),40.89,5
MED07126,Isoniazid (100mg) + Rifampicin (100mg),18.95,16
MED07127,Isoniazid (100mg) + Rifampicin (150mg),28.68,5
MED07128,Isoniazid (100mg) + Vitamin B6 (Pyridoxine) (500mg),36.3,1
MED07129,Isoniazid (100mg) + Vitamin B6 (Pyridoxine) (5mg),29.02,4
MED07130,Isoniazid (120mg) + Pyrazinamide (80mg),18.0,2
MED07131,Isoniazid (150mg) + Pyrazinamide (100mg),30.64,6
MED07132,Isoniazid (150mg) + Pyrazinamide (500mg),47.92,3
MED07133,Isoniazid (150mg) + Pyrazinamide (750mg),53.05,11
MED07134,Isoniazid (150mg) + Pyrazinamide (75mg),362.25,3
MED07135,Isoniazid (150mg) + Rifampicin (200mg),28.85,2
MED07136,Isoniazid (150mg) + Rifampicin (225mg),72.15,13
MED07137,Isoniazid (150mg) + Rifampicin (300mg),36.29,5
MED07138,Isoniazid (150mg) + Vitamin B6 (Pyridoxine) (1.5mg),113.5,1
MED07139,Isoniazid (150mg) + Vitamin B6 (Pyridoxine) (5mg),31.3,1
MED07140,Isoniazid (2.33% w/w) + Sodium aminosalicylate (80% w/w),613.0,1
MED07141,Isoniazid (225mg) + Pyrazinamide (150mg),38.34,4
MED07142,Isoniazid (225mg) + Rifampicin (400mg),40.07,1
MED07143,Isoniazid (225mg) + Rifampicin (450mg),48.19,4
MED07144,Isoniazid (250mg) + Rifampicin (80mg),68.34,1
MED07145,Isoniazid (255mg) + Pyrazinamide (150mg),43.69,3
MED07146,Isoniazid (300mg),11.85,5
MED07147,Isoniazid (300mg) + Pyrazinamide (1000mg),145.0,1
MED07148,Isoniazid (300mg) + Pyrazinamide (200mg),41.07,1
MED07149,Isoniazid (300mg) + Pyrazinamide (450mg),20.11,1
MED07150,Isoniazid (300mg) + Pyrazinamide (750mg),12.46,2
MED07151,Isoniazid (300mg) + Rifampicin (100mg),20.18,1
MED07152,Isoniazid (300mg) + Rifampicin (200mg),53.05,2
MED07153,Isoniazid (300mg) + Rifampicin (40mg),8.33,1
MED07154,Isoniazid (300mg) + Rifampicin (450mg),47.74,130
MED07155,Isoniazid (300mg) + Rifampicin (600mg),46.32,7
MED07156,Isoniazid (300mg) + Rifampicin (800mg),15.07,1
MED07157,Isoniazid (300mg) + Vitamin B6 (Pyridoxine) (10mg),64.73,6
MED07158,Isoniazid (30mg) + Pyrazinamide (150mg),26.0,1
MED07159,Isoniazid (30mg) + Rifampicin (60mg),8.76,3
MED07160,Isoniazid (33.33mg) + Sodium aminosalicylate (1.145gm),44.25,1
MED07161,Isoniazid (450mg) + Pyrazinamide (300mg),9.58,3
MED07162,Isoniazid (500mg) + Pyrazinamide (100mg),52.5,1
MED07163,Isoniazid (50mg) + Pyrazinamide (300mg),36.78,3
MED07164,Isoniazid (50mg) + Rifampicin (100mg),19.05,13
MED07165,Isoniazid (60mg) + Pyrazinamide (30mg),9.36,3
MED07166,Isoniazid (75mg) + Pyrazinamide (250mg),27.0,1
MED07167,Isoniazid (75mg) + Pyrazinamide (400mg),51.5,2
MED07168,Isoniazid (75mg) + Rifampicin (150mg),66.73,19
MED07169,Isoniazid (NA) + Pyrazinamide (NA),31.38,2
MED07170,Isoniazid (NA) + Rifampicin (125mg),11.18,1
MED07171,Isoniazid (NA) + Rifampicin (NA),32.67,23
MED07172,Isoprenaline (2mg),42.36,3
MED07173,Isopropamide (5mg) + Trifluoperazine (1mg),35.51,4
MED07174,Isopropamide (5mg) + Trifluoperazine (2mg),43.21,2
MED07175,Isopropyl Alcohol (95% v/v),171.0,1
MED07176,Isosorbide Dinitrate (10mg),35.79,8
MED07177,Isosorbide Dinitrate (20mg),47.15,3
MED07178,Isosorbide Dinitrate (30mg),154.0,1
MED07179,Isosorbide Dinitrate (40mg),99.0,1
MED07180,Isosorbide Dinitrate (5mg),20.27,3
MED07181,Isosorbide Dinitrate (6.4mg),105.36,1
MED07182,Isosorbide Dinitrate (60mg),200.0,1
MED07183,Isosorbide Mononitrate (10mg),21.95,20
MED07184,Isosorbide Mononitrate (20mg),33.86,45
MED07185,Isosorbide Mononitrate (25mg),57.42,2
MED07186,Isosorbide Mononitrate (30mg),51.58,29
MED07187,Isosorbide Mononitrate (40mg),54.34,11
MED07188,Isosorbide Mononitrate (50mg),96.08,3
MED07189,Isosorbide Mononitrate (5mg) + Metoprolol Succinate (25mg),76.12,2
MED07190,Isosorbide Mononitrate (6.4mg),158.0,1
MED07191,Isosorbide Mononitrate (60mg),72.62,22
MED07192,Isosorbide Mononitrate (NA) + Metoprolol Succinate (25mg),58.48,1
MED07193,Isosorbide Mononitrate (NA) + Metoprolol Succinate (50mg),103.65,1
MED07194,Isotretinoin (0.025%),61.91,2
MED07195,Isotretinoin (0.05% w/w),142.93,3
MED07196,Isotretinoin (10mg),201.21,129
MED07197,Isotretinoin (16mg),340.0,1
MED07198,Isotretinoin (20mg),186.97,236
MED07199,Isotretinoin (24mg),380.0,1
MED07200,Isotretinoin (30mg),293.73,15
MED07201,Isotretinoin (40mg),329.64,4
MED07202,Isotretinoin (5mg),93.03,21
MED07203,Isotretinoin (8mg),230.0,1
MED07204,Isotretinoin (NA),55.22,4
MED07205,Isoxsuprine (10mg),28.62,58
MED07206,Isoxsuprine (20mg),34.56,22
MED07207,Isoxsuprine (40mg),62.18,164
MED07208,Isoxsuprine (5mg),14.4,2
MED07209,Isoxsuprine (5mg/ml),43.76,7
MED07210,Isoxsuprine (NA),53.06,1
MED07211,Ispaghula (1000mg),17.3,1
MED07212,Ispaghula (21gm) + Lactitol (60gm),210.0,1
MED07213,Ispaghula (3.5gm) + Lactitol (10gm),257.14,61
MED07214,Ispaghula (3.5gm) + Lactulose (10gm),201.14,11
MED07215,Ispaghula (3.5gm) + Mebeverine (135mg),35.48,2
MED07216,Ispaghula (3.5mg) + Lactitol (10mg),229.0,1
MED07217,Ispaghula (NA) + Lactitol (NA),190.09,3
MED07218,Itolizumab (100mg),29812.5,1
MED07219,Itolizumab (25mg),8229.76,1
MED07220,Itopride (120mg) + Pantoprazole (40mg),150.0,1
MED07221,Itopride (150mg),150.93,9
MED07222,Itopride (150mg) + Omeprazole (40mg),92.5,1
MED07223,Itopride (150mg) + Pantoprazole (40mg),164.31,56
MED07224,Itopride (150mg) + Rabeprazole (20mg),138.2,309
MED07225,Itopride (40mg) + Rabeprazole (20mg),120.0,1
MED07226,Itopride (50mg),66.31,29
MED07227,Itopride (50mg) + Methylpolysiloxane (125mg),51.25,2
MED07228,Itopride (75mg) + Rabeprazole (20mg),130.0,1
MED07229,Itopride (NA) + Pantoprazole (NA),120.31,2
MED07230,Itopride (NA) + Rabeprazole (NA),79.06,2
MED07231,Itraconazole (1% w/v),134.34,4
MED07232,Itraconazole (1% w/w),142.46,83
MED07233,Itraconazole (1% w/w) + Terbinafine (1% w/w),95.3,5
MED07234,Itraconazole (100mg),126.91,1150
MED07235,Itraconazole (100mg) + Terbinafine (250mg),300.7,20
MED07236,Itraconazole (10mg),594.0,1
MED07237,Itraconazole (10mg/ml),565.0,1
MED07238,Itraconazole (130mg),241.66,12
MED07239,Itraconazole (2% w/w),166.67,3
MED07240,Itraconazole (200mg),192.78,1291
MED07241,Itraconazole (200mg) + Terbinafine (250mg),322.07,7
MED07242,Itraconazole (400mg),202.93,20
MED07243,Itraconazole (50mg),148.86,30
MED07244,Itraconazole (65mg),150.1,9
MED07245,Itraconazole (NA),146.75,2
MED07246,Ivabradine (10mg),311.85,12
MED07247,Ivabradine (15mg),442.67,7
MED07248,Ivabradine (2.5mg),153.0,1
MED07249,Ivabradine (5mg),187.24,52
MED07250,Ivabradine (5mg) + Metoprolol Succinate (25mg),176.4,1
MED07251,Ivabradine (5mg) + Metoprolol Tartrate (25mg),182.5,2
MED07252,Ivabradine (5mg) + Metoprolol Tartrate (50mg),207.37,3
MED07253,Ivabradine (7.5mg),241.73,21
MED07254,Ivabradine (7.5mg) + Metoprolol Tartrate (25mg),231.6,1
MED07255,Ivermectin (0.5% w/v),117.17,3
MED07256,Ivermectin (1% w/v),131.0,2
MED07257,Ivermectin (1% w/w),161.4,5
MED07258,Ivermectin (12mg),169.17,164
MED07259,Ivermectin (3mg),38.23,11
MED07260,Ivermectin (6mg),62.03,79
MED07261,Ivermectin (NA),84.71,2
MED07262,Ixabepilone (15mg),26590.0,1
MED07263,Ixabepilone (45mg),71886.0,1
MED07264,Kalmegh Dry Extract (100mg),136.0,1
MED07265,Kanamycin (1000mg),30.2,1
MED07266,Kanamycin (1gm),37.57,2
MED07267,Kanamycin (500mg),19.07,4
MED07268,Kanamycin (750mg),33.43,3
MED07269,Ketamine (100mg),24.69,2
MED07270,Ketamine (100mg/2ml),30.0,1
MED07271,Ketamine (10mg),84.68,5
MED07272,Ketamine (10mg/1ml),68.1,1
MED07273,Ketamine (500mg),71.68,2
MED07274,Ketamine (50mg),64.42,15
MED07275,Ketamine (50mg/1ml),101.25,1
MED07276,Ketamine (50mg/ml),70.42,5
MED07277,Ketoconazole (1% w/v),170.17,10
MED07278,Ketoconazole (1% w/v) + Zinc pyrithione (2% w/v),120.0,2
MED07279,Ketoconazole (1% w/w),114.72,41
MED07280,Ketoconazole (1% w/w) + Zinc pyrithione (1% w/w),102.61,9
MED07281,Ketoconazole (100mg),189.99,1
MED07282,Ketoconazole (2% v/v) + Zinc pyrithione (1% w/v),225.0,1
MED07283,Ketoconazole (2% w/v),191.24,116
MED07284,Ketoconazole (2% w/v) + Piroctone Olamine (0.5% w/v),261.25,4
MED07285,Ketoconazole (2% w/v) + Salicylic Acid (2% w/v),260.2,15
MED07286,Ketoconazole (2% w/v) + Zinc pyrithione (1% w/v),198.56,174
MED07287,Ketoconazole (2% w/v) + Zinc pyrithione (1% w/w),271.0,1
MED07288,Ketoconazole (2% w/v) + Zinc pyrithione (2% w/v),130.0,1
MED07289,Ketoconazole (2% w/w),123.44,386
MED07290,Ketoconazole (2% w/w) + Salicylic Acid (0.2% w/w),180.0,1
MED07291,Ketoconazole (2% w/w) + Salicylic Acid (0.5% w/w),110.0,1
MED07292,Ketoconazole (2% w/w) + Zinc pyrithione (1% w/w),142.53,36
MED07293,Ketoconazole (2%),139.22,12
MED07294,Ketoconazole (2%) + Zinc pyrithione (1%),155.0,3
MED07295,Ketoconazole (200mg),161.4,159
MED07296,Ketoconazole (4% w/w) + Zinc pyrithione (2% w/w),115.0,1
MED07297,Ketoconazole (400mg),161.0,2
MED07298,Ketoconazole (NA),109.95,32
MED07299,Ketoconazole (NA) + Zinc pyrithione (NA),187.12,3
MED07300,Ketoprofen (100mg),26.83,3
MED07301,Ketoprofen (100mg) + Thiocolchicoside (4mg),166.95,2
MED07302,Ketoprofen (100mg) + Thiocolchicoside (8mg),295.25,2
MED07303,Ketoprofen (2.5% w/w),186.0,2
MED07304,Ketoprofen (200mg),65.61,1
MED07305,Ketoprofen (20mg),438.5,1
MED07306,Ketoprofen (25mg) + Thiocolchicoside (4mg),235.2,1
MED07307,Ketoprofen (30mg),235.76,3
MED07308,Ketoprofen (50mg),63.09,4
MED07309,Ketoprofen (50mg) + Thiocolchicoside (4mg),214.43,6
MED07310,Ketoprofen (5mg),12.4,1
MED07311,Ketorolac (0.1% w/v) + Olopatadine (0.4% w/v),180.0,1
MED07312,Ketorolac (0.3%) + Ofloxacin (0.5%),79.48,5
MED07313,Ketorolac (0.4% w/v),67.85,13
MED07314,Ketorolac (0.4% w/v) + Moxifloxacin (0.5% w/v),117.17,23
MED07315,Ketorolac (0.4% w/v) + Ofloxacin (0.3% w/v),65.49,4
MED07316,Ketorolac (0.4% w/v) + Olopatadine (0.1% w/v),143.72,25
MED07317,Ketorolac (0.5% w/v),52.27,48
MED07318,Ketorolac (0.5% w/v) + Moxifloxacin (0.5% w/v),104.64,106
MED07319,Ketorolac (0.5% w/v) + Moxifloxacin (0.5% w/w),78.9,1
MED07320,Ketorolac (0.5% w/v) + Ofloxacin (0.3% w/v),85.29,16
MED07321,Ketorolac (0.5% w/w) + Moxifloxacin (0.5 % w/w),103.0,1
MED07322,Ketorolac (0.5%) + Moxifloxacin (0.5%),100.0,2
MED07323,Ketorolac (0.5%) + Ofloxacin (0.3%),130.0,1
MED07324,Ketorolac (100mg),24.0,1
MED07325,Ketorolac (10mg),58.03,117
MED07326,Ketorolac (10mg) + Tramadol (25mg),96.74,2
MED07327,Ketorolac (1mg) + Olopatadine (4mg),149.0,1
MED07328,Ketorolac (20mg),143.0,1
MED07329,Ketorolac (30mg),21.76,17
MED07330,Ketorolac (30mg/1ml),19.0,1
MED07331,Ketorolac (4mg) + Olopatadine (1mg),137.5,2
MED07332,Ketorolac (5mg) + Moxifloxacin (5mg),130.0,1
MED07333,Ketorolac (5mg/ml) + Ofloxacin (3mg/ml),95.25,5
MED07334,Ketorolac (NA),46.84,4
MED07335,Ketorolac (NA) + Moxifloxacin (NA),105.0,1
MED07336,Ketotifen (0.05%),41.0,1
MED07337,Ketotifen (0.25mg),51.45,2
MED07338,Ketotifen (0.5mg),91.3,1
MED07339,Ketotifen (1mg),39.41,15
MED07340,Ketotifen (1mg) + Theophylline (200mg),11.41,1
MED07341,Ketotifen (5mg),39.46,1
MED07342,Kojic Acid (2% w/w) + Tranexamic Acid (10% w/w),374.92,13
MED07343,L Glutathione Reduced (250mg) + Tranexamic Acid (250mg),629.25,4
MED07344,L-Arginine (1000mg),157.0,1
MED07345,L-Arginine (100mg) + Levo-carnitine (500mg),340.0,2
MED07346,L-Arginine (1500mg),245.0,1
MED07347,L-Arginine (3gm) + Proanthocyanidin (75mg),48.5,5
MED07348,L-Arginine (3gm) + Zinc Sulphate Monohydrate (10mg),46.0,1
MED07349,L-Arginine (3mg) + Zinc Sulphate Monohydrate (10mg),59.0,1
MED07350,L-Arginine (500mg),120.0,1
MED07351,L-Arginine (50gm) + Proanthocyanidin (1250gm),45.0,1
MED07352,L-Arginine (750mg) + Sildenafil (25mg),200.0,1
MED07353,L-Glutamate (10gm),150.0,1
MED07354,L-Glutamate (NA),362.0,2
MED07355,L-Glutamine (1000mg),295.0,1
MED07356,L-Isoleucine (100mg) + L-Leucine (410mg),390.0,1
MED07357,L-Isoleucine (12.5mg) + L-Leucine (5.6mg),595.0,1
MED07358,L-Methyl Folate (0.5mg) + Metformin (500mg),248.75,2
MED07359,L-Methyl Folate (0.8mg),49.0,1
MED07360,L-Methyl Folate (1000mcg) + Methylcobalamin (1500mcg),121.0,1
MED07361,L-Methyl Folate (100mcg) + Myo-Inositol (1gm),227.0,1
MED07362,L-Methyl Folate (1mg) + Methylcobalamin (1500mcg),146.84,26
MED07363,L-Methyl Folate (1mg) + Methylcobalamin/Mecobalamin (1500mcg),211.5,2
MED07364,L-Methyl Folate (1mg) + Myo-Inositol (100mg),252.0,1
MED07365,L-Methyl Folate (2.8mg) + Methylcobalamin (2mcg),227.0,2
MED07366,L-Methyl Folate (300mcg) + Methylcobalamin (500mcg),103.4,1
MED07367,L-Methyl Folate (400mcg),240.0,1
MED07368,L-Methyl Folate (7.5mg),149.0,1
MED07369,L-Methyl Folate Calcium (0.5mg) + Pyridoxal-5-phosphate (1.5mg),273.75,4
MED07370,L-Methyl Folate Calcium (500mcg) + Myo-Inositol (1gm),228.33,3
MED07371,L-Methyl Folate Calcium (7.5mg),157.0,2
MED07372,L-Ornithine L-Aspartate (0.5gm),285.38,2
MED07373,L-Ornithine L-Aspartate (1000mg),394.0,1
MED07374,L-Ornithine L-Aspartate (10mg) + Silymarin (35mg),152.5,2
MED07375,L-Ornithine L-Aspartate (150mg),102.39,7
MED07376,L-Ornithine L-Aspartate (150mg) + Pancreatin (100mg),113.28,52
MED07377,L-Ornithine L-Aspartate (150mg/5ml) + Silymarin (35mg/5ml),165.0,1
MED07378,L-Ornithine L-Aspartate (250mg) + Silymarin (140mg),182.5,6
MED07379,L-Ornithine L-Aspartate (3gm),173.46,13
MED07380,L-Ornithine L-Aspartate (5000mg/10ml),380.0,1
MED07381,L-Ornithine L-Aspartate (500mg),177.87,5
MED07382,L-Ornithine L-Aspartate (500mg/ml),900.0,1
MED07383,L-Ornithine L-Aspartate (5gm),270.82,99
MED07384,L-Ornithine L-Aspartate (5mg),230.39,12
MED07385,L-Ornithine L-Aspartate (75mg) + Metadoxine (250mg),210.0,1
MED07386,L-Ornithine L-Aspartate (NA),161.2,5
MED07387,L-alanyl-L-glutamine (20% w/v),2600.0,2
MED07388,L-alanyl-L-glutamine (20gm),1778.58,13
MED07389,Labetalol (100mg),235.45,47
MED07390,Labetalol (200mg),317.5,2
MED07391,Labetalol (20mg),252.98,17
MED07392,Labetalol (50mg),79.65,5
MED07393,Labetalol (5mg),339.33,3
MED07394,Labetalol (5mg/1ml),488.45,4
MED07395,Labetalol (5mg/ml),240.75,4
MED07396,Labetalol (750mg),60.0,1
MED07397,Labetalol (NA),140.98,4
MED07398,Lacidipine (2mg),38.17,2
MED07399,Lacidipine (4mg),71.8,2
MED07400,Lacosamide (100mg),142.97,28
MED07401,Lacosamide (10mg),187.62,7
MED07402,Lacosamide (150mg),207.64,12
MED07403,Lacosamide (15mg),475.0,1
MED07404,Lacosamide (15mg/5ml),229.9,1
MED07405,Lacosamide (15mg/ml),544.38,2
MED07406,Lacosamide (200mg),260.18,20
MED07407,Lacosamide (50mg),77.1,27
MED07408,Lactase (5000FCC),191.0,1
MED07409,Lactase (600IU),99.0,1
MED07410,Lactic Acid (10% w/w) + Urea (10% w/w),187.5,3
MED07411,Lactic Acid (16.7% w/v) + Salicylic Acid (16.7% w/v),200.0,3
MED07412,Lactitol (1000mg),210.0,2
MED07413,Lactitol (10gm),168.5,2
MED07414,Lactitol (10gm/15ml),317.5,2
MED07415,Lactitol (10gm/5ml),219.5,2
MED07416,Lactitol (10mg),409.0,1
MED07417,Lactitol (3.33gm/5ml),164.0,3
MED07418,Lactitol (66.67% w/v),242.07,25
MED07419,Lactitol (66.6gm),29.5,1
MED07420,Lactitol (NA),185.02,3
MED07421,Lactobacillus (100Million spores) + Ofloxacin (200mg),51.95,2
MED07422,Lactobacillus (120Million cells) + Ofloxacin (200mg),105.0,1
MED07423,Lactobacillus (120Million spores),19.0,2
MED07424,Lactobacillus (120Million spores) + Norfloxacin (400mg),74.23,2
MED07425,Lactobacillus (120Million spores) + Ofloxacin (200Million spores),108.4,1
MED07426,Lactobacillus (120Million spores) + Ofloxacin (200mg),96.0,16
MED07427,Lactobacillus (120Million spores) + Ofloxacin (400mg),84.0,1
MED07428,Lactobacillus (2.5Billion cells),14.5,1
MED07429,Lactobacillus (30Million cells) + Ofloxacin (100mg),38.0,1
MED07430,Lactobacillus (40Million spores),24.0,1
MED07431,Lactobacillus (5Billion cells),43.0,1
MED07432,Lactobacillus (60Million cells),17.0,1
MED07433,Lactobacillus (60Million cells) + Levofloxacin (500mg),89.0,1
MED07434,Lactobacillus (60Million cells) + Levofloxacin (750mg),136.0,1
MED07435,Lactobacillus (60Million cells) + Ofloxacin (100mg),28.48,1
MED07436,Lactobacillus (60Million cells) + Ofloxacin (200mg),52.92,5
MED07437,Lactobacillus (60Million cells) + Ofloxacin (300mg),64.75,1
MED07438,Lactobacillus (60Million cells) + Ofloxacin (400mg),86.19,1
MED07439,Lactobacillus (60Million spores),10.5,4
MED07440,Lactobacillus (60Million spores) + Levofloxacin (500mg),95.36,10
MED07441,Lactobacillus (60Million spores) + Norfloxacin (200mg),35.7,1
MED07442,Lactobacillus (60Million spores) + Norfloxacin (400mg),75.0,1
MED07443,Lactobacillus (60Million spores) + Ofloxacin (100mg),23.5,2
MED07444,Lactobacillus (60Million spores) + Ofloxacin (200mg),52.19,17
MED07445,Lactobacillus (60Million spores) + Ofloxacin (400mg),75.45,4
MED07446,Lactobacillus (NA) + Ofloxacin (NA),46.0,1
MED07447,Lactobacillus Brevis (30%) + Lactobacillus Salivarius (50%),796.75,1
MED07448,Lactobacillus Sporogenes (60Million spores),10.83,3
MED07449,Lactose (5mg) + Meningococcal (Group A & C) Polysaccharide Vaccine (50mcg),450.0,1
MED07450,Lactulose (1000mg),216.84,2
MED07451,Lactulose (100mg),100.0,1
MED07452,Lactulose (10gm),181.81,195
MED07453,Lactulose (10gm/15ml),176.64,19
MED07454,Lactulose (10gm/5ml),307.5,4
MED07455,Lactulose (10mg),178.55,12
MED07456,Lactulose (10mg/15ml),105.0,1
MED07457,Lactulose (2.5gm/5ml),212.71,6
MED07458,Lactulose (20% w/v),268.5,2
MED07459,Lactulose (3.325gm),122.52,11
MED07460,Lactulose (3.335gm),103.0,1
MED07461,Lactulose (3.335gm/5ml),248.04,8
MED07462,Lactulose (3.33gm),109.92,5
MED07463,Lactulose (3.33gm/5ml),206.0,1
MED07464,Lactulose (3.33mg/5ml),230.0,1
MED07465,Lactulose (3.35gm),106.8,13
MED07466,Lactulose (3.35gm/5ml),151.67,23
MED07467,Lactulose (3.35mg/5ml),135.0,1
MED07468,Lactulose (3.3gm/5ml),124.5,1
MED07469,Lactulose (66.67mg),145.6,1
MED07470,Lactulose (6gm),105.0,1
MED07471,Lactulose (NA),139.86,12
MED07472,Lafutidine (10mg),76.23,17
MED07473,Lafutidine (5mg),40.31,4
MED07474,Lamivudine (100mg),171.97,11
MED07475,Lamivudine (100mg) + Stavudine (30mg),1236.48,1
MED07476,Lamivudine (10mg),715.0,2
MED07477,Lamivudine (150mg),265.18,11
MED07478,Lamivudine (150mg) + Stavudine (30mg),334.0,21
MED07479,Lamivudine (150mg) + Stavudine (40mg),514.5,9
MED07480,Lamivudine (150mg) + Zidovudine (300mg),669.06,19
MED07481,Lamivudine (300mg) + Tenofovir disoproxil fumarate (300mg),2082.59,21
MED07482,Lamivudine (30mg) + Zidovudine (60mg),600.0,1
MED07483,Lamivudine (40mg) + Stavudine (10mg),253.7,3
MED07484,Lamivudine (60mg) + Stavudine (12mg),713.32,1
MED07485,Lamotrigine (100mg),170.91,55
MED07486,Lamotrigine (150mg),213.67,3
MED07487,Lamotrigine (200mg),374.97,13
MED07488,Lamotrigine (20mg),79.72,1
MED07489,Lamotrigine (25mg),60.92,37
MED07490,Lamotrigine (50mg),99.13,58
MED07491,Lamotrigine (5mg),20.87,5
MED07492,Lanolin (100% w/w) + Lidocaine (1% w/w),122.5,2
MED07493,Lansoprazole (0.25mg),21.54,2
MED07494,Lansoprazole (0.5mg),16.25,1
MED07495,Lansoprazole (15mg),64.51,86
MED07496,Lansoprazole (30mg),56.81,156
MED07497,Lansoprazole (40mg),40.0,1
MED07498,Lansoprazole (5mg),65.0,1
MED07499,Lansoprazole (NA),8.43,1
MED07500,Lanthanum Carbonate (250mg),245.23,2
MED07501,Lanthanum Carbonate (500mg),382.02,4
MED07502,Lapatinib (250mg),9303.4,12
MED07503,Laropiprant (20mg) + Vitamin B3(Nicotinic Acid) (1000mg),177.77,1
MED07504,Latanoprost (0.005% w/v),368.57,19
MED07505,Latanoprost (0.005% w/v) + Timolol (0.5% w/v),422.0,1
MED07506,Latanoprost (50mcg/ml) + Timolol (5mg I/ml),331.42,1
MED07507,Latanoprost (50mcg/ml) + Timolol (5mg/ml),446.57,8
MED07508,Latanoprost (5mg),113.7,1
MED07509,Lecithin (1200mg),560.0,1
MED07510,Lecithin (1250mg) + Methylcobalamin (1500mcg),250.0,1
MED07511,Lecithin (125mg) + Silymarin (35mg),96.0,1
MED07512,Lecithin (125mg/5ml) + Silymarin (35mg/5ml),179.5,2
MED07513,Lecithin (500mg) + Silymarin (150mg),140.0,1
MED07514,Lecithin (500mg) + Silymarin (70mg),249.0,1
MED07515,Lecithin (525mg),85.0,1
MED07516,Lecithin (525mg) + Silymarin (140mg),90.5,2
MED07517,Lecithin (525mg) + Silymarin (70mg),99.0,1
MED07518,Ledipasvir (90mg) + Sofosbuvir (400mg),24245.96,15
MED07519,Leflunomide (100mg),132.86,3
MED07520,Leflunomide (10mg),131.6,32
MED07521,Leflunomide (20mg),252.91,33
MED07522,Leflunomide (5mg),98.16,1
MED07523,Lemborexant (10mg),952.0,1
MED07524,Lemborexant (5mg),672.0,1
MED07525,Lenalidomide (10mg),3760.15,23
MED07526,Lenalidomide (15mg),4364.95,3
MED07527,Lenalidomide (25mg),6926.07,18
MED07528,Lenalidomide (5mg),2001.69,14
MED07529,Lenalidomide (NA),101.67,2
MED07530,Lenograstim (33.6MIU),5720.0,1
MED07531,Lenvatinib (10mg),6011.91,11
MED07532,Lenvatinib (4mg),2406.92,13
MED07533,Lercanidipine (10mg),53.82,4
MED07534,Lercanidipine (20mg),122.24,2
MED07535,Letrozole (2.5mg),190.78,151
MED07536,Letrozole (5mg),227.02,22
MED07537,Letrozole (NA),168.7,2
MED07538,Leuprolide (11.25mg),10488.4,13
MED07539,Leuprolide (1mg),304.37,1
MED07540,Leuprolide (1mg/0.5ml),262.5,1
MED07541,Leuprolide (1mg/ml),181.12,3
MED07542,Leuprolide (20mg),2224.2,1
MED07543,Leuprolide (22.5mg),17414.79,13
MED07544,Leuprolide (3.75mg),4077.54,24
MED07545,Leuprolide (45mg),34838.0,3
MED07546,Leuprolide (4mg),568.99,6
MED07547,Leuprolide (7.5mg),8650.0,1
MED07548,Levamisole (150mg),63.65,29
MED07549,Levamisole (150mg) + Mebendazole (100mg),17.79,3
MED07550,Levamisole (40mg),3.28,1
MED07551,Levamisole (50mg),24.21,16
MED07552,Levamisole (50mg) + Mebendazole (100mg),18.5,1
MED07553,Levamisole (NA),33.25,1
MED07554,Levetiracetam (1000mg),302.37,70
MED07555,Levetiracetam (100mg),203.7,48
MED07556,Levetiracetam (100mg/5ml),299.5,2
MED07557,Levetiracetam (100mg/ml),400.32,13
MED07558,Levetiracetam (1500mg),249.0,1
MED07559,Levetiracetam (250mg),71.84,113
MED07560,Levetiracetam (500mg),136.33,251
MED07561,Levetiracetam (500mg/5ml),414.54,3
MED07562,Levetiracetam (750mg),214.65,76
MED07563,Levetiracetam (NA),359.68,2
MED07564,Levo-carnitine (1000mg),158.38,4
MED07565,Levo-carnitine (150mg) + Vitamin E (200mg),51.8,1
MED07566,Levo-carnitine (1gm),143.85,12
MED07567,Levo-carnitine (1gm/5ml),168.02,4
MED07568,Levo-carnitine (200mg),103.28,2
MED07569,Levo-carnitine (200mg) + Vitamin E (150mg),45.0,1
MED07570,Levo-carnitine (200mg) + Vitamin E (400IU),205.0,1
MED07571,Levo-carnitine (250mg),487.64,1
MED07572,Levo-carnitine (250mg) + Methylcobalamin (1500mcg),150.45,1
MED07573,Levo-carnitine (330mg),203.4,4
MED07574,Levo-carnitine (500mg),262.91,39
MED07575,Levo-carnitine (500mg) + Methylcobalamin (1500mcg),172.66,14
MED07576,Levo-carnitine (500mg) + Methylcobalamin (500mcg),303.25,2
MED07577,Levo-carnitine (500mg) + Methylcobalamin (750mcg),295.0,1
MED07578,Levo-carnitine (500mg) + Vitamin E (50mg),120.0,1
MED07579,Levo-carnitine (500mg/5ml),289.58,5
MED07580,Levo-carnitine (NA),178.95,7
MED07581,Levo-carnitine (NA) + Methylcobalamin (NA),410.0,2
MED07582,Levobunolol (15mg),28.0,1
MED07583,Levobunolol (5mg),163.38,1
MED07584,Levocetirizine (1.25mg) + Montelukast (2.5mg),60.0,1
MED07585,Levocetirizine (1.25mg) + Paracetamol (250mg),71.9,1
MED07586,Levocetirizine (1.25mg) + Phenylephrine (5mg),48.0,1
MED07587,Levocetirizine (1.25mg/5ml) + Phenylephrine (5mg/5ml),53.4,2
MED07588,Levocetirizine (10mg),61.95,149
MED07589,Levocetirizine (10mg) + Montelukast (5mg),123.82,5
MED07590,Levocetirizine (10mg) + Pseudoephedrine (30mg),46.0,1
MED07591,Levocetirizine (2.5mg),41.29,53
MED07592,Levocetirizine (2.5mg) + Montelukast (4mg),71.73,859
MED07593,Levocetirizine (2.5mg) + Montelukast (4mg/5ml),76.0,1
MED07594,Levocetirizine (2.5mg) + Montelukast (5mg),65.79,63
MED07595,Levocetirizine (2.5mg) + Montelukast (8mg),47.33,3
MED07596,Levocetirizine (2.5mg) + Paracetamol (325mg),48.0,1
MED07597,Levocetirizine (2.5mg) + Phenylephrine (10mg),67.05,19
MED07598,Levocetirizine (2.5mg) + Phenylephrine (2.5mg),62.82,2
MED07599,Levocetirizine (2.5mg) + Phenylephrine (5mg),49.54,7
MED07600,Levocetirizine (2.5mg) + Phenylephrine (7.5mg),38.0,1
MED07601,Levocetirizine (2.5mg) + Phenylephrine (NA),39.0,1
MED07602,Levocetirizine (2.5mg) + Zinc Gluconate (7.5mg),33.68,1
MED07603,Levocetirizine (2.5mg/5ml),46.15,63
MED07604,Levocetirizine (2.5mg/5ml) + Montelukast (4mg/5ml),75.08,297
MED07605,Levocetirizine (2.5mg/5ml) + Montelukast (5mg/5ml),67.31,11
MED07606,Levocetirizine (2.5mg/5ml) + Paracetamol (4mg/5ml),74.0,1
MED07607,Levocetirizine (2.5mg/5ml) + Phenylephrine (5mg/5ml),57.0,3
MED07608,Levocetirizine (4mg) + Montelukast (10mg),79.0,1
MED07609,Levocetirizine (4mg) + Montelukast (2.5mg),69.12,10
MED07610,Levocetirizine (5mg),36.02,1592
MED07611,Levocetirizine (5mg) + Montelukast (10mg),108.19,2352
MED07612,Levocetirizine (5mg) + Montelukast (4mg),59.0,1
MED07613,Levocetirizine (5mg) + Nimesulide (100mg),45.6,5
MED07614,Levocetirizine (5mg) + Paracetamol (500mg),25.0,1
MED07615,Levocetirizine (5mg) + Phenylephrine (10mg),43.08,29
MED07616,Levocetirizine (5mg) + Phenylephrine (20mg),127.95,1
MED07617,Levocetirizine (5mg) + Phenylephrine (25mg),22.0,1
MED07618,Levocetirizine (5mg) + Phenylephrine (30mg),71.2,2
MED07619,Levocetirizine (5mg) + Phenylephrine (325mg),45.0,1
MED07620,Levocetirizine (5mg) + Phenylephrine (50mg),38.67,1
MED07621,Levocetirizine (5mg) + Phenylephrine (5mg),48.58,43
MED07622,Levocetirizine (5mg) + Phenylpropanolamine (25mg),26.23,3
MED07623,Levocetirizine (5mg) + Pseudoephedrine (120mg),42.81,11
MED07624,Levocetirizine (5mg) + Pseudoephedrine (180mg),38.88,1
MED07625,Levocetirizine (5mg/5ml),60.59,5
MED07626,Levocetirizine (5mg/5ml) + Montelukast (10mg/5ml),82.5,2
MED07627,Levocetirizine (NA),30.83,58
MED07628,Levocetirizine (NA) + Montelukast (96mg),285.71,1
MED07629,Levocetirizine (NA) + Montelukast (NA),81.98,24
MED07630,Levocetirizine (NA) + Phenylephrine (NA),31.85,3
MED07631,Levocetirizine (NA) + Phenylpropanolamine (NA),16.12,2
MED07632,Levocloperastine (20mg),82.4,5
MED07633,Levocloperastine (20mg/5ml),113.81,20
MED07634,Levocloperastine (35.4mg),62.56,1
MED07635,Levodopa (500mg),24.48,1
MED07636,Levodropropizine (30mg/5ml),74.0,4
MED07637,Levodropropizine (500mg),39.21,1
MED07638,Levodropropizine (NA),43.81,1
MED07639,Levofloxacin (0.3% w/v),34.5,1
MED07640,Levofloxacin (0.5% w/v),61.92,7
MED07641,Levofloxacin (0.5%),63.08,6
MED07642,Levofloxacin (1.5% w/v),195.0,2
MED07643,Levofloxacin (100mg),132.36,2
MED07644,Levofloxacin (125mg),76.46,18
MED07645,Levofloxacin (125mg) + Ornidazole (125mg),57.96,39
MED07646,Levofloxacin (125mg) + Ornidazole (250mg),61.34,2
MED07647,Levofloxacin (125mg/5ml),62.0,3
MED07648,Levofloxacin (125mg/5ml) + Nitazoxanide (125mg/5ml),70.0,1
MED07649,Levofloxacin (125mg/5ml) + Ornidazole (125mg/5ml),68.37,16
MED07650,Levofloxacin (250mg),46.44,383
MED07651,Levofloxacin (250mg) + Ornidazole (250mg),72.5,2
MED07652,Levofloxacin (250mg) + Ornidazole (500mg),87.96,187
MED07653,Levofloxacin (500mg),76.83,1358
MED07654,Levofloxacin (500mg) + Ornidazole (1000mg),13.37,1
MED07655,Levofloxacin (500mg) + Ornidazole (20mg),57.78,1
MED07656,Levofloxacin (500mg) + Ornidazole (250mg),80.0,2
MED07657,Levofloxacin (500mg) + Ornidazole (500mg),87.34,5
MED07658,Levofloxacin (50mg),37.5,2
MED07659,Levofloxacin (50mg) + Ornidazole (125mg),58.08,5
MED07660,Levofloxacin (750mg),101.13,196
MED07661,Levofloxacin (NA),58.8,12
MED07662,Levofloxacin (NA) + Metronidazole (NA),52.0,1
MED07663,Levofloxacin (NA) + Ornidazole (NA),83.81,1
MED07664,Levofloxacin (NA) + Tinidazole (NA),11.0,1
MED07665,Levomilnacipran (20mg),97.0,1
MED07666,Levomilnacipran (40mg),163.0,1
MED07667,Levomilnacipran (80mg),199.0,1
MED07668,Levonadifloxacin (500mg),2450.0,1
MED07669,Levonadifloxacin (800mg),3280.0,1
MED07670,Levonorgestrel (1.5mg),88.46,18
MED07671,Levonorgestrel (intrauterine delivery system) (52mg),3722.83,3
MED07672,Levosalbutamol (0.31mg),21.41,4
MED07673,Levosalbutamol (0.5mg) + Theophylline (50mg),70.78,1
MED07674,Levosalbutamol (0.63mg),25.72,5
MED07675,Levosalbutamol (1.25mg),27.31,6
MED07676,Levosalbutamol (100mcg),53.44,4
MED07677,Levosalbutamol (1mg),9.05,2
MED07678,Levosalbutamol (1mg/5ml),20.46,3
MED07679,Levosalbutamol (2mg),13.68,2
MED07680,Levosalbutamol (50mcg),220.6,6
MED07681,Levosalbutamol (5mg) + Theophylline (50mg),29.8,1
MED07682,Levosimendan (12.5mg),412.51,5
MED07683,Levosulpiride (100mg),154.05,13
MED07684,Levosulpiride (12.5mg),76.04,13
MED07685,Levosulpiride (12.5mg/ml),115.83,3
MED07686,Levosulpiride (150mg),186.0,2
MED07687,Levosulpiride (150mg) + Rabeprazole (20mg),170.0,1
MED07688,Levosulpiride (200mg),228.0,2
MED07689,Levosulpiride (20mg) + Rabeprazole (75mg),132.5,2
MED07690,Levosulpiride (25mg),73.93,109
MED07691,Levosulpiride (25mg) + Pantoprazole (40mg),180.0,1
MED07692,Levosulpiride (25mg) + Rabeprazole (20mg),197.88,4
MED07693,Levosulpiride (40mg) + Pantoprazole (75mg),203.0,1
MED07694,Levosulpiride (50mg),111.42,20
MED07695,Levosulpiride (75mg),158.97,21
MED07696,Levosulpiride (75mg) + Pantoprazole (20mg),182.67,3
MED07697,Levosulpiride (75mg) + Pantoprazole (40mg),172.11,160
MED07698,Levosulpiride (75mg) + Pantoprazole (80mg),270.0,1
MED07699,Levosulpiride (75mg) + Rabeprazole (10mg),245.32,2
MED07700,Levosulpiride (75mg) + Rabeprazole (20mg),163.12,1219
MED07701,Levosulpiride (75mg) + Rabeprazole (40mg),251.42,10
MED07702,Levosulpiride (NA),55.0,1
MED07703,Levosulpiride (NA) + Rabeprazole (NA),164.33,3
MED07704,Lidocaine (0.2% w/v),62.25,1
MED07705,Lidocaine (0.33% w/w),65.0,1
MED07706,Lidocaine (0.70%),80.0,1
MED07707,Lidocaine (1% w/v) + Phenazone (4% w/v),133.67,3
MED07708,Lidocaine (1%),63.33,5
MED07709,Lidocaine (1%) + Liver Fraction 2 Derived From Fresh Liver 01 (8g),79.9,1
MED07710,Lidocaine (1.4% w/v) + Phenazone (5.4% w/v),30.05,1
MED07711,Lidocaine (1.5% w/w) + Nifedipine (0.3% w/w),155.75,9
MED07712,Lidocaine (10% w/v),371.44,5
MED07713,Lidocaine (10%),419.0,1
MED07714,Lidocaine (15% w/v),315.0,1
MED07715,Lidocaine (15% w/w),336.7,1
MED07716,Lidocaine (2% w/v),44.1,27
MED07717,Lidocaine (2% w/v) + Tannic Acid (2% w/v),64.41,1
MED07718,Lidocaine (2% w/w),33.69,4
MED07719,Lidocaine (2% w/w) + Zinc Carnosine (2% w/w),73.5,1
MED07720,Lidocaine (2%),33.06,31
MED07721,Lidocaine (2.5% w/w) + Prilocaine (2.5% w/w),417.35,13
MED07722,Lidocaine (2.5mg) + Prilocaine (7.5mg),199.0,1
MED07723,Lidocaine (20mg),177.42,1
MED07724,Lidocaine (20mg/ml),459.0,1
MED07725,Lidocaine (21.30mg),302.5,2
MED07726,Lidocaine (21.33mg),36.9,1
MED07727,Lidocaine (21.3mg),117.32,2
MED07728,Lidocaine (25mg) + Prilocaine (25mg),440.75,2
MED07729,Lidocaine (25mg/gm) + Prilocaine (25mg/gm),484.0,2
MED07730,Lidocaine (4% w/w) + Metronidazole (1% w/w),113.07,12
MED07731,Lidocaine (4% w/w) + Sucralfate (7% w/w),90.0,1
MED07732,Lidocaine (4%),27.51,5
MED07733,Lidocaine (4%) + Sucralfate (7%),120.12,1
MED07734,Lidocaine (4.0% w/v) + Phenazone (1.0% w/v),94.0,1
MED07735,Lidocaine (5% w/v),13.0,1
MED07736,Lidocaine (5% w/v) + Tannic Acid (2% w/v),110.0,1
MED07737,Lidocaine (5% w/w),152.99,7
MED07738,Lidocaine (5%),38.55,5
MED07739,Lidocaine (7% w/w) + Tetracaine (7% w/w),481.83,3
MED07740,Lidocaine (7.5% w/w) + Prilocaine (2.5% w/w),499.0,1
MED07741,Lidocaine (7.5mg) + Prilocaine (2.5mg),405.0,2
MED07742,Lidocaine (700mg),804.0,1
MED07743,Lidocaine (9.5% w/w),170.0,2
MED07744,Lidocaine (NA),477.51,11
MED07745,Lidocaine (NA) + Prilocaine (NA),251.69,3
MED07746,Light mineral oil (1% w/w) + White mineral oil (4.5% w/w),327.0,1
MED07747,Linagliptin (2.5mg) + Metformin (1000mg),143.29,7
MED07748,Linagliptin (2.5mg) + Metformin (500mg),125.0,10
MED07749,Linagliptin (2.5mg) + Metformin (850mg),182.0,2
MED07750,Linagliptin (5mg),184.64,14
MED07751,Lincomycin (125mg),46.65,6
MED07752,Lincomycin (150mg/ml),18.0,1
MED07753,Lincomycin (2% w/w),156.0,2
MED07754,Lincomycin (250mg),57.57,10
MED07755,Lincomycin (300mg),27.59,16
MED07756,Lincomycin (500mg),95.71,13
MED07757,Lincomycin (600mg),36.3,10
MED07758,Lincomycin (NA),9.95,1
MED07759,Lindane (1% w/v),63.37,17
MED07760,Lindane (1% w/w),61.69,5
MED07761,Lindane (1%),72.03,3
MED07762,Lindane (NA),48.11,13
MED07763,Linezolid (100mg),127.96,39
MED07764,Linezolid (100mg/5ml),127.83,29
MED07765,Linezolid (10mg),110.0,1
MED07766,Linezolid (1200mg),424.73,5
MED07767,Linezolid (200mg),291.49,17
MED07768,Linezolid (200mg/100ml),350.94,4
MED07769,Linezolid (2mg),379.0,1
MED07770,Linezolid (2mg/ml),387.9,5
MED07771,Linezolid (300mg),430.0,2
MED07772,Linezolid (400mg),230.0,3
MED07773,Linezolid (600mg),296.2,443
MED07774,Linezolid (600mg) + Sulbactam (150mg),256.0,3
MED07775,Linseed Oil (300mg) + Vitamin D3 (60000IU),120.0,1
MED07776,Liposomal Amphotericin B (0.1% w/w),319.0,1
MED07777,Liposomal Amphotericin B (10mg),1799.0,1
MED07778,Liposomal Amphotericin B (1mg),352.25,2
MED07779,Liposomal Amphotericin B (25mg),3199.0,1
MED07780,Liposomal Amphotericin B (50mg),6446.71,11
MED07781,Liposomal Dithranol (0.5% w/w),490.0,1
MED07782,Liquid Paraffin (1.25mg) + Sodium Picosulfate (3.33mg),103.67,3
MED07783,Liquid Paraffin (1.25mg/5ml) + Milk of Magnesia (3.75mg/5ml),135.0,1
MED07784,Liquid Paraffin (1.25mg/5ml) + Sodium Picosulfate (3.33mg/5ml),82.44,8
MED07785,Liquid Paraffin (1.25ml) + Milk of Magnesia (3.75ml),118.87,14
MED07786,Liquid Paraffin (1.25ml) + Sodium Picosulfate (3.33gm),120.0,1
MED07787,Liquid Paraffin (1.25ml) + Sodium Picosulfate (3.33mg),121.91,88
MED07788,Liquid Paraffin (1.25ml) + Sodium Picosulfate (3.33mg/5ml),106.02,5
MED07789,Liquid Paraffin (1.25ml) + Sodium Picosulfate (3.33ml),91.0,1
MED07790,Liquid Paraffin (1.25ml) + Sodium Picosulfate (3.3mg),111.0,1
MED07791,Liquid Paraffin (1.25ml/5ml) + Milk of Magnesia (3.75ml/5ml),212.67,3
MED07792,Liquid Paraffin (1.25ml/5ml) + Milk of Magnesia (300mg/5ml),104.45,3
MED07793,Liquid Paraffin (1.25ml/5ml) + Sodium Picosulfate (3.33mg/5ml),129.67,6
MED07794,Liquid Paraffin (3.33mg/5ml) + Sodium Picosulfate (1.25ml/5ml),196.9,1
MED07795,Liquid Paraffin (3.75mg) + Milk of Magnesia (11.25mg),168.0,1
MED07796,Liquid Paraffin (3.75ml) + Milk of Magnesia (1.25ml),150.0,1
MED07797,Liquid Paraffin (3.75ml) + Milk of Magnesia (11.25ml),100.48,15
MED07798,Liquid Paraffin (NA),88.75,2
MED07799,Liraglutide (6mg/ml),5324.0,1
MED07800,Lisinopril (10mg),111.96,31
MED07801,Lisinopril (2.5mg),97.46,29
MED07802,Lisinopril (20mg),142.6,3
MED07803,Lisinopril (5mg),54.31,45
MED07804,Lisinopril (NA),20.83,3
MED07805,Lithium carbonate (250mg),20.0,2
MED07806,Lithium carbonate (300mg),16.58,43
MED07807,Lithium carbonate (400mg),46.74,41
MED07808,Lithium carbonate (450mg),42.61,28
MED07809,Live Attenuated Varicella-Zoster Virus (19400PFU),7650.0,1
MED07810,Live Freeze Dried Lactic Acid Bacteria and Bifidobacteria (112.5Billion CFU),413.0,2
MED07811,Live Freeze Dried Lactic Acid Bacteria and Bifidobacteria (40Billion CFU),160.0,1
MED07812,Liver Extract (62.5gm/ml) + Thiamine(Vitamin B1) (20mcg/ml),31.6,1
MED07813,Lixisenatide (10mcg),4114.0,1
MED07814,Lixisenatide (20mcg),4114.0,1
MED07815,Lobeglitazone Sulfate (0.5mg),99.0,1
MED07816,Lomefloxacin (0.3% w/v),25.34,2
MED07817,Lomefloxacin (3mg),33.86,2
MED07818,Lomefloxacin (400mg),81.44,15
MED07819,Lomustine (40mg),733.64,5
MED07820,Loperamide (10mg),106.25,1
MED07821,Loperamide (2mg),20.32,82
MED07822,Loperamide (2mg) + Norfloxacin (200mg),62.1,2
MED07823,Loperamide (2mg) + Simethicone (125mg),25.0,1
MED07824,Loperamide (4mg),15.0,1
MED07825,Loperamide (NA),140.79,3
MED07826,Lopinavir (100mg) + Ritonavir (25mg),1475.47,1
MED07827,Lopinavir (133.3mg) + Ritonavir (33.3mg),3745.0,2
MED07828,Lopinavir (200mg) + Ritonavir (50mg),3106.62,9
MED07829,Loratadine (10mg),46.0,140
MED07830,Loratadine (2.5mg) + Nimesulide (100mg),35.0,1
MED07831,Loratadine (5mg),30.7,9
MED07832,Loratadine (5mg) + Nimesulide (100mg),49.15,2
MED07833,Loratadine (5mg) + Paracetamol (500mg),31.5,2
MED07834,Loratadine (5mg) + Pseudoephedrine (120mg),25.91,5
MED07835,Loratadine (5mg) + Pseudoephedrine (60mg),47.45,2
MED07836,Loratadine (NA),37.05,6
MED07837,Lorazepam (0.5mg),17.5,4
MED07838,Lorazepam (1mg),19.69,96
MED07839,Lorazepam (2.5mg),30.45,3
MED07840,Lorazepam (2mg),25.99,122
MED07841,Lorazepam (3mg),44.62,8
MED07842,Lorazepam (40mg),49.0,1
MED07843,Lorazepam (4mg),23.41,4
MED07844,Lorazepam (NA),12.5,2
MED07845,Lorcaserin (10mg),450.0,1
MED07846,Lorlatinib (100mg),312000.0,1
MED07847,Lorlatinib (25mg),102000.0,1
MED07848,Lornoxicam (0.125% w/w) + Methyl Salicylate (10% w/w),118.5,1
MED07849,Lornoxicam (16mg),126.69,12
MED07850,Lornoxicam (2mg),22.0,1
MED07851,Lornoxicam (4mg),45.75,43
MED07852,Lornoxicam (4mg) + Paracetamol (325mg),75.7,24
MED07853,Lornoxicam (4mg) + Paracetamol (500mg),57.67,22
MED07854,Lornoxicam (4mg) + Thiocolchicoside (4mg),313.0,3
MED07855,Lornoxicam (8mg),69.85,99
MED07856,Lornoxicam (8mg) + Paracetamol (325mg),95.32,140
MED07857,Lornoxicam (8mg) + Paracetamol (500mg),73.66,86
MED07858,Lornoxicam (8mg) + Thiocolchicoside (4mg),176.53,29
MED07859,Lornoxicam (8mg) + Thiocolchicoside (8mg),213.72,7
MED07860,Lornoxicam (8mg) + Tolperisone (150mg),157.2,1
MED07861,Lornoxicam (NA),195.0,2
MED07862,Lornoxicam (NA) + Paracetamol (NA),71.88,4
MED07863,Losartan (100mg),92.38,6
MED07864,Losartan (25mg),28.4,158
MED07865,Losartan (25mg) + Ramipril (1.25mg),70.65,1
MED07866,Losartan (50mg),50.0,225
MED07867,Losartan (50mg) + Perindopril erbumine (2mg),64.0,1
MED07868,Losartan (50mg) + Perindopril erbumine (4mg),139.46,1
MED07869,Losartan (50mg) + Ramipril (2.5mg),78.99,17
MED07870,Losartan (50mg) + Ramipril (5mg),100.3,14
MED07871,Losartan (NA),45.0,1
MED07872,Losartan (NA) + Perindopril erbumine (NA),317.2,1
MED07873,Loteprednol etabonate (0.1% w/v),195.0,1
MED07874,Loteprednol etabonate (0.1%),210.0,1
MED07875,Loteprednol etabonate (0.2% w/v),113.07,14
MED07876,Loteprednol etabonate (0.3% w/v),142.5,2
MED07877,Loteprednol etabonate (0.5% w/v),139.07,36
MED07878,Loteprednol etabonate (0.5% w/v) + Moxifloxacin (0.5% w/v),150.07,92
MED07879,Loteprednol etabonate (0.5% w/v) + Tobramycin (0.3% w/v),149.28,6
MED07880,Loteprednol etabonate (0.5% w/w),110.0,2
MED07881,Loteprednol etabonate (0.5%) + Moxifloxacin (0.5%),156.0,1
MED07882,Loteprednol etabonate (1% w/v) + Moxifloxacin (0.5% w/v),115.0,1
MED07883,Loteprednol etabonate (5mg),155.25,4
MED07884,Loteprednol etabonate (5mg) + Moxifloxacin (5mg),152.57,3
MED07885,Loteprednol etabonate (NA),134.0,1
MED07886,Loteprednol etabonate (NA) + Moxifloxacin (NA),126.33,3
MED07887,Lovastatin (10mg),43.3,15
MED07888,Lovastatin (20mg),76.85,17
MED07889,Low Dextrans ( 50000 Daltons) (NA),430.0,1
MED07890,Loxapine (10mg),51.13,13
MED07891,Loxapine (25mg),100.61,15
MED07892,Loxapine (50mg),149.03,1
MED07893,Loxapine (NA),150.91,5
MED07894,Lubiprostone (24mcg),380.0,1
MED07895,Lubiprostone (8mcg),203.0,1
MED07896,Luliconazole (0.1% w/w),325.0,1
MED07897,Luliconazole (1% w/v),243.23,136
MED07898,Luliconazole (1% w/v) + Salicylic Acid (3% w/v),389.0,2
MED07899,Luliconazole (1% w/w),216.97,919
MED07900,Luliconazole (1% w/w) + Salicylic Acid (3% w/w),80.0,1
MED07901,Luliconazole (1%),314.77,3
MED07902,Luliconazole (5% w/v),307.0,2
MED07903,Luliconazole (NA),238.38,4
MED07904,Lurasidone (20mg),100.0,1
MED07905,Lurasidone (40mg),161.11,16
MED07906,Lurasidone (80mg),297.56,17
MED07907,Lycopene (2000mcg),120.0,1
MED07908,Lycopene (5000mcg),108.0,1
MED07909,Lycopene (NA),109.0,1
MED07910,Lymecycline (408mg),437.29,11
MED07911,Lynestrenol (0.5mg),199.0,1
MED07912,Lynestrenol (500mcg),210.0,1
MED07913,Lysine (200mg),174.85,1
MED07914,Lysine (375mg) + Thiamine(Vitamin B1) (2mg),170.0,1
MED07915,Macitentan (10mg),1882.32,4
MED07916,Magaldrate (10mg) + Simethicone (50mg),53.0,1
MED07917,Magaldrate (125mg),60.76,2
MED07918,Magaldrate (150mg) + Simethicone (NA),3.75,1
MED07919,Magaldrate (180mg/5ml) + Simethicone (20mg/5ml),90.0,1
MED07920,Magaldrate (200mg) + Ranitidine (150mg),15.9,5
MED07921,Magaldrate (240mg) + Simethicone (60mg),40.0,1
MED07922,Magaldrate (240mg) + Simethicone (80mg),60.0,1
MED07923,Magaldrate (400mg) + Metoclopramide (20mg),52.62,1
MED07924,Magaldrate (400mg) + Oxetacaine (5mg),37.4,2
MED07925,Magaldrate (400mg) + Simethicone (200mg),54.0,1
MED07926,Magaldrate (400mg) + Simethicone (20mg),71.28,280
MED07927,Magaldrate (400mg) + Simethicone (25mg),51.5,3
MED07928,Magaldrate (400mg) + Simethicone (30mg),42.0,1
MED07929,Magaldrate (400mg) + Simethicone (40mg),6.21,1
MED07930,Magaldrate (400mg) + Simethicone (50mg),65.56,10
MED07931,Magaldrate (400mg) + Simethicone (60mg),88.6,5
MED07932,Magaldrate (400mg/10ml) + Simethicone (20mg/10ml),111.0,1
MED07933,Magaldrate (400mg/10ml) + Simethicone (80mg/10ml),95.0,1
MED07934,Magaldrate (400mg/5ml) + Simethicone (20mg/5ml),71.8,74
MED07935,Magaldrate (400mg/5ml) + Simethicone (50mg/5ml),52.0,1
MED07936,Magaldrate (400mg/5ml) + Simethicone (60mg/5ml),72.29,17
MED07937,Magaldrate (40mg) + Simethicone (20mg),58.0,1
MED07938,Magaldrate (480mg) + Metoclopramide (10mg),30.13,4
MED07939,Magaldrate (480mg) + Oxetacaine (10mg),64.5,1
MED07940,Magaldrate (480mg) + Simethicone (15mg),45.0,1
MED07941,Magaldrate (480mg) + Simethicone (20mg),71.7,79
MED07942,Magaldrate (480mg) + Simethicone (25mg),46.71,6
MED07943,Magaldrate (480mg) + Simethicone (50mg),66.45,7
MED07944,Magaldrate (480mg/5ml) + Oxetacaine (20mg/5ml),85.0,1
MED07945,Magaldrate (480mg/5ml) + Simethicone (20mg/5ml),81.99,7
MED07946,Magaldrate (480mg/5ml) + Simethicone (25mg/5ml),42.0,1
MED07947,Magaldrate (480mg/5ml) + Simethicone (50mg/5ml),91.0,1
MED07948,Magaldrate (500mg) + Simethicone (25mg),86.0,1
MED07949,Magaldrate (500mg) + Simethicone (40mg),53.25,1
MED07950,Magaldrate (500mg) + Simethicone (50mg),83.61,1
MED07951,Magaldrate (510mg) + Simethicone (20mg),99.9,1
MED07952,Magaldrate (510mg/5ml) + Simethicone (50mg/5ml),110.0,1
MED07953,Magaldrate (540mg) + Oxetacaine (10mg),156.0,2
MED07954,Magaldrate (540mg) + Simethicone (20mg),105.22,4
MED07955,Magaldrate (540mg) + Simethicone (50mg),91.36,54
MED07956,Magaldrate (540mg) + Simethicone (5mg),99.0,1
MED07957,Magaldrate (540mg/10ml) + Simethicone (50mg/10ml),120.0,1
MED07958,Magaldrate (540mg/5ml) + Simethicone (40mg/5ml),70.0,1
MED07959,Magaldrate (540mg/5ml) + Simethicone (50mg/5ml),97.99,12
MED07960,Magaldrate (800mg) + Simethicone (125mg),110.48,3
MED07961,Magaldrate (800mg) + Simethicone (40mg),16.81,2
MED07962,Magaldrate (800mg) + Simethicone (50mg),13.45,2
MED07963,Magaldrate (NA) + Oxetacaine (NA),124.0,1
MED07964,Magaldrate (NA) + Simethicone (NA),68.33,11
MED07965,Magnesium (250mg) + Vitamin D3 (1000IU),199.0,1
MED07966,Magnesium (400mg),100.0,1
MED07967,Magnesium Bisglycinate (360mg),102.1,4
MED07968,Magnesium Bisglycinate (400mg),149.0,1
MED07969,Magnesium Carbonate (162.65mg) + Potassium Chloride (59.65mg),176.12,2
MED07970,Magnesium Citrate (1100mg) + Potassium Citrate (375mg),143.0,1
MED07971,Magnesium Citrate (375mg) + Potassium Citrate (1100mg),198.24,7
MED07972,Magnesium Citrate (375mg/5ml) + Potassium Citrate (1100mg/5ml),191.03,26
MED07973,Magnesium Citrate (375ml/5ml) + Potassium Citrate (1100mg/5ml),181.51,4
MED07974,Magnesium Sulphate (1gm),10.0,1
MED07975,Magnesium Sulphate (25% w/v),7.65,1
MED07976,Magnesium Sulphate (50% w/v),77.65,3
MED07977,Magnesium Valproate (200mg),51.0,5
MED07978,Magnesium Valproate (300mg),95.0,3
MED07979,Magnesium Valproate (400mg),103.25,4
MED07980,Magnesium Valproate (500mg),108.21,3
MED07981,Magnesium Valproate (600mg),139.78,3
MED07982,Mandelic acid (10% w/w) + Salicylic Acid (20% w/w),4200.0,1
MED07983,Mannitol (10% w/v),188.11,1
MED07984,Mannitol (100mg) + Vincristine (1mg),77.0,1
MED07985,Mannitol (20% w/v),63.77,7
MED07986,Mannitol (20IU),40.34,1
MED07987,Maraviroc (150mg),1746.03,1
MED07988,Measles Vaccine (Live) (1000ccid50),65.25,1
MED07989,Measles Vaccine (Live) (1000ccid50) + Mumps Virus Vaccine (5000ccid50),442.38,4
MED07990,Measles Vaccine (Live) (1000ccid50) + Rubella vaccine (Live) (1000ccid50),90.47,1
MED07991,Measles Vaccine (Live) (NA),56.42,2
MED07992,Mebendazole (100mg),16.59,21
MED07993,Mebendazole (100mg/5ml),21.02,5
MED07994,Mebendazole (200mg),15.0,1
MED07995,Mebendazole (500mg),24.76,4
MED07996,Mebendazole (NA),50.0,3
MED07997,Mebeverine (10mg),85.22,1
MED07998,Mebeverine (135mg),117.0,16
MED07999,Mebeverine (200mg),184.3,30
MED08000,Mecetronium (0.2g),120.0,1
MED08001,Meclizine (12.5mg),83.2,1
MED08002,Meclizine (25mg),122.38,5
MED08003,Meclizine (25mg) + Vitamin B6 (Pyridoxine) (50mg),32.17,3
MED08004,Meclizine (50mg),109.5,1
MED08005,Medroxyprogesterone acetate (100mg),247.69,2
MED08006,Medroxyprogesterone acetate (104mg),550.0,1
MED08007,Medroxyprogesterone acetate (10mg),55.81,58
MED08008,Medroxyprogesterone acetate (150mg),183.97,7
MED08009,Medroxyprogesterone acetate (150mg/ml),258.47,2
MED08010,Medroxyprogesterone acetate (2.5mg),49.03,9
MED08011,Medroxyprogesterone acetate (200mg),150.0,1
MED08012,Medroxyprogesterone acetate (30mg),157.2,1
MED08013,Medroxyprogesterone acetate (5mg),41.98,3
MED08014,Mefenamic Acid (100mg),28.67,40
MED08015,Mefenamic Acid (100mg) + Paracetamol (125mg),44.2,7
MED08016,Mefenamic Acid (100mg) + Paracetamol (200mg),55.0,1
MED08017,Mefenamic Acid (100mg) + Paracetamol (250mg),53.07,219
MED08018,Mefenamic Acid (100mg) + Paracetamol (250mg/5ml),63.0,1
MED08019,Mefenamic Acid (100mg) + Tizanidine (250mg),49.5,1
MED08020,Mefenamic Acid (100mg/5ml),33.85,30
MED08021,Mefenamic Acid (100mg/5ml) + Paracetamol (125mg/5ml),28.35,1
MED08022,Mefenamic Acid (100mg/5ml) + Paracetamol (250mg/5ml),54.19,101
MED08023,Mefenamic Acid (100mg/5ml) + Paracetamol (250mg/ml),58.0,1
MED08024,Mefenamic Acid (125mg) + Paracetamol (125mg),36.0,1
MED08025,Mefenamic Acid (125mg/5ml) + Paracetamol (125mg/5ml),40.0,1
MED08026,Mefenamic Acid (250mg),30.47,20
MED08027,Mefenamic Acid (250mg) + Paracetamol (325mg),42.09,19
MED08028,Mefenamic Acid (250mg) + Paracetamol (500mg),30.71,11
MED08029,Mefenamic Acid (250mg) + Tranexamic Acid (250mg),141.0,3
MED08030,Mefenamic Acid (250mg) + Tranexamic Acid (500mg),183.49,352
MED08031,Mefenamic Acid (250mg/5ml) + Paracetamol (100mg/5ml),54.9,1
MED08032,Mefenamic Acid (325mg) + Tranexamic Acid (500mg),200.0,1
MED08033,Mefenamic Acid (500mg),52.49,16
MED08034,Mefenamic Acid (500mg) + Paracetamol (325mg),45.19,73
MED08035,Mefenamic Acid (500mg) + Paracetamol (450mg),28.8,21
MED08036,Mefenamic Acid (500mg) + Paracetamol (500mg),33.29,5
MED08037,Mefenamic Acid (500mg) + Tizanidine (2mg),49.48,4
MED08038,Mefenamic Acid (500mg) + Tranexamic Acid (500mg),157.06,1
MED08039,Mefenamic Acid (50mg) + Paracetamol (125mg),43.02,272
MED08040,Mefenamic Acid (50mg) + Paracetamol (250mg),56.59,4
MED08041,Mefenamic Acid (50mg/5ml),42.08,2
MED08042,Mefenamic Acid (50mg/5ml) + Paracetamol (125mg/5ml),43.18,159
MED08043,Mefenamic Acid (50mg/5ml) + Paracetamol (250mg/5ml),60.0,1
MED08044,Mefenamic Acid (5mg) + Paracetamol (125mg),48.0,1
MED08045,Mefenamic Acid (NA),24.03,1
MED08046,Mefenamic Acid (NA) + Paracetamol (250mg/5ml),51.0,1
MED08047,Mefenamic Acid (NA) + Paracetamol (NA),27.22,5
MED08048,Mefenamic Acid (NA) + Tranexamic Acid (NA),152.08,12
MED08049,Mefloquine (0.5% w/v),78.57,1
MED08050,Mefloquine (250mg),222.4,20
MED08051,Mefloquine (300mg),65.0,1
MED08052,Megestrol (160mg),846.95,19
MED08053,Megestrol (40mg),284.89,8
MED08054,Megestrol (80mg),438.0,1
MED08055,Meglumine Diatrizoate (0.66gm) + Sodium Diatrizoate (0.1gm),948.15,1
MED08056,Melatonin (0.25mg),18.26,2
MED08057,Melatonin (0.3mg),1063.0,3
MED08058,Melatonin (0.5mg),24.81,1
MED08059,Melatonin (10mg),708.36,9
MED08060,Melatonin (3mg),394.9,20
MED08061,Melatonin (3mg) + Vitamin B6 (Pyridoxine) (10mg),19.15,1
MED08062,Melatonin (3mg) + Zolpidem (10mg),93.82,4
MED08063,Melatonin (3mg) + Zolpidem (5mg),68.9,4
MED08064,Melatonin (3mg/5ml),166.79,3
MED08065,Melatonin (5mg),366.81,6
MED08066,Melatonin (6mg),90.0,1
MED08067,Melatonin (NA),474.0,2
MED08068,Melitracen (10mg),52.25,4
MED08069,Melitracen (150mg),49.32,1
MED08070,Meloxicam (100mg) + Paracetamol (1500mg),36.0,1
MED08071,Meloxicam (10mg),14.5,1
MED08072,Meloxicam (15mg),28.76,17
MED08073,Meloxicam (5mg),89.0,1
MED08074,Meloxicam (5mg/ml),125.0,1
MED08075,Meloxicam (7.5mg),13.4,13
MED08076,Meloxicam (7.5mg) + Paracetamol (325mg),21.9,1
MED08077,Meloxicam (NA),61.32,3
MED08078,Melphalan (2mg),2159.46,5
MED08079,Melphalan (50mg),2676.2,5
MED08080,Melphalan (5mg),4430.71,3
MED08081,Memantine (10mg),189.8,19
MED08082,Memantine (5mg),81.3,18
MED08083,Memantine (7mg),78.0,1
MED08084,Menadione (10mg),14.6,4
MED08085,Menadione (1mg),3.0,1
MED08086,Menadione (5.2mg),18.0,1
MED08087,Menadione Sodium Bisulfite (10mg),6.5,1
MED08088,"Meningococcal Vaccine (Group A, C, Y & W-135) (50mcg)",650.0,1
MED08089,"Meningococcal Vaccine (Group A, C, Y & W-135) (NA)",1213.52,7
MED08090,Menotrophin (150IU),1466.23,26
MED08091,Menotrophin (150IU/ml),1292.0,1
MED08092,Menotrophin (150i.u),1474.46,12
MED08093,Menotrophin (75IU),1182.8,32
MED08094,Menotrophin (75IU/ml),915.0,1
MED08095,Menotrophin (75i.u),874.08,11
MED08096,Menthol (0.1% w/v) + Miconazole (2% w/v),449.0,1
MED08097,Menthol (0.5mg/5ml) + Phenylephrine (5mg/ml),69.0,1
MED08098,Menthol (6% v/v) + Salicylic Acid (2.20% v/v),57.36,1
MED08099,Mepacrine (100mg),21.25,1
MED08100,Mepacrine (300mg),64.25,1
MED08101,Mephenesin (5% w/w),75.0,1
MED08102,Mephentermine (15mg),75.3,3
MED08103,Mephentermine (30mg),269.45,3
MED08104,Mepolizumab (100mg),79852.5,2
MED08105,Mercaptopurine (50mg),89.35,7
MED08106,Meropenem (0.5gm),422.2,1
MED08107,Meropenem (1000mg),1930.19,598
MED08108,Meropenem (1000mg) + Sulbactam (1000mg),1999.0,1
MED08109,Meropenem (1000mg) + Sulbactam (125mg),1400.0,1
MED08110,Meropenem (1000mg) + Sulbactam (500mg),2245.97,108
MED08111,Meropenem (1000mg) + Tazobactum (125mg),2680.71,7
MED08112,Meropenem (125mg),281.61,84
MED08113,Meropenem (1gm),1789.59,69
MED08114,Meropenem (1gm) + Sulbactam (500mg),1275.0,1
MED08115,Meropenem (1mg) + Sulbactam (500mg),2200.0,1
MED08116,Meropenem (2000mg),2654.93,7
MED08117,Meropenem (250mg),569.34,70
MED08118,Meropenem (500mg),1048.24,203
MED08119,Meropenem (500mg) + Sulbactam (250mg),1834.5,2
MED08120,Meropenem (500mg) + Tazobactum (62.5mg),1999.0,1
MED08121,Mesalazine (1200mg),329.92,30
MED08122,Mesalazine (1gm),346.64,10
MED08123,Mesalazine (2gm),92.25,5
MED08124,Mesalazine (400mg),92.72,17
MED08125,Mesalazine (4gm),108.0,1
MED08126,Mesalazine (500mg),109.41,10
MED08127,Mesalazine (800mg),160.0,12
MED08128,Mesalazine (NA),41.0,1
MED08129,Mesna (200mg),114.78,4
MED08130,Mesna (600mg),212.08,2
MED08131,Mesterolone (25mg),296.29,5
MED08132,Metadoxine (250mg) + Silymarin (70mg),219.45,6
MED08133,Metadoxine (300mg),27.25,2
MED08134,Metadoxine (500mg),173.91,8
MED08135,Metadoxine (500mg) + Silymarin (140mg),324.3,7
MED08136,Metamizole (0.5%),18.19,2
MED08137,Metamizole (0.5mg),12.44,1
MED08138,Metamizole (500mg),34.34,4
MED08139,Metaxalone (200mg),83.73,1
MED08140,Metaxalone (400mg),150.0,1
MED08141,Metformin (0.3mg) + Repaglinide (1mg),140.0,1
MED08142,Metformin (1000mg),39.71,225
MED08143,Metformin (1000mg) + Methylcobalamin (750mcg),113.87,3
MED08144,Metformin (1000mg) + Pioglitazone (15mg),119.0,3
MED08145,Metformin (1000mg) + Pioglitazone (7.5mg),85.09,6
MED08146,Metformin (1000mg) + Remogliflozin Etabonate (100mg),168.3,5
MED08147,Metformin (1000mg) + Rosiglitazone (2mg),75.0,1
MED08148,Metformin (1000mg) + Saxagliptin (5mg),419.67,3
MED08149,Metformin (1000mg) + Sitagliptin (100mg),220.85,17
MED08150,Metformin (1000mg) + Sitagliptin (50mg),182.25,52
MED08151,Metformin (1000mg) + Teneligliptin (20mg),146.52,184
MED08152,Metformin (1000mg) + Vildagliptin (0.2mg),139.0,1
MED08153,Metformin (1000mg) + Vildagliptin (50mg),153.62,148
MED08154,Metformin (1000mg) + Voglibose (0.2mg),140.93,3
MED08155,Metformin (1000mg) + Voglibose (0.3mg),136.32,7
MED08156,Metformin (15mg) + Pioglitazone (1000mg),101.24,1
MED08157,Metformin (1gm),17.75,2
MED08158,Metformin (250mg),17.0,12
MED08159,Metformin (250mg) + Myo-Inositol (600mg),234.25,1
MED08160,Metformin (500mg),21.8,419
MED08161,Metformin (500mg) + Methylcobalamin (750mcg),80.25,7
MED08162,Metformin (500mg) + Miglitol (25mg),165.5,1
MED08163,Metformin (500mg) + Miglitol (50mg),263.0,1
MED08164,Metformin (500mg) + Myo-Inositol (550mg),183.0,1
MED08165,Metformin (500mg) + Myo-Inositol (600mg),209.31,32
MED08166,Metformin (500mg) + Myo-Inositol (750mg),243.0,2
MED08167,Metformin (500mg) + Nateglinide (120mg),202.0,2
MED08168,Metformin (500mg) + Nateglinide (60mg),251.25,4
MED08169,Metformin (500mg) + Pioglitazone (15mg),65.86,56
MED08170,Metformin (500mg) + Pioglitazone (30mg),74.23,25
MED08171,Metformin (500mg) + Pioglitazone (7.5mg),72.22,15
MED08172,Metformin (500mg) + Remogliflozin Etabonate (100mg),144.22,5
MED08173,Metformin (500mg) + Repaglinide (0.5mg),115.0,1
MED08174,Metformin (500mg) + Repaglinide (1mg),138.33,9
MED08175,Metformin (500mg) + Repaglinide (2mg),184.58,7
MED08176,Metformin (500mg) + Rosiglitazone (2mg),46.43,7
MED08177,Metformin (500mg) + Rosiglitazone (4mg),75.23,4
MED08178,Metformin (500mg) + Saxagliptin (5mg),383.17,3
MED08179,Metformin (500mg) + Sitagliptin (100mg),156.5,12
MED08180,Metformin (500mg) + Sitagliptin (50mg),156.4,68
MED08181,Metformin (500mg) + Teneligliptin (10mg),160.0,1
MED08182,Metformin (500mg) + Teneligliptin (20mg),131.57,340
MED08183,Metformin (500mg) + Ursodeoxycholic Acid/Ursodiol (150mg),169.4,1
MED08184,Metformin (500mg) + Vildagliptin (50mg),137.95,317
MED08185,Metformin (500mg) + Voglibose (0.2mg),87.35,211
MED08186,Metformin (500mg) + Voglibose (0.3mg),103.64,211
MED08187,Metformin (50mg),99.0,1
MED08188,Metformin (50mg) + Vildagliptin (1000mg),229.52,2
MED08189,Metformin (50mg) + Vildagliptin (50mg),100.0,1
MED08190,Metformin (750mg),46.85,2
MED08191,Metformin (750mg) + Voglibose (0.2mg),71.5,1
MED08192,Metformin (750mg) + Voglibose (0.3mg),96.8,1
MED08193,Metformin (850mg),28.63,58
MED08194,Metformin (850mg) + Pioglitazone (15mg),87.5,2
MED08195,Metformin (850mg) + Sitagliptin (50mg),208.5,2
MED08196,Metformin (850mg) + Vildagliptin (50mg),167.15,34
MED08197,Metformin (NA),10.12,1
MED08198,Methdilazine (4mg/5ml),60.58,2
MED08199,Methdilazine (8mg),19.35,1
MED08200,Methimazole (10mg),303.83,2
MED08201,Methimazole (5mg),175.49,2
MED08202,Methocarbamol (100mg),29.34,1
MED08203,Methocarbamol (250mg) + Paracetamol (350mg),95.95,1
MED08204,Methocarbamol (350mg) + Paracetamol (250mg),52.21,4
MED08205,Methocarbamol (350mg) + Paracetamol (325mg),41.5,1
MED08206,Methocarbamol (350mg) + Paracetamol (350mg),27.0,1
MED08207,Methocarbamol (400mg) + Paracetamol (325mg),29.92,2
MED08208,Methocarbamol (400mg) + Paracetamol (500mg),35.0,1
MED08209,Methocarbamol (500mg),108.27,2
MED08210,Methotrexate (1% w/w),291.85,4
MED08211,Methotrexate (1000mg),1453.88,8
MED08212,Methotrexate (10mg),114.47,19
MED08213,Methotrexate (15mg),183.1,24
MED08214,Methotrexate (15mg/1ml),117.0,1
MED08215,Methotrexate (15mg/ml),70.5,1
MED08216,Methotrexate (2.5mg),51.97,35
MED08217,Methotrexate (20mg),227.02,4
MED08218,Methotrexate (25mg),156.21,6
MED08219,Methotrexate (500mg),736.78,10
MED08220,Methotrexate (50mg),85.68,17
MED08221,Methotrexate (50mg/2ml),105.0,1
MED08222,Methotrexate (5mg),73.78,28
MED08223,Methotrexate (7.5mg),104.2,33
MED08224,Methoxsalen (0.2% w/v),45.0,1
MED08225,Methoxsalen (0.75% w/v),155.65,1
MED08226,Methoxsalen (1% w/v),125.05,4
MED08227,Methoxsalen (10mg),36.89,28
MED08228,Methoxsalen (20mg),51.0,6
MED08229,Methoxy polyethylene glycol-epoetin beta (100mcg),10850.0,1
MED08230,Methoxy polyethylene glycol-epoetin beta (50mcg),5400.0,1
MED08231,Methoxy polyethylene glycol-epoetin beta (75mcg),7927.0,1
MED08232,Methyl Salicylate (10% w/w) + Thiocolchicoside (0.25% w/w),295.0,1
MED08233,Methyl Salicylate (100mg) + Thiocolchicoside (2.5mg),289.0,1
MED08234,Methylcellulose (0.1% w/v) + Naphazoline (0.1% w/v),77.5,2
MED08235,Methylcobalamin (0.5mg),32.5,1
MED08236,Methylcobalamin (10000mcg),220.0,1
MED08237,Methylcobalamin (1000mcg),51.67,55
MED08238,Methylcobalamin (1000mcg) + Niacinamide (100mg),64.19,141
MED08239,Methylcobalamin (1000mcg) + Niacinamide (10mg),56.68,14
MED08240,Methylcobalamin (1000mcg) + Nicotinamide (100mg),63.0,1
MED08241,Methylcobalamin (1000mcg) + Nicotinamide (12mg),55.0,1
MED08242,Methylcobalamin (1000mcg) + Piracetam (800mg),175.18,1
MED08243,Methylcobalamin (1000mcg) + Thiamine(Vitamin B1) (100mg),62.34,25
MED08244,Methylcobalamin (1000mcg) + Vitamin B6 (Pyridoxine) (100mg),70.09,187
MED08245,Methylcobalamin (1000mcg) + Vitamin B6 (Pyridoxine) (10mg),67.0,2
MED08246,Methylcobalamin (1000mcg) + Vitamin B6 (Pyridoxine) (3mg),70.75,1
MED08247,Methylcobalamin (1000mcg/2ml),34.45,2
MED08248,Methylcobalamin (1000mcg/ml),85.4,5
MED08249,Methylcobalamin (1000mcg/ml) + Vitamin B6 (Pyridoxine) (100mg/ml),89.0,1
MED08250,Methylcobalamin (1000mg),48.33,3
MED08251,Methylcobalamin (1000mg) + Niacinamide (100mg),60.0,1
MED08252,Methylcobalamin (1000mg) + Thiamine(Vitamin B1) (100mg),67.0,2
MED08253,Methylcobalamin (1000mg) + Vitamin B6 (Pyridoxine) (100mg),62.0,3
MED08254,Methylcobalamin (100mcg) + Vitamin B6 (Pyridoxine) (100mg),61.22,4
MED08255,Methylcobalamin (15000mcg),270.0,1
MED08256,Methylcobalamin (1500mcg),57.6,527
MED08257,Methylcobalamin (1500mcg) + Niacinamide (100mg),68.27,88
MED08258,Methylcobalamin (1500mcg) + Piracetam (75mg),145.0,1
MED08259,Methylcobalamin (1500mcg) + Pregabalin (100mg),193.0,1
MED08260,Methylcobalamin (1500mcg) + Pregabalin (150mg),197.48,20
MED08261,Methylcobalamin (1500mcg) + Pregabalin (50mg),124.0,1
MED08262,Methylcobalamin (1500mcg) + Pregabalin (75mg),151.31,292
MED08263,Methylcobalamin (1500mcg) + Thiamine(Vitamin B1) (100mg),78.25,6
MED08264,Methylcobalamin (1500mcg) + Vitamin B6 (Pyridoxine) (100% w/v),95.0,1
MED08265,Methylcobalamin (1500mcg) + Vitamin B6 (Pyridoxine) (100mg),72.83,91
MED08266,Methylcobalamin (1500mcg) + Vitamin B6 (Pyridoxine) (10mg),114.69,1
MED08267,Methylcobalamin (1500mcg) + Vitamin B6 (Pyridoxine) (20mg),157.3,5
MED08268,Methylcobalamin (1500mcg) + Vitamin B6 (Pyridoxine) (3mg),153.5,2
MED08269,Methylcobalamin (1500mcg) + Vitamin B6 (Pyridoxine) (5mg),153.0,2
MED08270,Methylcobalamin (1500mcg) + Vitamin D3 (1000IU),218.45,2
MED08271,Methylcobalamin (1500mcg) + Vitamin D3 (100IU),163.5,1
MED08272,Methylcobalamin (1500mcg/2ml),54.0,6
MED08273,Methylcobalamin (1500mcg/ml),126.0,1
MED08274,Methylcobalamin (1500mg),63.5,2
MED08275,Methylcobalamin (1500mg) + Pregabalin (75mg),139.67,3
MED08276,Methylcobalamin (1500mg) + Vitamin B6 (Pyridoxine) (100mg),34.0,1
MED08277,Methylcobalamin (1500mg) + Vitamin B6 (Pyridoxine) (20mg),181.5,1
MED08278,Methylcobalamin (150mcg),49.0,1
MED08279,Methylcobalamin (1mg),45.0,4
MED08280,Methylcobalamin (1mg) + Niacinamide (100mg),65.0,1
MED08281,Methylcobalamin (1mg) + Thiamine(Vitamin B1) (100mg),54.88,2
MED08282,Methylcobalamin (1mg) + Vitamin B6 (Pyridoxine) (100mg),50.5,3
MED08283,Methylcobalamin (1mg/2ml),18.0,1
MED08284,Methylcobalamin (2.5mg),35.63,3
MED08285,Methylcobalamin (2500mcg),79.34,219
MED08286,Methylcobalamin (2500mcg) + Niacinamide (100mg),90.5,4
MED08287,Methylcobalamin (2500mcg) + Vitamin B6 (Pyridoxine) (100mg),145.0,1
MED08288,Methylcobalamin (2500mcg/ml),90.05,6
MED08289,Methylcobalamin (2500mg),71.0,1
MED08290,Methylcobalamin (2500mg) + Niacinamide (100mg),115.0,1
MED08291,Methylcobalamin (250mcg),357.0,1
MED08292,Methylcobalamin (250mcg/ml),399.0,1
MED08293,Methylcobalamin (250mcg/spray),357.0,1
MED08294,Methylcobalamin (500mcg),46.24,180
MED08295,Methylcobalamin (500mcg) + Niacinamide (50mg),88.75,4
MED08296,Methylcobalamin (500mcg) + Piracetam (500mg),267.32,1
MED08297,Methylcobalamin (500mcg) + Pregabalin (100mg),104.0,1
MED08298,Methylcobalamin (500mcg) + Pregabalin (150mg),131.98,2
MED08299,Methylcobalamin (500mcg) + Pregabalin (25mg),58.0,3
MED08300,Methylcobalamin (500mcg) + Pregabalin (300mg),97.46,3
MED08301,Methylcobalamin (500mcg) + Pregabalin (50mg),87.77,10
MED08302,Methylcobalamin (500mcg) + Pregabalin (75mg),117.49,35
MED08303,Methylcobalamin (500mcg) + Thiamine(Vitamin B1) (100mg),15.0,1
MED08304,Methylcobalamin (500mcg) + Thiamine(Vitamin B1) (50mg),7.78,1
MED08305,Methylcobalamin (500mcg) + Vitamin B6 (Pyridoxine) (100mg),57.2,2
MED08306,Methylcobalamin (500mcg/ml),45.07,12
MED08307,Methylcobalamin (500mg),72.0,2
MED08308,Methylcobalamin (500mg) + Pregabalin (300mg),128.0,1
MED08309,Methylcobalamin (500mg) + Pregabalin (75mg),85.0,1
MED08310,Methylcobalamin (750mcg),59.0,1
MED08311,Methylcobalamin (750mcg) + Pregabalin (150mg),184.68,32
MED08312,Methylcobalamin (750mcg) + Pregabalin (50mg),117.5,2
MED08313,Methylcobalamin (750mcg) + Pregabalin (70mg),90.0,1
MED08314,Methylcobalamin (750mcg) + Pregabalin (75mg),129.83,1023
MED08315,Methylcobalamin (750mcg) + Thiamine(Vitamin B1) (50mg),126.13,2
MED08316,Methylcobalamin (750mcg) + Vitamin B6 (Pyridoxine) (10mg),34.78,1
MED08317,Methylcobalamin (750mcg) + Vitamin B6 (Pyridoxine) (50mg),42.0,1
MED08318,Methylcobalamin (750mcg/ml),47.5,2
MED08319,Methylcobalamin (750mg) + Pregabalin (75mg),131.21,14
MED08320,Methylcobalamin (750mg) + Pregabalin (78mg),128.0,1
MED08321,Methylcobalamin (75mg) + Pregabalin (1500mcg),180.0,1
MED08322,Methylcobalamin (8mg),77.0,1
MED08323,Methylcobalamin (NA),37.52,18
MED08324,Methylcobalamin (NA) + Pregabalin (75mg),92.25,2
MED08325,Methylcobalamin (NA) + Pregabalin (NA),101.79,5
MED08326,Methyldopa (250mg),41.14,5
MED08327,Methyldopa (500mg),140.61,3
MED08328,Methylene Blue (10mg),250.0,1
MED08329,Methylene Blue (10mg/ml),261.0,1
MED08330,Methylergometrine (0.125mg),64.59,38
MED08331,Methylergometrine (0.25mg),85.85,2
MED08332,Methylergometrine (0.2mg),31.57,36
MED08333,Methylergometrine (1mg),97.0,1
MED08334,Methylergometrine (NA),44.26,2
MED08335,Methylphenidate (10mg),132.29,8
MED08336,Methylphenidate (18mg),2155.0,2
MED08337,Methylphenidate (20mg),176.52,7
MED08338,Methylphenidate (36mg),5150.0,1
MED08339,Methylphenidate (4mg),51.0,1
MED08340,Methylphenidate (54mg),6180.0,1
MED08341,Methylphenidate (5mg),98.1,3
MED08342,Methylpolysiloxane (4mg),45.0,1
MED08343,Methylprednisolone (0.1% w/w),87.0,1
MED08344,Methylprednisolone (0.10% w/w),76.92,3
MED08345,Methylprednisolone (1000mg),1105.85,65
MED08346,Methylprednisolone (125mg),297.88,67
MED08347,Methylprednisolone (16mg),114.14,198
MED08348,Methylprednisolone (1gm),1139.08,4
MED08349,Methylprednisolone (200mg),1190.0,1
MED08350,Methylprednisolone (24mg),76.89,2
MED08351,Methylprednisolone (250mg),445.05,4
MED08352,Methylprednisolone (2mg),36.68,6
MED08353,Methylprednisolone (32mg),158.1,1
MED08354,Methylprednisolone (40mg),120.55,133
MED08355,Methylprednisolone (40mg/ml),96.94,4
MED08356,Methylprednisolone (4mg),52.14,438
MED08357,Methylprednisolone (500mg),654.64,57
MED08358,Methylprednisolone (80mg),101.23,40
MED08359,Methylprednisolone (8mg),71.12,228
MED08360,Methylprednisolone (NA),52.84,2
MED08361,Metoclopramide (0.5mg) + Paracetamol (125mg),44.23,1
MED08362,Metoclopramide (1.25mg) + Paracetamol (125mg),18.21,2
MED08363,Metoclopramide (10mg),20.74,29
MED08364,Metoclopramide (15mg),81.95,2
MED08365,Metoclopramide (25mg),45.0,1
MED08366,Metoclopramide (50mg),68.31,1
MED08367,Metoclopramide (5mg),27.35,22
MED08368,Metoclopramide (5mg) + Paracetamol (325mg),40.68,1
MED08369,Metoclopramide (5mg) + Paracetamol (500mg),13.68,17
MED08370,Metoclopramide (5mg) + Simethicone (125mg),13.16,4
MED08371,Metoclopramide (5mg/1ml),5.4,1
MED08372,Metoclopramide (5mg/5ml),29.95,1
MED08373,Metoclopramide (5mg/5ml) + Simethicone (125mg/5ml),30.75,2
MED08374,Metoclopramide (5mg/ml),5.03,5
MED08375,Metoclopramide (NA),6.86,4
MED08376,Metolazone (1.25mg),36.57,1
MED08377,Metolazone (2.5mg),122.53,12
MED08378,Metolazone (2.5mg) + Spironolactone (50mg),46.65,1
MED08379,Metolazone (5mg),169.92,11
MED08380,Metolazone (5mg) + Spironolactone (50mg),52.61,1
MED08381,Metoprolol Succinate (100mg),90.03,25
MED08382,Metoprolol Succinate (11.88mg),48.8,1
MED08383,Metoprolol Succinate (11.8mg),53.31,16
MED08384,Metoprolol Succinate (12.5mg),33.92,15
MED08385,Metoprolol Succinate (12.5mg) + Telmisartan (40mg),99.0,1
MED08386,Metoprolol Succinate (1mg/1ml),11.25,1
MED08387,Metoprolol Succinate (2.5mg),115.0,1
MED08388,Metoprolol Succinate (23.75mg),48.35,86
MED08389,Metoprolol Succinate (23.75mg) + Olmesartan Medoxomil (20mg),224.4,1
MED08390,Metoprolol Succinate (23.75mg) + Telmisartan (40mg),127.45,11
MED08391,Metoprolol Succinate (23.75mg) + Trimetazidine (35mg),220.0,1
MED08392,Metoprolol Succinate (25mg),41.52,204
MED08393,Metoprolol Succinate (25mg) + Olmesartan Medoxomil (20mg),119.66,26
MED08394,Metoprolol Succinate (25mg) + Ramipril (2.5mg),125.76,26
MED08395,Metoprolol Succinate (25mg) + Ramipril (5mg),194.0,2
MED08396,Metoprolol Succinate (25mg) + Telmisartan (20mg),100.22,5
MED08397,Metoprolol Succinate (25mg) + Telmisartan (40mg),123.97,118
MED08398,Metoprolol Succinate (47.50mg) + Telmisartan (40mg),151.05,4
MED08399,Metoprolol Succinate (47.5mg),69.08,105
MED08400,Metoprolol Succinate (47.5mg) + Telmisartan (40mg),139.15,13
MED08401,Metoprolol Succinate (50mg),58.26,212
MED08402,Metoprolol Succinate (50mg) + Olmesartan Medoxomil (20mg),155.16,30
MED08403,Metoprolol Succinate (50mg) + Olmesartan Medoxomil (40mg),135.0,2
MED08404,Metoprolol Succinate (50mg) + Ramipril (5mg),203.05,23
MED08405,Metoprolol Succinate (50mg) + Telmisartan (40mg),133.88,167
MED08406,Metoprolol Succinate (5mg),125.32,2
MED08407,Metoprolol Succinate (71.25mg),165.0,1
MED08408,Metoprolol Succinate (75mg),184.0,1
MED08409,Metoprolol Succinate (95mg),160.14,23
MED08410,Metoprolol Tartrate (100mg),88.38,7
MED08411,Metoprolol Tartrate (1mg),19.94,3
MED08412,Metoprolol Tartrate (23.75mg),53.0,1
MED08413,Metoprolol Tartrate (25mg),46.7,23
MED08414,Metoprolol Tartrate (47.5mg),95.0,1
MED08415,Metoprolol Tartrate (50mg),55.4,27
MED08416,Metronidazole (0.75%) + Nicotinamide (4%),180.0,1
MED08417,Metronidazole (1% w/v) + Povidone Iodine (5% w/v),67.31,5
MED08418,Metronidazole (1% w/v) + Sucralfate (7% w/v),75.0,1
MED08419,Metronidazole (1% w/w) + Miconazole (2% w/w),108.0,1
MED08420,Metronidazole (1% w/w) + Mupirocin (2% w/w),678.86,7
MED08421,Metronidazole (1% w/w) + Povidone Iodine (5% w/w),51.24,43
MED08422,Metronidazole (1% w/w) + Sucralfate (7% w/w),75.56,16
MED08423,Metronidazole (100mg),13.14,6
MED08424,Metronidazole (100mg) + Nalidixic Acid (125mg),21.8,1
MED08425,Metronidazole (100mg) + Nalidixic Acid (150mg),18.46,8
MED08426,Metronidazole (100mg) + Norfloxacin (100mg),27.51,103
MED08427,Metronidazole (100mg) + Ofloxacin (100mg),31.3,2
MED08428,Metronidazole (100mg) + Ofloxacin (50mg),46.42,75
MED08429,Metronidazole (100mg/5ml) + Norfloxacin (100mg/5ml),26.06,8
MED08430,Metronidazole (100mg/5ml) + Ofloxacin (50mg/5ml),36.18,56
MED08431,Metronidazole (120mg) + Norfloxacin (100mg),39.9,2
MED08432,Metronidazole (120mg) + Norfloxacin (125mg),33.0,1
MED08433,Metronidazole (120mg) + Ofloxacin (50mg),63.27,125
MED08434,Metronidazole (120mg/5ml) + Ofloxacin (50mg/5ml),60.51,68
MED08435,Metronidazole (125mg),24.0,1
MED08436,Metronidazole (125mg) + Norfloxacin (150mg),37.0,1
MED08437,Metronidazole (125mg) + Ofloxacin (50mg),57.4,4
MED08438,Metronidazole (125mg/5ml) + Ofloxacin (50mg/5ml),50.0,1
MED08439,Metronidazole (150mg) + Nalidixic Acid (100mg),24.86,3
MED08440,Metronidazole (2% w/w),73.6,2
MED08441,Metronidazole (2% w/w) + Mupirocin (2% w/w),152.31,1
MED08442,Metronidazole (2% w/w) + Povidone Iodine (10% w/w),106.42,2
MED08443,Metronidazole (2% w/w) + Povidone Iodine (5% w/w),36.1,1
MED08444,Metronidazole (2%),109.0,1
MED08445,Metronidazole (200mg),14.3,13
MED08446,Metronidazole (200mg) + Nalidixic Acid (300mg),31.13,10
MED08447,Metronidazole (200mg) + Norfloxacin (100mg),27.17,3
MED08448,Metronidazole (200mg) + Norfloxacin (200mg),35.04,3
MED08449,Metronidazole (200mg) + Ofloxacin (100mg),51.0,2
MED08450,Metronidazole (200mg/5ml),24.75,5
MED08451,Metronidazole (200mg/5ml) + Norfloxacin (100mg/5ml),34.95,1
MED08452,Metronidazole (200mg/5ml) + Ofloxacin (100mg/5ml),53.47,25
MED08453,Metronidazole (300mg) + Norfloxacin (200mg),63.0,1
MED08454,Metronidazole (300mg) + Tetracycline (250mg),31.0,1
MED08455,Metronidazole (400mg),23.25,28
MED08456,Metronidazole (400mg) + Norfloxacin (400mg),41.0,2
MED08457,Metronidazole (400mg) + Norfloxacin (500mg),57.03,1
MED08458,Metronidazole (400mg) + Ofloxacin (200mg),62.5,4
MED08459,Metronidazole (400mg) + Rifaximin (200mg),189.13,3
MED08460,Metronidazole (400mg) + Tetracycline (333mg),42.57,5
MED08461,Metronidazole (500mg),28.32,24
MED08462,Metronidazole (500mg) + Norfloxacin (200mg),86.4,1
MED08463,Metronidazole (500mg) + Norfloxacin (400mg),62.0,4
MED08464,Metronidazole (500mg) + Ofloxacin (100mg),12.12,1
MED08465,Metronidazole (500mg) + Ofloxacin (200mg),82.74,1
MED08466,Metronidazole (50mg),55.6,1
MED08467,Metronidazole (600mg),64.48,3
MED08468,Metronidazole (600mg) + Norfloxacin (400mg),53.16,6
MED08469,Metronidazole (600mg) + Ofloxacin (200mg),57.68,4
MED08470,Metronidazole (NA),17.95,4
MED08471,Metronidazole (NA) + Nalidixic Acid (1.5gm),129.0,1
MED08472,Metronidazole (NA) + Nalidixic Acid (375mg),43.55,1
MED08473,Metronidazole (NA) + Nalidixic Acid (NA),20.7,3
MED08474,Metronidazole (NA) + Ofloxacin (NA),22.34,3
MED08475,Metronidazole (NA) + Povidone Iodine (NA),37.54,12
MED08476,Mexiletine (150mg),1313.67,3
MED08477,Mexiletine (50mg),449.67,3
MED08478,Mianserin (10mg),31.2,2
MED08479,Mianserin (20mg),49.9,1
MED08480,Mianserin (30mg),85.0,1
MED08481,Micafungin (100mg),12087.6,5
MED08482,Micafungin (50mg),6628.96,14
MED08483,Miconazole (1% w/v),85.0,1
MED08484,Miconazole (100mg) + Ornidazole (500mg),142.0,1
MED08485,Miconazole (2% w/w),74.12,53
MED08486,Miconazole (2% w/w) + Mometasone (0.1% w/w),119.31,13
MED08487,Miconazole (2% w/w) + Neomycin (0.5% w/w),51.0,1
MED08488,Miconazole (2% w/w) + Ornidazole (2% w/w),131.25,2
MED08489,Miconazole (2% w/w) + Triamcinolone (0.1% w/w),41.44,2
MED08490,Miconazole (2%) + Mometasone (0.1%),79.06,1
MED08491,Miconazole (2.0% w/w),25.5,1
MED08492,Miconazole (20mg) + Mometasone (1mg),110.87,5
MED08493,Miconazole (5% w/v),200.0,1
MED08494,Miconazole (NA),27.91,1
MED08495,Midazolam (0.5mg),410.09,6
MED08496,Midazolam (1.25mg),564.96,3
MED08497,Midazolam (10mg),60.09,3
MED08498,Midazolam (1mg),63.75,8
MED08499,Midazolam (1mg/1ml),63.0,1
MED08500,Midazolam (1mg/ml),53.94,7
MED08501,Midazolam (5mg),90.87,10
MED08502,Midazolam (7.5mg),33.72,2
MED08503,Midodrine (10mg),1100.0,1
MED08504,Midodrine (2.5mg),1571.09,16
MED08505,Midodrine (5mg),3278.0,5
MED08506,Mifepristone (10mg),412.12,9
MED08507,Mifepristone (200mg),311.28,36
MED08508,Mifepristone (200mg) + Misoprostol (200mcg),487.08,42
MED08509,Mifepristone (200mg) + Misoprostol (200mg),461.0,1
MED08510,Mifepristone (250mg),82.68,1
MED08511,Mifepristone (25mg),521.83,13
MED08512,Mifepristone (NA),517.4,1
MED08513,Miglitol (25mg),82.02,11
MED08514,Miglitol (50mg),152.35,9
MED08515,Milk of Magnesia (5mg) + Sodium Picosulfate (3.75mg),65.0,1
MED08516,Milk of Magnesia (8% w/w),74.5,2
MED08517,Milnacipran (100mg),24.06,1
MED08518,Milnacipran (25mg),61.61,7
MED08519,Milnacipran (50mg),113.37,7
MED08520,Milrinone (10mg),1059.09,8
MED08521,Milrinone (1mg),1177.0,1
MED08522,Miltefosine (50mg),850.73,1
MED08523,Minocycline (100mg),909.62,42
MED08524,Minocycline (40mg),425.0,1
MED08525,Minocycline (45mg),245.4,5
MED08526,Minocycline (50mg),221.75,32
MED08527,Minocycline (55mg),273.5,1
MED08528,Minocycline (65mg),397.88,4
MED08529,Minodronic acid (50mg),349.0,2
MED08530,Minoxidil (10% w/v),837.07,38
MED08531,Minoxidil (10%),646.21,6
MED08532,Minoxidil (10mg),458.41,2
MED08533,Minoxidil (12.5% w/v),1019.67,3
MED08534,Minoxidil (2% w/v),329.19,39
MED08535,Minoxidil (2% w/w),238.0,2
MED08536,Minoxidil (2%),254.36,11
MED08537,Minoxidil (2.5mg),339.75,2
MED08538,Minoxidil (20mg),500.25,3
MED08539,Minoxidil (3% w/v),380.35,2
MED08540,Minoxidil (3% w/v) + Tretinoin (0.025% w/v),146.0,1
MED08541,Minoxidil (30mg),475.0,1
MED08542,Minoxidil (5% w/v),684.47,123
MED08543,Minoxidil (5% w/w),1016.58,9
MED08544,Minoxidil (5%),451.04,3
MED08545,Minoxidil (5mg),261.07,4
MED08546,Minoxidil (75mg),850.0,1
MED08547,Minoxidil (NA),88.98,2
MED08548,Mirabegron (25mg),251.13,22
MED08549,Mirabegron (25mg) + Silodosin (8mg),470.0,1
MED08550,Mirabegron (25mg) + Solifenacin (5mg),338.76,13
MED08551,Mirabegron (50mg),395.32,21
MED08552,Mirabegron (50mg) + Silodosin (8mg),570.0,1
MED08553,Mirabegron (50mg) + Solifenacin (5mg),463.95,14
MED08554,Mirtazapine (10mg),54.0,1
MED08555,Mirtazapine (15mg),85.48,76
MED08556,Mirtazapine (1mg),14.0,1
MED08557,Mirtazapine (2.5mg),26.0,1
MED08558,Mirtazapine (2mg),24.2,1
MED08559,Mirtazapine (30mg),152.24,47
MED08560,Mirtazapine (45mg),189.21,6
MED08561,Mirtazapine (5mg),68.0,2
MED08562,Mirtazapine (7.5mg),57.73,63
MED08563,Mirtazapine (NA),25.0,1
MED08564,Misoprostol (100mcg),39.5,2
MED08565,Misoprostol (100mg),39.6,1
MED08566,Misoprostol (200mcg),83.89,38
MED08567,Misoprostol (25mcg),28.2,3
MED08568,Misoprostol (50mcg),26.92,1
MED08569,Misoprostol (600mcg),69.27,5
MED08570,Misoprostol (NA),55.16,4
MED08571,Mitomycin (10mg),410.2,8
MED08572,Mitomycin (2mg),179.41,6
MED08573,Mitomycin (40mg),2612.85,2
MED08574,Mitoxantrone (2mg),432.69,3
MED08575,Mitoxantrone (2mg/ml),619.5,2
MED08576,Mizolastine (10mg),112.75,2
MED08577,Moclobemide (150mg),46.57,3
MED08578,Moclobemide (300mg),79.92,3
MED08579,Modafinil (100mg),105.15,18
MED08580,Modafinil (200mg),189.44,16
MED08581,Modafinil (50mg),75.0,1
MED08582,Molgramostim (400mg),4143.12,2
MED08583,Molnupiravir (200mg),1155.38,16
MED08584,Mometasone (0.05% w/v),245.0,1
MED08585,Mometasone (0.05% w/w),202.5,2
MED08586,Mometasone (0.1% w/v),134.06,20
MED08587,Mometasone (0.1% w/v) + Sertaconazole (2% w/v),227.0,1
MED08588,Mometasone (0.1% w/v) + Terbinafine (1% w/v),133.0,1
MED08589,Mometasone (0.1% w/w),142.93,196
MED08590,Mometasone (0.1% w/w) + Nadifloxacin (1% w/w),124.0,3
MED08591,Mometasone (0.1% w/w) + Salicylic Acid (3% w/w),168.33,3
MED08592,Mometasone (0.1% w/w) + Salicylic Acid (3.5% w/w),268.5,2
MED08593,Mometasone (0.1% w/w) + Salicylic Acid (5% w/w),143.8,25
MED08594,Mometasone (0.1% w/w) + Salicylic Acid (6% w/w),130.0,1
MED08595,Mometasone (0.1% w/w) + Salicylic Acid (6.5% w/w),180.0,1
MED08596,Mometasone (0.1% w/w) + Tazarotene (0.1% w/w),299.0,1
MED08597,Mometasone (0.1% w/w) + Terbinafine (0.1% w/w),110.0,1
MED08598,Mometasone (0.1% w/w) + Terbinafine (1% w/w),122.5,45
MED08599,Mometasone (0.1%),106.01,31
MED08600,Mometasone (0.10% w/v) + Salicylic Acid (3.50% w/v),207.0,1
MED08601,Mometasone (0.10% w/w),107.0,2
MED08602,Mometasone (0.10% w/w) + Salicylic Acid (6.50% w/w),220.0,1
MED08603,Mometasone (0.10%),116.96,2
MED08604,Mometasone (1% w/w),167.5,2
MED08605,Mometasone (1mg),158.2,11
MED08606,Mometasone (5% w/w) + Salicylic Acid (0.1% w/w),129.0,1
MED08607,Mometasone (50mcg),304.49,30
MED08608,Mometasone (NA),77.54,19
MED08609,Mometasone (NA) + Salicylic Acid (NA),60.65,2
MED08610,Mometasone (NA) + Terbinafine (NA),75.94,4
MED08611,Mometasone (NA) + Tretinoin (NA),111.0,1
MED08612,Monobenzone (20% w/w),453.75,4
MED08613,Montelukast (10mg),114.81,97
MED08614,Montelukast (10mg) + Rupatadine (10mg),154.62,4
MED08615,Montelukast (10mg) + Theophylline (400mg),1606.77,3
MED08616,Montelukast (4mg),70.48,38
MED08617,Montelukast (4mg/5ml),84.67,3
MED08618,Montelukast (5mg),89.63,48
MED08619,Montelukast (NA),124.5,2
MED08620,Morphine (10mg),40.09,7
MED08621,Morphine (20mg),74.0,1
MED08622,Morphine (30mg),76.67,5
MED08623,Morphine (60mg),160.0,1
MED08624,Morphine (NA),35.0,1
MED08625,Mosapride (10mg),64.82,2
MED08626,Mosapride (15mg),94.15,2
MED08627,Mosapride (15mg) + Pantoprazole (40mg),102.75,4
MED08628,Mosapride (15mg) + Rabeprazole (20mg),98.61,5
MED08629,Mosapride (2.5mg),18.0,17
MED08630,Mosapride (5mg),41.11,29
MED08631,Mosapride (5mg) + Simethicone (125mg),41.65,3
MED08632,Moxifloxacin (0.05% w/v),78.0,1
MED08633,Moxifloxacin (0.05% w/w),80.0,2
MED08634,Moxifloxacin (0.3% w/v),70.96,5
MED08635,Moxifloxacin (0.4% w/v),388.0,1
MED08636,Moxifloxacin (0.5% w/v),98.19,325
MED08637,Moxifloxacin (0.5% w/v) + Prednisolone (0.1% w/v),103.47,3
MED08638,Moxifloxacin (0.5% w/v) + Prednisolone (1% w/v),86.33,50
MED08639,Moxifloxacin (0.5% w/v) + Tobramycin (0.3% w/v),158.64,17
MED08640,Moxifloxacin (0.5% w/w),76.8,35
MED08641,Moxifloxacin (0.5%),95.0,1
MED08642,Moxifloxacin (0.5%) + Prednisolone (1%),90.0,2
MED08643,Moxifloxacin (0.50% w/v),90.0,1
MED08644,Moxifloxacin (100mg),269.0,1
MED08645,Moxifloxacin (250mg),55.1,3
MED08646,Moxifloxacin (400mg),210.1,113
MED08647,Moxifloxacin (5% w/v),95.0,1
MED08648,Moxifloxacin (5mg) + Prednisolone (10mg),110.0,1
MED08649,Moxifloxacin (5mg) + Prednisolone (3mg),65.0,1
MED08650,Moxifloxacin (5mg/5ml),36.0,1
MED08651,Moxifloxacin (NA),98.21,8
MED08652,Moxonidine (0.2mg),82.01,17
MED08653,Moxonidine (0.3mg),113.6,22
MED08654,Mucopolysaccharide Polysulfate (250IU/gm),81.14,2
MED08655,Mupirocin (2% w/v),95.53,3
MED08656,Mupirocin (2% w/w),128.42,197
MED08657,Mupirocin (2% w/w) + Sucralfate (7% w/w),180.0,2
MED08658,Mupirocin (2%),138.12,20
MED08659,Mupirocin (2.0% w/w),100.0,1
MED08660,Mupirocin (4% w/w),180.0,1
MED08661,Mupirocin (NA),41.64,2
MED08662,Mycophenolate mofetil (1000mg/5ml),9725.0,1
MED08663,Mycophenolate mofetil (1gm),6050.0,1
MED08664,Mycophenolate mofetil (250MG / ML),8000.0,1
MED08665,Mycophenolate mofetil (250mg),435.03,15
MED08666,Mycophenolate mofetil (360mg),1012.0,1
MED08667,Mycophenolate mofetil (500mg),758.58,59
MED08668,Mycophenolate mofetil (750mg),1092.95,5
MED08669,Mycophenolate sodium (180mg),415.11,10
MED08670,Mycophenolate sodium (360mg),834.05,48
MED08671,Mycophenolate sodium (540mg),1150.0,1
MED08672,Myo-Inositol (2000mg) + Vitamin D3 (1000IU),50.75,2
MED08673,Nabumetone (1000mg),112.15,2
MED08674,Nabumetone (100mg) + Paracetamol (500mg),70.0,1
MED08675,Nabumetone (500mg),85.71,2
MED08676,Nabumetone (750mg),68.9,1
MED08677,Nadifloxacin (1% w/w),114.56,26
MED08678,Nadifloxacin (1%),60.96,1
MED08679,Nadifloxacin (10mg),110.0,1
MED08680,Nadifloxacin (20mg),145.0,1
MED08681,Nadifloxacin (NA),56.98,2
MED08682,Nadroparin (2850IU),271.14,3
MED08683,Nadroparin (3075IU),319.41,1
MED08684,Nadroparin (3800IU),461.75,1
MED08685,Nadroparin (4100IU),412.27,1
MED08686,Nadroparin (5700IU),687.5,2
MED08687,Nadroparin (6150IU),504.76,1
MED08688,Naftopidil (25mg),61.83,2
MED08689,Naftopidil (50mg),105.0,2
MED08690,Naftopidil (75mg),129.5,2
MED08691,Nalbuphine (10mg),39.04,5
MED08692,Nalbuphine (20mg),96.48,6
MED08693,Nalidixic Acid (125mg),14.98,1
MED08694,Nalidixic Acid (150mg),21.0,1
MED08695,Nalidixic Acid (300mg),26.0,1
MED08696,Nalidixic Acid (300mg/5ml),24.65,3
MED08697,Nalidixic Acid (500mg),26.5,1
MED08698,Naloxone (20mcg),45.0,1
MED08699,Naloxone (400mcg),128.83,3
MED08700,Naloxone (40mcg),50.0,1
MED08701,Naltrexone (50mg),748.11,9
MED08702,Nandrolone Decanoate (100mg),263.71,27
MED08703,Nandrolone Decanoate (100mg/ml),375.0,1
MED08704,Nandrolone Decanoate (200mg),310.27,1
MED08705,Nandrolone Decanoate (250mg),441.0,1
MED08706,Nandrolone Decanoate (25mg),79.75,653
MED08707,Nandrolone Decanoate (25mg/1ml),54.67,3
MED08708,Nandrolone Decanoate (25mg/ml),76.67,3
MED08709,Nandrolone Decanoate (50mg),140.42,783
MED08710,Nandrolone Decanoate (50mg/1ml),104.88,4
MED08711,Nandrolone Decanoate (50mg/ml),124.0,2
MED08712,Naphazoline (0.02% w/v),60.0,1
MED08713,Naphazoline (0.05% w/v) + Phenylephrine (0.012% w/v),58.0,1
MED08714,Naphazoline (0.05% w/v) + Phenylephrine (0.12% w/v),69.0,11
MED08715,Naphazoline (0.05%) + Phenylephrine (0.012%),66.5,1
MED08716,Naphazoline (0.05%) + Phenylephrine (0.12%),21.25,1
MED08717,Naphazoline (0.1% w/v),75.26,4
MED08718,Naphazoline (NA),45.94,2
MED08719,Naphazoline (NA) + Phenylephrine (NA),67.5,4
MED08720,Naproxen (10% w/w),30.89,2
MED08721,Naproxen (125mg),33.1,1
MED08722,Naproxen (250mg),41.62,13
MED08723,Naproxen (275mg),14.17,2
MED08724,Naproxen (300mg) + Paracetamol (500mg),29.8,1
MED08725,Naproxen (500mg),70.81,9
MED08726,Naproxen (500mg) + Sumatriptan (85mg),132.8,13
MED08727,Naproxen (550mg),43.69,3
MED08728,Naproxen (550mg) + Sumatriptan (50mg),59.0,1
MED08729,Naproxen (750mg),41.96,3
MED08730,Naratriptan (1mg),40.0,1
MED08731,Naratriptan (2.5mg),75.0,1
MED08732,Nartograstim (300mcg),2031.25,1
MED08733,Natalizumab (20mg/ml),94286.0,1
MED08734,Natamycin (5% w/v),108.36,26
MED08735,Natamycin (5%),89.25,1
MED08736,Natamycin (NA),83.91,2
MED08737,Nateglinide (120mg),112.26,3
MED08738,Nateglinide (60mg),164.64,7
MED08739,Nattokinase (NA) + Serratiopeptidase (NA),190.0,1
MED08740,Nebivolol (10mg),223.91,7
MED08741,Nebivolol (2.5mg),59.1,63
MED08742,Nebivolol (2.5mg) + S-Amlodipine (2.5mg),69.5,1
MED08743,Nebivolol (5mg),89.68,85
MED08744,Nebivolol (5mg) + S-Amlodipine (2.5mg),145.49,10
MED08745,Nebivolol (5mg) + Telmisartan (40mg),168.86,4
MED08746,Nebivolol (5mg) + Valsartan (80mg),283.8,1
MED08747,Nefopam (20mg),23.95,1
MED08748,Nefopam (30mg),90.75,1
MED08749,Nefopam (30mg) + Paracetamol (325mg),120.5,1
MED08750,Neisseria Meningitidis Group A (50mcg) + Neisseria Meningitidis Group C (50mcg),395.0,1
MED08751,Nelfinavir (250mg),362.5,2
MED08752,Neomycin (0.5% w/w),39.03,3
MED08753,Neomycin (20mg),15.69,1
MED08754,Neomycin (3400IU/gm) + Polymyxin B (10000IU/gm),76.4,1
MED08755,Neomycin (3400units) + Polymyxin B (5000units),71.45,1
MED08756,Neomycin (350mg),36.5,2
MED08757,Neomycin (5mg),27.75,4
MED08758,Neomycin (5mg) + Sulphacetamide (30mg),44.71,1
MED08759,Neomycin (5mg) + Sulphacetamide (60mg),58.53,11
MED08760,Neomycin (5mg/gm) + Triamcinolone (1mg/gm),29.14,1
MED08761,Neomycin (NA),29.84,4
MED08762,Neostigmine (0.5mg),24.23,5
MED08763,Neostigmine (15mg),55.47,1
MED08764,Neostigmine (2.5mg),22.7,2
MED08765,Neostigmine (NA),15.36,2
MED08766,Nepafenac (0.1% w/v),168.35,104
MED08767,Nepafenac (0.3% w/v),299.38,4
MED08768,Nepafenac (0.3%),192.5,1
MED08769,Nepafenac (1% w/v),190.0,1
MED08770,Nepafenac (1mg),279.0,1
MED08771,Nepafenac (3% w/v),291.0,1
MED08772,Nepafenac (NA),155.54,3
MED08773,Netarsudil (0.02% w/v),513.5,2
MED08774,Netarsudil (0.2mg),375.0,1
MED08775,Netilmicin (100mg),191.38,2
MED08776,Netilmicin (100mg/ml),409.0,1
MED08777,Netilmicin (10mg),38.58,12
MED08778,Netilmicin (150mg),240.98,2
MED08779,Netilmicin (200mg),269.14,7
MED08780,Netilmicin (25mg),62.69,16
MED08781,Netilmicin (300mg),452.77,15
MED08782,Netilmicin (50mg),119.97,13
MED08783,Netupitant (300mg) + Palonosetron (0.5mg),6000.0,1
MED08784,Nevirapine (200mg),603.83,8
MED08785,Nevirapine (400mg),438.56,2
MED08786,Niacinamide (250mg),45.95,3
MED08787,Nicergoline (30mg),551.06,4
MED08788,Nicergoline (5mg) + Vinpocetine (5mg),549.66,1
MED08789,Niclosamide (1000mg),205.0,1
MED08790,Niclosamide (500mg),23.68,1
MED08791,Nicorandil (10mg),260.71,41
MED08792,Nicorandil (20mg),333.0,3
MED08793,Nicorandil (2mg),95.8,2
MED08794,Nicorandil (48mg),255.31,5
MED08795,Nicorandil (5mg),172.72,72
MED08796,Nicotinamide (100mg) + Vitamin B6 (Pyridoxine) (100mg),21.75,1
MED08797,Nicotinamide (20mg) + Thyroxine (15mg),70.0,1
MED08798,Nicotinamide (25mg) + Thyroxine (15mg),54.14,2
MED08799,Nicotinamide (25mg) + Thyroxine (25mcg),42.35,1
MED08800,Nicotinamide (4%),56.0,1
MED08801,Nicotine (2mg),75.97,4
MED08802,Nicotine (4mg),254.45,22
MED08803,Nicotinic acid (250mg),53.28,2
MED08804,Nicotinic acid (375mg),24.5,1
MED08805,Nicotinic acid (500mg),33.0,1
MED08806,Nifedipine (10mg),15.19,32
MED08807,Nifedipine (20mg),26.76,30
MED08808,Nifedipine (30mg),100.51,8
MED08809,Nifedipine (5mg),16.32,11
MED08810,Nifedipine (60mg),248.55,2
MED08811,Nifedipine (NA),18.97,1
MED08812,Nilotinib (150mg),8000.0,1
MED08813,Nilotinib (200mg),8507.57,1
MED08814,Nimesulide (0.01% w/w),29.9,1
MED08815,Nimesulide (1% w/w),56.82,2
MED08816,Nimesulide (100mg),25.82,633
MED08817,Nimesulide (100mg) + Paracetamol (10mg),57.0,1
MED08818,Nimesulide (100mg) + Paracetamol (125mg),24.98,4
MED08819,Nimesulide (100mg) + Paracetamol (200mg),37.1,1
MED08820,Nimesulide (100mg) + Paracetamol (250mg),49.2,1
MED08821,Nimesulide (100mg) + Paracetamol (325mg),41.31,1082
MED08822,Nimesulide (100mg) + Paracetamol (330mg),22.0,1
MED08823,Nimesulide (100mg) + Paracetamol (350mg),24.14,15
MED08824,Nimesulide (100mg) + Paracetamol (375mg),37.0,2
MED08825,Nimesulide (100mg) + Paracetamol (400mg),56.26,4
MED08826,Nimesulide (100mg) + Paracetamol (500mg),30.79,659
MED08827,Nimesulide (100mg) + Phenylephrine (100mg),70.0,1
MED08828,Nimesulide (100mg) + Phenylephrine (10mg),55.34,21
MED08829,Nimesulide (100mg) + Phenylephrine (325mg),40.8,1
MED08830,Nimesulide (100mg) + Phenylephrine (5mg),47.0,18
MED08831,Nimesulide (100mg) + Racemethionine (50mg),28.6,2
MED08832,Nimesulide (100mg) + Serratiopeptidase (10mg),55.9,93
MED08833,Nimesulide (100mg) + Serratiopeptidase (15mg),59.75,101
MED08834,Nimesulide (100mg) + Serratiopeptidase (20mg),33.32,1
MED08835,Nimesulide (100mg) + Tinidazole (2mg),50.56,4
MED08836,Nimesulide (100mg) + Tizanidine (2.5mg),55.0,1
MED08837,Nimesulide (100mg) + Tizanidine (2mg),51.14,111
MED08838,Nimesulide (100mg) + Tolperisone (150mg),150.5,1
MED08839,Nimesulide (10mg/gm),52.61,4
MED08840,Nimesulide (125mg) + Paracetamol (50mg),27.25,2
MED08841,Nimesulide (150mg),49.0,2
MED08842,Nimesulide (200mg),35.6,52
MED08843,Nimesulide (200mg) + Racemethionine (100mg),24.86,1
MED08844,Nimesulide (200mg) + Tinidazole (2mg),59.9,1
MED08845,Nimesulide (200mg) + Tizanidine (2mg),58.94,10
MED08846,Nimesulide (25mg) + Paracetamol (125mg),24.5,1
MED08847,Nimesulide (500mg) + Paracetamol (125mg),24.0,1
MED08848,Nimesulide (500mg) + Paracetamol (250mg),47.6,1
MED08849,Nimesulide (50mg),19.54,150
MED08850,Nimesulide (50mg) + Paracetamol (100mg),21.46,1
MED08851,Nimesulide (50mg) + Paracetamol (125mg),33.67,173
MED08852,Nimesulide (50mg) + Paracetamol (250mg),25.38,7
MED08853,Nimesulide (50mg) + Paracetamol (500mg),30.86,2
MED08854,Nimesulide (50mg/5ml),18.36,9
MED08855,Nimesulide (50mg/5ml) + Paracetamol (125mg/5ml),27.71,7
MED08856,Nimesulide (5mg),28.85,1
MED08857,Nimesulide (5mg/5ml),17.0,1
MED08858,Nimesulide (60mg),18.7,1
MED08859,Nimesulide (75mg),30.21,6
MED08860,Nimesulide (NA),24.6,60
MED08861,Nimesulide (NA) + Paracetamol (NA),37.19,19
MED08862,Nimesulide (NA) + Serratiopeptidase (NA),60.18,2
MED08863,Nimesulide (NA) + Tizanidine (NA),63.3,2
MED08864,Nimodipine (10mg),564.86,5
MED08865,Nimodipine (30mg),147.84,12
MED08866,Nimorazole (500mg),130.3,1
MED08867,Nimorazole (500mg) + Ofloxacin (200mg),139.0,1
MED08868,Nimotuzumab (50mg),63175.0,2
MED08869,Nintedanib (100mg),1874.92,11
MED08870,Nintedanib (150mg),2960.0,13
MED08871,Nirmatrelvir (150mg) + Ritonavir (100mg),5000.0,1
MED08872,Nitazoxanide (100mg) + Ofloxacin (50mg),63.25,24
MED08873,Nitazoxanide (100mg/5ml),46.53,12
MED08874,Nitazoxanide (100mg/5ml) + Ofloxacin (50mg),49.75,1
MED08875,Nitazoxanide (100mg/5ml) + Ofloxacin (50mg/5ml),56.42,7
MED08876,Nitazoxanide (125mg) + Ofloxacin (50mg),63.1,8
MED08877,Nitazoxanide (125mg/5ml) + Ofloxacin (50mg/5ml),55.88,4
MED08878,Nitazoxanide (200mg),41.04,11
MED08879,Nitazoxanide (500mg),67.0,14
MED08880,Nitazoxanide (500mg) + Ofloxacin (200mg),95.27,43
MED08881,Nitrazepam (100mg),12.83,1
MED08882,Nitrazepam (10mg),28.93,58
MED08883,Nitrazepam (2.5mg),27.06,1
MED08884,Nitrazepam (20mg),39.8,4
MED08885,Nitrazepam (5mg),18.58,38
MED08886,Nitrendipine (10mg),24.38,2
MED08887,Nitrendipine (20mg),38.86,2
MED08888,Nitric oxide (NA),850.0,1
MED08889,Nitrofurantoin (100mg),101.37,131
MED08890,Nitrofurantoin (10mg),70.0,1
MED08891,Nitrofurantoin (25mg/5ml),134.54,4
MED08892,Nitrofurantoin (50mg),66.34,6
MED08893,Nitrofurantoin (NA),139.02,1
MED08894,Nitrofurazone (0.2% w/w),21.55,5
MED08895,Nitroglycerin (0.2% w/w),71.0,2
MED08896,Nitroglycerin (0.4mg),374.5,2
MED08897,Nitroglycerin (0.5mg),57.42,7
MED08898,Nitroglycerin (10mg),331.08,2
MED08899,Nitroglycerin (15mg),165.0,1
MED08900,Nitroglycerin (2.5mg),132.33,9
MED08901,Nitroglycerin (2.6mg),139.23,113
MED08902,Nitroglycerin (25mg),64.99,13
MED08903,Nitroglycerin (50mg),67.68,7
MED08904,Nitroglycerin (50mg/10ml),333.0,1
MED08905,Nitroglycerin (5mg),44.68,8
MED08906,Nitroglycerin (5mg/ml),35.33,3
MED08907,Nitroglycerin (6.4mg),185.37,57
MED08908,Nitroglycerin (6.5mg),174.58,4
MED08909,Nitroprusside (50mg),142.93,3
MED08910,Nivolumab (100mg),99500.0,1
MED08911,Nivolumab (40mg),39800.0,1
MED08912,Nizatidine (NA),40.53,1
MED08913,Norepinephrine (2mg),93.49,9
MED08914,Norepinephrine (2mg/ml),76.15,4
MED08915,Norepinephrine (4mg),135.95,7
MED08916,Norepinephrine (4mg/2ml),140.0,3
MED08917,Norethisterone (0.35mg),99.0,1
MED08918,Norethisterone (10mg),163.04,56
MED08919,Norethisterone (15mg),160.56,14
MED08920,Norethisterone (25mg),58.65,1
MED08921,Norethisterone (50mg),58.65,1
MED08922,Norethisterone (5mg),53.32,164
MED08923,Norethisterone (NA),49.5,2
MED08924,Norethisterone enanthate (200mg),138.65,1
MED08925,Norfloxacin (0.3% w/v),14.32,8
MED08926,Norfloxacin (0.30%),13.8,9
MED08927,Norfloxacin (100mg),17.99,18
MED08928,Norfloxacin (100mg) + Tinidazole (100mg),31.34,7
MED08929,Norfloxacin (100mg) + Tinidazole (150mg),25.0,1
MED08930,Norfloxacin (100mg) + Tinidazole (75mg),29.62,3
MED08931,Norfloxacin (100mg/5ml),19.5,1
MED08932,Norfloxacin (200mg),31.73,10
MED08933,Norfloxacin (250mg),9.57,1
MED08934,Norfloxacin (400mg),32.51,104
MED08935,Norfloxacin (400mg) + Ornidazole (500mg),74.03,1
MED08936,Norfloxacin (400mg) + Tinidazole (500mg),88.0,1
MED08937,Norfloxacin (400mg) + Tinidazole (600mg),51.74,209
MED08938,Norfloxacin (500mg),69.37,3
MED08939,Norfloxacin (800mg),41.2,1
MED08940,Norfloxacin (NA),44.16,6
MED08941,Nortriptyline (10mcg) + Pregabalin (75mg),180.0,1
MED08942,Nortriptyline (10mg),56.8,5
MED08943,Nortriptyline (10mg) + Pregabalin (50mg),131.92,14
MED08944,Nortriptyline (10mg) + Pregabalin (75mcg),180.0,1
MED08945,Nortriptyline (10mg) + Pregabalin (75mg),175.37,726
MED08946,Nortriptyline (1500mcg) + Pregabalin (75mg),171.4,1
MED08947,Nortriptyline (15mg),15.0,1
MED08948,Nortriptyline (20mg) + Pregabalin (75mg),300.0,1
MED08949,Nortriptyline (25mg),40.52,23
MED08950,Nortriptyline (50mg),62.05,5
MED08951,Nortriptyline (75mg),89.62,4
MED08952,Nortriptyline (75mg) + Pregabalin (75mg),180.0,1
MED08953,Nortriptyline (NA),28.5,2
MED08954,Noscapine (25mg),113.8,1
MED08955,Nystatin (100000IU),30.38,1
MED08956,"ORAL CORTICOSTEROIDS, PLAIN (NA)",14.0,1
MED08957,Obeticholic acid (10mg),407.38,23
MED08958,Obeticholic acid (5mg),220.71,21
MED08959,Octenidine (0.05% w/v),163.0,1
MED08960,Octenidine (0.05% w/w),120.0,3
MED08961,Octenidine (0.1% w/v),236.0,2
MED08962,Octreotide acetate (0.05mg),263.99,10
MED08963,Octreotide acetate (0.1mg),498.67,10
MED08964,Octreotide acetate (100mcg),511.49,14
MED08965,Octreotide acetate (100mcg/ml),512.5,2
MED08966,Octreotide acetate (100mg),505.0,1
MED08967,Octreotide acetate (10mg),27369.58,3
MED08968,Octreotide acetate (20mg),29376.0,3
MED08969,Octreotide acetate (30mg),48623.75,2
MED08970,Octreotide acetate (50mcg),251.13,9
MED08971,Octreotide acetate (50mcg/ml),235.0,1
MED08972,Octreotide acetate (50mg),234.0,1
MED08973,Ofatumumab (1000mg),168520.0,1
MED08974,Ofatumumab (100mg/5ml),50556.0,1
MED08975,Ofloxacin (.75% w/w) + Ornidazole (2% w/w),75.0,1
MED08976,Ofloxacin (0.01%),24.13,2
MED08977,Ofloxacin (0.03% w/v),19.0,1
MED08978,Ofloxacin (0.2% w/v),158.0,1
MED08979,Ofloxacin (0.3% w/v),31.96,116
MED08980,Ofloxacin (0.3% w/v) + Prednisolone (0.2% w/v),36.0,1
MED08981,Ofloxacin (0.3% w/v) + Prednisolone (1% w/v),33.0,13
MED08982,Ofloxacin (0.3% w/w),30.83,9
MED08983,Ofloxacin (0.3%),27.18,7
MED08984,Ofloxacin (0.30%),38.88,8
MED08985,Ofloxacin (0.75% w/w) + Ornidazole (2% w/w),89.44,98
MED08986,Ofloxacin (0.75% w/w) + Terbinafine (1% w/w),57.67,3
MED08987,Ofloxacin (0.75% w/w) + Tinidazole (2% w/w),70.4,6
MED08988,Ofloxacin (100mg),41.62,199
MED08989,Ofloxacin (100mg) + Ornidazole (125mg),33.68,3
MED08990,Ofloxacin (100mg) + Ornidazole (250mg),64.54,6
MED08991,Ofloxacin (100mg) + Ornidazole (500mg),85.0,1
MED08992,Ofloxacin (100mg) + Tinidazole (300mg),57.45,2
MED08993,Ofloxacin (100mg) + Tinidazole (600mg),30.0,1
MED08994,Ofloxacin (100mg/5ml),68.18,36
MED08995,Ofloxacin (125mg) + Ornidazole (50mg),38.5,1
MED08996,Ofloxacin (200mg),55.01,1986
MED08997,Ofloxacin (200mg) + Ornidazole (100mg),35.0,1
MED08998,Ofloxacin (200mg) + Ornidazole (200mg),59.05,4
MED08999,Ofloxacin (200mg) + Ornidazole (400mg),65.0,1
MED09000,Ofloxacin (200mg) + Ornidazole (500mg),82.01,2029
MED09001,Ofloxacin (200mg) + Ornidazole (50mg),79.0,1
MED09002,Ofloxacin (200mg) + Ornidazole (600mg),73.99,9
MED09003,Ofloxacin (200mg) + Racecadotril (100mg),145.0,2
MED09004,Ofloxacin (200mg) + Racecadotril (20mg),57.0,1
MED09005,Ofloxacin (200mg) + Satranidazole (300mg),126.38,2
MED09006,Ofloxacin (200mg) + Serratiopeptidase (10mg),81.0,1
MED09007,Ofloxacin (200mg) + Serratiopeptidase (15mg),78.0,1
MED09008,Ofloxacin (200mg) + Tinidazole (300mg),65.2,6
MED09009,Ofloxacin (200mg) + Tinidazole (400mg),78.5,2
MED09010,Ofloxacin (200mg) + Tinidazole (500mg),53.92,6
MED09011,Ofloxacin (200mg) + Tinidazole (600mg),67.6,189
MED09012,Ofloxacin (20mg),20.0,1
MED09013,Ofloxacin (250mg),8.0,1
MED09014,Ofloxacin (2mg),113.75,2
MED09015,Ofloxacin (2mg/ml),145.0,2
MED09016,Ofloxacin (300mg),72.16,13
MED09017,Ofloxacin (400mg),93.57,360
MED09018,Ofloxacin (400mg) + Ornidazole (500mg),62.0,1
MED09019,Ofloxacin (400mg) + Tinidazole (600mg),40.0,1
MED09020,Ofloxacin (500mg),81.29,3
MED09021,Ofloxacin (500mg) + Ornidazole (125mg),74.9,1
MED09022,Ofloxacin (500mg) + Ornidazole (200mg),80.0,1
MED09023,Ofloxacin (50mg),37.95,261
MED09024,Ofloxacin (50mg) + Ornidazole (100mg),39.0,1
MED09025,Ofloxacin (50mg) + Ornidazole (120mg),33.26,1
MED09026,Ofloxacin (50mg) + Ornidazole (125mg),48.88,338
MED09027,Ofloxacin (50mg) + Ornidazole (250mg),35.0,1
MED09028,Ofloxacin (50mg) + Ornidazole (50mg),76.0,1
MED09029,Ofloxacin (50mg) + Racecadotril (10mg),53.17,1
MED09030,Ofloxacin (50mg) + Racecadotril (15mg),71.66,16
MED09031,Ofloxacin (50mg) + Tinidazole (100mg),30.0,1
MED09032,Ofloxacin (50mg) + Tinidazole (150mg),45.3,12
MED09033,Ofloxacin (50mg/5ml),36.43,169
MED09034,Ofloxacin (50mg/5ml) + Ornidazole (120mg/5ml),64.0,1
MED09035,Ofloxacin (50mg/5ml) + Ornidazole (125mg/5ml),43.56,213
MED09036,Ofloxacin (50mg/5ml) + Racecadotril (15mg/5ml),66.0,4
MED09037,Ofloxacin (50mg/5ml) + Satranidazole (75mg/5ml),95.5,2
MED09038,Ofloxacin (50mg/5ml) + Tinidazole (150mg/5ml),38.0,1
MED09039,Ofloxacin (600mg),92.56,1
MED09040,Ofloxacin (60ml),47.5,1
MED09041,Ofloxacin (75% w/w) + Ornidazole (2% w/w),88.0,1
MED09042,Ofloxacin (800mg),113.28,2
MED09043,Ofloxacin (NA),37.92,31
MED09044,Ofloxacin (NA) + Ornidazole (NA),60.71,34
MED09045,Ofloxacin (NA) + Tinidazole (NA),57.34,2
MED09046,Olanzapine (1.25mg),52.21,3
MED09047,Olanzapine (100mg),3800.0,1
MED09048,Olanzapine (10mg),62.2,215
MED09049,Olanzapine (15mg),93.53,52
MED09050,Olanzapine (2.5mg),25.42,131
MED09051,Olanzapine (20mg),116.48,55
MED09052,Olanzapine (210mg),1326.0,1
MED09053,Olanzapine (300mg),1603.0,1
MED09054,Olanzapine (405mg),1749.0,1
MED09055,Olanzapine (40mg),63.46,1
MED09056,Olanzapine (5mg),33.9,229
MED09057,Olanzapine (7.5mg),56.5,78
MED09058,Olanzapine (NA),75.0,3
MED09059,Olaparib (100mg),43328.0,1
MED09060,Olaparib (150mg),43761.0,1
MED09061,Olive Oil (100% v/v),90.0,1
MED09062,Olmesartan Medoxomil (10mg),67.57,26
MED09063,Olmesartan Medoxomil (20mg),88.29,181
MED09064,Olmesartan Medoxomil (40mg),143.25,164
MED09065,Olmesartan Medoxomil (50mg),123.0,1
MED09066,Olmesartan Medoxomil (5mg),25.0,1
MED09067,Olmesartan Medoxomil (80mg),138.1,1
MED09068,Olopatadine (0.01% w/v),80.5,1
MED09069,Olopatadine (0.1% w/v),112.95,80
MED09070,Olopatadine (0.1%),103.0,1
MED09071,Olopatadine (0.2% w/v),142.97,33
MED09072,Olopatadine (0.2%),185.0,1
MED09073,Olopatadine (0.5% w/v),79.95,1
MED09074,Olopatadine (0.6% w/v),264.0,3
MED09075,Olopatadine (0.6% w/w),258.5,1
MED09076,Olopatadine (0.7% w/v),262.0,2
MED09077,Olopatadine (2.22mg),90.0,1
MED09078,Olopatadine (2.5mg),62.5,1
MED09079,Olopatadine (2mg),149.0,1
MED09080,Olopatadine (5mg),84.4,24
MED09081,Olopatadine (7mg/ml),270.0,1
MED09082,Olopatadine (NA),116.0,2
MED09083,Omalizumab (150mg),16946.25,4
MED09084,Omega-3 fatty acid (1000mg),110.0,1
MED09085,Omeprazole (100mg),17.0,1
MED09086,Omeprazole (10mg),27.52,29
MED09087,Omeprazole (10mg) + Ondansetron (2mg),37.5,2
MED09088,Omeprazole (10mg) + Ondansetron (4mg),53.89,14
MED09089,Omeprazole (15mg),44.86,1
MED09090,Omeprazole (20mg),37.6,1105
MED09091,Omeprazole (20mg) + Ondansetron (4mg),54.65,10
MED09092,Omeprazole (20mg) + Tinidazole (500mg),43.63,10
MED09093,Omeprazole (40mg),57.61,32
MED09094,Omeprazole (4mg) + Ondansetron (20mg),50.0,1
MED09095,Omeprazole (5mg),24.12,3
MED09096,Omeprazole (NA),40.72,22
MED09097,OnabotulinumtoxinA (100IU),15500.0,2
MED09098,OnabotulinumtoxinA (50IU),10000.0,1
MED09099,Ondansetron (10mg) + Pantoprazole (40mg),96.2,2
MED09100,Ondansetron (1mg),59.0,1
MED09101,Ondansetron (2mg),26.99,758
MED09102,Ondansetron (2mg) + Paracetamol (125mg),35.0,1
MED09103,Ondansetron (2mg) + Ranitidine (150mg),42.5,1
MED09104,Ondansetron (2mg) + Ranitidine (25mg),20.23,3
MED09105,Ondansetron (2mg/1ml),23.27,3
MED09106,Ondansetron (2mg/2ml),16.0,1
MED09107,Ondansetron (2mg/2ml) + Ranitidine (25mg/2ml),22.9,1
MED09108,Ondansetron (2mg/5ml),34.53,258
MED09109,Ondansetron (2mg/ml),25.64,54
MED09110,Ondansetron (2mg/ml) + Ranitidine (25mg/ml),31.0,1
MED09111,Ondansetron (4mg),41.32,1197
MED09112,Ondansetron (4mg) + Pantoprazole (30mg),48.0,1
MED09113,Ondansetron (4mg) + Pantoprazole (40mg),77.88,25
MED09114,Ondansetron (4mg) + Paracetamol (500mg),35.68,4
MED09115,Ondansetron (4mg) + Rabeprazole (20mg),94.86,7
MED09116,Ondansetron (4mg) + Ranitidine (150mg),31.57,5
MED09117,Ondansetron (4mg) + Ranitidine (50mg),19.04,2
MED09118,Ondansetron (4mg/2ml),14.59,7
MED09119,Ondansetron (4mg/ml),11.08,1
MED09120,Ondansetron (5mg/5ml),31.0,1
MED09121,Ondansetron (8.4%),66.0,1
MED09122,Ondansetron (8mg),74.88,125
MED09123,Ondansetron (NA),28.64,35
MED09124,Ondansetron (NA) + Paracetamol (NA),16.0,1
MED09125,Ondansetron (NA) + Ranitidine (NA),18.26,3
MED09126,Opipramol (100mg),116.89,9
MED09127,Opipramol (25mg),35.5,1
MED09128,Opipramol (50mg),71.22,14
MED09129,Orciprenaline (10mg),116.08,2
MED09130,Orlistat (120mg),438.68,89
MED09131,Orlistat (27mg),107.0,1
MED09132,Orlistat (60mg),265.98,46
MED09133,Ornidazole (0.5% w/v),130.0,1
MED09134,Ornidazole (1% w/w),82.5,2
MED09135,Ornidazole (1% w/w) + Povidone Iodine (10% w/w),91.0,2
MED09136,Ornidazole (1% w/w) + Povidone Iodine (5% w/w),69.55,30
MED09137,Ornidazole (10mg),52.2,1
MED09138,Ornidazole (200mg),79.95,1
MED09139,Ornidazole (500mg),64.41,55
MED09140,Ornidazole (500mg) + Sodium Chloride (900mg),79.0,1
MED09141,Ornidazole (500mg/100ml),35.0,1
MED09142,Ornidazole (NA),34.54,2
MED09143,Ornidazole (NA) + Povidone Iodine (NA),65.67,3
MED09144,Ornithine (150mg) + Pancreatin (100mg),78.11,11
MED09145,Ornithine (250mg) + Pancreatin (100mg),92.0,1
MED09146,Ornithine (NA) + Pancreatin (1000mg),85.0,1
MED09147,Oseltamivir Phosphate (12mg/ml),583.33,3
MED09148,Oseltamivir Phosphate (30mg),205.0,2
MED09149,Oseltamivir Phosphate (75mg),609.88,15
MED09150,Osimertinib (40mg),202391.48,1
MED09151,Osimertinib (80mg),204435.84,1
MED09152,Otilonium Bromide (40mg),165.7,5
MED09153,Oxaceprol (200gm),212.21,1
MED09154,Oxaceprol (200mg),225.73,26
MED09155,Oxaceprol (600mg),444.49,12
MED09156,Oxaliplatin (100mg),4794.59,50
MED09157,Oxaliplatin (50mg),2499.67,49
MED09158,Oxaprozin (600gm),55.82,1
MED09159,Oxazepam (10mg),67.25,4
MED09160,Oxazepam (15mg),88.3,6
MED09161,Oxazepam (30mg),140.98,5
MED09162,Oxcarbazepine (150mg),58.93,73
MED09163,Oxcarbazepine (300mg),104.71,90
MED09164,Oxcarbazepine (300mg/5ml),223.25,7
MED09165,Oxcarbazepine (450mg),172.15,39
MED09166,Oxcarbazepine (600mg),182.88,59
MED09167,Oxcarbazepine (900mg),341.05,4
MED09168,Oxetacaine (0.4% w/w) + Sucralfate (7% w/w),100.5,2
MED09169,Oxetacaine (10mg) + Sucralfate (1000mg),151.67,39
MED09170,Oxetacaine (10mg) + Sucralfate (1gm),129.95,2
MED09171,Oxetacaine (10mg) + Sucralfate (1gm/5ml),219.0,2
MED09172,Oxetacaine (10mg) + Sucralfate (500mcg),82.5,1
MED09173,Oxetacaine (10mg) + Sucralfate (500mg),157.28,16
MED09174,Oxetacaine (10mg/10ml) + Sucralfate (1000mg/10ml),193.33,3
MED09175,Oxetacaine (10mg/5ml) + Simethicone (125mg/5ml),189.5,2
MED09176,Oxetacaine (10mg/5ml) + Sucralfate (1000mg/5ml),238.62,2
MED09177,Oxetacaine (10mg/5ml) + Sucralfate (1gm/5ml),200.6,2
MED09178,Oxetacaine (10mg/5ml) + Sucralfate (500mg/5ml),177.2,8
MED09179,Oxetacaine (20mg) + Simethicone (100mg),93.07,1
MED09180,Oxetacaine (20mg) + Sucralfate (1000mg),139.13,397
MED09181,Oxetacaine (20mg) + Sucralfate (100mg),198.5,2
MED09182,Oxetacaine (20mg) + Sucralfate (1gm),132.76,22
MED09183,Oxetacaine (20mg) + Sucralfate (1mg),220.0,1
MED09184,Oxetacaine (20mg) + Sucralfate (2000mg),139.0,1
MED09185,Oxetacaine (20mg/10ml) + Sucralfate (1000mg/10ml),140.64,36
MED09186,Oxetacaine (20mg/5ml) + Sucralfate (1000mg/5ml),133.14,7
MED09187,Oxetacaine (20mg/5ml) + Sucralfate (1gm/5ml),115.0,1
MED09188,Oxetacaine (20mg/5ml) + Sucralfate (4mg/5ml),72.0,1
MED09189,Oxetacaine (20mg/5ml) + Sucralfate (500mg/5ml),180.0,1
MED09190,Oxetacaine (NA) + Sucralfate (NA),91.42,2
MED09191,Oxiconazole (1% w/v),220.25,2
MED09192,Oxiconazole (1% w/w),152.93,12
MED09193,Oxiconazole (1%),87.23,1
MED09194,Oxiconazole (10mg),213.5,2
MED09195,Oxybutynin (2.5mg),87.82,4
MED09196,Oxybutynin (5mg),171.78,5
MED09197,Oxychloro Complex (0.005% w/v) + Timolol (0.5% w/v),48.07,3
MED09198,Oxyfedrin (24mg),178.0,1
MED09199,Oxyfedrin (4mg/2ml),3.54,1
MED09200,Oxyfedrin (8mg),67.6,1
MED09201,Oxymetazoline (0.01% w/v),51.8,5
MED09202,Oxymetazoline (0.025% w/v),49.78,9
MED09203,Oxymetazoline (0.05% w/v),65.77,28
MED09204,Oxymetazoline (0.1% w/v),32.0,1
MED09205,Oxymetazoline (0.1%w/v),58.0,1
MED09206,Oxymetazoline (0.25mg/ml),60.0,1
MED09207,Oxymetazoline (0.5mg),50.9,3
MED09208,Oxymetazoline (NA),21.58,2
MED09209,Oxyphenbutazone (100mg),19.2,3
MED09210,Oxyphenbutazone (100mg) + Paracetamol (500mg),6.0,1
MED09211,Oxyphenbutazone (NA) + Paracetamol (50mg),14.76,1
MED09212,Oxyphenbutazone (NA) + Paracetamol (650mg),10.17,1
MED09213,Oxyphenonium (5mg),29.05,1
MED09214,Oxytetracycline (10mg),3.42,1
MED09215,Oxytetracycline (1gm),194.56,1
MED09216,Oxytetracycline (2%),20.1,1
MED09217,Oxytetracycline (250mg),10.66,5
MED09218,Oxytetracycline (250mg) + Vitamin B6 (Pyridoxine) (0.5mg),11.64,1
MED09219,Oxytetracycline (30mg),22.25,1
MED09220,Oxytetracycline (500mg),35.98,5
MED09221,Oxytetracycline (50mg),37.58,5
MED09222,Oxytetracycline (50mg/1ml),32.83,1
MED09223,Oxytetracycline (NA),87.1,6
MED09224,Oxytocics And Prostaglandin E1 E2 And Products For Cervical Dilatation (5IU),13.7,1
MED09225,Oxytocics And Prostaglandin E1 E2 And Products For Cervical Dilatation (5mg),243.75,1
MED09226,Oxytocics And Prostaglandin E1 E2 And Products For Cervical Dilatation (NA),103.41,3
MED09227,Oxytocin (10IU),25.76,1
MED09228,Oxytocin (50IU),17.0,1
MED09229,Oxytocin (5IU),20.7,21
MED09230,Oxytocin (5iu/1ml),17.0,1
MED09231,Oxytocin (NA),18.24,4
MED09232,Ozagrel (200mg),80.0,2
MED09233,Ozagrel (20mg),285.62,1
MED09234,Ozagrel (40mg),192.14,2
MED09235,Ozagrel (80mg),350.0,2
MED09236,Ozenoxacin (1% w/w),175.7,27
MED09237,Paclitaxel (1000mg),4950.0,1
MED09238,Paclitaxel (100mg),5423.99,62
MED09239,Paclitaxel (110mg),3266.09,1
MED09240,Paclitaxel (200mg),7463.0,1
MED09241,Paclitaxel (250mg),8100.0,1
MED09242,Paclitaxel (260mg),8989.78,34
MED09243,Paclitaxel (300mg),13246.54,14
MED09244,Paclitaxel (30mg),1576.42,28
MED09245,Paclitaxel (6mg/ml),5779.5,4
MED09246,Palbociclib (100mg),95000.0,1
MED09247,Palbociclib (125mg),95000.0,1
MED09248,Palbociclib (75mg),95000.0,1
MED09249,Paliperidone (1.5mg),37.75,2
MED09250,Paliperidone (100mg),10300.0,1
MED09251,Paliperidone (150mg),10300.0,1
MED09252,Paliperidone (3mg),71.7,4
MED09253,Paliperidone (6mg),100.56,6
MED09254,Paliperidone (75mg),10300.0,1
MED09255,Paliperidone (9mg),115.02,4
MED09256,Palonosetron (0.25mg),150.9,10
MED09257,Palonosetron (0.25mg/ml),139.0,1
MED09258,Palonosetron (0.5mg),151.0,4
MED09259,Palonosetron (75mg),129.95,2
MED09260,Pamabrom (25mg) + Paracetamol (325mg),73.88,4
MED09261,Pamidronate (30mg),1908.8,3
MED09262,Pamidronate (60mg),3284.71,3
MED09263,Pamidronate (90mg),3591.67,6
MED09264,Pancreatin (10000IU),237.65,2
MED09265,Pancreatin (10000PFU),263.85,1
MED09266,Pancreatin (10000mg),219.0,2
MED09267,Pancreatin (150mg),456.95,16
MED09268,Pancreatin (170mg),233.06,4
MED09269,Pancreatin (170mg) + Simethicone (80mg),96.5,2
MED09270,Pancreatin (170mg) + Sodium Tauroglycocholate (65mg),124.35,2
MED09271,Pancreatin (175mg) + Simethicone (25mg),20.0,1
MED09272,Pancreatin (175mg) + Simethicone (50mg),95.66,6
MED09273,Pancreatin (180mg),287.1,1
MED09274,Pancreatin (200mg),182.0,1
MED09275,Pancreatin (20mg),270.0,1
MED09276,Pancreatin (212.5mg),105.16,10
MED09277,Pancreatin (213mg),50.0,1
MED09278,Pancreatin (220mg),157.5,1
MED09279,Pancreatin (25000mg),499.98,3
MED09280,Pancreatin (250mg),391.43,3
MED09281,Pancreatin (300mg),499.44,14
MED09282,Pancreatin (350mg),492.0,2
MED09283,Pancreatin (360mg),573.76,1
MED09284,Pancreatin (40000PFU),926.95,1
MED09285,Pancreatin (400mg),1165.95,1
MED09286,Pancreatin (500mg),174.4,2
MED09287,Pancreatin (NA),73.0,1
MED09288,Pancuronium (2mg),20.8,2
MED09289,Pancuronium (4mg),29.6,2
MED09290,Panitumumab (100mg),39060.0,1
MED09291,Pantoprazole (10mg),38.5,1
MED09292,Pantoprazole (200mg) + Sucralfate (1g),144.13,1
MED09293,Pantoprazole (20mg),58.14,76
MED09294,Pantoprazole (20mg) + Sucralfate (1000mg),9.0,1
MED09295,Pantoprazole (30mg),49.52,1
MED09296,Pantoprazole (40mg),59.48,2642
MED09297,Pantoprazole (80mg),233.3,5
MED09298,Pantoprazole (NA),50.67,3
MED09299,Papain (521700units) + Urea (100mg),217.6,1
MED09300,Papaverine (30mg/ml),61.03,3
MED09301,Papaverine (60mg),23.0,1
MED09302,Paracetamol (1% w/v),328.67,6
MED09303,Paracetamol (1.25mg/5ml) + Phenylpropanolamine (2.5mg/5ml),31.5,2
MED09304,Paracetamol (1000mg),241.25,142
MED09305,Paracetamol (1000mg/100ml),199.8,5
MED09306,Paracetamol (1000mg/ml),200.0,1
MED09307,Paracetamol (100mg),60.94,27
MED09308,Paracetamol (100mg) + Racemethionine (10mg),22.0,1
MED09309,Paracetamol (100mg/5ml),26.08,3
MED09310,Paracetamol (100mg/ml),29.75,37
MED09311,Paracetamol (10mg/ml),351.25,2
MED09312,Paracetamol (120mg),40.24,9
MED09313,Paracetamol (120mg/5ml),31.1,23
MED09314,Paracetamol (120mg/ml),35.0,1
MED09315,Paracetamol (125mg),19.77,91
MED09316,Paracetamol (125mg) + Phenylephrine (2.5mg),51.52,2
MED09317,Paracetamol (125mg) + Phenylephrine (5mg),51.67,3
MED09318,Paracetamol (125mg) + Phenylpropanolamine (10mg),32.0,1
MED09319,Paracetamol (125mg) + Phenylpropanolamine (12.5mg),26.65,22
MED09320,Paracetamol (125mg) + Phenylpropanolamine (125mg),33.0,1
MED09321,Paracetamol (125mg) + Phenylpropanolamine (25mg),18.0,1
MED09322,Paracetamol (125mg) + Phenylpropanolamine (5mg),35.61,1
MED09323,Paracetamol (125mg) + Phenylpropanolamine (6.25mg),22.19,3
MED09324,Paracetamol (125mg) + Promethazine (2.5mg),30.98,18
MED09325,Paracetamol (125mg) + Promethazine (5mg),29.48,23
MED09326,Paracetamol (125mg) + Promethazine (5mg/5ml),38.0,1
MED09327,Paracetamol (125mg) + Pseudoephedrine (15mg),43.36,8
MED09328,Paracetamol (125mg) + Pseudoephedrine (2.5mg),39.88,2
MED09329,Paracetamol (125mg) + Racemethionine (10mg),41.23,1
MED09330,Paracetamol (125mg) + Racemethionine (12.5mg),35.55,5
MED09331,Paracetamol (125mg) + Triprolidine (0.625mg),22.31,2
MED09332,Paracetamol (125mg/5ml),24.68,98
MED09333,Paracetamol (125mg/5ml) + Phenylephrine (5mg/5ml),64.15,4
MED09334,Paracetamol (125mg/5ml) + Phenylpropanolamine (12.5mg/5ml),26.81,4
MED09335,Paracetamol (125mg/5ml) + Promethazine (5mg),25.43,1
MED09336,Paracetamol (125mg/5ml) + Promethazine (5mg/5ml),32.8,27
MED09337,Paracetamol (125mg/5ml) + Pseudoephedrine (15mg/5ml),25.2,2
MED09338,Paracetamol (125mg/5ml) + Triprolidine (0.625mg/5ml),27.92,1
MED09339,Paracetamol (125mg/ml),55.0,1
MED09340,Paracetamol (150mg),29.92,41
MED09341,Paracetamol (150mg) + Phenylpropanolamine (2.5mg),31.25,1
MED09342,Paracetamol (150mg/1ml),19.23,1
MED09343,Paracetamol (150mg/5ml),29.5,2
MED09344,Paracetamol (150mg/ml),16.42,6
MED09345,Paracetamol (156.25mg/5ml),37.08,3
MED09346,Paracetamol (162.5mg) + Pseudoephedrine (15mg),35.0,1
MED09347,Paracetamol (162.5mg) + Tramadol (18.75mg),66.23,3
MED09348,Paracetamol (170mg),38.21,7
MED09349,Paracetamol (1gm),171.33,3
MED09350,Paracetamol (250mg),36.84,205
MED09351,Paracetamol (250mg) + Phenylpropanolamine (10mg),44.25,1
MED09352,Paracetamol (250mg) + Phenylpropanolamine (12.5mg),26.6,3
MED09353,Paracetamol (250mg) + Piroxicam (NA),47.62,1
MED09354,Paracetamol (250mg) + Promethazine (2.5mg),34.36,4
MED09355,Paracetamol (250mg) + Promethazine (5mg),28.3,3
MED09356,Paracetamol (250mg/5ml),37.49,212
MED09357,Paracetamol (250mg/5ml) + Phenylpropanolamine (12.5mg/5ml),34.0,1
MED09358,Paracetamol (250mg/ml),39.5,1
MED09359,Paracetamol (300mg),16.5,7
MED09360,Paracetamol (300mg) + Paracetamol (700mg),65.84,20
MED09361,Paracetamol (300mg) + Phenylpropanolamine (25mg),93.0,1
MED09362,Paracetamol (325mg),29.0,3
MED09363,Paracetamol (325mg) + Paracetamol (675mg),69.0,1
MED09364,Paracetamol (325mg) + Phenylephrine (10mg),55.0,2
MED09365,Paracetamol (325mg) + Phenylephrine (5mg),19.84,1
MED09366,Paracetamol (325mg) + Phenylpropanolamine (5mg),12.0,1
MED09367,Paracetamol (325mg) + Piroxicam (20mg),40.0,2
MED09368,Paracetamol (325mg) + Prochlorperazine (5mg),27.25,2
MED09369,Paracetamol (325mg) + Pseudoephedrine (30mg),14.7,1
MED09370,Paracetamol (325mg) + S-Etodolac (200mg),286.03,3
MED09371,Paracetamol (325mg) + Serratiopeptidase (10mg),62.5,2
MED09372,Paracetamol (325mg) + Tapentadol (50mg),128.35,14
MED09373,Paracetamol (325mg) + Thiocolchicoside (4mg),191.13,5
MED09374,Paracetamol (325mg) + Thiocolchicoside (8mg),171.42,1
MED09375,Paracetamol (325mg) + Tolperisone (150mg),123.77,32
MED09376,Paracetamol (325mg) + Tramadol (100mg),79.5,1
MED09377,Paracetamol (325mg) + Tramadol (37.5mcg),75.0,1
MED09378,Paracetamol (325mg) + Tramadol (37.5mg),64.88,362
MED09379,Paracetamol (325mg) + Tramadol (50mg),58.22,42
MED09380,Paracetamol (325mg) + Zaltoprofen (80mg),71.1,1
MED09381,Paracetamol (350mg) + Paracetamol (650mg),69.0,1
MED09382,Paracetamol (350mg) + Tramadol (37.5mg),39.0,1
MED09383,Paracetamol (350mg) + Tramadol (50mg),49.0,1
MED09384,Paracetamol (375mg) + Tramadol (37.5mg),60.0,4
MED09385,Paracetamol (400mg) + Phenylpropanolamine (25mg),23.0,1
MED09386,Paracetamol (500mg),23.01,262
MED09387,Paracetamol (500mg) + Pentazocine (15mg),64.32,3
MED09388,Paracetamol (500mg) + Phenylephrine (10mg),48.74,2
MED09389,Paracetamol (500mg) + Phenylephrine (2.5mg),15.7,2
MED09390,Paracetamol (500mg) + Phenylephrine (5mg),32.57,1
MED09391,Paracetamol (500mg) + Phenylpropanolamine (10mg),17.02,4
MED09392,Paracetamol (500mg) + Phenylpropanolamine (12.5mg),18.97,10
MED09393,Paracetamol (500mg) + Phenylpropanolamine (2.5mg),13.5,2
MED09394,Paracetamol (500mg) + Phenylpropanolamine (25mg),23.59,56
MED09395,Paracetamol (500mg) + Phenylpropanolamine (30mg),35.35,2
MED09396,Paracetamol (500mg) + Phenylpropanolamine (4mg),30.6,1
MED09397,Paracetamol (500mg) + Phenylpropanolamine (500mg),49.0,1
MED09398,Paracetamol (500mg) + Phenylpropanolamine (5mg),16.0,1
MED09399,Paracetamol (500mg) + Prochlorperazine (5mg),28.52,12
MED09400,Paracetamol (500mg) + Promethazine (10mg),9.0,1
MED09401,Paracetamol (500mg) + Promethazine (6.25mg),34.0,1
MED09402,Paracetamol (500mg) + Pseudoephedrine (30mg),19.65,7
MED09403,Paracetamol (500mg) + Pseudoephedrine (60mg),39.76,7
MED09404,Paracetamol (500mg) + Racemethionine (10mg),48.2,1
MED09405,Paracetamol (500mg) + Racemethionine (50mg),21.39,7
MED09406,Paracetamol (500mg) + Rofecoxib (25mg),31.03,5
MED09407,Paracetamol (500mg) + Serratiopeptidase (10mg),72.5,2
MED09408,Paracetamol (500mg) + Serratiopeptidase (15mg),59.9,1
MED09409,Paracetamol (500mg) + Thiocolchicoside (4mg),186.97,3
MED09410,Paracetamol (500mg) + Thiocolchicoside (8mg),340.0,1
MED09411,Paracetamol (500mg) + Tramadol (37.5mg),52.58,6
MED09412,Paracetamol (500mg) + Tramadol (50mg),53.34,54
MED09413,Paracetamol (500mg) + Triprolidine (2.5mg),17.0,1
MED09414,Paracetamol (500mg) + Valdecoxib (10mg),31.44,4
MED09415,Paracetamol (500mg) + Valdecoxib (20mg),42.93,6
MED09416,Paracetamol (50mg),100.0,1
MED09417,Paracetamol (50mg) + Pseudoephedrine (8mg),53.5,1
MED09418,Paracetamol (5mg) + Promethazine (125mg),33.0,1
MED09419,Paracetamol (60mg),75.0,1
MED09420,Paracetamol (650mg),21.41,554
MED09421,Paracetamol (650mg) + Phenylpropanolamine (25mg),18.0,2
MED09422,Paracetamol (650mg) + Prochlorperazine (5mg),34.2,5
MED09423,Paracetamol (650mg) + Promethazine (10mg),28.0,1
MED09424,Paracetamol (650mg) + Pseudoephedrine (60mg),49.08,3
MED09425,Paracetamol (650mg) + Racemethionine (50mg),19.36,2
MED09426,Paracetamol (650mg) + Racemethionine (65mg),28.71,1
MED09427,Paracetamol (750mg),38.5,1
MED09428,Paracetamol (75mg/ml),15.29,7
MED09429,Paracetamol (80mg),30.77,7
MED09430,Paracetamol (NA),52.8,24
MED09431,Paracetamol (NA) + Phenylephrine (NA),29.52,1
MED09432,Paracetamol (NA) + Phenylpropanolamine (NA),22.53,41
MED09433,Paracetamol (NA) + Pseudoephedrine (NA),33.84,20
MED09434,Paracetamol (NA) + Tramadol (NA),53.64,2
MED09435,Paracetamol/Acetaminophen (162.5mg) + Tramadol (18.75mg),76.75,4
MED09436,Paracetamol/Acetaminophen (325mg) + Tramadol (37.5mg),69.55,189
MED09437,Paracetamol/Acetaminophen (325mg) + Tramadol (50mg),86.39,13
MED09438,Paracetamol/Acetaminophen (375mg) + Tramadol (37.5mg),47.78,4
MED09439,Paracetamol/Acetaminophen (400mg) + Tramadol (500mg),8.23,1
MED09440,Paracetamol/Acetaminophen (500mg) + Tramadol (25mg),49.0,1
MED09441,Paracetamol/Acetaminophen (500mg) + Tramadol (37.5mg),86.62,12
MED09442,Paracetamol/Acetaminophen (500mg) + Tramadol (50mg),62.98,39
MED09443,Paracetamol/Acetaminophen (650mg) + Tramadol (37.5mg),49.78,1
MED09444,Paracetamol/Acetaminophen (650mg) + Tramadol (50mg),66.22,2
MED09445,Paracetamol/Acetaminophen (650mg) + Tramadol (75mg),107.5,1
MED09446,Paracetamol/Acetaminophen (NA) + Tramadol (NA),68.68,7
MED09447,Parecoxib (40mg),65.79,7
MED09448,Parnaparin (3200IU),399.05,1
MED09449,Parnaparin (4250IU),385.0,1
MED09450,Parnaparin (6400IU),504.0,1
MED09451,Parnaparin (NA),363.9,1
MED09452,Paroxetine (0.25mg),100.0,1
MED09453,Paroxetine (0.5mg),130.0,1
MED09454,Paroxetine (10mg),105.99,16
MED09455,Paroxetine (12.5mg),127.83,128
MED09456,Paroxetine (20mg),152.15,20
MED09457,Paroxetine (25mg),170.32,118
MED09458,Paroxetine (30mg),205.6,9
MED09459,Paroxetine (37.5mg),223.47,37
MED09460,Paroxetine (40mg),237.71,7
MED09461,Paroxetine (NA),162.82,2
MED09462,Pazopanib (200mg),5793.33,3
MED09463,Pazopanib (400mg),10491.25,4
MED09464,Pazufloxazin (500mg),315.9,1
MED09465,Pefloxacin (400mg),48.98,14
MED09466,Pegaptanib (0.3mg),44571.42,1
MED09467,Pegaspargase (3750IU),34891.85,2
MED09468,Pegfilgrastim (6mg),8010.21,17
MED09469,Pegylated Interferon Alpha 2A (135mcg),10222.95,2
MED09470,Pegylated Interferon Alpha 2A (180mcg),13687.5,2
MED09471,Pegylated Interferon Alpha 2B (100mcg),12233.94,4
MED09472,Pegylated Interferon Alpha 2B (120mcg),12221.5,2
MED09473,Pegylated Interferon Alpha 2B (150mcg),12806.0,1
MED09474,Pegylated Interferon Alpha 2B (50mcg),7926.45,4
MED09475,Pegylated Interferon Alpha 2B (80mcg),11152.13,5
MED09476,Pegylated Recombinant Human Erythropoietin (100mcg),8938.0,1
MED09477,Pegylated Recombinant Human Erythropoietin (30mcg),3350.0,1
MED09478,Pegylated Recombinant Human Erythropoietin (50mcg),4447.0,1
MED09479,Pegylated Recombinant Human Erythropoietin (75mcg),6676.0,1
MED09480,Pembrolizumab (100mg),236500.0,1
MED09481,Pemetrexed (100mg),1852.68,15
MED09482,Pemetrexed (500mg),17275.64,19
MED09483,Penfluridol (20mg),153.76,5
MED09484,Penicillamine (150mg),102.5,2
MED09485,Penicillamine (250mg),152.0,5
MED09486,Penicillin (100000IU),6.81,1
MED09487,Penicillin G (1000000IU),12.58,5
MED09488,Penicillin G (100000IU),6.02,2
MED09489,Penicillin G (1200000IU),12.0,2
MED09490,Penicillin G (1gm),15.75,1
MED09491,Penicillin G (2000000IU),18.84,2
MED09492,Penicillin G (200000IU),7.14,6
MED09493,Penicillin G (400000IU),9.68,6
MED09494,Penicillin G (500000IU),10.09,5
MED09495,Penicillin G (5Lac units),77.0,1
MED09496,Penicillin G (600000IU),7.21,1
MED09497,Penicillin G (800000IU),15.95,3
MED09498,Penicillin G (NA),10.5,2
MED09499,Penicillin V (125mg),8.12,1
MED09500,Penicillin V (250mg),11.39,1
MED09501,Pentazocine (25mg),62.02,1
MED09502,Pentazocine (30mg),13.39,17
MED09503,Pentazocine (30mg/ml),25.0,1
MED09504,Pentazocine (NA),25.47,1
MED09505,Pentosan polysulfate sodium (100mg),2606.35,6
MED09506,Pentoxifylline (20mg/1ml),9.41,5
MED09507,Pentoxifylline (400mg),80.37,9
MED09508,Pepsin (10mg/5ml) + Simethicone (50mg/5ml),129.9,1
MED09509,Pepsin (NA) + Simethicone (NA),84.0,1
MED09510,Perampanel (2mg),161.0,9
MED09511,Perampanel (4mg),380.5,10
MED09512,Perampanel (6mg),576.34,8
MED09513,Perampanel (8mg),273.65,1
MED09514,Perindopril erbumine (2mg),84.76,5
MED09515,Perindopril erbumine (4mg),114.48,11
MED09516,Perindopril erbumine (8mg),177.7,3
MED09517,Permethrin (1% w/v),28.56,1
MED09518,Permethrin (1% w/w),82.51,79
MED09519,Permethrin (1%),65.16,13
MED09520,Permethrin (10mg),30.0,1
MED09521,Permethrin (10mg/gm),59.28,4
MED09522,Permethrin (5% w/v),68.67,113
MED09523,Permethrin (5% w/w),65.64,99
MED09524,Permethrin (5%),64.45,17
MED09525,Permethrin (50mg),61.45,2
MED09526,Permethrin (5mg),49.0,1
MED09527,Permethrin (NA),57.68,25
MED09528,Pertuzumab (30mg/ml),255150.0,1
MED09529,Pethidine (50mg),251.66,2
MED09530,Phenazopyridine (100mg),84.5,2
MED09531,Phenazopyridine (200mg),125.0,1
MED09532,Phenindione (50mg),19.23,1
MED09533,Pheniramine (100mg),14.25,1
MED09534,Pheniramine (10mg),15.0,1
MED09535,Pheniramine (22.75mg),9.33,6
MED09536,Pheniramine (22.75mg/ml),13.78,2
MED09537,Pheniramine (25mg),31.98,3
MED09538,Pheniramine (25mg/5ml),43.07,1
MED09539,Pheniramine (50mg),17.06,2
MED09540,Phenobarbitone (100mg),15.25,2
MED09541,Phenobarbitone (15mg),7.5,1
MED09542,Phenobarbitone (200mg),17.56,3
MED09543,Phenobarbitone (20mg/5ml),69.0,1
MED09544,Phenobarbitone (30mg),180.06,16
MED09545,Phenobarbitone (30mg) + Phenytoin (100mg),238.29,14
MED09546,Phenobarbitone (3mg),5.04,1
MED09547,Phenobarbitone (50mg) + Phenytoin (100mg),23.47,14
MED09548,Phenobarbitone (60mg),170.41,14
MED09549,Phenobarbitone (6mg),33.85,1
MED09550,Phenobarbitone (NA),15.05,1
MED09551,Phenolphthalein (0.19gm),28.0,1
MED09552,Phenoxybenzamine (10mg),501.28,1
MED09553,Phenoxybenzamine (50mg),1953.03,3
MED09554,Phenyl Mercuric Nitrate (0.001% w/v) + Sodium Chloride (5% w/v),56.18,3
MED09555,Phenylalanine (300mg),150.0,1
MED09556,Phenylephrine (0.5% w/v) + Tropicamide (0.8% w/v),70.0,1
MED09557,Phenylephrine (0.8% w/v) + Tropicamide (0.8% w/v),64.0,1
MED09558,Phenylephrine (10% w/v),41.3,1
MED09559,Phenylephrine (10mg),214.9,4
MED09560,Phenylephrine (2.5% w/v),25.0,1
MED09561,Phenylephrine (2.5% w/v) + Tropicamide (0.8% w/v),55.0,1
MED09562,Phenylephrine (2.5%),29.0,1
MED09563,Phenylephrine (5% w/v),40.0,1
MED09564,Phenylephrine (5% w/v) + Tropicamide (0.8% w/v),60.64,41
MED09565,Phenylephrine (5%),46.25,1
MED09566,Phenylephrine (5.0% w/v) + Tropicamide (0.8% w/v),60.0,1
MED09567,Phenylephrine (5mg) + Salbutamol (4mg),45.09,2
MED09568,Phenylephrine (5mg) + Triprolidine (0.625mg),91.2,1
MED09569,Phenylephrine (5mg) + Triprolidine (2.5mg),51.65,1
MED09570,Phenylephrine (5mg) + Tropicamide (0.8mg),57.5,1
MED09571,Phenylephrine (NA),36.0,3
MED09572,Phenylephrine (NA) + Salbutamol (NA),27.08,5
MED09573,Phenylephrine (NA) + Terbutaline (NA),30.83,1
MED09574,Phenyramidol (Fenyramidol) (25mg),76.15,1
MED09575,Phenyramidol (Fenyramidol) (400mg),83.5,2
MED09576,Phenytoin (100mg),87.52,56
MED09577,Phenytoin (150mg),104.68,2
MED09578,Phenytoin (200mg),132.75,2
MED09579,Phenytoin (250mg),27.3,1
MED09580,Phenytoin (25mg),174.3,1
MED09581,Phenytoin (25mg/ml),144.19,1
MED09582,Phenytoin (300mg),114.83,16
MED09583,Phenytoin (30mg/5ml),76.16,1
MED09584,Phenytoin (50mg),46.36,16
MED09585,Phenytoin (50mg/2ml),51.51,7
MED09586,Phenytoin (NA),10.5,1
MED09587,Pholcodine (1.5mg) + Promethazine (1.5mg),71.4,1
MED09588,Pholcodine (1.5mg/5ml) + Promethazine (1.5mg/5ml),43.3,8
MED09589,Pholcodine (NA) + Promethazine (NA),47.0,1
MED09590,Phytomenadione (10mg),86.62,4
MED09591,Phytomenadione (1mg),35.62,9
MED09592,Phytomenadione (5mg),66.28,1
MED09593,Pidotimod (400mg),388.14,7
MED09594,Pidotimod (800mg),477.88,4
MED09595,Pilocarpine (0.2% w/v) + Timolol (0.5% w/v),122.0,1
MED09596,Pilocarpine (0.5%),19.3,3
MED09597,Pilocarpine (1%),44.01,1
MED09598,Pilocarpine (2% w/v),40.43,9
MED09599,Pilocarpine (20mg) + Timolol (5mg),136.9,2
MED09600,Pilocarpine (4%),56.83,1
MED09601,Pilocarpine (5mg),214.0,2
MED09602,Pimecrolimus (1% w/w),921.82,6
MED09603,Pimozide (10mg),117.0,1
MED09604,Pimozide (2mg),46.35,11
MED09605,Pimozide (4mg),80.48,13
MED09606,Pinaverium bromide (50mg),312.19,1
MED09607,Pindolol (10mg),17.42,1
MED09608,Pine bark extract (150mg) + Tranexamic Acid (500mg),255.0,1
MED09609,Pine bark extract (50mg) + Tranexamic Acid (250mg),330.78,4
MED09610,Pine bark extract (75mg) + Tranexamic Acid (250mg),219.0,1
MED09611,Pioglitazone (15mg),42.03,85
MED09612,Pioglitazone (15mg) + Teneligliptin (20mg),148.33,3
MED09613,Pioglitazone (30mg),60.68,63
MED09614,Pioglitazone (45mg),93.41,2
MED09615,Pioglitazone (7.5mg),53.7,20
MED09616,Pipecuronium Bromide (2mg/ml),120.0,1
MED09617,Pipecuronium Bromide (50mg),76.86,1
MED09618,Piperacillin (1000mg) + Tazobactum (125mg),132.99,63
MED09619,Piperacillin (1000mg) + Tazobactum (225mg),185.0,1
MED09620,Piperacillin (1gm),92.93,1
MED09621,Piperacillin (2000mg),262.0,1
MED09622,Piperacillin (2000mg) + Tazobactum (250mg),262.39,71
MED09623,Piperacillin (2000mg) + Tazobactum (500mg),255.0,3
MED09624,Piperacillin (2gm),231.75,2
MED09625,Piperacillin (2gm) + Tazobactum (0.25gm),334.0,1
MED09626,Piperacillin (2gm) + Tazobactum (250mg),274.76,4
MED09627,Piperacillin (4.5gm),345.0,1
MED09628,Piperacillin (4000mg) + Tazobactum (500mg),443.46,726
MED09629,Piperacillin (4000mg) + Tazobactum (50mg),446.0,1
MED09630,Piperacillin (400mg) + Tazobactum (500mg),481.0,1
MED09631,Piperacillin (4gm) + Tazobactum (0.5gm),457.28,40
MED09632,Piperacillin (4gm) + Tazobactum (0.5mg),461.0,2
MED09633,Piperacillin (4gm) + Tazobactum (500mg),460.07,11
MED09634,Piperacillin (4mg) + Tazobactum (0.5gm),427.0,1
MED09635,Piperacillin (4mg) + Tazobactum (0.5mg),453.5,2
MED09636,Piperacillin (5000mg) + Tazobactum (400mg),461.0,1
MED09637,Piperacillin (NA) + Tazobactum (NA),575.0,1
MED09638,Piperaquine (NA),117.0,1
MED09639,Piperazine (750mg),10.75,3
MED09640,Piperazine (NA),12.28,3
MED09641,Piracetam (1000mg),99.0,1
MED09642,Piracetam (100mg),125.0,3
MED09643,Piracetam (100mg/5ml),218.0,3
MED09644,Piracetam (1200mg),170.0,29
MED09645,Piracetam (200mg),143.24,53
MED09646,Piracetam (200mg/ml),131.17,3
MED09647,Piracetam (400mg),61.35,83
MED09648,Piracetam (500mg),198.6,34
MED09649,Piracetam (500mg/5ml),189.35,57
MED09650,Piracetam (500mg/ml),250.0,1
MED09651,Piracetam (800mg),120.77,159
MED09652,Piracetam (NA),117.79,15
MED09653,Pirfenidone (200mg),259.7,13
MED09654,Pirfenidone (267mg),249.18,3
MED09655,Pirfenidone (400mg),423.19,4
MED09656,Pirfenidone (600mg),900.0,1
MED09657,Pirfenidone (801mg),653.33,6
MED09658,Piribedil (50mg),231.0,1
MED09659,Piroxicam (0.5% w/w),49.25,9
MED09660,Piroxicam (10mg),51.4,6
MED09661,Piroxicam (150mg),52.0,1
MED09662,Piroxicam (20mg),45.79,259
MED09663,Piroxicam (20mg/ml),31.47,3
MED09664,Piroxicam (30mg),20.0,1
MED09665,Piroxicam (40mg),52.96,32
MED09666,Piroxicam (60mg),33.55,1
MED09667,Piroxicam (8%),81.18,1
MED09668,Piroxicam (8mg),6.57,1
MED09669,Piroxicam (NA),64.02,8
MED09670,Pitavastatin (1mg),87.78,2
MED09671,Pitavastatin (2mg),161.8,7
MED09672,Pitavastatin (4mg),228.8,6
MED09673,Pitavastatin (NA),77.37,1
MED09674,Pizotifen (NA),39.96,1
MED09675,Placenta Extracts (0.1gm),140.96,4
MED09676,Placenta Extracts (0.1gm/ml),103.0,1
MED09677,Placenta Extracts (NA),85.0,1
MED09678,Plerixafor (20mg),31606.48,2
MED09679,Plerixafor (24mg),60066.67,3
MED09680,Pneumococcal 13 valent Conjugate Vaccine (NA),3991.05,1
MED09681,Pneumococcal Polysaccharide Conjugate Vaccine (NA),2194.5,2
MED09682,Pneumococcal Polysaccharide Vaccine (16mcg),3801.0,1
MED09683,Pneumococcal Polysaccharide Vaccine (25mcg),1550.83,3
MED09684,Policosanol (10mg),79.17,5
MED09685,Policosanol (20mg),174.67,1
MED09686,Polidocanol (30mg),123.73,2
MED09687,Polio Vaccine (NA),237.71,9
MED09688,Poliomyelitis Virus Type 1 (40D - Antigen units) + Poliomyelitis Virus Type 2 (8D - Antigen units),474.61,3
MED09689,Poliomyelitis Virus Type 1 (40D Antigen Unit) + Poliomyelitis Virus Type 2 (8D Antigen Unit),489.84,1
MED09690,Polycarbophil (500mg),56.0,2
MED09691,Polyethylene Glycol (0.4% w/v) + Propylene Glycol (0.3% w/v),303.61,72
MED09692,Polyethylene Glycol (1%) + Polyvinyl Alcohol (Including Pvp) (1%),59.8,1
MED09693,Polyethylene Glycol (10gm),233.64,2
MED09694,Polyethylene Glycol (13.125gm),389.0,1
MED09695,Polyethylene Glycol (13.125gm/25ml),372.5,1
MED09696,Polyethylene Glycol (17gm),93.0,2
MED09697,Polyethylene Glycol (8.5gm),292.82,1
MED09698,Polymyxin B (500000IU),1868.17,23
MED09699,Polymyxin B (500000units),2137.6,5
MED09700,Polymyxin B (50000IU),1555.0,1
MED09701,Polymyxin B (70mg),1404.8,1
MED09702,Polymyxin B (750000IU),3989.0,1
MED09703,Polymyxin B (750000units),3944.5,2
MED09704,Polypodium leucotomos extract (240mg) + Proanthocyanidin (75mg),540.0,1
MED09705,Polystyrene Sulfonate (15gm),80.0,2
MED09706,Polyvinyl Alcohol (Including Pvp) (1.4% w/v),21.06,1
MED09707,Polyvinyl Alcohol (Including Pvp) (1.4% w/v) + Povidone Iodine (0.6% w/v),53.65,12
MED09708,Polyvinyl Alcohol (Including Pvp) (14mg) + Povidone Iodine (6mg),60.62,4
MED09709,Polyvinyl Alcohol (Including Pvp) (3%v/v),70.0,1
MED09710,Pomalidomide (1mg),3435.85,3
MED09711,Pomalidomide (2mg),7653.53,9
MED09712,Pomalidomide (4mg),15179.02,8
MED09713,Poractant Alfa (120mg),9240.7,1
MED09714,Poractant Alfa (80mg),12280.0,1
MED09715,Posaconazole (100mg),5995.32,7
MED09716,Posaconazole (18mg),7993.0,1
MED09717,Posaconazole (300mg),6815.1,6
MED09718,Posaconazole (40mg),19875.6,5
MED09719,Posaconazole (40mg/ml),20990.0,1
MED09720,Potassium Chloride (0.0466gm) + Sodium Chloride (0.3507gm),233.5,4
MED09721,Potassium Chloride (0.0466gm/25ml) + Sodium Chloride (0.3507gm/25ml),337.59,1
MED09722,Potassium Chloride (0.0466gm/25ml) + Sodium Chloride (0.3507gm/30ml),232.0,2
MED09723,Potassium Chloride (0.3gm),5.0,1
MED09724,Potassium Chloride (1.5gm),54.22,5
MED09725,Potassium Chloride (15% w/v),25.47,1
MED09726,Potassium Chloride (1500mg),26.9,1
MED09727,Potassium Chloride (150mg),17.67,3
MED09728,Potassium Chloride (500mg),35.0,1
MED09729,Potassium Chloride (500mg/5ml),51.0,1
MED09730,Potassium Chloride (750mg),104.0,2
MED09731,Potassium Chloride (NA),21.87,1
MED09732,Potassium Citrate (1080mg),75.5,1
MED09733,Potassium Citrate (540mg),44.0,1
MED09734,Potassium Glycerophosphate (100mg) + Promethazine (5.65mg),33.05,1
MED09735,Potassium Iodide (3.3% w/v) + Sodium Chloride (0.83% w/v),80.92,6
MED09736,Potassium Magnesium Citrate (978mg),55.46,3
MED09737,Potassium Magnesium Citrate (978mg) + Vitamin B6 (Pyridoxine) (14mg),173.0,1
MED09738,Potassium Nitrate (5% w/w),51.17,3
MED09739,Potassium Nitrate (5% w/w) + Sodium Monofluorophosphate (0.625% w/w),168.0,2
MED09740,Potassium Nitrate (5% w/w) + Sodium Monofluorophosphate (0.7% w/w),82.17,24
MED09741,Potassium Nitrate (5.0% w/w) + Sodium Monofluorophosphate (0.7% w/w),100.0,1
MED09742,Potassium Nitrate (7% w/w) + Sodium Monofluorophosphate (0.7% w/w),93.5,1
MED09743,Potassium Sulphate (3.13gm) + Sodium Sulphate (17.5gm),460.0,2
MED09744,Povidone Iodine (0.1gm),103.04,1
MED09745,Povidone Iodine (0.5% w/v),111.49,11
MED09746,Povidone Iodine (0.50% w/v),281.25,1
MED09747,Povidone Iodine (1% w/v),106.59,8
MED09748,Povidone Iodine (10% w/v),354.7,26
MED09749,Povidone Iodine (10% w/w),91.52,25
MED09750,Povidone Iodine (10%),212.18,7
MED09751,Povidone Iodine (175mg),66.5,1
MED09752,Povidone Iodine (2% w/v),133.57,43
MED09753,Povidone Iodine (2%),146.25,2
MED09754,Povidone Iodine (200mg),216.0,1
MED09755,Povidone Iodine (20mg/1ml),389.0,1
MED09756,Povidone Iodine (4% w/v),105.04,2
MED09757,Povidone Iodine (5% w/v),131.43,46
MED09758,Povidone Iodine (5% w/w),77.94,98
MED09759,Povidone Iodine (5% w/w) + Sucralfate (7% w/w),60.01,11
MED09760,Povidone Iodine (5% w/w) + Tinidazole (1% w/w),109.46,19
MED09761,Povidone Iodine (5%),49.9,38
MED09762,Povidone Iodine (5%) + Sucralfate (7%),55.0,1
MED09763,Povidone Iodine (7.5% w/v),320.91,15
MED09764,Povidone Iodine (8mg/5ml),41.0,1
MED09765,Povidone Iodine (NA),83.1,19
MED09766,Povidone Iodine (NA) + Tinidazole (NA),111.52,3
MED09767,Pralidoxime (1gm),283.72,3
MED09768,Pralidoxime (25mg),146.01,2
MED09769,Pralidoxime (25mg/ml),226.67,3
MED09770,Pralidoxime (500mg),201.56,11
MED09771,Pramipexole (0.125mg),47.58,9
MED09772,Pramipexole (0.25mg),71.4,17
MED09773,Pramipexole (0.26mg),110.0,1
MED09774,Pramipexole (0.375mg),112.4,4
MED09775,Pramipexole (0.52mg),188.0,1
MED09776,Pramipexole (0.5mg),122.34,15
MED09777,Pramipexole (0.75mg),147.33,3
MED09778,Pramipexole (1.05mg),301.0,1
MED09779,Pramipexole (1.25mg),187.0,1
MED09780,Pramipexole (1.5mg),224.92,6
MED09781,Pramipexole (1mg),152.61,8
MED09782,Pramipexole (2.1mg),466.0,1
MED09783,Pramipexole (3.15mg),506.0,2
MED09784,Pramipexole (3mg),437.0,2
MED09785,Pramoxine (1% w/v),310.0,1
MED09786,Prasugrel (10mg),246.42,32
MED09787,Prasugrel (150mg),179.0,1
MED09788,Prasugrel (5mg),102.42,17
MED09789,Prasugrel (60mg),53.85,1
MED09790,Prasugrel (75mg),180.0,1
MED09791,Pravastatin (10mg),100.79,2
MED09792,Pravastatin (20mg),165.0,2
MED09793,Praziquantel (50mg),128.0,1
MED09794,Praziquantel (600mg),205.67,3
MED09795,Prazosin (10mg),79.0,1
MED09796,Prazosin (1mg),60.0,1
MED09797,Prazosin (2.5mg),126.76,25
MED09798,Prazosin (2mg),97.0,1
MED09799,Prazosin (5mg),158.9,32
MED09800,Prednicarbate (1mg/1g),143.16,1
MED09801,Prednisolone (0.25%),17.33,1
MED09802,Prednisolone (0.5mg),11.55,1
MED09803,Prednisolone (1% w/v),41.95,33
MED09804,Prednisolone (1%),17.5,1
MED09805,Prednisolone (1000mg),1025.0,2
MED09806,Prednisolone (10mg),21.06,45
MED09807,Prednisolone (125mg),264.0,2
MED09808,Prednisolone (15mg/5ml),56.81,4
MED09809,Prednisolone (16mg),110.0,2
MED09810,Prednisolone (1gm),1062.37,7
MED09811,Prednisolone (1mg),49.0,1
MED09812,Prednisolone (2.5mg),72.32,2
MED09813,Prednisolone (20mg),21.79,20
MED09814,Prednisolone (25mg/5ml),36.6,1
MED09815,Prednisolone (30mg),148.77,5
MED09816,Prednisolone (40mg),48.86,13
MED09817,Prednisolone (4mg),33.78,3
MED09818,Prednisolone (500mg),539.47,8
MED09819,Prednisolone (5mg),18.36,38
MED09820,Prednisolone (5mg/5ml),30.64,6
MED09821,Prednisolone (5mg/ml),40.25,1
MED09822,Prednisolone (80mg),82.06,1
MED09823,Prednisolone (NA),63.42,10
MED09824,Pregabalin (100mg),145.17,7
MED09825,Pregabalin (10mg),11.0,1
MED09826,Pregabalin (150mg),194.64,57
MED09827,Pregabalin (165mg),313.5,2
MED09828,Pregabalin (200mg),196.0,1
MED09829,Pregabalin (25mg),74.26,10
MED09830,Pregabalin (300mg),294.09,11
MED09831,Pregabalin (50mg),97.93,46
MED09832,Pregabalin (75mg),120.85,193
MED09833,Pregabalin (82.5mg),221.67,3
MED09834,Prenoxdiazine (200mg),266.66,1
MED09835,Primaquine (15mg),42.57,19
MED09836,Primaquine (2.5mg),14.18,3
MED09837,Primaquine (45mg),32.0,1
MED09838,Primaquine (7.5mg),24.45,19
MED09839,Primidone (100mg),118.45,3
MED09840,Primidone (12.5mg),69.73,3
MED09841,Primidone (150mg),99.0,1
MED09842,Primidone (250mg),120.54,1
MED09843,Primidone (25mg),79.37,7
MED09844,Primidone (50mg),93.78,8
MED09845,Proanthocyanidin (100mg),60.0,1
MED09846,Proanthocyanidin (75mg),226.33,3
MED09847,Proanthocyanidin (75mg) + Tranexamic Acid (250mg),169.38,8
MED09848,Proanthocyanidin (NA),96.0,1
MED09849,Probenecid (500mg),68.0,1
MED09850,Procaine (2% w/v) + Sodium Fluoride (1% w/v),155.0,1
MED09851,Procaine Penicillin G (3Million IU),33.95,1
MED09852,Procarbazine (50mg),915.12,5
MED09853,Prochlorperazine (12.5mg),24.4,3
MED09854,Prochlorperazine (5mg),34.56,72
MED09855,Prochlorperazine (8mg),83.22,2
MED09856,Prochlorperazine (NA),43.09,2
MED09857,Procyclidine (2.5mg),38.16,26
MED09858,Procyclidine (25mg),240.0,1
MED09859,Procyclidine (5mg),51.16,29
MED09860,Progesterone (100mg),121.18,74
MED09861,Progesterone (100mg/2ml),68.0,1
MED09862,Progesterone (100mg/ml),232.79,6
MED09863,Progesterone (10mg),50.0,1
MED09864,Progesterone (12.5% w/v),2376.67,3
MED09865,Progesterone (200mg),266.8,193
MED09866,Progesterone (200mg/4ml),135.0,1
MED09867,Progesterone (200mg/ml),170.0,1
MED09868,Progesterone (250mg),80.16,6
MED09869,Progesterone (25mg/ml),139.0,1
MED09870,Progesterone (300mg),441.01,54
MED09871,Progesterone (400mg),515.46,12
MED09872,Progesterone (500mg),133.5,6
MED09873,Progesterone (50mg),112.5,3
MED09874,Progesterone (50mg/ml),101.23,3
MED09875,Progesterone (8% w/w),189.0,2
MED09876,Progesterone (NA),95.06,2
MED09877,Progesterone (Natural Micronized) (100mg),117.74,255
MED09878,Progesterone (Natural Micronized) (100mg/ml),79.0,1
MED09879,Progesterone (Natural Micronized) (200mg),257.57,522
MED09880,Progesterone (Natural Micronized) (250mg),73.43,6
MED09881,Progesterone (Natural Micronized) (25mg),152.39,11
MED09882,Progesterone (Natural Micronized) (25mg/ml),141.95,2
MED09883,Progesterone (Natural Micronized) (300mg),462.39,134
MED09884,Progesterone (Natural Micronized) (400mg),575.94,50
MED09885,Progesterone (Natural Micronized) (500mg),156.13,10
MED09886,Progesterone (Natural Micronized) (50mg),61.21,16
MED09887,Progesterone (Natural Micronized) (50mg/ml),107.45,2
MED09888,Progesterone (Natural Micronized) (5mg),54.32,3
MED09889,Progesterone (Natural Micronized) (6mg),87.0,1
MED09890,Progesterone (Natural Micronized) (8% w/w),170.83,8
MED09891,Progesterone (Natural Micronized) (NA),185.67,3
MED09892,Proguanil (100mg),62.9,6
MED09893,Promethazine (10mg),10.24,5
MED09894,Promethazine (250mg),28.57,1
MED09895,Promethazine (25mg),21.01,34
MED09896,Promethazine (50mg),22.4,1
MED09897,Promethazine (5mg),22.59,11
MED09898,Promethazine (5mg/5ml),29.19,18
MED09899,Promethazine (NA),26.5,5
MED09900,Propafenone (150mg),347.1,1
MED09901,Proparacaine (0.5% w/v),52.05,8
MED09902,Proparacaine (0.5% w/w),50.0,1
MED09903,Proparacaine (NA),58.9,3
MED09904,Propofol (1%),262.81,8
MED09905,Propofol (10mg),267.18,18
MED09906,Propofol (200mg),213.67,3
MED09907,Propofol (NA),96.15,1
MED09908,Propranolol (0.25mg),20.18,1
MED09909,Propranolol (10mg),14.87,49
MED09910,Propranolol (1mg),100.0,1
MED09911,Propranolol (20mg),27.52,71
MED09912,Propranolol (40mg),39.46,122
MED09913,Propranolol (60mg),61.62,11
MED09914,Propranolol (80mg),55.42,22
MED09915,Propranolol (NA),49.13,5
MED09916,Propyl Thiouracil (50mg),719.5,1
MED09917,Propyl paraben (NA),140.0,1
MED09918,Protamine sulfate (10mg),62.31,3
MED09919,Protamine sulfate (50mg),48.63,1
MED09920,Protamine sulfate (50mg/5ml),220.0,1
MED09921,Protamine sulfate (NA),36.4,1
MED09922,Prothionamide (250mg),112.43,7
MED09923,Prucalopride (1mg),173.71,25
MED09924,Prucalopride (2mg),275.28,33
MED09925,Prulifloxacin (600mg),340.82,16
MED09926,Pseudoephedrine (25mg) + Triprolidine (2.5mg),6.5,1
MED09927,Pseudoephedrine (30mg),13.57,1
MED09928,Pseudoephedrine (30mg) + Triprolidine (1.25mg),28.0,1
MED09929,Pseudoephedrine (30mg/5ml) + Triprolidine (1.25mg/5ml),91.36,1
MED09930,Pseudoephedrine (500mg) + Triprolidine (2.5mg),48.08,1
MED09931,Pseudoephedrine (60mg) + Triprolidine (2.5mg),8.49,2
MED09932,Pseudoephedrine (NA) + Triprolidine (NA),19.28,1
MED09933,Psoralen (10mg),30.46,1
MED09934,Psoralen (25mg),78.0,1
MED09935,Psoralen (5mg),38.0,1
MED09936,Purified Vi Polysaccharide Typhoid Vaccine (25mcg),1098.32,6
MED09937,Pyrantel Pamoate (200mg/5ml),8.3,1
MED09938,Pyrantel Pamoate (250mg),13.39,10
MED09939,Pyrantel Pamoate (25mg),17.32,2
MED09940,Pyrantel Pamoate (50mg),14.88,2
MED09941,Pyrazinamide (1000mg),75.47,9
MED09942,Pyrazinamide (1200mg),105.6,2
MED09943,Pyrazinamide (1500mg),83.06,2
MED09944,Pyrazinamide (250mg),19.6,1
MED09945,Pyrazinamide (300mg),55.75,1
MED09946,Pyrazinamide (500mg),35.82,21
MED09947,Pyrazinamide (750mg),59.19,40
MED09948,Pyrazinamide (NA),34.64,3
MED09949,Pyridostigmine (180mg),439.0,1
MED09950,Pyridostigmine (30mg),113.45,1
MED09951,Pyridostigmine (60mg),128.69,10
MED09952,Pyrimethamine (12.5mg) + Sulfamethoxazole (250mg),34.69,2
MED09953,Pyrimethamine (12.5mg) + Sulphadoxine (250mg),12.55,3
MED09954,Pyrimethamine (20mg) + Sulfamethoxazole (500mg),5.0,1
MED09955,Pyrimethamine (25mg),15.23,1
MED09956,Pyrimethamine (25mg) + Sulfamethoxazole (500mg),25.45,9
MED09957,Pyrimethamine (25mg) + Sulphadoxine (500mg),28.04,20
MED09958,Pyrimethamine (25mg) + Sulphadoxine (750mg),325.6,1
MED09959,Pyrimethamine (37.5mg) + Sulphadoxine (750mg),6.63,3
MED09960,Pyrimethamine (50mg) + Sulphadoxine (1000mg),58.5,2
MED09961,Pyrimethamine (NA) + Sulphadoxine (NA),11.51,1
MED09962,Pyritinol (100mg),98.8,3
MED09963,Pyritinol (200mg),106.11,3
MED09964,Quetiapine (100mg),74.62,99
MED09965,Quetiapine (12.5mg),62.92,1
MED09966,Quetiapine (200mg),131.2,73
MED09967,Quetiapine (25mg),37.02,69
MED09968,Quetiapine (300mg),201.08,34
MED09969,Quetiapine (400mg),271.79,15
MED09970,Quetiapine (50mg),57.76,89
MED09971,Quinapril (10mg),123.92,3
MED09972,Quinapril (20mg),117.0,2
MED09973,Quinapril (5mg),33.37,3
MED09974,Quinidine (100mg),41.9,1
MED09975,Quinine (100mg),35.8,29
MED09976,Quinine (100mg/5ml),45.0,2
MED09977,Quinine (150mg),57.58,13
MED09978,Quinine (150mg/5ml),47.4,2
MED09979,Quinine (300mg),58.49,106
MED09980,Quinine (300mg/ml),18.0,1
MED09981,Quinine (50mg),57.0,1
MED09982,Quinine (600mg),86.52,33
MED09983,Quinine (NA),40.18,18
MED09984,Quiniodochlor (125mg),25.4,1
MED09985,Quiniodochlor (250mg),48.0,1
MED09986,Quiniodochlor (3% w/w),9.36,1
MED09987,Rabeprazole (10mg),46.34,50
MED09988,Rabeprazole (20mg),64.05,2100
MED09989,Rabeprazole (20mg) + Zinc Carnosine (75mg),91.44,5
MED09990,Rabeprazole (40mg),130.17,32
MED09991,Rabeprazole (NA),56.73,6
MED09992,Rabies Human Monoclonal Antibody (rDNA) (100IU),2103.97,1
MED09993,Rabies Human Monoclonal Antibody (rDNA) (50IU),959.4,1
MED09994,"Rabies vaccine, Human (1500IU)",337.58,1
MED09995,"Rabies vaccine, Human (150IU)",398.35,1
MED09996,"Rabies vaccine, Human (2.5IU)",512.93,16
MED09997,"Rabies vaccine, Human (50mcg)",715.51,1
MED09998,"Rabies vaccine, Human (NA)",725.62,2
MED09999,Racecadotril (100mg),109.77,45
MED10000,Racecadotril (10mg),28.78,26
MED10001,Racecadotril (10mg) + Saccharomyces boulardii (2.5Billion CFU),25.09,5
MED10002,Racecadotril (10mg) + Saccharomyces boulardii (2.5Billion Spores),31.82,6
MED10003,Racecadotril (10mg) + Saccharomyces boulardii (250mg),32.4,2
MED10004,Racecadotril (10mg) + Saccharomyces boulardii (5Billion cells),38.0,1
MED10005,Racecadotril (10mg/5ml),67.57,5
MED10006,Racecadotril (150mg),120.0,1
MED10007,Racecadotril (15mg),55.11,9
MED10008,Racecadotril (15mg) + Saccharomyces boulardii (141.25mg),22.11,1
MED10009,Racecadotril (15mg) + Saccharomyces boulardii (2.5Billion Spores),34.0,2
MED10010,Racecadotril (15mg) + Saccharomyces boulardii (2.5Billion cells),26.0,1
MED10011,Racecadotril (15mg) + Saccharomyces boulardii (282.5mg),25.59,5
MED10012,Racecadotril (15mg) + Saccharomyces boulardii (40Million cells),38.7,1
MED10013,Racecadotril (15mg/5ml),54.5,1
MED10014,Racecadotril (250mg),56.9,1
MED10015,Racecadotril (30mg),42.04,12
MED10016,Racecadotril (500mg),16.98,1
MED10017,Racecadotril (50mg) + Saccharomyces boulardii (282.5mg),129.9,1
MED10018,Racecadotril (NA),29.21,4
MED10019,Raloxifene (60mg),95.96,17
MED10020,Raltegravir (400mg),8730.88,2
MED10021,Ramelteon (8mg),119.5,1
MED10022,Ramipril (1.25mg),33.12,45
MED10023,Ramipril (10mg),134.6,52
MED10024,Ramipril (2.5mg),46.49,148
MED10025,Ramipril (2.5mg) + Telmisartan (40mg),88.96,16
MED10026,Ramipril (2.5mg) + Valsartan (80mg),99.9,1
MED10027,Ramipril (5mg),74.74,176
MED10028,Ramipril (5mg) + Simvastatin (20mg),463.0,1
MED10029,Ramipril (5mg) + Telmisartan (40mg),95.26,25
MED10030,Ramipril (5mg) + Valsartan (80mg),122.83,1
MED10031,Ramipril (NA) + Valsartan (2.5mg),105.42,1
MED10032,Ramosetron (0.1mg),114.78,1
MED10033,Ramosetron (0.3mg),60.72,1
MED10034,Ramosetron (5mcg),547.62,2
MED10035,Ramucirumab (100mg),51546.0,1
MED10036,Ramucirumab (500mg),257532.0,1
MED10037,Ranibizumab (0.5mg),70160.0,1
MED10038,Ranibizumab (10mg/ml),23960.0,1
MED10039,Ranibizumab (2.3mg),17000.0,1
MED10040,Ranitidine (150mg),12.28,146
MED10041,Ranitidine (20mg),6.87,1
MED10042,Ranitidine (25mg),19.98,43
MED10043,Ranitidine (25mg/1ml),3.11,1
MED10044,Ranitidine (25mg/ml),5.03,7
MED10045,Ranitidine (300mg),20.9,45
MED10046,Ranitidine (40mg),5.66,6
MED10047,Ranitidine (50mg),9.77,12
MED10048,Ranitidine (5mg),23.16,2
MED10049,Ranitidine (75mg),62.22,13
MED10050,Ranitidine (75mg/5ml),65.67,23
MED10051,Ranitidine (NA),6.81,3
MED10052,Ranolazine (1000mg),187.92,16
MED10053,Ranolazine (100mg),120.0,1
MED10054,Ranolazine (500mg),130.65,62
MED10055,Ranolazine (750mg),103.0,1
MED10056,Rasagiline (0.5mg),88.81,5
MED10057,Rasagiline (1mg),173.0,4
MED10058,Rasburicase (1.5mg),8677.0,5
MED10059,Rebamipide (100mg),74.1,4
MED10060,Rebamipide (2% w/v),294.88,4
MED10061,Reboxetine (2mg),19.87,3
MED10062,Reboxetine (4mg),35.71,4
MED10063,Recombinant Human Epidermal Growth Factor (100mcg),1380.0,1
MED10064,Recombinant Human Epidermal Growth Factor (150mcg/gm),1801.33,3
MED10065,Recombinant Human Epidermal Growth Factor (60mcg/gm),1682.05,4
MED10066,Recombinant Human Erythropoietin Alfa (10000IU),2869.82,35
MED10067,Recombinant Human Erythropoietin Alfa (1000IU),1076.91,3
MED10068,Recombinant Human Erythropoietin Alfa (12000IU),2800.0,1
MED10069,Recombinant Human Erythropoietin Alfa (20000IU),4043.17,4
MED10070,Recombinant Human Erythropoietin Alfa (2000IU),662.39,31
MED10071,Recombinant Human Erythropoietin Alfa (2000IU/0.5ml),930.0,1
MED10072,Recombinant Human Erythropoietin Alfa (200mg),340.27,1
MED10073,Recombinant Human Erythropoietin Alfa (30000IU),8380.0,1
MED10074,Recombinant Human Erythropoietin Alfa (3000IU),1064.85,14
MED10075,Recombinant Human Erythropoietin Alfa (40000IU),9264.36,6
MED10076,Recombinant Human Erythropoietin Alfa (40000IU/0.4ml),13770.0,1
MED10077,Recombinant Human Erythropoietin Alfa (4000IU),1403.17,38
MED10078,Recombinant Human Erythropoietin Alfa (4000IU/0.4ml),1510.0,2
MED10079,Recombinant Human Erythropoietin Alfa (4000IU/ml),1278.5,2
MED10080,Recombinant Human Erythropoietin Alfa (4000mg),595.82,1
MED10081,Recombinant Human Erythropoietin Alfa (5000IU),1831.49,14
MED10082,Recombinant Human Erythropoietin Alfa (6000IU),2050.12,15
MED10083,Recombinant Human Erythropoietin Alfa (8000IU),2717.5,2
MED10084,Recombinant Human Erythropoietin Alfa (NA),432.5,1
MED10085,Recombinant Human Erythropoietin Beta (10000IU),3640.0,1
MED10086,Recombinant Human Erythropoietin Beta (2000IU),636.0,2
MED10087,Recombinant Human Erythropoietin Beta (3000IU),1150.0,1
MED10088,Recombinant Human Erythropoietin Beta (4000IU),1640.0,1
MED10089,Recombinant Human Erythropoietin Beta (5000IU),1393.0,1
MED10090,Recombinant Human Luteinizing hormone (75IU),2137.0,1
MED10091,Recombinant Human parathyroid hormone (250mcg/ml),9990.0,1
MED10092,Recombinant follicle stimulating hormone (100IU),2328.0,2
MED10093,Recombinant follicle stimulating hormone (1050IU),27154.5,1
MED10094,Recombinant follicle stimulating hormone (1200IU),23317.5,5
MED10095,Recombinant follicle stimulating hormone (150IU),2133.98,12
MED10096,Recombinant follicle stimulating hormone (150mg),1744.39,2
MED10097,Recombinant follicle stimulating hormone (225IU),5796.44,2
MED10098,Recombinant follicle stimulating hormone (250mg),71.15,1
MED10099,Recombinant follicle stimulating hormone (300IU),6087.0,8
MED10100,Recombinant follicle stimulating hormone (450IU),12193.5,2
MED10101,Recombinant follicle stimulating hormone (500mg),148.5,1
MED10102,Recombinant follicle stimulating hormone (50IU),1608.0,1
MED10103,Recombinant follicle stimulating hormone (600IU),17744.7,1
MED10104,Recombinant follicle stimulating hormone (75IU),1186.83,19
MED10105,Recombinant follicle stimulating hormone (900IU),19313.12,5
MED10106,Regorafenib (40mg),34597.0,2
MED10107,Remdesivir (100mg),3679.2,5
MED10108,Remogliflozin Etabonate (100mg),153.17,6
MED10109,Remogliflozin Etabonate (100mg) + Teneligliptin (10mg),110.0,1
MED10110,Remogliflozin Etabonate (100mg) + Vildagliptin (50mg),158.99,9
MED10111,Repaglinide (0.3mg) + Voglibose (2mg),185.0,1
MED10112,Repaglinide (0.5mg),81.33,22
MED10113,Repaglinide (0.5mg) + Voglibose (0.2mg),143.31,9
MED10114,Repaglinide (0.5mg) + Voglibose (0.3mg),136.6,14
MED10115,Repaglinide (1mg),125.28,26
MED10116,Repaglinide (1mg) + Voglibose (0.2mg),160.39,11
MED10117,Repaglinide (1mg) + Voglibose (0.3mg),163.11,17
MED10118,Repaglinide (2mg),199.77,20
MED10119,Resveratrol (350mg),799.0,1
MED10120,Retapamulin (1% w/w),167.0,1
MED10121,Retapamulin (1%),120.0,1
MED10122,Reteplase (18mg),28602.43,6
MED10123,Revaprazan (200mg),750.0,1
MED10124,Reviparin (1432IU),3230.0,1
MED10125,Reviparin (3436IU),509.0,1
MED10126,Ribavirin (100mg),140.12,3
MED10127,Ribavirin (200mg),1404.64,15
MED10128,Ribavirin (50mg/5ml),88.58,2
MED10129,Ribociclib (200mg),22500.0,1
MED10130,Rifabutin (150mg),263.46,2
MED10131,Rifampicin (100mg/5ml),80.31,2
MED10132,Rifampicin (150mg),24.01,7
MED10133,Rifampicin (300mg),29.25,16
MED10134,Rifampicin (450mg),72.88,25
MED10135,Rifampicin (500mg),50.38,1
MED10136,Rifampicin (600mg),41.77,4
MED10137,Rifampicin (NA),14.0,1
MED10138,Rifaximin (100mg),129.0,1
MED10139,Rifaximin (100mg/5ml),132.36,9
MED10140,Rifaximin (10mg),419.0,1
MED10141,Rifaximin (200mg),166.33,89
MED10142,Rifaximin (400mg),314.33,144
MED10143,Rifaximin (550mg),412.66,83
MED10144,Riluzole (50mg),200.0,1
MED10145,Rimonabant (20mg),75.4,9
MED10146,Ringer's lactate (NA),26.59,4
MED10147,Riociguat (0.5mg),207.0,3
MED10148,Riociguat (1.5mg),312.0,2
MED10149,Riociguat (1mg),248.0,3
MED10150,Riociguat (2.5mg),360.0,1
MED10151,Riociguat (2mg),310.0,1
MED10152,Ripasudil (0.4% w/v),313.0,1
MED10153,Risedronate (150mg),230.18,2
MED10154,Risedronate (35mg),504.61,7
MED10155,Risedronate (35mg) + Vitamin D3 (5600IU),306.2,1
MED10156,Risedronate (75mg),160.5,1
MED10157,Risperidone (0.5mg),23.09,17
MED10158,Risperidone (1mg),25.05,88
MED10159,Risperidone (1mg) + Trihexyphenidyl (2mg),23.0,1
MED10160,Risperidone (1mg) + Trihexyphenidyl (NA),14.5,1
MED10161,Risperidone (1mg/ml),131.18,4
MED10162,Risperidone (2.0mg),18.0,1
MED10163,Risperidone (20mg),44.72,1
MED10164,Risperidone (25mg),1869.47,3
MED10165,Risperidone (2mg),33.02,103
MED10166,Risperidone (2mg) + Trihexyphenidyl (2mg),48.95,61
MED10167,Risperidone (2mg) + Trihexyphenidyl (NA),19.17,1
MED10168,Risperidone (37.5mg),7000.0,1
MED10169,Risperidone (3mg),44.73,53
MED10170,Risperidone (3mg) + Trihexyphenidyl (2mg),53.76,84
MED10171,Risperidone (4mg),56.85,49
MED10172,Risperidone (4mg) + Trihexyphenidyl (2mg),67.47,49
MED10173,Risperidone (50mg),4849.5,2
MED10174,Risperidone (5mg),46.4,1
MED10175,Risperidone (NA),42.0,1
MED10176,Risperidone (NA) + Trihexyphenidyl (NA),43.33,3
MED10177,Ritodrine (100mg),85.0,1
MED10178,Ritodrine (10mg),103.34,26
MED10179,Ritodrine (150mg),65.0,1
MED10180,Ritodrine (20mg),31.65,2
MED10181,Ritodrine (40mg),60.0,1
MED10182,Ritodrine (50mg),125.16,4
MED10183,Ritodrine (NA),57.91,3
MED10184,Ritonavir (100mg),1495.37,6
MED10185,Rituximab (100mg),7857.01,16
MED10186,Rituximab (500mg),41262.67,22
MED10187,Rituximab (600mg),42657.3,1
MED10188,Rivaroxaban (10mg),237.37,45
MED10189,Rivaroxaban (15mg),564.75,38
MED10190,Rivaroxaban (2.5mg),161.64,33
MED10191,Rivaroxaban (20mg),626.11,38
MED10192,Rivastigmine (1.5mg),158.16,14
MED10193,Rivastigmine (13.3mg),4666.5,1
MED10194,Rivastigmine (18mg),3897.17,3
MED10195,Rivastigmine (27mg),5544.0,1
MED10196,Rivastigmine (3mg),236.69,8
MED10197,Rivastigmine (4.5mg),82.15,4
MED10198,Rivastigmine (4.6mg),3098.88,2
MED10199,Rivastigmine (6mg),383.5,3
MED10200,Rivastigmine (9mg),2023.5,2
MED10201,Rizatriptan (10mg),265.34,21
MED10202,Rizatriptan (5mg),150.7,17
MED10203,Rizatriptan (NA),213.0,1
MED10204,Rocuronium (100mg),654.05,2
MED10205,Rocuronium (10mg),534.57,6
MED10206,Rocuronium (50mg),363.0,3
MED10207,Rofecoxib (1%),36.33,3
MED10208,Rofecoxib (100mg),13.9,1
MED10209,Rofecoxib (10mg),11.53,1
MED10210,Rofecoxib (12.5mg),119.94,29
MED10211,Rofecoxib (2000IU),562.5,1
MED10212,Rofecoxib (20mg),23.0,1
MED10213,Rofecoxib (25mg),31.8,46
MED10214,Rofecoxib (3k),1116.0,1
MED10215,Rofecoxib (400mg),50.0,1
MED10216,Rofecoxib (4k),1329.87,1
MED10217,Rofecoxib (500mg),190.0,1
MED10218,Rofecoxib (50mg),49.91,29
MED10219,Rofecoxib (50mg) + Tizanidine (NA),61.13,1
MED10220,Rofecoxib (NA),36.14,2
MED10221,Roflumilast (500mcg),138.87,15
MED10222,Romiplostim (125mcg),2995.0,1
MED10223,Romiplostim (250mcg),3226.33,3
MED10224,Romiplostim (500mcg),6580.0,1
MED10225,Ropinirole (0.25mg),31.1,9
MED10226,Ropinirole (0.5mg),60.35,9
MED10227,Ropinirole (1mg),79.74,10
MED10228,Ropinirole (2mg),133.62,7
MED10229,Ropinirole (4mg),306.5,2
MED10230,Ropinirole (6mg),88.88,1
MED10231,Ropivacaine (0.2%),106.92,6
MED10232,Ropivacaine (0.20%),116.0,1
MED10233,Ropivacaine (0.5%),118.0,2
MED10234,Ropivacaine (0.75%),146.75,4
MED10235,Ropivacaine (10mg),119.0,1
MED10236,Ropivacaine (2mg/ml),107.5,1
MED10237,Ropivacaine (5mg),99.57,3
MED10238,Ropivacaine (7.5mg),63.0,1
MED10239,Ropivacaine (7.5mg/ml),171.5,1
MED10240,Rosiglitazone (1mg),27.62,2
MED10241,Rosiglitazone (2mg),44.4,8
MED10242,Rosiglitazone (4mg),1897.92,6
MED10243,Rosiglitazone (8mg),100.0,3
MED10244,Rosuvastatin (10mg),120.8,628
MED10245,Rosuvastatin (10mg) + Telmisartan (40mg),174.62,10
MED10246,Rosuvastatin (10mg) + Vitamin D3 (1000IU),169.02,15
MED10247,Rosuvastatin (15mg),256.0,1
MED10248,Rosuvastatin (2.5mg),62.62,2
MED10249,Rosuvastatin (20mg),211.37,410
MED10250,Rosuvastatin (20mg) + Vitamin D3 (1000IU),289.4,3
MED10251,Rosuvastatin (30mg),390.0,1
MED10252,Rosuvastatin (40mg),371.43,115
MED10253,Rosuvastatin (50mg),245.0,1
MED10254,Rosuvastatin (5mg),72.85,277
MED10255,Rosuvastatin (5mg) + Vitamin D3 (1000IU),119.51,7
MED10256,Rosuvastatin (80mg),250.0,1
MED10257,"Rotavirus vaccine (live attenuated,oral) (1000000ccid50)",1770.0,1
MED10258,"Rotavirus vaccine (live attenuated,oral) (100000FFU)",800.67,3
MED10259,"Rotavirus vaccine (live attenuated,oral) (100000IU)",1059.5,2
MED10260,"Rotavirus vaccine (live attenuated,oral) (NA)",1175.0,1
MED10261,Roxatidine (150mg),73.6,1
MED10262,Roxatidine (50mg),40.0,1
MED10263,Roxatidine (75mg),42.64,2
MED10264,Roxatidine (NA),200.0,1
MED10265,Roxithromycin (100mg),162.85,1
MED10266,Roxithromycin (150mg),69.89,354
MED10267,Roxithromycin (150mg) + Serratiopeptidase (10mg),89.31,11
MED10268,Roxithromycin (15mg),79.0,1
MED10269,Roxithromycin (250mg),50.46,2
MED10270,Roxithromycin (25mg),46.82,5
MED10271,Roxithromycin (300mg),138.56,12
MED10272,Roxithromycin (50mg),37.07,152
MED10273,Roxithromycin (50mg) + Serratiopeptidase (10mg),81.0,1
MED10274,Roxithromycin (50mg/5ml),39.25,12
MED10275,Roxithromycin (75mg),55.76,3
MED10276,Roxithromycin (NA),50.41,13
MED10277,Roxithromycin (NA) + Serratiopeptidase (NA),60.95,1
MED10278,Rubella vaccine (Live) (1000ccid50),98.58,2
MED10279,Rucaparib (200mg),42027.5,2
MED10280,Rucaparib (300mg),50650.5,2
MED10281,Rupatadine (10mg),77.64,14
MED10282,Rupatadine (5mg),52.5,1
MED10283,Rutoside (100mg) + Trypsin (48mg),206.51,68
MED10284,Rutoside (100mg) + Trypsin (50000AU),176.75,1
MED10285,Rutoside (200mg) + Trypsin (96mg),300.0,1
MED10286,Ruxolitinib (15mg),49100.81,2
MED10287,Ruxolitinib (20mg),52600.5,2
MED10288,Ruxolitinib (5mg),30084.0,1
MED10289,S-Adenosyl L-Methoinine Disulfate Tosylate (400mg),613.14,7
MED10290,S-Amlodipine (1.25mg),28.97,3
MED10291,S-Amlodipine (2.5mg),48.69,27
MED10292,S-Amlodipine (2.5mg) + S-Metoprolol Tartrate (25mg),135.2,1
MED10293,S-Amlodipine (2.5mg) + Telmisartan (40mg),173.72,2
MED10294,S-Amlodipine (5mg),71.92,27
MED10295,S-Amlodipine (5mg) + S-Metoprolol Tartrate (25mg),149.2,1
MED10296,S-Amlodipine (5mg) + Telmisartan (40mg),261.1,1
MED10297,S-Etodolac (200mg),238.95,1
MED10298,S-Metoprolol Succinate (11.875mg),75.0,1
MED10299,S-Metoprolol Succinate (11.88mg),103.95,1
MED10300,S-Metoprolol Succinate (23.75mg),147.48,2
MED10301,S-Metoprolol Succinate (25mg),99.0,1
MED10302,S-Metoprolol Succinate (47.5mg),165.75,2
MED10303,Saccharomyces boulardii (250mg),194.5,6
MED10304,Saccharomyces boulardii (282.5mg),38.22,4
MED10305,Sacubitril (24mg) + Valsartan (26mg),1030.67,9
MED10306,Sacubitril (49mg) + Valsartan (51mg),1193.08,7
MED10307,Sacubitril (97mg) + Valsartan (103mg),704.03,5
MED10308,Safinamide (100mg),200.33,3
MED10309,Safinamide (50mg),131.67,3
MED10310,Salbutamol (1.5mg) + Theophylline (50mg),36.45,2
MED10311,Salbutamol (100mcg),93.54,9
MED10312,Salbutamol (10mg) + Theophylline (50mg),10.32,1
MED10313,Salbutamol (1mg) + Sodium Cromoglycate (100mg),123.68,1
MED10314,Salbutamol (1mg) + Theophylline (25mg),12.0,1
MED10315,Salbutamol (1mg) + Theophylline (50mg),31.05,2
MED10316,Salbutamol (2.5mg),12.83,5
MED10317,Salbutamol (200mcg),36.97,2
MED10318,Salbutamol (200mg),14.56,1
MED10319,Salbutamol (250mg),390.0,1
MED10320,Salbutamol (2mg),5.29,14
MED10321,Salbutamol (2mg) + Theophylline (100mg),18.64,17
MED10322,Salbutamol (2mg) + Theophylline (50mg),26.2,2
MED10323,Salbutamol (2mg/5ml),26.17,10
MED10324,Salbutamol (4mg),13.96,14
MED10325,Salbutamol (4mg) + Theophylline (200mg),16.44,8
MED10326,Salbutamol (4mg) + Theophylline (300mg),8.77,1
MED10327,Salbutamol (4mg) + Theophylline (NA),8.67,1
MED10328,Salbutamol (5mg),9.68,3
MED10329,Salbutamol (8mg),7.97,3
MED10330,Salbutamol (NA),42.42,5
MED10331,Salbutamol (NA) + Theophylline (NA),7.48,1
MED10332,Salicylic Acid (1% w/v),249.0,2
MED10333,Salicylic Acid (12% w/w),73.8,6
MED10334,Salicylic Acid (17% w/w),94.0,1
MED10335,Salicylic Acid (17% w/w) + Urea (10% w/w),136.0,1
MED10336,Salicylic Acid (18% w/w),89.1,1
MED10337,Salicylic Acid (2% w/v),270.33,3
MED10338,Salicylic Acid (2% w/w),178.35,8
MED10339,Salicylic Acid (20%),147.0,1
MED10340,Salicylic Acid (24% w/w),108.9,1
MED10341,Salicylic Acid (3% w/w),85.79,5
MED10342,Salicylic Acid (3.0% w/w),40.0,1
MED10343,Salicylic Acid (30% w/w),124.3,1
MED10344,Salicylic Acid (30mg),7000.0,1
MED10345,Salicylic Acid (6% w/w),67.6,7
MED10346,Salicylic Acid (NA),311.76,4
MED10347,Saline (NA),99.0,1
MED10348,Salmeterol (120mg),139.41,1
MED10349,Salmeterol (200mg),135.9,1
MED10350,Salmeterol (25mcg),108.9,1
MED10351,Salmeterol (50mcg),109.8,1
MED10352,Salmonella Typhi Vaccine (2.5mcg),820.36,1
MED10353,Salmonella Typhi Vaccine (25mcg),312.2,5
MED10354,Salmonella Typhi Vaccine (5mcg),1250.0,1
MED10355,Saquinavir (500mg),1793.26,2
MED10356,Sargramostim (250mcg),1615.37,1
MED10357,Sargramostim (500mcg),3582.0,1
MED10358,Saroglitazar (4mg),1105.08,2
MED10359,Satranidazole (300mg),124.75,2
MED10360,Satranidazole (500mg),94.0,1
MED10361,Saxagliptin (2.5mg),465.5,4
MED10362,Saxagliptin (5mg),532.4,5
MED10363,Secnidazole (1000mg),55.65,16
MED10364,Secnidazole (1mg),4.2,1
MED10365,Secnidazole (2gm),40.0,1
MED10366,Secnidazole (500mg),41.99,7
MED10367,Secnidazole (NA),21.5,1
MED10368,Secukinumab (150mg),20000.0,1
MED10369,Selegiline (10mg),54.69,2
MED10370,Selegiline (5mg),50.92,6
MED10371,Selenium Sulphide (2.5% w/v),112.68,1
MED10372,Selexipag (200mcg),840.0,1
MED10373,Selexipag (200mg),840.0,1
MED10374,Selexipag (400mcg),1590.0,2
MED10375,Semaglutide (14mg),3870.0,1
MED10376,Semaglutide (3mg),3170.0,1
MED10377,Semaglutide (7mg),3520.0,1
MED10378,Seratrodast (80mg),266.65,3
MED10379,Serratiopeptidase (100mg),42.5,1
MED10380,Serratiopeptidase (10mg),55.36,374
MED10381,Serratiopeptidase (15mg),54.95,10
MED10382,Serratiopeptidase (15mg) + Valdecoxib (20mg),171.42,1
MED10383,Serratiopeptidase (2.5mg),38.81,6
MED10384,Serratiopeptidase (200mg),45.85,1
MED10385,Serratiopeptidase (20mg),80.31,37
MED10386,Serratiopeptidase (4mg),133.75,1
MED10387,Serratiopeptidase (50mg),55.68,2
MED10388,Serratiopeptidase (5mg),38.56,70
MED10389,Serratiopeptidase (NA),53.66,21
MED10390,Sertaconazole (2% w/v),254.88,8
MED10391,Sertaconazole (2% w/v) + Zinc pyrithione (1% w/v),350.0,1
MED10392,Sertaconazole (2% w/w),205.55,90
MED10393,Sertaconazole (2% w/w) + Zinc pyrithione (1% w/w),320.0,2
MED10394,Sertaconazole (2.0% w/w),190.0,1
MED10395,Sertaconazole (500mg),165.23,5
MED10396,Sertaconazole (NA),181.0,3
MED10397,Sertraline (100mg),98.18,102
MED10398,Sertraline (12.5mg),38.0,1
MED10399,Sertraline (200mg),25.62,2
MED10400,Sertraline (25mg),41.85,67
MED10401,Sertraline (37.5mg),212.0,1
MED10402,Sertraline (50mg),56.76,169
MED10403,Sevelamer (400mg),227.34,74
MED10404,Sevelamer (800mg),378.86,66
MED10405,Sevoflurane (99.97%),7727.35,2
MED10406,Sildenafil (0.8mg),2186.5,2
MED10407,Sildenafil (100mg),133.84,190
MED10408,Sildenafil (10mg),1040.25,3
MED10409,Sildenafil (20mg),222.4,8
MED10410,Sildenafil (25mg),144.91,47
MED10411,Sildenafil (40mg),65.0,1
MED10412,Sildenafil (500mg),69.0,1
MED10413,Sildenafil (50mg),105.93,153
MED10414,Sildenafil (NA),170.0,1
MED10415,Silodosin (2mg),85.0,1
MED10416,Silodosin (4mg),167.24,52
MED10417,Silodosin (8gm),550.0,1
MED10418,Silodosin (8mg),288.66,85
MED10419,Silodosin (8mg) + Solifenacin (5mg),449.33,3
MED10420,Silver Colloid (10ppm),210.0,1
MED10421,Silver Nitrate (0.01% w/v),3282.5,2
MED10422,Silver Nitrate (0.022% w/v),185.0,2
MED10423,Silver Nitrate (0.085% w/w),380.0,3
MED10424,Silver Sulfadiazine (0.1% w/w),12.0,1
MED10425,Silver Sulfadiazine (1% w/w),263.76,7
MED10426,Silver Sulfadiazine (1% w/w) + Sucralfate (7% w/w),299.67,3
MED10427,Silver Sulfadiazine (NA),201.0,1
MED10428,Silymarin (120mg),112.5,1
MED10429,Silymarin (140mg),89.47,16
MED10430,Silymarin (140mg) + Ursodeoxycholic Acid (300mg),382.02,26
MED10431,Silymarin (200mg),230.0,1
MED10432,Silymarin (300mg) + Ursodeoxycholic Acid (140mg),306.61,1
MED10433,Silymarin (35mg),100.35,8
MED10434,Silymarin (35mg) + Tricholine Citrate (112.5mg),135.0,1
MED10435,Silymarin (35mg) + Tricholine Citrate (90mg),66.0,1
MED10436,Silymarin (35mg) + Ursodeoxycholic Acid (75mg),312.5,2
MED10437,Silymarin (35mg/5ml),193.72,5
MED10438,Silymarin (35mg/5ml) + Ursodeoxycholic Acid (50mg/5ml),322.0,1
MED10439,Silymarin (50mg),81.6,1
MED10440,Silymarin (70mg),56.58,12
MED10441,Silymarin (70mg) + Tricholine Citrate (210mg),185.0,1
MED10442,Silymarin (70mg) + Ursodeoxycholic Acid (150mg),200.0,1
MED10443,Silymarin (70mg/10ml) + Tricholine Citrate (210mg/10ml),203.0,1
MED10444,Silymarin (70mg/5ml) + Tricholine Citrate (210mg/5ml),332.82,2
MED10445,Silymarin (75mg),45.0,1
MED10446,Silymarin (NA),127.1,15
MED10447,Silymarin (NA) + Ursodeoxycholic Acid (NA),250.0,1
MED10448,Simethicone (1000mg),140.0,1
MED10449,Simethicone (140mg),64.61,4
MED10450,Simethicone (15mg),170.0,1
MED10451,Simethicone (250mg),12.73,1
MED10452,Simethicone (25mg),49.0,1
MED10453,Simethicone (40mg),79.65,6
MED10454,Simethicone (62.5mg),204.0,3
MED10455,Simethicone (80mg),26.0,1
MED10456,Simethicone (NA),72.32,14
MED10457,Simvastatin (10mg),80.28,29
MED10458,Simvastatin (20mg),107.64,24
MED10459,Simvastatin (40mg),193.04,5
MED10460,Simvastatin (5mg),45.33,15
MED10461,Sirolimus (1mg),1643.5,14
MED10462,Sirolimus (2mg),2590.0,1
MED10463,Sisomicin (0.1% w/w),56.02,7
MED10464,Sisomicin (10mg),9.13,1
MED10465,Sisomicin (1mg),89.0,1
MED10466,Sisomicin (3mg),15.74,1
MED10467,Sisomicin (3mg/ml),20.9,1
MED10468,Sisomicin (50mg),32.84,1
MED10469,Sitagliptin (100mg),173.55,54
MED10470,Sitagliptin (25mg),196.08,6
MED10471,Sitagliptin (50mg),136.9,54
MED10472,Snake Venom Antiserum (Polyvalent) (10ml),588.67,1
MED10473,Snake Venom Antiserum (Polyvalent) (NA),625.6,1
MED10474,Sodium Bicarbonate (1000mg),69.4,49
MED10475,Sodium Bicarbonate (1000mg/15ml),165.0,1
MED10476,Sodium Bicarbonate (270mg),19.0,1
MED10477,Sodium Bicarbonate (5% w/v),50.8,1
MED10478,Sodium Bicarbonate (5% w/w),37.5,1
MED10479,Sodium Bicarbonate (500mg),41.05,66
MED10480,Sodium Bicarbonate (650mg),49.0,1
MED10481,Sodium Bicarbonate (75mg),46.0,1
MED10482,Sodium Bicarbonate (8.4% w/v),37.08,2
MED10483,Sodium Bicarbonate (8.4%),32.7,1
MED10484,Sodium Chloride (0.02% w/v),29.0,1
MED10485,Sodium Chloride (0.05% w/v),32.9,1
MED10486,Sodium Chloride (0.065% w/v),30.0,1
MED10487,Sodium Chloride (0.45% w/v),22.5,1
MED10488,Sodium Chloride (0.49% w/v) + Sodium Lactate (0.39% w/v),180.0,1
MED10489,Sodium Chloride (0.60% w/v),35.0,1
MED10490,Sodium Chloride (0.600gm) + Sodium Lactate (0.320gm),36.16,5
MED10491,Sodium Chloride (0.600gm) + Sodium Lactate (0.32gm),47.69,1
MED10492,Sodium Chloride (0.65% w/v),43.1,76
MED10493,Sodium Chloride (0.65% w/w),112.35,1
MED10494,Sodium Chloride (0.6gm) + Sodium Lactate (0.32gm),40.88,5
MED10495,Sodium Chloride (0.74% w/v),53.1,4
MED10496,Sodium Chloride (0.75% w/v),31.9,1
MED10497,Sodium Chloride (0.9% w/v),55.35,30
MED10498,Sodium Chloride (0.90% w/v),45.0,1
MED10499,Sodium Chloride (1000mg),40.0,1
MED10500,Sodium Chloride (1gm),60.0,2
MED10501,Sodium Chloride (2%),28.67,1
MED10502,Sodium Chloride (25mg),48.1,1
MED10503,Sodium Chloride (3% w/v),104.3,2
MED10504,Sodium Chloride (3%),123.25,3
MED10505,Sodium Chloride (450mg),16.53,1
MED10506,Sodium Chloride (4gm/200ml),396.8,2
MED10507,Sodium Chloride (5% w/v),61.55,11
MED10508,Sodium Chloride (5%),10.87,1
MED10509,Sodium Chloride (5.15gm) + Sodium Lactate (NA),495.0,1
MED10510,Sodium Chloride (6% w/v),221.62,2
MED10511,Sodium Chloride (6% w/w),138.73,10
MED10512,Sodium Chloride (600mg) + Sodium Lactate (320mg),49.73,1
MED10513,Sodium Chloride (7% w/v),192.5,1
MED10514,Sodium Chloride (750mg),432.0,1
MED10515,Sodium Chloride (91mg) + Sodium Metabisulphite (21mg),15.6,1
MED10516,Sodium Chloride (NA),63.87,14
MED10517,Sodium Citrate (1.53gm/5ml),108.0,1
MED10518,Sodium Citrate (46.7%),129.0,1
MED10519,Sodium Cromoglycate (2% w/v),58.65,8
MED10520,Sodium Cromoglycate (2% w/v) + Zinc Sulphate Monohydrate (0.012% w/v),65.0,1
MED10521,Sodium Cromoglycate (2mg),120.78,1
MED10522,Sodium Cromoglycate (4% w/v),60.82,7
MED10523,Sodium Cromoglycate (NA),56.75,2
MED10524,Sodium Feredetate (231mg),118.38,2
MED10525,Sodium Fluoride (20mg),62.63,3
MED10526,Sodium Fluoride (50mg),51.4,1
MED10527,Sodium Fusidate (10mg),99.0,1
MED10528,Sodium Fusidate (2% w/w),110.5,15
MED10529,Sodium Fusidate (2%),165.0,1
MED10530,Sodium Fusidate (20mg),63.58,4
MED10531,Sodium Hyaluronate (0.1 % w/v),190.0,1
MED10532,Sodium Hyaluronate (0.1% w/v),357.57,71
MED10533,Sodium Hyaluronate (0.10% w/v),250.0,1
MED10534,Sodium Hyaluronate (0.18% w/v),394.06,17
MED10535,Sodium Hyaluronate (0.18% w/w),390.0,1
MED10536,Sodium Hyaluronate (0.3% w/v),399.0,2
MED10537,Sodium Hyaluronate (1% w/v),297.5,2
MED10538,Sodium Hyaluronate (1.8mg),284.0,2
MED10539,Sodium Hyaluronate (1.8mg/ml),374.75,4
MED10540,Sodium Hyaluronate (10mg),3185.0,2
MED10541,Sodium Hyaluronate (10mg/ml),3500.0,1
MED10542,Sodium Hyaluronate (10ml),425.7,1
MED10543,Sodium Hyaluronate (14mg),428.7,1
MED10544,Sodium Hyaluronate (1mg),274.0,1
MED10545,Sodium Hyaluronate (1mg/ml),443.0,2
MED10546,Sodium Hyaluronate (20mg),87.0,1
MED10547,Sodium Hyaluronate (60mg),17500.0,1
MED10548,Sodium Hyaluronate (88mg),16400.0,1
MED10549,Sodium Hyaluronate (8mg),14800.0,1
MED10550,Sodium Hyaluronate (8mg/ml),15635.35,4
MED10551,Sodium Hyaluronate (90mg),23000.0,1
MED10552,Sodium Lactate (5% w/v),57.32,1
MED10553,Sodium Lactate (NA),45.37,1
MED10554,Sodium Monofluorophosphate (0.05% w/v) + Triclosan (0.03% w/v),118.5,1
MED10555,Sodium Picosulfate (10mg),51.02,34
MED10556,Sodium Picosulfate (2.5mg/5ml),72.0,1
MED10557,Sodium Picosulfate (4mg),60.0,1
MED10558,Sodium Picosulfate (5mg),68.98,41
MED10559,Sodium Picosulfate (5mg/5ml),78.17,69
MED10560,Sodium Picosulfate (5mg/ml),80.0,1
MED10561,Sodium Picosulfate (NA),45.74,8
MED10562,Sodium Stibogluconate (0.33gm),249.26,1
MED10563,Sodium Stibogluconate (100mg),204.75,1
MED10564,Sodium Valproate (1000mg),65.0,1
MED10565,Sodium Valproate (100mg),28.91,6
MED10566,Sodium Valproate (100mg/5ml),30.0,1
MED10567,Sodium Valproate (133.58mg) + Valproic Acid (58mg),38.46,1
MED10568,Sodium Valproate (133.5mg) + Valproic Acid (58mg),42.8,32
MED10569,Sodium Valproate (133mg) + Valproic Acid (200mg),15.0,1
MED10570,Sodium Valproate (133mg) + Valproic Acid (58mg),48.38,15
MED10571,Sodium Valproate (134mg) + Valproic Acid (58mg),47.55,4
MED10572,Sodium Valproate (135.5mg) + Valproic Acid (58mg),32.59,1
MED10573,Sodium Valproate (135mg) + Valproic Acid (58mg),78.42,6
MED10574,Sodium Valproate (199.8mg) + Valproic Acid (87mg),58.59,2
MED10575,Sodium Valproate (200mg),48.84,58
MED10576,Sodium Valproate (200mg) + Valproic Acid (100mg),51.0,1
MED10577,Sodium Valproate (200mg) + Valproic Acid (83mg),43.0,1
MED10578,Sodium Valproate (200mg) + Valproic Acid (87mg),62.0,82
MED10579,Sodium Valproate (200mg) + Valproic Acid (NA),30.16,2
MED10580,Sodium Valproate (200mg/5ml),104.32,19
MED10581,Sodium Valproate (201mg) + Valproic Acid (87mg),50.0,1
MED10582,Sodium Valproate (250mg),23.36,1
MED10583,Sodium Valproate (250mg) + Valproic Acid (250mg),84.0,1
MED10584,Sodium Valproate (266.66mg) + Valproic Acid (116mg),158.0,2
MED10585,Sodium Valproate (300mg),53.62,37
MED10586,Sodium Valproate (300mg) + Valproic Acid (NA),49.7,2
MED10587,Sodium Valproate (332mg) + Valproic Acid (145mg),121.0,1
MED10588,Sodium Valproate (333mg) + Valproic Acid (145mg),97.46,78
MED10589,Sodium Valproate (333mg) + Valproic Acid (153mg),74.0,1
MED10590,Sodium Valproate (335mg) + Valproic Acid (145mg),83.51,1
MED10591,Sodium Valproate (33mg) + Valproic Acid (145mg),67.46,1
MED10592,Sodium Valproate (375mg) + Valproic Acid (87mg),85.0,1
MED10593,Sodium Valproate (400mg),57.0,1
MED10594,Sodium Valproate (400mg) + Valproic Acid (174mg),146.25,2
MED10595,Sodium Valproate (499.50mg) + Valproic Acid (217.50mg),157.0,1
MED10596,Sodium Valproate (500mg),84.59,38
MED10597,Sodium Valproate (500mg) + Valproic Acid (NA),63.95,2
MED10598,Sodium Valproate (500mg/5ml),29.15,1
MED10599,Sodium Valproate (666mg) + Valproic Acid (290mg),195.0,1
MED10600,Sodium Valproate (750mg),69.77,2
MED10601,Sodium Valproate (NA),57.59,2
MED10602,Sodium Valproate (NA) + Valproic Acid (NA),77.5,1
MED10603,Sodium acid phosphate (1.936gm),24.5,1
MED10604,Sodium aminosalicylate (1000mg),70.8,1
MED10605,Sodium aminosalicylate (800mg),280.2,1
MED10606,Sofalcone (100mg),58.0,1
MED10607,Sofosbuvir (400mg),17991.7,16
MED10608,Sofosbuvir (400mg) + Velpatasvir (100mg),17907.04,11
MED10609,Solifenacin (10mg),417.4,19
MED10610,Solifenacin (5mg),276.52,35
MED10611,Solifenacin (5mg) + Tamsulosin (0.4mg),418.0,1
MED10612,Solifenacin (5mg) + Tamsulosin (400mcg),515.36,1
MED10613,Somatostatin (0.25mg),500.0,1
MED10614,Somatostatin (250mcg),571.17,4
MED10615,Somatostatin (3000mcg),2134.43,6
MED10616,Somatostatin (5.3mg),8184.0,1
MED10617,Somatropin (36IU),15408.5,2
MED10618,Somatropin (4IU),2389.49,3
MED10619,Somatropin (4mg),3260.0,1
MED10620,Somatropin (5mg),5308.0,2
MED10621,Somatropin (6mg),7838.0,1
MED10622,Sorafenib (200mg),22911.06,8
MED10623,Sorbitol (0.05% w/v) + Xylometazoline (2% w/v),39.95,1
MED10624,Sorbitol (15gm) + Tricholine Citrate (0.55gm),47.5,1
MED10625,Sorbitol (2% w/v) + Xylometazoline (0.1% w/v),89.5,2
MED10626,Sorbitol (2gm) + Tricholine Citrate (275mg),55.1,2
MED10627,Sorbitol (3.575gm) + Tricholine Citrate (275mg),52.17,5
MED10628,Sorbitol (3.57mg) + Tricholine Citrate (275mg),65.6,1
MED10629,Sorbitol (3.5mg) + Tricholine Citrate (275mg),50.0,1
MED10630,Sorbitol (5% w/v),1656.25,1
MED10631,Sorbitol (7.15gm) + Tricholine Citrate (0.55gm),94.22,25
MED10632,Sorbitol (7.15gm) + Tricholine Citrate (550mg),67.0,4
MED10633,Sorbitol (7.15gm) + Tricholine Citrate (55gm),62.0,1
MED10634,Sorbitol (7.5mg) + Tricholine Citrate (0.55gm),69.0,1
MED10635,Sorbitol Solution (1.2%),122.07,1
MED10636,Sotalol (40mg),80.75,3
MED10637,Sotalol (80mg),52.62,2
MED10638,Sparfloxacin (0.3% w/v),29.28,5
MED10639,Sparfloxacin (100mg),51.95,41
MED10640,Sparfloxacin (200mg),75.72,216
MED10641,Sparfloxacin (400mg),61.65,6
MED10642,Sparfloxacin (NA),171.54,7
MED10643,Spiramycin (1.5Million IU),320.0,1
MED10644,Spiramycin (1.5mg),124.0,1
MED10645,Spiramycin (3Million IU),535.02,9
MED10646,Spironolactone (100mg),89.04,6
MED10647,Spironolactone (100mg) + Torasemide (10mg),70.0,1
MED10648,Spironolactone (25mg),26.87,7
MED10649,Spironolactone (25mg) + Torasemide (10mg),44.0,8
MED10650,Spironolactone (25mg) + Torasemide (20mg),47.2,3
MED10651,Spironolactone (50mg),46.73,8
MED10652,Spironolactone (50mg) + Torasemide (10mg),76.98,41
MED10653,Spironolactone (50mg) + Torasemide (20mg),93.29,19
MED10654,Spironolactone (50mg) + Torasemide (5mg),45.68,12
MED10655,Spironolactone (NA) + Torasemide (NA),38.75,1
MED10656,Standard Cobra Venom (Naja naja) (0.6mg) + Standard common krait Venom (Bangarus caeruleus) (0.45mg),717.42,4
MED10657,Stannous fluoride (0.4%),170.0,1
MED10658,Stanozolol (20mg),550.0,1
MED10659,Stanozolol (2mg),87.78,8
MED10660,Stanozolol (50mg),150.0,1
MED10661,Stavudine (30mg),46.41,5
MED10662,Stavudine (40mg),83.36,6
MED10663,Sterile Water (NA),10.34,10
MED10664,Streptokinase (1.5 Million IU),3600.0,1
MED10665,Streptokinase (1.5Million IU),1999.0,1
MED10666,Streptokinase (1500000IU),2617.89,19
MED10667,Streptokinase (1500mg),2945.95,1
MED10668,Streptokinase (15IU/ml),2750.0,1
MED10669,Streptokinase (7.5IU/ml),1650.0,1
MED10670,Streptokinase (750000IU),1653.89,5
MED10671,Streptokinase (NA),2243.74,2
MED10672,Streptomycin (0.75gm),8.87,3
MED10673,Streptomycin (1gm),8.69,3
MED10674,Streptomycin (200mg),199.99,1
MED10675,Strontium Chloride (10% w/w),32.0,1
MED10676,Strontium Ranelate (2gm),90.5,1
MED10677,Succinyl Choline Chloride (100mg/2ml),92.0,1
MED10678,Succinyl Choline Chloride (20mg/ml),28.62,1
MED10679,Succinyl Choline Chloride (500mg),51.5,1
MED10680,Succinyl Choline Chloride (50mg/ml),24.07,3
MED10681,Sucralfate (1000mg),117.85,130
MED10682,Sucralfate (1000mg/10ml),109.55,20
MED10683,Sucralfate (1000mg/5ml),60.0,1
MED10684,Sucralfate (100mg),139.0,2
MED10685,Sucralfate (10gm),117.0,1
MED10686,Sucralfate (17% w/w),60.0,1
MED10687,Sucralfate (1gm),85.61,19
MED10688,Sucralfate (1mg/10ml),69.3,1
MED10689,Sucralfate (1mg/5ml),90.5,2
MED10690,Sucralfate (20mg),25.0,1
MED10691,Sucralfate (2gm),96.5,2
MED10692,Sucralfate (500mg),120.3,2
MED10693,Sucralfate (500mg/10ml),155.0,1
MED10694,Sucralfate (500mg/5ml),125.97,24
MED10695,Sucralfate (50mg),43.57,1
MED10696,Sucralfate (7% w/w),118.0,1
MED10697,Sucralfate (NA),70.17,16
MED10698,Sucralfate (NA) + Zinc Carnosine (NA),155.0,1
MED10699,Sucroferric oxyhydroxide (2500mg),307.7,1
MED10700,Sugammadex (100mg/ml),3861.0,2
MED10701,Sulbactam (1000mg),324.0,3
MED10702,Sulbactam (1gm),345.39,5
MED10703,Sulbactam (2000mg),525.0,2
MED10704,Sulbactam (2gm),624.5,2
MED10705,Sulfadiazine (1%),20.48,2
MED10706,Sulfadiazine (10%),21.0,1
MED10707,Sulfadiazine (500mg),66.46,2
MED10708,Sulfadiazine (NA),11.87,1
MED10709,Sulfamethopyrazine (200mg) + Trimethoprim (40mg),14.0,1
MED10710,Sulfamethopyrazine (400mg) + Trimethoprim (80mg),58.9,1
MED10711,Sulfamethopyrazine (800mg) + Trimethoprim (160mg),12.85,1
MED10712,Sulfamethoxazole (100mg) + Trimethoprim (20mg),2.64,2
MED10713,Sulfamethoxazole (1250mg) + Trimethoprim (250mg),37.0,1
MED10714,Sulfamethoxazole (200mg) + Trimethoprim (400mg),97.5,1
MED10715,Sulfamethoxazole (200mg) + Trimethoprim (40mg),14.7,38
MED10716,Sulfamethoxazole (200mg/5ml) + Trimethoprim (40mg/5ml),16.99,16
MED10717,Sulfamethoxazole (400mg) + Trimethoprim (80mg),19.64,33
MED10718,Sulfamethoxazole (800mg) + Trimethoprim (160mg),15.56,52
MED10719,Sulfamethoxazole (80mg) + Trimethoprim (40mg),13.91,1
MED10720,Sulfamethoxazole (80mg/ml) + Trimethoprim (16mg/ml),333.0,2
MED10721,Sulfasalazine (1000mg),164.2,12
MED10722,Sulfasalazine (500mg),59.97,22
MED10723,Sulfiram (5% w/w),70.0,3
MED10724,Sulfiram (NA),70.0,1
MED10725,Sulphacetamide (10% w/v),22.96,3
MED10726,Sulphacetamide (10% w/v) + Sulphur (5% w/v),350.0,1
MED10727,Sulphacetamide (15% w/v) + Zinc Sulphate Monohydrate (0.1% w/v),60.0,2
MED10728,Sulphacetamide (20% w/v),20.08,5
MED10729,Sulphacetamide (30% w/v),35.49,3
MED10730,Sulphacetamide (NA),32.67,2
MED10731,Sulpiride (100mg),33.31,1
MED10732,Sulpiride (200mg),66.0,1
MED10733,Sulpiride (400mg),99.0,1
MED10734,Sultamicillin tosilate (250mg),269.5,2
MED10735,Sultamicillin tosilate (375mg),399.21,61
MED10736,Sultamicillin tosilate (750mg),658.09,13
MED10737,Sumatriptan (100mg),505.25,4
MED10738,Sumatriptan (20mg),313.05,1
MED10739,Sumatriptan (25mg),170.08,6
MED10740,Sumatriptan (500mg),1295.0,1
MED10741,Sumatriptan (50mg),321.37,5
MED10742,Sumatriptan (6mg),37.12,1
MED10743,Sumatriptan (NA),631.0,1
MED10744,Sunitinib (12.5mg),2209.59,12
MED10745,Sunitinib (25mg),4783.31,12
MED10746,Sunitinib (50mg),10961.58,10
MED10747,Suxamethonium (100mg),16.08,3
MED10748,Suxamethonium (500mg),55.78,3
MED10749,Tacalcitol (4mcg/gm),281.0,1
MED10750,Tacalcitol (NA),130.0,1
MED10751,Tacrolimus (0.01% w/w),346.48,2
MED10752,Tacrolimus (0.03% w/v),176.0,2
MED10753,Tacrolimus (0.03% w/w),176.98,66
MED10754,Tacrolimus (0.03%),102.98,1
MED10755,Tacrolimus (0.1% w/v),537.2,16
MED10756,Tacrolimus (0.1% w/w),410.63,114
MED10757,Tacrolimus (0.1%),200.0,1
MED10758,Tacrolimus (0.25mg),132.17,11
MED10759,Tacrolimus (0.3% w/w),405.0,1
MED10760,Tacrolimus (0.3mg),230.0,1
MED10761,Tacrolimus (0.5mg),229.41,48
MED10762,Tacrolimus (1% w/w),300.0,1
MED10763,Tacrolimus (1mg),409.8,54
MED10764,Tacrolimus (2mg),797.39,27
MED10765,Tacrolimus (3mg),861.72,1
MED10766,Tacrolimus (5mg),1871.3,13
MED10767,Tacrolimus (NA),255.52,4
MED10768,Tadalafil (10mg),214.84,67
MED10769,Tadalafil (2.5mg),102.58,11
MED10770,Tadalafil (20mg),259.2,77
MED10771,Tadalafil (25mg),16.5,1
MED10772,Tadalafil (5mg),176.3,40
MED10773,Tadalafil (5mg) + Tamsulosin (0.4mg),310.0,1
MED10774,Tadalafil (75mg),38.0,1
MED10775,Tadalafil IP (20mg),432.17,2
MED10776,Tafamidis (61mg),120000.0,1
MED10777,Tafluprost (0.0015% w/v),765.0,2
MED10778,Tamoxifen (10mg),23.97,24
MED10779,Tamoxifen (20mg),47.18,21
MED10780,Tamoxifen (40mg),328.0,1
MED10781,Tamsulosin (0.2mg),68.59,16
MED10782,Tamsulosin (0.40mg),98.0,1
MED10783,Tamsulosin (0.4mg),98.79,157
MED10784,Tamsulosin (0.4mg) + Tolterodine (2mg),206.15,2
MED10785,Tamsulosin (0.4mg) + Tolterodine (4mg),273.0,4
MED10786,Tamsulosin (0.5mg),73.0,3
MED10787,Tamsulosin (0.8mg),134.18,1
MED10788,Tamsulosin (200mg),42.0,1
MED10789,Tamsulosin (2mg),45.21,1
MED10790,Tamsulosin (400mcg),247.42,2
MED10791,Tapentadol (100mg),236.18,54
MED10792,Tapentadol (150mg),264.49,3
MED10793,Tapentadol (200mg),265.77,1
MED10794,Tapentadol (225mg/ml),599.0,2
MED10795,Tapentadol (25mg),50.0,1
MED10796,Tapentadol (50mg),149.58,79
MED10797,Tapentadol (75mg),158.74,17
MED10798,Tazarotene (0.05% w/w),152.12,5
MED10799,Tazarotene (0.1% w/w),162.27,7
MED10800,Tegafur (100mg) + Uracil (224mg),1720.98,4
MED10801,Tegaserod (150mg),175.0,1
MED10802,Tegaserod (2mg),26.45,3
MED10803,Tegaserod (6mg),62.74,7
MED10804,Teicoplanin (200mg),941.47,49
MED10805,Teicoplanin (400mg),1699.82,74
MED10806,Telbivudine (600mg),1816.9,2
MED10807,Telmisartan (10mg),88.5,1
MED10808,Telmisartan (20mg),41.09,300
MED10809,Telmisartan (25mg),81.9,1
MED10810,Telmisartan (3mg),87.9,1
MED10811,Telmisartan (40mg),68.91,944
MED10812,Telmisartan (50mg),92.48,1
MED10813,Telmisartan (80mg),107.91,228
MED10814,Telmisartan (NA),39.36,3
MED10815,Temozolomide (100mg),7923.19,39
MED10816,Temozolomide (2.5mg),9.52,1
MED10817,Temozolomide (20mg),2592.31,31
MED10818,Temozolomide (250mg),15465.69,39
MED10819,Temozolomide (30mg),1800.0,1
MED10820,Temozolomide (NA),99.2,1
MED10821,Temsirolimus (25mg/ml),61150.0,2
MED10822,Tenecteplase (20mg),34905.0,1
MED10823,Tenecteplase (30mg),30513.97,3
MED10824,Tenecteplase (40mg),44098.09,6
MED10825,Tenecteplase (50mg),38559.55,2
MED10826,Teneligliptin (10mg),108.0,1
MED10827,Teneligliptin (20mg),111.92,342
MED10828,Teneligliptin (40mg),64.0,1
MED10829,Tenofovir Alafenamide (25mg),1574.14,9
MED10830,Tenofovir disoproxil fumarate (300mg),1270.4,20
MED10831,Tenoxicam (20mg),51.8,1
MED10832,Terazosin (1mg),83.63,12
MED10833,Terazosin (2mg),130.0,12
MED10834,Terazosin (5mg),278.5,5
MED10835,Terbinafine (1% w/v),179.03,9
MED10836,Terbinafine (1% w/w),91.67,192
MED10837,Terbinafine (1000mg),260.0,1
MED10838,Terbinafine (125mg),118.45,4
MED10839,Terbinafine (2% w/w),99.0,1
MED10840,Terbinafine (250mg),146.3,475
MED10841,Terbinafine (500mg),216.04,64
MED10842,Terbinafine (NA),125.21,5
MED10843,Terbutaline (0.5mg),37.73,2
MED10844,Terbutaline (1.25mg) + Theophylline (50mg),27.0,1
MED10845,Terbutaline (1.5mg),50.3,4
MED10846,Terbutaline (2.5mg),36.34,2
MED10847,Terbutaline (250mcg),117.0,1
MED10848,Terbutaline (5mg),47.74,2
MED10849,Terbutaline (5mg) + Theophylline (200mg),14.15,1
MED10850,Terbutaline (5mg) + Theophylline (300mg),18.13,1
MED10851,Terbutaline (NA),12.12,1
MED10852,Terfenadine (120mg),43.0,1
MED10853,Terfenadine (30mg),21.31,3
MED10854,Terfenadine (60mg),23.31,4
MED10855,Teriflunomide (14mg),1309.79,4
MED10856,Teriflunomide (7mg),629.74,3
MED10857,Teriparatide (0.250mg/ml),5500.0,1
MED10858,Teriparatide (250mcg),11225.0,2
MED10859,Teriparatide (250mcg/ml),9013.7,5
MED10860,Teriparatide (600mcg),15550.67,3
MED10861,Teriparatide (750mcg),8317.57,14
MED10862,Teriparatide (750mcg/3ml),8329.0,1
MED10863,Terizidone (250mg),872.3,1
MED10864,Terlipressin (0.1mg),1751.75,2
MED10865,Terlipressin (0.1mg/ml),1999.0,1
MED10866,Terlipressin (100mcg),1270.0,1
MED10867,Terlipressin (100mg),1600.0,1
MED10868,Terlipressin (1mg),2005.34,45
MED10869,Terlipressin (1mg/10ml),1663.67,3
MED10870,Testosterone (1% w/w),334.0,8
MED10871,Testosterone (1000mg),693.17,3
MED10872,Testosterone (100mg),145.93,5
MED10873,Testosterone (12.5mg),1723.38,1
MED10874,Testosterone (250mg),670.0,14
MED10875,Testosterone (25mg),194.49,1
MED10876,Testosterone (40mg),239.35,14
MED10877,Testosterone (NA),174.16,2
MED10878,Testosterone Phenylpropionate (60mg) + Testosterone Propionate (30mg),255.9,2
MED10879,Testosterone Propionate (100mg/1ml),52.0,1
MED10880,Testosterone Propionate (200mg/2ml),94.0,1
MED10881,Testosterone Propionate (25mg),12.5,1
MED10882,Testosterone Propionate (50mg/1ml),25.75,2
MED10883,Tetanus Immunoglobulin (1000IU),3289.0,1
MED10884,Tetanus Immunoglobulin (500IU),1990.0,1
MED10885,Tetanus Toxoid (0.033mg),325.87,1
MED10886,Tetanus Toxoid (1500IU),88.0,1
MED10887,Tetanus Toxoid (250IU),1515.0,2
MED10888,Tetanus Toxoid (40IU),65.5,2
MED10889,Tetanus Toxoid (500IU),2613.0,1
MED10890,Tetanus Toxoid (5LF),38.7,6
MED10891,Tetanus Toxoid (NA),42.98,6
MED10892,Tetrabenazine (12.5mg),169.29,1
MED10893,Tetrabenazine (25mg),332.46,4
MED10894,Tetrachlorodecaoxygen Anion (0.002%),127.0,1
MED10895,Tetracosactide (250mcg),1490.0,1
MED10896,Tetracycline (250mg),12.59,26
MED10897,Tetracycline (333mg),15.83,3
MED10898,Tetracycline (500mg),20.03,17
MED10899,Tetrahydrozoline (0.05% w/v),70.0,1
MED10900,Tetrahydrozoline (0.05%),21.5,1
MED10901,Thalidomide (100mg),662.8,17
MED10902,Thalidomide (200mg),1000.0,1
MED10903,Thalidomide (50mg),365.34,13
MED10904,Theophylline (100mg),14.51,3
MED10905,Theophylline (125mg),9.71,1
MED10906,Theophylline (150mg),20.12,1
MED10907,Theophylline (200mg),20.09,4
MED10908,Theophylline (250mg),13.45,1
MED10909,Theophylline (300mg),25.54,5
MED10910,Theophylline (400mg),49.13,20
MED10911,Theophylline (400mg) + Vitamin B6 (Pyridoxine) (25mg),70.0,1
MED10912,Theophylline (50mg),30.0,1
MED10913,Theophylline (600mg),73.52,6
MED10914,Theophylline (80mg),22.59,1
MED10915,Theophylline (NA),23.3,4
MED10916,Thiamine Nitrate (100mg),52.0,2
MED10917,Thiamine Nitrate (100mg/ml),55.68,1
MED10918,Thiamine mononitrate (100mg),30.8,1
MED10919,Thiamine mononitrate (100mg/ml),57.0,1
MED10920,Thiamine(Vitamin B1) (1000mcg) + Vitamin B6 (Pyridoxine) (100mg),6.12,1
MED10921,Thiamine(Vitamin B1) (100mg),64.95,23
MED10922,Thiamine(Vitamin B1) (100mg) + Vitamin B6 (Pyridoxine) (1000mcg),31.94,4
MED10923,Thiamine(Vitamin B1) (100mg) + Vitamin B6 (Pyridoxine) (100mcg),6.25,1
MED10924,Thiamine(Vitamin B1) (100mg) + Vitamin B6 (Pyridoxine) (100mg),18.72,3
MED10925,Thiamine(Vitamin B1) (100mg) + Vitamin B6 (Pyridoxine) (1mg),38.43,2
MED10926,Thiamine(Vitamin B1) (100mg) + Vitamin B6 (Pyridoxine) (50mg),6.8,1
MED10927,Thiamine(Vitamin B1) (100mg) + Vitamin C (500mg),299.0,1
MED10928,Thiamine(Vitamin B1) (100mg/ml),41.6,4
MED10929,Thiamine(Vitamin B1) (10mg) + Vitamin B2 (2mg),9.5,1
MED10930,Thiamine(Vitamin B1) (10mg) + Vitamin B2 (5mg),38.0,1
MED10931,Thiamine(Vitamin B1) (200mg),60.65,4
MED10932,Thiamine(Vitamin B1) (4.5mg) + Vitamin B2 (90.9mg),41.22,1
MED10933,Thiamine(Vitamin B1) (50mg),37.88,2
MED10934,Thiamine(Vitamin B1) (50mg) + Vitamin B6 (Pyridoxine) (4mg),37.16,1
MED10935,Thiamine(Vitamin B1) (50mg/ml),109.25,4
MED10936,Thiamine(Vitamin B1) (5mg) + Vitamin A (1000IU),20.75,2
MED10937,Thiamine(Vitamin B1) (5mg) + Vitamin A (1000mg),25.0,1
MED10938,Thiamine(Vitamin B12) (2500mcg) + Vitamin C (150mg),13.38,2
MED10939,Thiocolchicoside (16mg),320.0,1
MED10940,Thiocolchicoside (4mg),144.14,60
MED10941,Thiocolchicoside (8mg),230.75,50
MED10942,Thiocolchicoside (NA),204.56,2
MED10943,Thioguanine (40mg),950.0,1
MED10944,Thiopental Sodium (1000mg),48.92,1
MED10945,Thiopental Sodium (1gm),57.0,6
MED10946,Thiopental Sodium (500mg),45.09,7
MED10947,Thiopental Sodium (NA),44.0,1
MED10948,Thioridazine (100mg),88.76,13
MED10949,Thioridazine (10mg),15.01,13
MED10950,Thioridazine (25mg),33.85,24
MED10951,Thioridazine (25mg) + Trihexyphenidyl (2mg),45.9,4
MED10952,Thioridazine (50mg),56.51,22
MED10953,Thioridazine (50mg) + Trihexyphenidyl (2mg),81.75,2
MED10954,Thioridazine (5mg),5.7,1
MED10955,Thiotepa (15mg),15688.2,4
MED10956,Thymosin alpha (1.6mg),1475.0,2
MED10957,Thyroxine (100mcg),115.12,75
MED10958,Thyroxine (112mcg),179.09,3
MED10959,Thyroxine (12.5mcg),122.03,17
MED10960,Thyroxine (125mcg),156.66,21
MED10961,Thyroxine (137mcg),260.15,1
MED10962,Thyroxine (150mcg),157.23,17
MED10963,Thyroxine (175mcg),69.63,4
MED10964,Thyroxine (200mcg),216.58,2
MED10965,Thyroxine (25mcg),110.15,64
MED10966,Thyroxine (350mcg),86.08,3
MED10967,Thyroxine (37.5mcg),143.54,3
MED10968,Thyroxine (50mcg),102.63,70
MED10969,Thyroxine (50mcg) + Vitamin B6 (Pyridoxine) (1mg),74.0,1
MED10970,Thyroxine (62.5mcg),154.65,4
MED10971,Thyroxine (700mcg),114.5,2
MED10972,Thyroxine (75mcg),136.23,46
MED10973,Thyroxine (75mg),117.5,1
MED10974,Thyroxine (88mcg),138.98,9
MED10975,Tiagabine (12mg),78.0,1
MED10976,Tiagabine (2mg),20.75,1
MED10977,Tiagabine (4mg),69.5,1
MED10978,Tiagabine (8mg),112.77,1
MED10979,Tianeptine (12.5mg),128.64,8
MED10980,Tianeptine (37.5mg),321.0,2
MED10981,Tiapride (100mg),89.0,1
MED10982,Tiapride (25mg),34.0,1
MED10983,Tiapride (50mg),68.0,1
MED10984,Tibolone (2.5mg),596.31,5
MED10985,Ticagrelor (60mg),229.11,13
MED10986,Ticagrelor (90mg),546.2,32
MED10987,Ticlopidine (100mg),80.0,1
MED10988,Ticlopidine (200mg),857.17,1
MED10989,Ticlopidine (250mg),102.36,9
MED10990,Ticlopidine (400mg),1428.62,1
MED10991,Tigecycline (50mg),3032.82,82
MED10992,Timolol (0.25% w/v),33.28,8
MED10993,Timolol (0.25% w/w),17.05,1
MED10994,Timolol (0.25%),32.31,3
MED10995,Timolol (0.5% w/v),64.6,57
MED10996,Timolol (0.5% w/v) + Travoprost (0.004% w/v),314.67,3
MED10997,Timolol (0.5% w/v) + Travoprost (0.04% w/v),250.0,1
MED10998,Timolol (0.5% w/w),55.95,3
MED10999,Timolol (0.5%),47.29,11
MED11000,Timolol (5mg) + Travoprost (40mcg),474.26,18
MED11001,Timolol (NA),50.09,3
MED11002,Tinidazole (1000mg),33.49,6
MED11003,Tinidazole (150mg),37.32,1
MED11004,Tinidazole (2mg),49.0,1
MED11005,Tinidazole (300mg),24.19,13
MED11006,Tinidazole (500mg),48.35,21
MED11007,Tinidazole (600mg),42.5,1
MED11008,Tinidazole (800mg),167.8,1
MED11009,Tinidazole (NA),50.82,2
MED11010,Tinzaparin (3500IU),254.52,1
MED11011,Tinzaparin (4500IU),316.03,1
MED11012,Tioconazole (6.5% w/w),105.33,3
MED11013,Tiotropium (18mcg),240.93,17
MED11014,Tiotropium (9mcg),350.12,14
MED11015,Tiotropium (NA),205.44,2
MED11016,Tipiracil (8.19mg) + Trifluridine (20mg),10000.0,1
MED11017,Tirofiban (100mg),15.19,1
MED11018,Tirofiban (500mg),66.5,1
MED11019,Tirofiban (50mcg),5203.0,1
MED11020,Tirofiban (5mg),4811.9,13
MED11021,Tiropramide (100mg),34.75,1
MED11022,Tizanidine (100mg),56.72,1
MED11023,Tizanidine (2mg),84.99,12
MED11024,Tizanidine (2mg) + Valdecoxib (10mg),41.78,2
MED11025,Tizanidine (2mg) + Valdecoxib (20mg),78.65,4
MED11026,Tizanidine (4mg),100.75,1
MED11027,Tizanidine (6mg),122.0,1
MED11028,Tizanidine (NA),89.1,1
MED11029,Tobramycin (0.03%),42.0,1
MED11030,Tobramycin (0.3% w/v),56.65,99
MED11031,Tobramycin (0.3% w/w),60.31,16
MED11032,Tobramycin (0.3%),66.55,1
MED11033,Tobramycin (100mg),15.87,1
MED11034,Tobramycin (10mg),57.68,1
MED11035,Tobramycin (20mg),35.07,6
MED11036,Tobramycin (250mg),34.75,1
MED11037,Tobramycin (3%),50.37,1
MED11038,Tobramycin (300mg),2425.7,1
MED11039,Tobramycin (40mg),44.3,4
MED11040,Tobramycin (500mg),60.0,1
MED11041,Tobramycin (60mg),53.47,5
MED11042,Tobramycin (80mg),67.42,47
MED11043,Tobramycin (80mg/2ml),52.05,3
MED11044,Tobramycin (NA),27.95,8
MED11045,Tocilizumab (200mg),20436.19,1
MED11046,Tocilizumab (400mg),48267.9,1
MED11047,Tocilizumab (80mg),8112.0,1
MED11048,Tofacitinib (10mg),700.0,1
MED11049,Tofacitinib (11mg),765.0,2
MED11050,Tofacitinib (5mg),2922.72,30
MED11051,Tofisopam (100mg),240.93,5
MED11052,Tofisopam (50mg),170.48,6
MED11053,Tolbutamide (500mg),82.18,2
MED11054,Tolfenamic Acid (200mg),184.7,1
MED11055,Tolmetin (600mg),196.65,2
MED11056,Tolnaftate (1% w/w),54.5,2
MED11057,Tolnaftate (10mg),18.52,3
MED11058,Tolnaftate (10mg/ml),17.27,1
MED11059,Tolperisone (100mg),73.09,4
MED11060,Tolperisone (150mg),108.13,82
MED11061,Tolperisone (300mg),250.0,1
MED11062,Tolperisone (450mg),277.28,27
MED11063,Tolperisone (50mg),74.42,8
MED11064,Tolterodine (1mg),70.37,5
MED11065,Tolterodine (2mg),145.77,22
MED11066,Tolterodine (4mg),297.12,14
MED11067,Tolvaptan (15mg),591.83,21
MED11068,Tolvaptan (30mg),878.23,13
MED11069,Topiramate (100mg),190.74,24
MED11070,Topiramate (15mg),29.71,1
MED11071,Topiramate (200mg),319.0,3
MED11072,Topiramate (25mg),54.54,54
MED11073,Topiramate (50mg),96.02,60
MED11074,Topiroxostat (20mg),100.0,3
MED11075,Topiroxostat (40mg),180.0,2
MED11076,Topiroxostat (60mg),260.0,1
MED11077,Topotecan (1mg),8250.0,1
MED11078,Topotecan (2.5mg),4684.38,3
MED11079,Topotecan (4mg),4654.75,2
MED11080,Torasemide (100mg),246.73,33
MED11081,Torasemide (10mg),44.81,140
MED11082,Torasemide (10mg/ml),16.8,1
MED11083,Torasemide (20mg),71.4,91
MED11084,Torasemide (40mg),125.6,28
MED11085,Torasemide (5mg),28.97,41
MED11086,Trabectedin (1mg),28600.0,1
MED11087,Tramadol (100mg),53.16,260
MED11088,Tramadol (100mg/2ml),23.93,6
MED11089,Tramadol (120mg),9.5,1
MED11090,Tramadol (200mg),161.78,6
MED11091,Tramadol (25mg),39.5,2
MED11092,Tramadol (2mg),24.6,1
MED11093,Tramadol (325mg),21.37,1
MED11094,Tramadol (37.5mg),77.96,1
MED11095,Tramadol (50mg),36.01,279
MED11096,Tramadol (50mg/ml),23.92,29
MED11097,Tramadol (60mg),11.05,1
MED11098,Tramadol (NA),37.23,22
MED11099,Trametinib (0.5mg),48500.0,1
MED11100,Tranexamic Acid (1000mg),284.59,2
MED11101,Tranexamic Acid (100mg),65.9,44
MED11102,Tranexamic Acid (100mg/ml),134.41,4
MED11103,Tranexamic Acid (10mg),100.38,1
MED11104,Tranexamic Acid (250mg),167.49,39
MED11105,Tranexamic Acid (3% w/w),308.5,2
MED11106,Tranexamic Acid (5% w/w),399.0,1
MED11107,Tranexamic Acid (500mg),111.09,228
MED11108,Tranexamic Acid (500mg) + Tribasic Calcium Phosphate (144mg),476.1,2
MED11109,Tranexamic Acid (500mg/1ml),59.85,2
MED11110,Tranexamic Acid (500mg/5ml),139.5,4
MED11111,Tranexamic Acid (650mg),337.0,1
MED11112,Tranexamic Acid (750mg),157.56,2
MED11113,Tranexamic Acid (75mg),235.0,1
MED11114,Tranexamic Acid (NA),120.98,6
MED11115,Tranylcypromine (10mg),180.0,1
MED11116,Trastuzumab (100mg),32495.0,1
MED11117,Trastuzumab (150mg),18517.68,12
MED11118,Trastuzumab (440mg),59955.2,17
MED11119,Travoprost (0.004% w/v),402.64,38
MED11120,Travoprost (0.004% w/w),725.0,1
MED11121,Travoprost (0.004%),200.0,1
MED11122,Travoprost (0.04% w/v),348.0,1
MED11123,Travoprost (0.04mg),350.0,1
MED11124,Travoprost (NA),149.0,1
MED11125,Trazodone (100mg),73.4,9
MED11126,Trazodone (25mg),32.06,13
MED11127,Trazodone (50mg),64.79,14
MED11128,Treosulfan (5gm),15000.0,1
MED11129,Tretinoin (0.012% w/w),75.0,1
MED11130,Tretinoin (0.02% w/w),536.0,1
MED11131,Tretinoin (0.025% w/w),103.96,27
MED11132,Tretinoin (0.025%),108.9,2
MED11133,Tretinoin (0.03% w/v),63.7,1
MED11134,Tretinoin (0.03% w/w),64.08,1
MED11135,Tretinoin (0.04% w/w),253.79,7
MED11136,Tretinoin (0.05% w/w),99.14,29
MED11137,Tretinoin (0.1% w/w),201.66,5
MED11138,Tretinoin (0.25% w/w),52.9,1
MED11139,Tretinoin (0.5% w/w),70.56,2
MED11140,Tretinoin (10mg),8825.0,4
MED11141,Tretinoin (20mg),3338.0,2
MED11142,Tretinoin (NA),48.88,4
MED11143,Triamcinolone (0.01% w/w),96.0,1
MED11144,Triamcinolone (0.05% w/v),259.0,1
MED11145,Triamcinolone (0.05% w/w),98.0,1
MED11146,Triamcinolone (0.1% w/w),83.37,18
MED11147,Triamcinolone (10mg),146.36,10
MED11148,Triamcinolone (10mg/1ml),35.0,1
MED11149,Triamcinolone (16mg),20.19,1
MED11150,Triamcinolone (30mg),257.19,1
MED11151,Triamcinolone (40mg),82.33,92
MED11152,Triamcinolone (40mg/1ml),63.0,2
MED11153,Triamcinolone (40mg/ml),86.99,7
MED11154,Triamcinolone (4mg),53.55,12
MED11155,Triamcinolone (8mg),90.0,1
MED11156,Triamcinolone (NA),79.16,6
MED11157,Triamcinolone Acetonide (0.05% w/w),110.0,1
MED11158,Triamcinolone Acetonide (0.1% w/w),138.26,6
MED11159,Triamcinolone Acetonide (10mg),52.0,2
MED11160,Triamcinolone Acetonide (40mg),89.99,81
MED11161,Triamcinolone Acetonide (40mg/ml),110.0,1
MED11162,Triamcinolone Acetonide (4mg),79.5,1
MED11163,Triamcinolone hexacetonide (20mg),499.0,1
MED11164,Triamterene (1mg),54.76,1
MED11165,Triamterene (2mg),75.0,1
MED11166,Tricholine Citrate (275mg),208.73,1
MED11167,Tricholine Citrate (275mg/5ml),65.0,1
MED11168,Tricholine Citrate (500mg),90.77,3
MED11169,Tricholine Citrate (500mg/10ml),47.25,1
MED11170,Triclofos (100mg),50.0,1
MED11171,Triclofos (500mg),49.52,2
MED11172,Triclofos (500mg/5ml),86.26,13
MED11173,Triclofos (NA),66.0,3
MED11174,Triclosan (0.3% w/w),112.0,2
MED11175,Triclosan (0.3%),42.0,1
MED11176,Triclosan (0.5% w/w),75.67,3
MED11177,Triclosan (0.5%),82.98,5
MED11178,Triclosan (500mg),62.56,1
MED11179,Triclosan (NA),52.58,3
MED11180,Trientine Hydrochloride (250mg),19500.0,1
MED11181,Trientine Hydrochloride (333mg),19999.0,1
MED11182,Trifluoperazine (0.5mg),27.75,1
MED11183,Trifluoperazine (10mg),10.63,7
MED11184,Trifluoperazine (10mg) + Trihexyphenidyl (2mg),22.97,14
MED11185,Trifluoperazine (1mg),25.34,5
MED11186,Trifluoperazine (1mg) + Trihexyphenidyl (2mg),14.28,1
MED11187,Trifluoperazine (2.5mg) + Trihexyphenidyl (1mg),14.76,11
MED11188,Trifluoperazine (2.5mg) + Trihexyphenidyl (2mg),4.42,1
MED11189,Trifluoperazine (2mg) + Trihexyphenidyl (5mg),23.45,1
MED11190,Trifluoperazine (5mg),22.95,17
MED11191,Trifluoperazine (5mg) + Trihexyphenidyl (2mg),21.45,58
MED11192,Trifluoperazine (NA),7.13,1
MED11193,Trifluoperazine (NA) + Trihexyphenidyl (NA),34.82,4
MED11194,Trihexyphenidyl (0.25mg),11.4,1
MED11195,Trihexyphenidyl (1mg),18.75,2
MED11196,Trihexyphenidyl (2mg),16.72,85
MED11197,Trihexyphenidyl (5mg),28.81,22
MED11198,Trihexyphenidyl (NA),13.45,3
MED11199,Trimebutine (200mg),24.59,1
MED11200,Trimetazidine (20mg),50.75,29
MED11201,Trimetazidine (35mg),97.0,37
MED11202,Trimetazidine (60mg),163.93,17
MED11203,Trimetazidine (80mg),262.9,1
MED11204,Trimethoprim (100mg),77.65,2
MED11205,Trimethoprim (200mg),99.5,2
MED11206,Trimethoprim (300mg),8.3,1
MED11207,Trimethoprim (NA),12.9,1
MED11208,Trimethoprim Combinations (50mg),125.0,1
MED11209,Trimethoprim Combinations (NA),13.75,1
MED11210,Trimipramine (10mg),8.7,2
MED11211,Trimipramine (25mg),16.25,1
MED11212,Trioxasalen (0.2% w/v),73.95,5
MED11213,Trioxasalen (10mg),42.78,1
MED11214,Trioxasalen (25mg),98.97,33
MED11215,Trioxasalen (5mg),33.94,19
MED11216,Triptorelin (0.1mg),362.67,1
MED11217,Triptorelin (0.5mg/ml),1250.0,1
MED11218,Triptorelin (11.25mg),17876.5,1
MED11219,Triptorelin (22.5mg),36409.0,1
MED11220,Triptorelin (3.75mg),5260.12,3
MED11221,Triticum Vulgare extract (15gm),532.0,1
MED11222,Tropicamide (1% w/v),43.81,11
MED11223,Tropicamide (NA),41.57,1
MED11224,Trospium (20mg),170.14,2
MED11225,Trospium (60mg),239.62,6
MED11226,Troxerutin (500mg),69.77,1
MED11227,Troxipide (100mg),104.8,2
MED11228,Troxipide (300mg),368.1,1
MED11229,Trypan Blue (0.06% w/v),92.4,1
MED11230,Trypan Blue (0.06%),96.0,1
MED11231,Trypan Blue (0.8mg),83.7,1
MED11232,Trypsin Chymotrypsin (100000 AU),133.0,2
MED11233,Trypsin Chymotrypsin (100000 units),86.0,1
MED11234,Trypsin Chymotrypsin (100000AU),170.28,107
MED11235,Trypsin Chymotrypsin (100000IU),120.15,23
MED11236,Trypsin Chymotrypsin (100000units),116.49,8
MED11237,Trypsin Chymotrypsin (10000AU),118.0,1
MED11238,Trypsin Chymotrypsin (200000AU),252.56,6
MED11239,Trypsin Chymotrypsin (200000IU),205.0,1
MED11240,Trypsin Chymotrypsin (2Million IU),263.79,1
MED11241,Trypsin Chymotrypsin (50000 AU),80.0,1
MED11242,Trypsin Chymotrypsin (50000AU),74.0,2
MED11243,Trypsin Chymotrypsin (50000IU),155.0,1
MED11244,Trypsin Chymotrypsin (50mg),98.5,1
MED11245,Trypsin Chymotrypsin (NA),121.47,7
MED11246,Tulobuterol (0.5mg),442.4,3
MED11247,Tulobuterol (1mg),500.3,3
MED11248,Tulobuterol (2mg),543.03,3
MED11249,Udenafil (100mg),1150.0,1
MED11250,Ulinastatin (100000IU),3136.46,13
MED11251,Ulipristal acetate (30mg),300.0,1
MED11252,Ulipristal acetate (5mg),1307.97,23
MED11253,Uniflexin (300mg),156.2,5
MED11254,Univestin (250mg),177.33,6
MED11255,Univestin (500mg),334.2,5
MED11256,Urea (500mg),134.0,1
MED11257,Urofollitropin (1200IU),13571.4,1
MED11258,Urofollitropin (150IU),1891.52,21
MED11259,Urofollitropin (150i.u),1596.14,7
MED11260,Urofollitropin (300IU),5046.73,1
MED11261,Urofollitropin (75IU),1045.78,26
MED11262,Urofollitropin (75i.u),1185.53,11
MED11263,Urofollitropin (900IU),18540.0,1
MED11264,Urokinase (1000000IU),4851.78,1
MED11265,Urokinase (100000IU),6520.0,1
MED11266,Urokinase (20000IU),270.85,1
MED11267,Urokinase (250000IU),1974.29,5
MED11268,Urokinase (25000IU),1900.0,1
MED11269,Urokinase (500000IU),3272.05,7
MED11270,Urokinase (500000IU/ml),3350.0,1
MED11271,Urokinase (50000IU),2070.82,2
MED11272,Urokinase (5000IU),782.0,1
MED11273,Urokinase (750000IU),4787.03,2
MED11274,Urokinase (75000IU),4800.0,1
MED11275,Ursodeoxycholic Acid (125mg/5ml),320.5,4
MED11276,Ursodeoxycholic Acid (150mg),176.89,164
MED11277,Ursodeoxycholic Acid (250mg),115.39,3
MED11278,Ursodeoxycholic Acid (300mg),338.8,572
MED11279,Ursodeoxycholic Acid (450mg),482.55,17
MED11280,Ursodeoxycholic Acid (500mg),431.21,3
MED11281,Ursodeoxycholic Acid (600mg),552.73,12
MED11282,Ursodeoxycholic Acid (75mg),106.14,4
MED11283,Ursodeoxycholic Acid (NA),118.72,3
MED11284,Vaccine (NA),50.0,1
MED11285,Valacyclovir (1000mg),296.07,15
MED11286,Valacyclovir (500mg),191.07,16
MED11287,Valdecoxib (10mg),19.91,20
MED11288,Valdecoxib (20mg),35.97,32
MED11289,Valdecoxib (40mg),56.32,8
MED11290,Valdecoxib (NA),42.38,2
MED11291,Valethamate (10mg),42.65,2
MED11292,Valethamate (8mg),33.19,8
MED11293,Valethamate (8mg/ml),15.0,1
MED11294,Valganciclovir (450mg),3164.77,29
MED11295,Valproic Acid (125mg),38.37,1
MED11296,Valproic Acid (200mg),33.21,6
MED11297,Valproic Acid (200mg/5ml),61.3,1
MED11298,Valproic Acid (250mg),53.94,10
MED11299,Valproic Acid (250mg/5ml),101.47,1
MED11300,Valproic Acid (300mg),57.7,5
MED11301,Valproic Acid (500mg),93.79,14
MED11302,Valproic Acid (750mg),150.85,2
MED11303,Valsartan (160mg),375.0,7
MED11304,Valsartan (20mg),122.32,1
MED11305,Valsartan (40mg),69.69,10
MED11306,Valsartan (80mg),154.37,15
MED11307,Vancomycin (1000mg),524.63,29
MED11308,Vancomycin (1gm),571.9,12
MED11309,Vancomycin (250mg),837.22,6
MED11310,Vancomycin (500mg),319.59,84
MED11311,Vandetanib (300mg),3000.0,1
MED11312,Vardenafil (10mg),118.73,3
MED11313,Vardenafil (20mg),224.22,4
MED11314,Varenicline (1mg),750.0,1
MED11315,Varicella Vaccine (live) attenuated (0.5ml),1799.0,1
MED11316,Varicella Vaccine (live) attenuated (1000PFU),1260.0,1
MED11317,Varicella Vaccine (live) attenuated (1350PFU),2220.0,1
MED11318,Varicella Vaccine (live) attenuated (2000PFU),2039.5,2
MED11319,Varicella Vaccine (live) attenuated (NA),1676.33,3
MED11320,Vasopressin (20IU),241.65,7
MED11321,Vasopressin (20units),1095.0,1
MED11322,Vasopressin (40IU),314.1,2
MED11323,Vecuronium (10mg),195.58,20
MED11324,Vecuronium (20mg),430.0,1
MED11325,Vecuronium (2mg/ml),133.54,2
MED11326,Vecuronium (4mg),106.1,18
MED11327,Venlafaxine (150mg),139.39,16
MED11328,Venlafaxine (25mg),23.08,7
MED11329,Venlafaxine (37.5mg),41.09,51
MED11330,Venlafaxine (75mg),79.73,48
MED11331,Verapamil (120mg),45.43,2
MED11332,Verapamil (2.5mg),2.37,1
MED11333,Verapamil (2.5mg/ml),2.2,1
MED11334,Verapamil (240mg),151.3,1
MED11335,Verapamil (40mg),11.48,5
MED11336,Verapamil (5mg),2.42,1
MED11337,Verapamil (80mg),20.33,6
MED11338,Vericiguat (10mg),2294.0,1
MED11339,Vericiguat (2.5mg),1784.0,1
MED11340,Vericiguat (5mg),2038.0,1
MED11341,Verteporfin (15mg),79670.0,1
MED11342,Vi Capsular Polysaccharide Of Salmonella Typhi (25mcg),1357.5,2
MED11343,Vigabatrin (500mg),63.32,3
MED11344,Vilazodone (20mg),185.59,14
MED11345,Vilazodone (40mg),310.29,16
MED11346,Vildagliptin (100mg),167.51,46
MED11347,Vildagliptin (50mg),123.27,238
MED11348,Vinblastine (10mg),243.95,3
MED11349,Vinblastine (1mg),219.3,2
MED11350,Vincristine (1mg),69.59,16
MED11351,Vincristine (2mg),53.0,1
MED11352,Vinorelbine (10mg),2851.94,7
MED11353,Vinorelbine (50mg),12600.69,6
MED11354,Vinpocetine (10mg),121.48,4
MED11355,Vinpocetine (5mg),114.54,11
MED11356,Vitamin A (100000IU),50.0,1
MED11357,Vitamin A (1100IU) + Vitamin D3 (100IU),25.85,1
MED11358,Vitamin A (25000IU),29.6,1
MED11359,Vitamin A (2500IU),134.0,1
MED11360,Vitamin A (50000IU),8.68,1
MED11361,Vitamin B (1000mg),42.95,2
MED11362,Vitamin B (100mg),11.91,1
MED11363,Vitamin B (NA),34.87,20
MED11364,Vitamin B12 (1500mcg),98.0,1
MED11365,Vitamin B3(Nicotinic Acid) (500mg),26.85,1
MED11366,Vitamin B3(Nicotinic Acid) (NA),29.85,1
MED11367,Vitamin C (1.5gm),295.0,1
MED11368,Vitamin C (1000mg),197.5,2
MED11369,Vitamin C (100mg),30.0,1
MED11370,Vitamin C (100mg) + Vitamin D3 (1000IU),110.0,1
MED11371,Vitamin C (100mg) + Zinc Sulfate (5mg),90.0,1
MED11372,Vitamin C (100mg) + Zinc Sulfate (6mg),92.0,1
MED11373,Vitamin C (1500mg),350.4,5
MED11374,Vitamin C (150mg),2.42,2
MED11375,Vitamin C (250mg),457.5,2
MED11376,Vitamin C (250mg/ml),420.0,2
MED11377,Vitamin C (400mg) + Zinc Sulfate (5mg),75.0,1
MED11378,Vitamin C (400mg) + Zinc Sulfate (7.5mg),72.0,1
MED11379,Vitamin C (500mg),330.0,1
MED11380,Vitamin C (500mg) + Zinc Sulfate (5mg),82.5,2
MED11381,Vitamin C (500mg/ml),999.0,1
MED11382,Vitamin C (75mg),20.27,1
MED11383,Vitamin D (300000IU),18.0,1
MED11384,Vitamin D (600000IU),22.8,1
MED11385,Vitamin D3 (2000IU),101.71,4
MED11386,Vitamin D3 (300000IU),107.73,4
MED11387,Vitamin D3 (400IU),79.9,1
MED11388,Vitamin D3 (400IU/0.5ml),108.0,1
MED11389,Vitamin D3 (5000IU) + Vitamin E (60mg),220.0,1
MED11390,Vitamin D3 (600000IU),60.45,24
MED11391,Vitamin D3 (600000IU/ml),40.0,1
MED11392,Vitamin D3 (60000IU),126.38,151
MED11393,Vitamin D3 (60000mg),106.0,1
MED11394,Vitamin D3 (60000units),130.0,1
MED11395,Vitamin D3 (6000IU),60.0,1
MED11396,Vitamin D3 (600IU),110.0,1
MED11397,Vitamin D3 (6Lac units),44.73,3
MED11398,Vitamin D3 (7.5mg),33.0,1
MED11399,Vitamin D3 (800IU),86.0,4
MED11400,Vitamin D3 (800IU/1ml),134.0,1
MED11401,Vitamin D3 (NA),46.53,3
MED11402,Vitamin E (400mg),104.35,5
MED11403,Vitamin K (10mg),25.37,3
MED11404,Vitamin K (1mg),33.4,2
MED11405,Vitamin K (NA),29.53,1
MED11406,Voglibose (0.2mg),67.23,287
MED11407,Voglibose (0.3mg),93.38,327
MED11408,Voriconazole (200mg),3095.4,73
MED11409,Voriconazole (30mg),300.0,1
MED11410,Voriconazole (50mg),1821.71,9
MED11411,Vortioxetine (10mg),208.33,12
MED11412,Vortioxetine (20mg),401.3,10
MED11413,Vortioxetine (5mg),119.92,12
MED11414,Warfarin (10mg),24.13,1
MED11415,Warfarin (1mg),44.37,3
MED11416,Warfarin (2mg),43.06,5
MED11417,Warfarin (3mg),74.7,2
MED11418,Warfarin (4mg),32.16,1
MED11419,Warfarin (5mg),39.23,6
MED11420,Xantinol Nicotinate (150mg),35.28,2
MED11421,Xantinol Nicotinate (300mg),25.24,1
MED11422,Xantinol Nicotinate (500mg),102.11,2
MED11423,Xipamide (20mg),31.55,1
MED11424,Xylitol (200mg),297.5,2
MED11425,Xylometazoline (0.01% w/v),37.47,5
MED11426,Xylometazoline (0.025% w/v),43.96,4
MED11427,Xylometazoline (0.05% w/v),38.72,72
MED11428,Xylometazoline (0.05%),40.0,3
MED11429,Xylometazoline (0.1% w/v),46.88,122
MED11430,Xylometazoline (0.1%),38.67,3
MED11431,Xylometazoline (0.25mg),35.0,1
MED11432,Xylometazoline (0.3% w/v),36.0,1
MED11433,Xylometazoline (0.5% w/v),45.0,1
MED11434,Xylometazoline (0.5mg),37.0,1
MED11435,Xylometazoline (0.65% w/v),31.72,2
MED11436,Xylometazoline (1% w/v),54.4,4
MED11437,Xylometazoline (1.4% w/v),36.0,1
MED11438,Xylometazoline (10ml),87.5,1
MED11439,Xylometazoline (NA),47.75,6
MED11440,"Yellow fever virus (live, attenuated) (1000IU)",2230.0,1
MED11441,Zafirlukast (10mg),40.72,1
MED11442,Zaleplon (10mg),65.76,7
MED11443,Zaleplon (5mg),37.51,5
MED11444,Zaltoprofen (80mg),66.95,3
MED11445,Zidovudine (100mg),145.05,9
MED11446,Zidovudine (300mg),342.05,11
MED11447,Zidovudine (50mg/5ml),76.24,1
MED11448,Zileuton (600mg),121.75,1
MED11449,Zinc (20mg),55.0,1
MED11450,Zinc (50mg),65.0,1
MED11451,Zinc Carnosine (50mg),650.0,1
MED11452,Zinc Carnosine (75mg),209.19,2
MED11453,Zinc Chloride (1mg/ml),599.0,1
MED11454,Zinc Gluconate (20mg),73.85,8
MED11455,Zinc Gluconate (NA),45.0,1
MED11456,Zinc Oxide (15% w/w),130.0,1
MED11457,Zinc Oxide (2% w/w),799.0,1
MED11458,Zinc Oxide (25% w/w),666.0,1
MED11459,Zinc Oxide (8.5% w/w),75.0,1
MED11460,Zinc Sulfate (137.232mg),55.0,1
MED11461,Zinc Sulfate (137.5mg),21.0,1
MED11462,Zinc Sulfate (200mg),55.0,1
MED11463,Zinc Sulfate (20mg),35.0,1
MED11464,Zinc Sulfate (20mg/ml),120.0,1
MED11465,Zinc acetate (20mg),26.0,1
MED11466,Zinc acetate (20mg/10ml),50.0,1
MED11467,Zinc acetate (20mg/5ml),67.18,3
MED11468,Zinc acetate (50mg),51.0,1
MED11469,Ziprasidone (20mg),49.79,5
MED11470,Ziprasidone (40mg),95.7,5
MED11471,Ziprasidone (60mg),91.01,1
MED11472,Ziprasidone (80mg),167.54,4
MED11473,Zoledronic acid (4mg),2860.44,39
MED11474,Zoledronic acid (4mg/100ml),4336.0,1
MED11475,Zoledronic acid (5mg/100ml),4785.3,14
MED11476,Zolmitriptan (2.5mg),36.43,2
MED11477,Zolmitriptan (5% w/w),537.0,1
MED11478,Zolmitriptan (5mg),420.76,3
MED11479,Zolpidem (10mg),73.72,103
MED11480,Zolpidem (12.5mg),122.48,15
MED11481,Zolpidem (1mg),44.5,1
MED11482,Zolpidem (2mg),9.0,1
MED11483,Zolpidem (50mg),40.41,1
MED11484,Zolpidem (5mg),46.85,65
MED11485,Zolpidem (6.25mg),93.39,13
MED11486,Zolpidem (6.5mg),48.36,1
MED11487,Zonisamide (100mg),147.56,8
MED11488,Zonisamide (25mg),41.38,3
MED11489,Zonisamide (50mg),73.88,5
MED11490,Zopiclone (10mg),86.0,1
MED11491,Zopiclone (7.5mg),54.33,8
MED11492,Zotepine (100mg),117.75,2
MED11493,Zotepine (25mg),52.5,2
MED11494,Zotepine (50mg),75.5,2
MED11495,Zuclopenthixol (100mg),124.13,1
MED11496,Zuclopenthixol (200mg/ml),654.5,1
MED11497,Zuclopenthixol (50mg),146.5,1
MED11498,Zuclopenthixol (50mg/ml),194.9,1
MED11499,charcoal (500mg),28.85,1
MED11500,n-Butyl-2-cyanoacrylate (0.25ml),399.0,1
MED11501,n-Butyl-2-cyanoacrylate (0.5ml),485.7,2
MED11502,n-Butyl-2-cyanoacrylate (1ml),762.74,2
MED11503,n-Butyl-2-cyanoacrylate (NA),1345.7,2
MED11504,silver nano particles (0.002% w/w),324.74,14
MED11505,silver nano particles (20mcg),297.0,1
