procedure,specialty
11 Cells Panel for Antibody Identification,Laboratory Investigation
131-Iodine Therapy 15-50mCi,Radio-Isotope Therapy
131-Iodine Therapy 51-100mCi,Radio-Isotope Therapy
131-Iodine Therapy <15mCi,Radio-Isotope Therapy
131-Iodine Therapy >100mCi,Radio-Isotope Therapy
17 Hydroxyprogesterone (17 OH Progesterone),Laboratory Investigation
1st trimester scan-dating scan/NT scan/Early pregnancy scan,Radiological Investigation
24 Hr urinary aldosterone,Laboratory Investigation
"24 Hrs Urine for Proteins, Sodium, Creatinine",Laboratory Investigation
24-hour urinary free cortisol,Laboratory Investigation
2D Transoesophageal Echocardiography (TEE),Radiological Investigation
2D echocardiography,Radiological Investigation
3 Cell Panel- Antibody Screening for Pregnant Female,Laboratory Investigation
30% to 50% Burns 1st Dressing,Burns And Plastic Surgery Procedure
30% to 50% Burns Subsequent Dressing,Burns And Plastic Surgery Procedure
3D Transoesophageal Echocardiography (TEE),Radiological Investigation
6 Minute Walk Test,Pulmonology Investigation
90 D lens examination/Three mirror examination for retina - Both Eyes,Ophthalmology Investigation
"A, B, DR Molecular Typing PCR - SSP",Oncology Investigations
"ABL Kinase Domain Mutation for Chronic Myeloid leukemia (TKI Resistance, Imatinib Resistance",Oncology Investigations
"ABL Kinase Domain Mutation for Ph Positive Acute Lymphoblastic leukemia (TKI Resistance, I",Oncology Investigations
ABO incompatible Transplantation,Nephrology And Urology Procedure
AC wash per eye,Ophthalmology Procedure
ADA( Adenosine deaminase),Laboratory Investigation
ALK -1,Oncology Investigations
ALK rearrangement: 2p23,Oncology Investigations
ALT-Argon laser trabeculoplasty per eye,Ophthalmology Procedure
ALTK- Automated lamellar therapeutic keratoplasty per eye,Ophthalmology Procedure
AMA (Anti Mitochondrial Antibody),Laboratory Investigation
AMH (Anti- Mullerian Hormone),Laboratory Investigation
ANA BLOT,Laboratory Investigation
ANA Profile,Laboratory Investigation
AO Compression Procedures for Fracture Neck Femur,Orthopaedics Procedure
ASO Titre /ASLO Titre,Laboratory Investigation
Abbe Operation (Abbe flap in plastic surgery of lips),ENT Procedure
Abdominal / Peritoneal Aspiration - Diagnostic/Ascitic tapping / Paracentesis -Diagnostic,General Procedure
Abdominal / Peritoneal Aspiration - Therapeutic/Ascitic tapping / Paracentesis - Therapeutic,General Procedure
Abdominal Hysterectomy with or without salpingo-oophorectomy,Obstetrics And Gynaecology Procedure
Abdominal Mass Excision,Cancer Surgery
Abdominal Neuroblastoma Excision,Cancer Surgery
Abdominal Perineal Pull Through (Hirschsprung's Disease),Paediatric Surgery Procedure
Abdomino Perineal urethroplasty,Nephrology And Urology Procedure
Abdomino-Perineal Excision of Rectum,Abdomen/GI Surgery Procedure
Abdominoperineal Resection,Cancer Surgery
Abdominosacral Resection,Cancer Surgery
Above Knee post-slab,Orthopaedics Procedure
Above elbow full plaster,Orthopaedics Procedure
Above knee full plaster,Orthopaedics Procedure
Above knee full slab,Orthopaedics Procedure
Abscess - Drainage-Dental,Dental Procedure
Absolute Eosinophil Count (AEC),Laboratory Investigation
Acetylcholine receptor (AChR) antibody titre,Laboratory Investigation
Achalasia Cardia Abdominal,Abdomen/GI Surgery Procedure
Achalasia Cardia Transthoracic,Abdomen/GI Surgery Procedure
Acid Phosphatase,Laboratory Investigation
Activated Partial Thromboplastin Time (APTT),Laboratory Investigation
Acute Leukemia RUNX1 mutation detection,Oncology Investigations
Acute Leukemia TET2 mutation detection,Oncology Investigations
Acute Leukemia TP53 mutation detection,Oncology Investigations
Acute Leukemia karyotyping,Oncology Investigations
Acute Leukemia mutation detection (per gene)ASXL1 /c-KIT/DNMT3A/ IDH1 and IDH2 /K RAS and N RAS mutation detection,Oncology Investigations
Acute Lymphoblastic Leukemia Mutation Detection,Oncology Investigations
Acute Lymphoblastic Leukemia Transcript Identification,Oncology Investigations
Acute Lymphoblastic leukemia karyotyping,Oncology Investigations
Acute Myeloid Leukemia (AML) Panel,Oncology Investigations
Acute Peritoneal Dialysis,Nephrology And Urology Procedure
Add Clasp to existing Partial Denture,Dental Procedure
Add Tooth to existing Partial Denture,Dental Procedure
Adenoidectomy,ENT Procedure
Adjuvant Chemotherapy,Chemotherapy
Adrenal Tumor Excision of Nephrectomy,Cancer Surgery
Adrenocorticotropic Hormone (ACTH),Laboratory Investigation
After Mastectomy (Reconstruction) Mammoplasty,Burns And Plastic Surgery Procedure
Albumin,Laboratory Investigation
Alkaline Phosphatase,Laboratory Investigation
Allergic Bronchopulmonary Aspergillosis (ABPA) Panel,Laboratory Investigation
Allergy Food Screening Panel,Laboratory Investigation
Alpha Fetoprotein (AFP),Laboratory Investigation
Alveolectomy (Upper) Per Oral,Cancer Surgery
Alveoloplasty - Per Quadrant,Dental Procedure
Alveoloplasty - Per Tooth,Dental Procedure
Alveolus - Closed Reduction stabilization of Teeth,Dental Procedure
Alveolus - Open Reduction stabilization of Teeth,Dental Procedure
Alveolus Composite resection/Commando,Cancer Surgery
Ambulatory BP monitoring per day,Cardiology Investigation
Amniocentesis,Obstetrics And Gynaecology Procedure
Amniotic membrane grafting /symblepharon release with AMG per eye,Ophthalmology Procedure
Amputation (Paediatric),Cancer Surgery
Amputation Above Elbow/Below Elbow,Cancer Surgery
Amputation Above Knee/Below Knee,Cancer Surgery
Amputation Forequarter,Cancer Surgery
Amputation Of Fingers/Toes,Cancer Surgery
Amputations - Above Elbow,Orthopaedics Procedure
Amputations - Above Knee,Orthopaedics Procedure
Amputations - Below Elbow,Orthopaedics Procedure
Amputations - Below Knee,Orthopaedics Procedure
Amputations - Forequarter,Orthopaedics Procedure
Amputations -Hind Quarter and Hemipelvectomy,Orthopaedics Procedure
"Anaemia Profile (Hb, Serum Iron, TIBC, Ferritin, Transferrin Saturation,Stool Occult Blood, CBC, Reticulocyte Count)",Laboratory Investigation
Androstenedione,Laboratory Investigation
Aneurysm coiling (Endovascular),Neuro-Surgery Procedure
Angiofibroma Excision,ENT Procedure
Angiotensin converting enzyme (ACE),Laboratory Investigation
Ankle Arthrodesis,Cancer Surgery
Annual Health Check-up - CCS Group A Officer of above 40 years of age / Pensioner primary card holder 75 years of age and above - Female,Annual Health Check-up
"Annual Health Check-up - CCS Group A Officer of above 40 years of age / Pensioner primary card holder 75 years of age and above-Male,",Annual Health Check-up
Anorectal manometry,Gastroenterology / Endoscopic Investigation
Ant. Mediastinotomy,Cancer Surgery
Anterio Lateral Decompression of spine,Neuro-Surgery Procedure
Anterior Cervical Discectomy,Neuro-Surgery Procedure
Anterior Cervical Spine Surgery with fusion,Neuro-Surgery Procedure
Anterior Cruciate Ligament (ACL) Reconstruction,Orthopaedics Procedure
Anterior Resection of Rectum,Abdomen/GI Surgery Procedure
Anterior craniofacial excision,Cancer Surgery
Anterior retinal cryopexy per eye,Ophthalmology Procedure
Anterior vitrectomy per eye,Ophthalmology Procedure
Anterolateral Decompression and Spine Fusion,Orthopaedics Procedure
Anterolateral decompression for tuberculosis/ Costo-Transversectomy,Orthopaedics Procedure
Anti -Smooth Muscle Antibody Test (ASMA),Laboratory Investigation
Anti GBM (Glomerular Basement Membrane) Antibody,Laboratory Investigation
Anti HAV IgM,Laboratory Investigation
Anti HEV IgM,Laboratory Investigation
Anti Intrinsic Factor Antibodies,Laboratory Investigation
Anti LKM (Liver Kidney Microsome) Ab,Laboratory Investigation
Anti Parietal Cell Antibodies,Laboratory Investigation
Anti Sperm Antibodies.,Laboratory Investigation
Anti measles antibody titre (with serum antibody titre),Laboratory Investigation
Anti muscle specific receptor tyrosine kinase (Anti MuSK) antibody titre,Laboratory Investigation
Anti-Cyclic Citrullinated Peptide (Anti CCP),Laboratory Investigation
Anti-Nuclear Antibodies - IFA,Laboratory Investigation
Anti-double stranded DNA (anti-dsDNA),Laboratory Investigation
Anti-tissue Transglutaminase antibody (Anti TTG Antibody) / Tissue Transglutaminase IgA (tTg-IgA),Laboratory Investigation
"Antibody titre (Herpes simplex, cytomegalovirus, flavivirus, zoster varicella virus)",Laboratory Investigation
Antinuclear Antibody (ANA),Laboratory Investigation
Antrum Puncture,ENT Procedure
Aorta Femoral Bypass,Cardiovascular And Cardiac Surgery Procedure
Aortic Arch Replacement,Cardiovascular And Cardiac Surgery Procedure
Aortic Dissection,Cardiovascular And Cardiac Surgery Procedure
Aortic Valve Balloon Dilatation (AVBD) / Pulmonary Valve Balloon Dilatation (PVBD),Cardiology Procedure
Aortic stent grafting for aortic aneurysm,Cardiovascular And Cardiac Surgery Procedure
Apexification with any bio-compatible material,Dental Procedure
Apicectomy-Multiple tooth,Dental Procedure
Apicectomy-Single tooth,Dental Procedure
Apolipoprotein A1 (ApoA1),Laboratory Investigation
Apolipoprotein B (Apo B),Laboratory Investigation
Appendicectomy,Abdomen/GI Surgery Procedure
Appendicular Abscess - Drainage,Abdomen/GI Surgery Procedure
Application for CTEV per sitting,Orthopaedics Procedure
Application of Desensitizing Medicament,Dental Procedure
Application of Functional Cast Brace,Orthopaedics Procedure
Application of POP Casts for Upper & Lower Limbs,Orthopaedics Procedure
Application of POP Spices & Jackets,Orthopaedics Procedure
Application of Skeletal Tractions,Orthopaedics Procedure
Application of Skin Traction,Orthopaedics Procedure
Applied Behaviour Analysis based behaviour therapy (ABA based Behaviour therapy) per session of at least 40 minutes,Behavioural therapy
Arch bar fixation,Dental Procedure
Arcuate keratotomy for astigmatism /Limbal Relaxing Incision - Both Eyes,Ophthalmology Procedure
Argon plasma coagulation,Gastroenterology / Endoscopic Procedures
Argon/diode laser for retinal detachment per eye,Ophthalmology Procedure
Arterial Colour Doppler Bilateral,Radiological Investigation
Arterio Venous Prosthetic Graft,Nephrology And Urology Procedure
Arteriovenous Fistula for Haemodialysis,Nephrology And Urology Procedure
Arteriovenous Shunt for Haemodialysis,Nephrology And Urology Procedure
Arthrodesis of - Major Joints,Orthopaedics Procedure
Arthrodesis of - Minor Joints,Orthopaedics Procedure
Arthrography,Orthopaedics Investigation
Arthrolysis of knee,Orthopaedics Procedure
Arthroscopy - Diagnostic,Orthopaedics Procedure
Arthroscopy-therapeutic: with implant,Orthopaedics Procedure
Arthroscopy-therapeutic: without implant,Orthopaedics Procedure
Ascending Aorta Replacement,Cardiovascular And Cardiac Surgery Procedure
Aspergillus Fumigatus Specific IgE,Laboratory Investigation
Aspiration & Intra Articular Injections,Orthopaedics Procedure
Aspiration Pleural Effusion - Diagnostic,General Procedure
Aspiration Pleural Effusion - Therapeutic,General Procedure
Atresia of Oesophagus and Tracheo Oesophageal Fistula,Abdomen/GI Surgery Procedure
Atrial Septal Defect (ASD) closure excluding the cost of the Device,Cardiovascular And Cardiac Surgery Procedure
Atrioventricular(AV) Canal Repair,Cardiovascular And Cardiac Surgery Procedure
Augmentation Cystoplasty,Nephrology And Urology Procedure
Autograft Flap Reconstruction (Breast),Cancer Surgery
Autoimmune Encephalitis Panel,Laboratory Investigation
Autoimmune Hepatitis Profile,Laboratory Investigation
Autoimmune Liver Diseases Profile,Laboratory Investigation
Automatic implantable cardioverter defibrillator (AICD) Dual Chamber excluding the cost of Device,Cardiology Procedure
Automatic implantable cardioverter defibrillator (AICD) Single Chamber - excluding the cost of Device,Cardiology Procedure
Axillary Dissection Alone,Cancer Surgery
B-cell Acute Lymphoblastic Leukemia (B-ALL) Panel,Oncology Investigations
B.P. Fistula Repair,Cancer Surgery
BCL3 rearrangement 19q13.3 / BCL6 rearrangement: 3q27,Oncology Investigations
BCOR alteration,Oncology Investigations
BCR-ABL by PCR-Quantitative,Oncology Investigations
"BCR/ABL (Ph) duplication, trisomy 8, trisomy 21, TP53 deletion",Oncology Investigations
BCR/ABL Ph: t(9;22),Oncology Investigations
BD Glenn/Left Atrium Myxoma,Cardiovascular And Cardiac Surgery Procedure
BERA (Brain stem evoked response audiometry),ENT Investigation
BRAF,Oncology Investigations
BRCA1 & BRCA2,Oncology Investigations
Baclofen pump implantation for spasticity/Intra-thecal Pump Implantation,Neuro-Surgery Procedure
Baclofen pump implantation lesioning for movement disorder including Parkinsonism/Spinal Cord Stimulator Implantation,Neuro-Surgery Procedure
Bacterial culture and sensitivity - Aerobic,Laboratory Investigation
Bacterial culture and sensitivity - Anaerobic,Laboratory Investigation
Ball bandage,Orthopaedics Procedure
Balloon Coronary Angioplasty / Percutaneous transluminal coronary angioplasty (PTCA) / Percutaneous coronary intervention (PCI) without Vascular closure device (VCD) excluding the cost of Stent.Cost of Drug Eluting Balloon allowed in lieu of Stent,Cardiology Procedure
Balloon Coronary Angioplasty / Percutaneous transluminal coronary angioplasty (PTCA) /Percutaneous coronary intervention (PCI) with Vascular closure device (VCD) excluding the cost of Stent. Cost of Drug Eluting Balloon allowed in lieu of Stent,Cardiology Procedure
Balloon Kyphoplasty,Neuro-Surgery Procedure
Balloon Mitral Valvotomy / Percutaneous Transvenous Mitral Commissurotomy (PTMC),Cardiology Procedure
Balloon Septostomy,Cardiology Procedure
Balloon Tamponade for Post Partum Haemorrhage/Conservative management of PPH(Atonic/traumatic PPH),Obstetrics And Gynaecology Procedure
Balloon dilatation of achalasia cardia,Gastroenterology / Endoscopic Procedures
Balloon dilatation of papilla,Gastroenterology / Endoscopic Procedures
Balloon-Occluded Retrograde Intravenous Obliteration (BRTO),Gastroenterology/Interventional Radiology Procedures
Band ligation of oesophageal varices,Gastroenterology / Endoscopic Procedures
Bandage & Strappings for Fractures,Orthopaedics Procedure
Bandage contact lenses for corneal perforation/PED per eye,Ophthalmology Procedure
Bankart Repair Shoulder,Orthopaedics Procedure
Barium Enema (Single contrast/double contrast),Radiological Investigation
Barium Meal follow through,Radiological Investigation
Barium Swallow,Radiological Investigation
Barium Upper GI study,Radiological Investigation
Barium Upper GI study (Double contrast),Radiological Investigation
Battery Placement for Deep Brain Stimulation (DBS),Neuro-Surgery Procedure
Below Knee full plaster,Orthopaedics Procedure
Below Knee post-slab,Orthopaedics Procedure
Bence Jones Protein,Laboratory Investigation
Benign Tumour Excisions of Head and Neck,Head and Neck Surgery
Bentall Repair with Biologic Valve,Cardiovascular And Cardiac Surgery Procedure
Bentall Repair with Prosthetic Valve,Cardiovascular And Cardiac Surgery Procedure
Beta 2 microglobulin (B2M) /_2 microglobulin,Laboratory Investigation
Beta-D-Glucan Assay,Laboratory Investigation
Biceps Tenodesis,Orthopaedics Procedure
Bilateral (single Lumen) Femoral Catheterization for Haemodialysis,Nephrology And Urology Procedure
Bilateral Mastectomy,Cancer Surgery
Bilateral Orchiectomy,Cancer Surgery
Biliary Manometry,Gastroenterology / Endoscopic Investigation
Biliary stenting (plastic and metallic) by ERCP,Gastroenterology / Endoscopic Procedures
Biofeedback per session,Behavioural therapy
Biophysical score / Biophysical profile test (BPP test),Radiological Investigation
Biopsy Needle,Cancer Surgery
Biopsy Open,Cancer Surgery
Biopsy of Bladder (Cystoscopic) including (Cold Cup Biopsy),Nephrology And Urology Procedure
"Biopsy of Oral tissue - Hard (bone, tooth)",Dental Biopsy
Biopsy of Oral tissue- Soft,Dental Biopsy
Bite Excision/Composite.,Cancer Surgery
Bladder Tumor Trans Urethral Resection,Cancer Surgery
Blalock-Taussig Shunt (BT Shunt) / Coarctation,Cardiovascular And Cardiac Surgery Procedure
Bleb compression sutures per eye,Ophthalmology Procedure
Bleb needling with MMC/5-FU per eye,Ophthalmology Procedure
Bleb repair with conjunctival autograft per eye,Ophthalmology Procedure
"Bleeding Disorder Panel- PT, APTT, Thrombin Time Fibrinogen, D-Dimer/ Fibrinogen Degradation Products (FDP)",Laboratory Investigation
Bleeding Time,Laboratory Investigation
Blood Component Charges - Cryoprecipitate,Blood Component Charges
Blood Component Charges - Fresh Frozen Plasma,Blood Component Charges
Blood Component Charges - Packed Red Cell per Unit,Blood Component Charges
Blood Component Charges - Whole Blood per Unit,Blood Component Charges
Blood Glucose Random / Blood Glucose Fasting /Blood Glucose PP,Laboratory Investigation
Blood Group & Rh Type,Laboratory Investigation
Blood Urea Nitrogen (BUN) / Urea,Laboratory Investigation
Blood gas analysis / Arterial Blood Gas (ABG),Laboratory Investigation
Blood gas analysis / Arterial Blood Gas (ABG) with electrolytes,Laboratory Investigation
"Body Fluid (CSF/Ascitic Fluid etc.) Sugar, Protein etc.",Laboratory Investigation
Body Fluid for Malignant cells,Laboratory Investigation
Bone Grafting,Orthopaedics Procedure
Bone Grafting,Cancer Surgery
Bone Marrow Aspiration and Biopsy,Biopsies
Bone Marrow Smear Examination,Laboratory Investigation
Bone Marrow Smear Examination and Cytochemistry,Laboratory Investigation
Bone Marrow Smear Examination with Iron Stain,Laboratory Investigation
Bone replacement graft for ridge preservation - per site,Dental Procedure
Botulinum injection for blepharospasm or squint /epiphora/entropion/lid retraction (excluding cost of drug) per eye,Ophthalmology Procedure
Brachial Plexus Exploration and neurotization,Neuro-Surgery Procedure
Brachial plexus study,Neurology Investigation
Brain / Heart FDG PET CT Scan,Nuclear Medicine Investigation
Brain Abscess Tapping,Neuro-Surgery Procedure
Brain Biopsy,Neuro-Surgery Biopsy
Brain Mapping,Neuro-Surgery Investigation
Brain Perfusion SPECT Scan with Technetium 99m radiopharmaceuticals.,Nuclear Medicine Investigation
Breast Lumpectomy + Axilla Dissection,Cancer Surgery
Breast Lumpectomy Alone,Cancer Surgery
Breath Tests (Urea breath test/ H. pylori breath test)/RUT,Gastroenterology / Endoscopic Investigation
Bridge/ Fixed Partial denture (per missing/ extracted tooth) metal crown,Dental Procedure
Bridge/ Fixed Partial denture (per missing/ extracted tooth) metal crown with Ceramic facing,Dental Procedure
Bronchial Sleeve Resection,Cancer Surgery
Bronchial Stent Placement,Cancer Surgery
Bronchial Vascular Sleeve,Cancer Surgery
Bronchoscopy Diagnostic,Cancer Surgery
Bronchoscopy Therapeutic,Cancer Surgery
Bronchoscopy with foreign body (FB) removal,ENT Procedure
Brucella serology,Laboratory Investigation
Buccal/Mucosa Composite resection/Commando.,Cancer Surgery
Buccal/Mucosa wide excision Cheek Flap,Cancer Surgery
Buccal/Mucosa wide excision Peroral,Cancer Surgery
Bucket handle procedure for lid tumours per eye (for non-malignant conditions),Ophthalmology Procedure
Buckle removal per eye,Ophthalmology Procedure
Bulla Stapling,Cancer Surgery
Burr hole evacuation of chronic subdural haematoma,Neuro-Surgery Procedure
Burst Abdomen Suturing,Cancer Surgery
Burst-Abdomen Repair,Obstetrics And Gynaecology Procedure
C ANCA-IFA,Laboratory Investigation
C-Peptide (Connecting Peptide),Laboratory Investigation
C-Reactive Protein (CRP),Laboratory Investigation
C-Reactive Protein (CRP) Quantitative,Laboratory Investigation
C1 Esterase inhibitor (Quantitative ),Laboratory Investigation
C3-COMPLEMENT,Laboratory Investigation
C3F8 GAS Injection intravitreal for descemetopexy/retinopexy/pneumatopexy (per eye),Ophthalmology Procedure
C3d Single Allele Antibody for HLA Class I (C3dLSA Class I) /C3d Single Allele Antibody for HLA Class II (C3dLSA Class II),Oncology Investigations
C4-COMPLEMENT,Laboratory Investigation
CABG without bypass.,Cardiovascular And Cardiac Surgery Procedure
CAN ASSIST,Oncology Investigations
CCND1/IgH: t(11;14),Oncology Investigations
CD 19 and CD 20,Oncology Investigations
"CD 3,4 and 8 Counts",Laboratory Investigation
"CD 3,4 and 8 Percentage",Laboratory Investigation
CK MB Mass/CPK MB Mass,Laboratory Investigation
CLINICAL EXOME SEQUENCING,Oncology Investigations
CLL PANEL FISH,Oncology Investigations
CML Blast Crisis karyotyping,Oncology Investigations
CMV Quantitative (Viral load) Test,Laboratory Investigation
CPK MB/CK MB,Laboratory Investigation
CSF Rhinorrhoea Repair,Neuro-Surgery Procedure
"CSF/Any Body Fluid for Basic studies including cell count, protein, sugar, gram stain, India Ink preparation and smear for AFB",Laboratory Investigation
CT Angio-Neck Vessels,Radiological Investigation
CT Angiography Entire Aorta ( CT Aortogram),Radiological Investigation
CT Coronary Angiography including Calcium Score Test,Radiological Investigation
CT Guided Intervention -Percutaneous catheter drainage/tube placement excluding the cost of tube /catheter,Interventional Radiological Procedure
CT Guided biopsy including all the consumables,Interventional Radiology Procedure
CT Scan / Cone Beam CT (CBCT) Dental,Radiological Investigation
CT Scan Angiography Abdomen,Radiological Investigation
CT Scan Angiography Chest,Radiological Investigation
CT Scan Chest - without contrast (for lungs),Radiological Investigation
CT Scan Enteroclysis,Radiological Investigation
CT Scan Head / Brain- with Contrast -including CT angiography,Radiological Investigation
CT Scan Head/ Brain-Without Contrast / NCCT Head/Brain,Radiological Investigation
CT Scan Limbs -With Contrast including CT angiography,Radiological Investigation
CT Scan Limbs -Without Contrast,Radiological Investigation
CT Scan Lower Abdomen (Incl. Pelvis) Without Contrast / CT KUB without Contrast,Radiological Investigation
CT Scan Lower Abdomen (incl. Pelvis) With Contrast/ CT KUB with Contrast,Radiological Investigation
CT Scan Neck - With Contrast,Radiological Investigation
CT Scan Neck - Without Contrast,Radiological Investigation
CT Scan Orbits - With Contrast,Radiological Investigation
CT Scan Orbits - Without Contrast,Radiological Investigation
"CT Scan Spine (Cervical, Dorsal, Lumbar,Sacral)-without Contrast",Radiological Investigation
CT Scan Temporal bone - without contrast,Radiological Investigation
CT Scan Whole Abdomen With Contrast,Radiological Investigation
CT Scan Whole Abdomen Without Contrast,Radiological Investigation
CT Scan of Para Nasal Sinuses (CT PNS)- With Contrast,Radiological Investigation
CT Scan of Para Nasal Sinuses (CT PNS)- Without Contrast,Radiological Investigation
CT Urography,Radiological Investigation
Caecostomy,Abdomen/GI Surgery Procedure
Caesarean Section(CS) with or without Sterilization including Routine New Born Care,Obstetrics And Gynaecology Procedure
Caesarian Delivery of High Risk Pregnancy(Preeclampsia/Eclampsia/GDM/Cardiac/Vascular/Renal/Pulmonary/Twin Pregnancy/RA/SLE/IVF Conception/Severe Anaemia),Obstetrics And Gynaecology Procedure
Calcidiol / 25-hydroxycholecalciferol / Vitamin D3 assay (Vit D3),Laboratory Investigation
Calcitonin,Laboratory Investigation
Caldwel luc Operation TMH,Cancer Surgery
Canaliculoplasty per eye,Ophthalmology Procedure
Cancer Antigen 125 (CA 125),Laboratory Investigation
Cancer Antigen 15.3 (CA 15.3),Laboratory Investigation
Cancer Antigen 19.9 (CA 19.9),Laboratory Investigation
Cantholysis and canthotomy- Both Eyes,Ophthalmology Procedure
Capsule endoscopy excluding the cost of capsule,Gastroenterology / Endoscopic Procedures
Capsulotomy of Shoulder,Orthopaedics Procedure
Carbamazepine.,Laboratory Investigation
Carcinoembryonic Antigen (CEA),Laboratory Investigation
Cardiac CT scan,Radiological Investigation
Cardiac Catheterization (CATH),Cardiology Investigation
Cardiac PET,Radiological Investigation
Carotid Doppler Bilateral,Radiological Investigation
Carotid Stenting excluding the cost of Stent,Neuro-Surgery Procedure
Carpel Tunnel decompression,Neuro-Surgery Procedure
Cartilage Grafting,Burns And Plastic Surgery Procedure
Cataract extraction with IOL with capsular tension rings (Cionni-s ring)(cost of the ring included) excluding the cost of IOL per eye,Ophthalmology Procedure
Catheter cost of Intracoronary optical coherence tomography (OCT) / Intravascular optical coherence tomography (IVOCT) / Intravascular Ventricular Assist System excluding GST(Procedure cost is included in PTCA),Cardiology Add on Procedure
Cauterization of ulcer/subconjunctival injection in both eyes,Ophthalmology Procedure
Cauterization of ulcer/subconjunctival injection in one eye,Ophthalmology Procedure
Cavernostomy,Nephrology And Urology Procedure
Cell line karyotyping,Oncology Investigations
Central Compartment clearance,Cancer Surgery
Centralization Of Ulna With Arthrodesis,Cancer Surgery
Cephalography,Radiological Investigation
Cervical Biopsy,Obstetrics And Gynaecology Procedure
Cervical Esophagostomy,Cancer Surgery
Cervical Laminoplasty,Neuro-Surgery Procedure
Cervical Neuroblastoma Excision,Cancer Surgery
Cervical Traction (per session),Physiotherapy
Cervical disc arthroplasty,Neuro-Surgery Procedure
Cervical or Dorsal or Lumbar Laminectomy,Neuro-Surgery Procedure
Chalazion incision and curettage in both eyes,Ophthalmology Procedure
Chalazion incision and curettage in one eye,Ophthalmology Procedure
Cheek Advancement,ENT Procedure
Cheek rotation flap for lid tumours per eye (for non-malignant conditions),Ophthalmology Procedure
Chemical Cautery (s)/Cryotherapy,Skin Procedure
Chest Physiotherapy/ Breathing Exercise &Postural Drainage per Session/Post Covid Rehabilitation /Pulmonary Rehabilitation/Cardiac Rehabilitation (per session),Physiotherapy
Chest Wall Excision With Any Lung Oper.,Cancer Surgery
Chest Wall Excision With Reconstruction,Cancer Surgery
Chest Wall Excision Without Reconstruct.,Cancer Surgery
Chest Wall Sinus Exploration,Cancer Surgery
Chikungunya Ig M,Laboratory Investigation
Chimerism Analysis,Oncology Investigations
Chlamydia antibody,Laboratory Investigation
Chlamydia antigen,Laboratory Investigation
Chloride,Laboratory Investigation
Cholecystectomy,Cancer Surgery
Cholecystectomy,Abdomen/GI Surgery Procedure
Cholecystectomy & Exploration of CBD,Abdomen/GI Surgery Procedure
Cholecystectomy Radical,Cancer Surgery
Cholecysto-Jejunostomy,Cancer Surgery
Cholecystostomy,Abdomen/GI Surgery Procedure
Choledocho-Duodenostomy,Cancer Surgery
Choledochoduodenostomy for Atresia of Extra Hepatic Biliary Duct,Paediatric Surgery Procedure
Chromogranin A,Laboratory Investigation
Chromosomal breakage (fragility) studies in Fanconi's Anemia/Aplastic Anemia,Oncology Investigations
Chronic Lymphocytic Leukemia (CLL) Panel,Oncology Investigations
"Chronic Lymphocytic Leukemia Comprehensive Mutation Profile (IGVH Gene Mutation & Usage, T",Oncology Investigations
Chronic Lymphocytic Leukemia IGVH Mutation Detection,Oncology Investigations
Chronic Lymphoproliferative disorder IGVH Mutation Detection,Oncology Investigations
Chronic Lymphoproliferative disorder NOTCH1 mutation / NOTCH2 mutation,Oncology Investigations
Chronic Lymphoproliferative disorder SF3B1 mutation,Oncology Investigations
Chronic Lymphoproliferative disorder TP53 mutation,Oncology Investigations
Circumcision,Cancer Surgery
Circumcision,Nephrology And Urology Procedure
Citrate Urine 24 Hour,Laboratory Investigation
Clavicle Excision,Cancer Surgery
Cleft Lip - Repair.,Burns And Plastic Surgery Procedure
Cleft Palate Repair,Burns And Plastic Surgery Procedure
Clipping of intracranial aneurysm,Neuro-Surgery Procedure
Close Reduction of Dislocations,Orthopaedics Procedure
Close Reduction of Fractures of Limb & POP,Orthopaedics Procedure
Closure of Colostomy,Abdomen/GI Surgery Procedure
Closure of Urethral Fistula,Nephrology And Urology Procedure
Clotting Time,Laboratory Investigation
Coagulation profile,Laboratory Investigation
Coarctation dilatation / Balloon dilatation of Aortic coarctation -Excluding the cost of Balloon,Cardiovascular And Cardiac Surgery Procedure
Coarctation dilatation with Stenting,Cardiovascular And Cardiac Surgery Procedure
Cold Calorie Test for Vestibular function,ENT Investigation
Colectomy Revision,Cancer Surgery
Colectomy Subtotal,Cancer Surgery
Colectomy Total,Cancer Surgery
Collar and cuff sling,Orthopaedics Procedure
Colles Fracture - Below elbow,Orthopaedics Procedure
Colles Fracture - Full plaster,Orthopaedics Procedure
Colles fracture Ant. Or post. slab,Orthopaedics Procedure
Colo-Rectal Anastomosis,Cancer Surgery
Colo-Whipple,Cancer Surgery
Colon (Left Hemicolectomy/Right,Cancer Surgery
Colon (Resection Anastomosis),Cancer Surgery
Colon (Total Proctocolectomy),Cancer Surgery
Colon Replacement of Oesophagus,Paediatric Surgery Procedure
Colonic By-Pass (Multiple/Single),Cancer Surgery
Colonic manometry,Gastroenterology / Endoscopic Investigation
Colonic stenting excluding cost of the stent,Gastroenterology / Endoscopic Procedures
Colonic stricture dilatation,Gastroenterology / Endoscopic Procedures
Coloplasty,Cancer Surgery
Colostomy,Cancer Surgery
Colostomy + Urinary Diversion,Cancer Surgery
Colostomy Closure,Cancer Surgery
Colostomy Left Iliac,Paediatric Surgery Procedure
Colostomy Transverse,Paediatric Surgery Procedure
Colostomy With Closure,Cancer Surgery
Colostomy/Ileostomy Closure,Cancer Surgery
"Colour Doppler, renal arteries/any other organ",Radiological Investigation
ColposcoPy.,Cancer Surgery
Colposcopy,Obstetrics And Gynaecology Procedure
Colpotomy/Post-Coital Tear Repair,Obstetrics And Gynaecology Procedure
Combine Craniofacial Resection,Cancer Surgery
Combined High Sensitivity JAK2 V617F and Exon12 Mutation Detection,Oncology Investigations
Combined Trans-Oral Surgery & Craniovertebral (CV) Junction Fusion,Neuro-Surgery Procedure
Combo Device Implantation excluding the cost of Device,Cardiology Procedure
Common Bile Duct (CBD) stone extraction by ERCP,Gastroenterology / Endoscopic Procedures
Common Bile Duct (CBD) stricture dilatation by ERCP,Gastroenterology / Endoscopic Procedures
Common Bile Duet Excision,Cancer Surgery
Complete Denture - Per Arch,Dental Procedure
"Complete Haemogram/CBC, Hb,RBC Count and Indices,TLC, DLC, Platelet, ESR, Peripheral Smear Examination)",Laboratory Investigation
Complete Perineal Tear-Repair,Obstetrics And Gynaecology Procedure
Complicated Extraction per tooth under LA,Dental Procedure
Composite - Occlusal Pit/Class I,Dental Procedure
Composite -Class I with buccal extension/Class II Class III/Class IV/Class VI/Diastema Closure/MOD,Dental Procedure
Composite resection Tonsil.,Cancer Surgery
Comprehensive Allergy Panel,Laboratory Investigation
Comprehensive Molecular Testing,Oncology Investigations
Comprehensive Myeloma Protein Panel,Laboratory Investigation
Comprehensive Next Generation sequencing assay for Hematolymphoid malignancies,Oncology Investigations
Compressed Air / Piped Oxygen per hour,Critical Care
Concretions removal- Both Eyes,Ophthalmology Procedure
Concurrent-chemoradiation,Chemotherapy
Conduit Repair,Cardiovascular And Cardiac Surgery Procedure
Congenital Atresia & Stenosis of Small Intestine,Paediatric Surgery Procedure
Congenital Diaphragmatic Hernia,Abdomen/GI Surgery Procedure
Congenital Hydrocele,Paediatric Surgery Procedure
Congenital Pyloric Stenosis- operation,Paediatric Surgery Procedure
Conisation,Cancer Surgery
Conisation of cervix/Chemical Cautery of Cervical Ectopy/Erosion,Obstetrics And Gynaecology Procedure
Conjugal microscopy,Gastroenterology / Endoscopic Procedures
Conjunctival Peritomy per eye,Ophthalmology Procedure
Conjunctival wound repair or exploration following blunt trauma per eye,Ophthalmology Procedure
Conservative Plaster of Paris (POP),Orthopaedics Procedure
Constitutional karyotyping,Oncology Investigations
Consultation OPD,Consultation
Consultation OPD- Super speciality/Psychiatry,Consultation
Consultation for Inpatients,Consultation
Continent Urinary Diversion,Cancer Surgery
Continuous Ambulatory Peritoneal Dialysis (CAPD) catheter insertion- Open method,Nephrology And Urology Procedure
Continuous Ambulatory Peritoneal Dialysis (CAPD) catheter insertion- Schlendinger/ Seldinger method,Nephrology And Urology Procedure
Continuous Glucose Monitoring for 2 Weeks,Laboratory Investigation
Continuous Veno venous/Arteriovenous Haemofiltration /Haemofiltration/CRRT per day,Nephrology And Urology Procedure
Contrast Enhanced Computed Tomograpy (CECT) Chest (Including CD),Radiological Investigation
Contrast Hystero-Salpingography (HSG),Radiological Investigation
Coomb-s Test - Direct,Laboratory Investigation
Coomb-s Test - Indirect,Laboratory Investigation
Core build-up/ Post and Core - Custom made /Inlay/onlay,Dental Procedure
Corneal endothelial cell count with specular microscopy- Both Eyes,Ophthalmology Investigation
Corneal grafting-Penetrating keratoplasty per eye,Ophthalmology Procedure
Corneal pachymetry (corneal thickness)/ CCT - Both Eyes,Ophthalmology Investigation
Corneal topography /pentacam- Both Eyes,Ophthalmology Investigation
Coronary Angiography,Cardiology Investigation
Coronary Artery Bypass Graft surgery (CABG),Cardiovascular And Cardiac Surgery Procedure
Coronary Artery Bypass Graft surgery (CABG) + Intra-Aortic Balloon Pump (IABP),Cardiovascular And Cardiac Surgery Procedure
Coronary Artery Bypass Graft surgery (CABG) + Valve Replacement excluding the cost of the valve,Cardiovascular And Cardiac Surgery Procedure
Corpus callostomy for Epilepsy,Neuro-Surgery Procedure
Corrective Osteotomy & Internal Fixation- long bones,Orthopaedics Procedure
Corrective Osteotomy & Internal Fixation- short bones,Orthopaedics Procedure
Cortisol,Laboratory Investigation
Cost of Fractional flow reserve (FFR) Catheter excluding GST (Procedure Charge included in PTCA),Cardiology Add on Procedure
Cost of Intravascular ultrasound (IVUS) Catheter excluding GST(Procedure Charge included in PTCA),Cardiology Add on Procedure
Cost of the Glaucoma valve/Glaucoma Ahmed valve per eye,Ophthalmology Procedure
Covid Antibody Test,Laboratory Investigation
Cranio-Facial resection,ENT Procedure
Cranioplasty,Neuro-Surgery Procedure
Craniotomy and Evacuation of Haematoma - Extradural,Neuro-Surgery Procedure
Craniotomy and Evacuation of Haematoma -Subdural,Neuro-Surgery Procedure
Craniotomy for posterior fossa tumors with navigation,Cancer Surgery
Craniotomy for supratentorial tumors - without navigation,Cancer Surgery
Craniovertebral Junction (CVJ) Fusion procedures,Neuro-Surgery Procedure
Creatine Phosphokinase (CPK)/Creatine Kinase (CK),Laboratory Investigation
Creatinine Clearance,Laboratory Investigation
Cross Match,Laboratory Investigation
Crown - All Metal-Nickel Free,Dental Procedure
Crown - Metal with Ceramic Facing,Dental Procedure
Crown - PMMA Crown,Dental Procedure
Crown - Recementation,Dental Procedure
Crown - Removal,Dental Procedure
Crown lengthening - Per Tooth,Dental Procedure
Cryoglobulins,Laboratory Investigation
Cryptococcal antigen,Laboratory Investigation
Curettage Cement / Bone Graft,Cancer Surgery
Curettage and Root Planning - Per Arch,Dental Procedure
Curettage and Root Planning - Per Tooth,Dental Procedure
Custom Sequencing Assay,Oncology Investigations
Cyclocryotherapy /Trans scleral cyclophotocoagulation TSCPC per eye,Ophthalmology Procedure
Cyclosporine,Laboratory Investigation
Cyst of Maxilla/mandible by enucleation/excision/marsupialization more than 4 cms under GA and admission,Dental Procedure
Cyst of Maxilla/mandible by enucleation/excision/marsupialization more than 4 cms under LA,Dental Procedure
Cyst of Maxilla/mandible by enucleation/excision/marsupialization upto 4 cms under LA,Dental Procedure
Cystectomy Partial,Cancer Surgery
Cystectomy Radical,Cancer Surgery
Cysto-Gastrostomy,Cancer Surgery
Cysto-Litholapaxy,Nephrology And Urology Procedure
Cystojejunostomy or Cystogastrostomy,Abdomen/GI Surgery Procedure
Cystolithotomy -Suprapubic,Nephrology And Urology Procedure
Cystoscopic Botulinum Toxin Injection ( Over active bladder/ Neurogenic bladder) -excluding cost of drug,Nephrology And Urology Procedure
Cystoscopy,Cancer Surgery
Cystoscopy + DJ Stenting,Cancer Surgery
Cystoscopy with Retrograde Catheter - Bilateral/RGP,Nephrology And Urology Procedure
Cystoscopy with Retrograde Catheter -Unilateral/RGP,Nephrology And Urology Procedure
Cystostomy Suprapubic,Cancer Surgery
Cytogenetics,Laboratory Investigation
Cytoreductive Surgery,Cancer Surgery
D Xylose test,Laboratory Investigation
D-Dimer,Laboratory Investigation
DALK- Deep anterior lamellar keratoplasty per eye,Ophthalmology Procedure
DCP (DES Gamma-Carboxy- Prothrombin),Laboratory Investigation
DICER1 Mutation,Oncology Investigations
DJ stent removal,Nephrology And Urology Procedure
DSAEK Descemet-s stripping automated endothelial keratoplasty/DMEK-Descemet membrane endothelial keratoplasty per eye,Ophthalmology Procedure
Dacryocystectomy per eye,Ophthalmology Procedure
Dacryocystography - Bilateral,Ophthalmology Investigation
Dacryocystorhinostomy-Plain,Ophthalmology Procedure
Dacryocystorhinostomy-Plain with intubation and/or with lacrimal implants excluding the cost of implant per eye,Ophthalmology Procedure
Dacryocystorhinostomy-conjunctival with implant excluding the cost of implant per eye,Ophthalmology Procedure
Day Care Charges (Accomidation only ),Ward charges
Debridement of Large wounds including Diabetic Wound under Anaesthesia,General Surgery
Debridement of wounds - Small,General Surgery
Decompressive craniotomy for hemispherical acute subdural haematoma/ brain swelling/large infarct,Neuro-Surgery Procedure
Dehydroepiandrosterone sulfate (DHEAS),Laboratory Investigation
Dengue IgM and Ig G,Laboratory Investigation
Dengue NS1 Ag,Laboratory Investigation
Depressed Fracture Elevation,Neuro-Surgery Procedure
Dermabrasion Face,Burns And Plastic Surgery Procedure
Desmoglein (DSG) 1 And 3 Antibody,Laboratory Investigation
"Dexa Scan Bone Densitometry - Three sites (Spine, Hip &extremity)",Radiological Investigation
Dexa Scan Bone Densitometry - Two sites,Radiological Investigation
Dexa Scan Bone Densitometry Whole body,Radiological Investigation
Diagnostic Angiography,Gastroenterology/Interventional Radiology Investigation
Diagnostic Cystoscopy,Nephrology And Urology Procedure
Diagnostic Digital Subtraction Angiography (DSA) cerebral vessels,Radiological Investigation
Diagnostic Electrophysiological studies conventional (Including catheter),Cardiology Investigation
Diagnostic Hysteroscopy,Cancer Surgery
Diagnostic Hysteroscopy with or without endometrial Biopsy,Obstetrics And Gynaecology Procedure
Diagnostic Peritonioscopy/Laparoscopy,Abdomen/GI Surgery Procedure
Diagnostic endoscopy under GA,ENT Procedure
Diagnostic hysterolaparoscopy(DHL) with or without chromopertubation/Adhesiolysis/ovarian drilling,Obstetrics And Gynaecology Procedure
Diagnostic hysteroscopy with or without polypectomy/endometrial curettage,Obstetrics And Gynaecology Procedure
Diaphragmatic Hernia Repair (Thoracic or Abdominal Approach),Paediatric Surgery Procedure
Differential Leucocytic Count (DLC),Laboratory Investigation
Digital OPG with X ray film/ CD,Dental Investigation
Digital Subtraction Angiography- venogram,Cardiology Investigation
Digital Subtraction Angiography-Peripheral artery,Cardiology Investigation
Dilantin (Phenytoin),Laboratory Investigation
Dilatation & Curettage,Cancer Surgery
Dilatation and Curettage(diagnostic/therapeutic) with or without Polypectomy,Obstetrics And Gynaecology Procedure
Dilatation of Stricture Urethra under G.A.,Nephrology And Urology Procedure
Direct Immunofluorescence (Skin and Kidney Disease etc),Laboratory Investigation
Direct Laryngoscopy including Biopsy under GA,ENT Procedure
Direct Operation on Oesophagus for Portal Hypertension,Abdomen/GI Surgery Procedure
Disarticulations - Major joint,Orthopaedics Procedure
Disarticulations - Minor joint,Orthopaedics Procedure
Discectomy/ Micro Discectomy,Orthopaedics Procedure
Distal biceps tendon repair,Orthopaedics Procedure
Distraction osteogenesis of mandible or maxilla under GA,Dental Procedure
Diurnal variation of IOP - Both Eyes,Ophthalmology Investigation
Diverticulectomy -Endoscopic incision of neck,Nephrology And Urology Procedure
Diverticulectomy -open,Nephrology And Urology Procedure
Diverticulectomy- Lap/Endoscopic,Nephrology And Urology Procedure
Donor Nephrectomy (Laparoscopic),Nephrology And Urology Procedure
Donor Nephrectomy (Open),Nephrology And Urology Procedure
Donor Specific Antibodies (DSA),Oncology Investigations
Dorsal column stimulation for backache in failed back syndrome,Neuro-Surgery Procedure
Double Hip spica,Orthopaedics Procedure
Double Lumen Femoral Catheterization for Haemodialysis,Nephrology And Urology Procedure
"Double Marker (Beta-hCG,PAPP-A)",Laboratory Investigation
Double Switch Operation (DSO),Cardiovascular And Cardiac Surgery Procedure
Double Valve Replacement (DVR),Cardiovascular And Cardiac Surgery Procedure
Double balloon enteroscopy,Gastroenterology / Endoscopic Procedures
Drainage of abscess with anaesthesia,General Procedure
Dressings of wounds,General Procedure
Duodenal Atresia Operation,Paediatric Surgery Procedure
Duodenal Diverticulum,Abdomen/GI Surgery Procedure
Duodenal stricture dilation,Gastroenterology / Endoscopic Procedures
Duodenojejunostomy,Abdomen/GI Surgery Procedure
Duodenotomy,Cancer Surgery
Dynamic Hip Screw (DHS) for Fracture Neck Femur,Orthopaedics Procedure
Dynamic Renography with Captopril,Nuclear Medicine Investigation
Dynamic Renography with Diuretic.,Nuclear Medicine Investigation
Dynamic Renography.,Nuclear Medicine Investigation
EDTA for band shaped keratopathy - Both Eyes,Ophthalmology Procedure
EGFR Mutation DETECTION,Oncology Investigations
EGFR Resistance Mutation (T790m Mutation Analysis),Oncology Investigations
EOG- Electrooculogram - Both Eyes,Ophthalmology Investigation
ER PR Her2 Neu,Oncology Investigations
"ER/PR/Her2neu, Ki67",Oncology Investigations
ERCP (Endoscopic Retrograde Cholangio -Pancreatography) Diagnostic,Gastro and Hepatobiliary Investigation
ERG- Electroretinogram- Both Eyes,Ophthalmology Investigation
EUS (Endoscopic Ultrasound) guided FNAC Excluding the cost of the Needle,Gastroenterology / Endoscopic Procedures
Ear Lobe Repair one side,ENT Procedure
Ectropion surgery- both lids,Ophthalmology Procedure
Ectropion surgery- one lid,Ophthalmology Procedure
Elbow Rplacement,Cancer Surgery
Electrical Muscle Stimulation/Cryotherapy/TENS (per session),Physiotherapy
Electrocardiogram (ECG),Cardiology Investigation
Electroencephalogram (EEG)/ Video EEG,Neurology Investigation
Electrolysis (eye) - Both Eyes,Ophthalmology Procedure
Electromyography (EMG),Neurology Investigation
Electronystagmography (ENG),ENT Investigation
Embolectomy,Cardiovascular And Cardiac Surgery Procedure
En Bloc Excision + Reconstruction,Cancer Surgery
En Bloc Upper Humerus Excision,Cancer Surgery
Endarterectomy (Carotid),Neuro-Surgery Procedure
Endo bronchial Ultrasound (EBUS) -Trans bronchial needle aspiration (TBNA) -Excluding the cost of Needle,Pulmonology Procedure
Endocyclophotocoagulation per eye,Ophthalmology Procedure
Endolymphatic sac decompression,ENT Procedure
Endometrial aspiration cytology/biopsy (including Pipelle Charges),Obstetrics And Gynaecology Procedure
Endoscopic 3rd ventriculostomy,Neuro-Surgery Procedure
Endoscopic Bulking agent Inject (including cost of bulking agent),Nephrology And Urology Procedure
Endoscopic CSF rhinorrhoea repair,Neuro-Surgery Procedure
Endoscopic Dacryocystorhinostomy (DCR),ENT Procedure
Endoscopic Hypophysectomy,ENT Procedure
Endoscopic Laser excision for Hypopharynx,Cancer Surgery
Endoscopic Optic Nerve Decompression,ENT Procedure
Endoscopic Polypectomy - GIT,Gastroenterology / Endoscopic Procedures
Endoscopic Removal of Stone in Bladder,Nephrology And Urology Procedure
Endoscopic Surgery (ENT),ENT Procedure
Endoscopic Sympathectomy,Neuro-Surgery Procedure
Endoscopic aqueductoplasty,Neuro-Surgery Procedure
Endoscopic aspiration of intracerebellar haematoma,Neuro-Surgery Procedure
Endoscopic cranial surgery/Biopsy/aspiration,Neuro-Surgery Procedure
Endoscopic cysto gastrostomy,Gastroenterology / Endoscopic Procedures
"Endoscopic discectomy (Lumbar, Cervical)",Neuro-Surgery Procedure
Endoscopic mucosal resection,Gastroenterology / Endoscopic Procedures
Endoscopic sphincterotomy by ERCP,Gastroenterology / Endoscopic Procedures
Enteral stenting excluding cost of the stent,Gastroenterology / Endoscopic Procedures
Entropion surgery- both lids,Ophthalmology Procedure
Entropion surgery- one lid,Ophthalmology Procedure
Enucleation of the Eye.,Cancer Surgery
Enucleation per eye(for non-malignant conditions),Ophthalmology Procedure
Enucleation with orbital implants and artificial (Cost of implants included) per eye,Ophthalmology Procedure
Epicanthus correction - Both Eyes,Ophthalmology Procedure
Epididymectomy,Nephrology And Urology Procedure
Epigastric Hernia Repair - excluding the cost of mesh and tacker,Abdomen/GI Surgery Procedure
Epilepsy surgery other than at Code No. NS049 and NS050,Neuro-Surgery Procedure
Epiretinal Membrane (ERM) Peeling (per eye),Ophthalmology Procedure
Epiretinal Membrane (ERM) Removal (per eye),Ophthalmology Procedure
Erythrocyte Sedimentation Rate (ESR),Laboratory Investigation
Esophagoscopic Stent,Cancer Surgery
Esophagoscopy-Diagnostic,Cancer Surgery
Esophagoscopy-Therapeutic,Cancer Surgery
Esophagus R.A,Cancer Surgery
Estlander Operation (Estlander flap in plastic surgery of lips),ENT Procedure
Estradiol (E2),Laboratory Investigation
Ethmoidectomy,Cancer Surgery
Evacuation /Excision of Brain Abscess by craniotomy,Neuro-Surgery Procedure
Evaluation under anaesthcsia,Cancer Surgery
Evisceration per eye,Ophthalmology Procedure
Evisceration with orbital implants and artificial (Cost of implants included) prosthesis per eye,Ophthalmology Procedure
Examination under anaesthesia (EUA),Obstetrics And Gynaecology Procedure
Exchange Transfusion,Critical Care
Excision Biopsy of Superficial Lumps,Biopsies
Excision Biopsy of Ulcers,Biopsies
"Excision Biopsy of lid, conjunctiva, cornea per eye",Ophthalmology Procedure
Excision Cholangio + Liver Resection,Cancer Surgery
Excision Cholangiocarcinoma,Cancer Surgery
Excision Gland/Nodule,Cancer Surgery
Excision STS neck/Mass neck.,Cancer Surgery
Excision of Axillary Lymph Node under General Anaesthesia,General Surgery
Excision of Branchial Cyst,ENT Procedure
Excision of Branchial Sinus,ENT Procedure
Excision of Carotid Body / Carotid Body Tumours,ENT Procedure
Excision of Carotid Body tumour.,Cancer Surgery
Excision of Cervical Lymph Node under Local Anaesthesia,General Surgery
Excision of Clivus tumour (skull base + Reconstruction),Cancer Surgery
Excision of Corns,Skin Procedure
Excision of Cystic Hygroma,ENT Procedure
Excision of Cystic Hygroma Extensive,ENT Procedure
Excision of Dermoid Cysts,General Surgery
Excision of Filarial Scrotum,Nephrology And Urology Procedure
Excision of Inguinal Lymph Node under Local Anaesthesia,General Surgery
Excision of Keloid,General Surgery
Excision of Lingual Thyroid,ENT Procedure
Excision of Lobe (Frontal Temporal Cerebellum etc.),Neuro-Surgery Procedure
Excision of Meckel-s Diverticulum,Paediatric Surgery Procedure
Excision of Moles,Skin Procedure
Excision of Molluscum Contagiosum,Skin Procedure
Excision of Pharyngeal Diverticulum,ENT Procedure
Excision of Pilonidal Sinus (open),Abdomen/GI Surgery Procedure
Excision of Pilonidal Sinus with closure,Abdomen/GI Surgery Procedure
Excision of Pinna for non-cancerous Growth/Injuries - Skin Only,ENT Procedure
Excision of Pinna for non-cancerous/ Injuries - Skin and Cartilage,ENT Procedure
Excision of Salivary gland,Dental Procedure
Excision of Sebaceous Cysts,General Surgery
Excision of Small Intestine Fistula,Abdomen/GI Surgery Procedure
Excision of Superficial Lipoma,General Surgery
Excision of Superficial Neurofibroma,General Surgery
Excision of Thyroglossal Cyst/Duct/Fistula,ENT Procedure
Excision of Undescended Testis Tumor,Cancer Surgery
Excision of Vaginal Cyst/Bartholin Cyst/Gartner Cyst,Obstetrics And Gynaecology Procedure
Excision of Vaginal/Uterus Septum,Obstetrics And Gynaecology Procedure
Excision of Venereal Warts,Skin Procedure
Excision of Warts,Skin Procedure
Excision of hyperplastic tissue - per arch,Dental Procedure
Excision of lumps under anaesthesia,General Procedure
Excision of mammary fistula,General Surgery
Excision of mandible-segmental,ENT Procedure
Excision of parapharyngeal mass.,Cancer Surgery
Excision of pinna,Cancer Surgery
Excision of skin Malignancy Head &s Neck.,Cancer Surgery
Excision of the Maxilla,ENT Procedure
Excision of transnasal angiofibroma,Cancer Surgery
Excision of urethral carbuncle,Obstetrics And Gynaecology Procedure
Excision or other Operations for Scaphoid Fractures,Orthopaedics Procedure
Excision/Pericardiac Window Open,Cancer Surgery
Exenteration Anterior/Posterior,Cancer Surgery
Exenteration Total,Cancer Surgery
Exenteration per eye,Ophthalmology Procedure
Exenteration with skin grafting per eye,Ophthalmology Procedure
Exercises /Post Natal Exercises/Prenatal Exercises/Therapeutic Exercises/Orthopaedic Rehabilitation (Joint Replacement/Post Surgery)/Hand Rehab (per session),Physiotherapy
Expansion plate,Dental Procedure
Exploration + Ileo/Colostomy,Cancer Surgery
Exploration Emergency,Cancer Surgery
Exploration of abdominal Haematoma (after laparotomy/ LSCS),Obstetrics And Gynaecology Procedure
Exploration of perineal Haematoma & Repair,Obstetrics And Gynaecology Procedure
Exploratory Laparotomy,Cancer Surgery
Exploratory Laparotomy (Open),Abdomen/GI Surgery Procedure
Exploratory Laporatomy/Thoracotomy (Inoperable),Cancer Surgery
Extended Immune subset for Post Allogenic Stem Cell Transplant Monitoring,Oncology Investigations
"Extended Lipid Profile. (Total cholesterol, LDL,HDL, Triglycerides Apo A1, Apo B,Lp (a) )",Laboratory Investigation
Extensive Burn -above 50% Frist Dressing,Burns And Plastic Surgery Procedure
Extensive Burn -above 50% Subsequent dressing,Burns And Plastic Surgery Procedure
External Fixation,Cancer Surgery
External Loop/event recording - subsequent Days 1000/day (Maximum up to 6 days),Cardiology Investigation
External Loop/event recording -first day Rs.1500,Cardiology Investigation
External Ventricular Drainage (EVD),Neuro-Surgery Procedure
Extracapsular cataract extraction (ECCE) with IOL excluding the cost of IOL per eye,Ophthalmology Procedure
Extracorporeal Irradiation,Cancer Surgery
Extracorporeal Shock Wave Lithotripsy (ESWL),Nephrology And Urology Procedure
Extracranial-Intracranial Bypass Procedures (EC-IC) bypass procedures,Neuro-Surgery Procedure
Extractable Nuclear Antigens (ENA) - Quantitative,Laboratory Investigation
Extraction - Normal Tooth,Dental Procedure
Extraction - Orthodontic Extraction,Dental Procedure
Extraction Impacted - Bony,Dental Procedure
Extraction Impacted - Soft tissue/ 3rd Molar/wisdom tooth extraction,Dental Procedure
"Eye Consultation(857,873,877 cannot be booked )",Consultation
Eye Lid Tumor Excision,Cancer Surgery
Eye laser pulse therapy /Lipiflow/IPL [Intense pulse light] per eye,Ophthalmology Procedure
Eye lid (upper/lower) Excision with reconstruction,Cancer Surgery
Eyelid reconstruction with flap both eyes,Ophthalmology Procedure
Eyelid reconstruction with flap one eye,Ophthalmology Procedure
F-DOPA PET-CT scan,Nuclear Medicine Investigation
FDG Whole body PET CT Scan,Nuclear Medicine Investigation
FISH FOR HER2 Neu,Oncology Investigations
FISH PANEL FOR MYELOMA,Oncology Investigations
FISH Test for C19MC amplification,Oncology Investigations
FISH for 1p33/TAL1 deletion,Oncology Investigations
FISH for t(10;11)(p12;q14)/MLLT10(AF10)/PICALM,Oncology Investigations
FISH for t(11;19)(q23;p13.1)/KMT2A/ELL,Oncology Investigations
FISH for t(5;11)(q35;p15.5) NUP98/NSD1,Oncology Investigations
FISH for t(6;14)(p21;q32) IGH/CCND3,Oncology Investigations
FISH on Bone marrow Smear( 1 marker),Oncology Investigations
FISH on FFPE - Block /Slide (2 markers),Oncology Investigations
FISH on bone marrow smear( 2 markers),Oncology Investigations
FISH test for CDKN2A,Oncology Investigations
FISH test for CEN 10 loss - on Tissue,Oncology Investigations
FISH test for ETV6 break-apart analysis - On Tissue,Oncology Investigations
FISH test for MAML2 break-apart analysis - On Tissue,Oncology Investigations
Facial Nerve Decompression,ENT Procedure
Facial Space Abscess,Dental Procedure
Facial bones - Complicated Reduction with fixation,Dental Procedure
Facial nerve reconstruction,Neuro-Surgery Procedure
Factor Assays-Factor IX,Laboratory Investigation
Factor Assays-Factor VIII,Laboratory Investigation
Factor V Leiden Mutation Detection,Oncology Investigations
Faecal / Faecal fat test/ faecal chymotrypsin/ faecal elastase,Laboratory Investigation
Faecal calprotectin,Laboratory Investigation
FeNO Breathing Test,Pulmonology Investigation
Feeding appliance for Cleft Palate,Dental Procedure
Femoral Hernia Repair - excluding the cost of mesh and tacker,Abdomen/GI Surgery Procedure
Fetal Echo,Radiological Investigation
Fibreoptic examination of Larynx (FOL) under LA,ENT Investigation
Fibrinogen,Laboratory Investigation
Fibro optic Nasal Endoscopy,ENT Investigation
Fibroscan Liver,Radiological Investigation
Fibula Lower End Reconstruction,Cancer Surgery
Fibulectomy,Cancer Surgery
Figure of 8 bandage,Orthopaedics Procedure
Fingers (post slab),Orthopaedics Procedure
Fingers full plaster,Orthopaedics Procedure
Fissure in Ano - Fissurectomy,Abdomen/GI Surgery Procedure
Fissure in Ano with Internal sphincterotomy with fissurectomy.,Abdomen/GI Surgery Procedure
Fistula in Ano - High Fistulectomy,Abdomen/GI Surgery Procedure
Fistula in Ano - Low Fistulectomy,Abdomen/GI Surgery Procedure
Fistula stenosis dilation,Nephrology And Urology Procedure
Fistulogram for Arteriovenous Fistula,Nephrology And Urology Investigation
Fixed orthodontic per arch,Dental Procedure
Flap Reconstructive Surgery - Head and Neck,Burns and Plastic Surgery
Flap Surgery and Bone Graft per quadrant,Dental Procedure
Flap Surgery- Per Quadrant,Dental Procedure
Flap Surgery- Per Tooth,Dental Procedure
Floor of the Mouth -Composition resection.,Cancer Surgery
Floor of the Mouth Wide excision.,Cancer Surgery
Fluorescein angiography for fundus or iris- Both Eyes,Ophthalmology Investigation
Fluorescent PCR + fragment length analysis per Amplicon,Oncology Investigations
Fluoride Application for Children,Dental Procedure
Foetal Haemoglobin (HbF),Laboratory Investigation
Folic Acid Assay.,Laboratory Investigation
Follicle stimulating hormone (FSH),Laboratory Investigation
Fontan Procedure,Cardiovascular And Cardiac Surgery Procedure
Foramen magnum decompression for Chiari Malformation,Neuro-Surgery Procedure
Formation of an Ileal Conduit,Nephrology And Urology Procedure
Fracture Reduction of Nasal Bone,ENT Procedure
Fracture orbital repair per eye,Ophthalmology Procedure
Free Grafts - Large Area 10%,Burns And Plastic Surgery Procedure
Free Grafts - Thiersch- Small Area 5%,Burns And Plastic Surgery Procedure
Free Grafts - Very Large Area 20% and above.,Burns And Plastic Surgery Procedure
Free Grafts - Wolfe Grafts,Burns And Plastic Surgery Procedure
Free Thyroxine (FT4),Laboratory Investigation
Free Triiodothyronine (FT3),Laboratory Investigation
Frenectomy,Dental Procedure
Fructosamine,Laboratory Investigation
Functional Endoscopic Sinus Surgery (FESS) for Antrochoanal polyp,ENT Procedure
Functional Endoscopic Sinus Surgery (FESS) for Ethmoidal polyp,ENT Procedure
Functional orthodontic appliance,Dental Procedure
Fundus Photo Test /disc photo for glaucoma- Both Eyes,Ophthalmology Investigation
Fungal culture,Laboratory Investigation
Fusion Surgery Cervical/ Lumbar Spine up to 2 Level,Orthopaedics Procedure
Gait Assessment (per session),Physiotherapy
Gait Training (per session),Physiotherapy
Galactomannan,Laboratory Investigation
Gallium-68 Peptide PET / CT imaging for Neuroendocrine Tumour,Nuclear Medicine Investigation
Gamma-Glutamyl Transpeptidase (GGTP),Laboratory Investigation
Gaping Abdominal Wound Secondary Suturing,Obstetrics And Gynaecology Procedure
Gaping Perineal Wound Secondary Suturing,Obstetrics And Gynaecology Procedure
Gastrectomy (Bilroth-1)/(Bilroth-2) Distal Radical,Cancer Surgery
Gastrectomy (Radical) + Extended Lymphad,Cancer Surgery
Gastrectomy Partial,Cancer Surgery
Gastrectomy Proximal Radical,Cancer Surgery
Gastrectomy Total,Cancer Surgery
Gastric By-Pass,Cancer Surgery
Gastric Emptying,Gastro and Hepatobiliary/Nuclear Medicine Investigation
Gastric Wedge Resection,Cancer Surgery
Gastro Oesophageal Reflux Study (GER Study),Gastro and Hepatobiliary Investigation
Gastro-Jejunostomy,Cancer Surgery
Gastrointestinal (GIT) Foreign body removal,Gastroenterology / Endoscopic Procedures
Gastrointestinal Bleed (GloB.) Study with Technetium 99m labeled RBCs.,Gastro and Hepatobiliary/Nuclear Medicine Investigation
Gastroschisis Repair,Paediatric Surgery Procedure
Gastroscopy,Cancer Surgery
Gastroscopy/Upper GI Endoscopy with or without Biopsy,Gastroenterology / Endoscopic Procedures
Gastrostomy,Abdomen/GI Surgery Procedure
Gastrostomy,Cancer Surgery
Gastrotomy,Cancer Surgery
GeneCORE Somatic 161 Gene Panel (NGS),Oncology Investigations
GeneXpert Test (Tuberculosis),Laboratory Investigation
General:Fistulography / Sinography/Sialography/Dacrocystography/ T-Tube cholangiogram/Nephrostogram,Radiological Investigation
Genioplasty,ENT Procedure
Gingivectomy - Per Quadrant,Dental Procedure
Gingivoplasty - Per Quadrant,Dental Procedure
Glass ionomer Cement Restoration,Dental Procedure
Glaucoma surgery with Glaucoma valves (Cost of Valve extra) per eye,Ophthalmology Procedure
Globe exploration per eye,Ophthalmology Procedure
Glosectomy-Anterior 2/3rd,Cancer Surgery
"Glossectomy Total,",Cancer Surgery
Glucose (Fasting & PP),Laboratory Investigation
Glucose Tolerance Test (GTT),Laboratory Investigation
Glucose-6-Phosphate Dehydrogenase (G6PD),Laboratory Investigation
Glue injection of varices,Gastroenterology / Endoscopic Procedures
Glutamic Acid Decarboxylase Autoantibodies test (GAD antibodies),Laboratory Investigation
Glycosylated Haemoglobin (HbA1c),Laboratory Investigation
Gonioscopy- Both Eyes,Ophthalmology Investigation
Goniotomy per eye,Ophthalmology Procedure
Green Light Laser for Prostate,Nephrology And Urology Procedure
Groin + liac Node Dissection,Cancer Surgery
Groin Node Dissection,Cancer Surgery
Groin Node Dissection (Bilateral),Cancer Surgery
Groin Node Dissection (Uni),Cancer Surgery
Growth Hormone,Laboratory Investigation
"Growth scan (including BPP, AFI, Doppler)",Radiological Investigation
H pylori serology for Coeliac disease /Celiac disease,Laboratory Investigation
H1N1 (RT-PCR),Laboratory Investigation
HBV genotyping,Laboratory Investigation
HBeAb (Hepatitis B envelope Antibody),Laboratory Investigation
HBeAg (Hepatitis B envelope Antigen),Laboratory Investigation
HBsAg Quantitative,Laboratory Investigation
HCV RNA Quantitative,Laboratory Investigation
HCV genotyping,Laboratory Investigation
HIAA 24 Hours Urinary,Laboratory Investigation
HIV Viral Load by PCR,Laboratory Investigation
HLA B27 (PCR),Laboratory Investigation
"HLA C, DQB Molecular Typing PCR - SSP",Oncology Investigations
HLA Disease Association Next Generation Sequencing HLA-A/B/DRB1/G,Oncology Investigations
HLA Disease Association Sequence based Typing HLA A/B/DRB1,Oncology Investigations
HLA Drug Hypersensitivity Next Generation Sequencing HLA-A/B/DRB1 HLA-A/B/DRB1/G,Oncology Investigations
HLA Drug Hypersensitivity Typing HLA-A/B/DRB1,Oncology Investigations
HLA Loss Chimerism,Oncology Investigations
"HLA-A, B, C, DRB1, DQB1, DPB1 (Sequence Based Typing - SBT)",Oncology Investigations
"HLA-A, B, DRB1 (Sequence Based Typing - SBT)",Oncology Investigations
"HLA-A, B, DRB1(Sequence Specific Oligonucleotide - SSO)",Oncology Investigations
"HLA-C, DQB1(Sequence Specific Oligonucleotide - SSO)",Oncology Investigations
HRR Gene Test,Oncology Investigations
HSV 1 & 2 IgG,Laboratory Investigation
Haemodialysis / Haemodialysis for Sero Positive cases including Dialyser and all other Consumables,Nephrology And Urology Procedure
Haemodialysis / Haemodialysis for Sero negative cases including Dialyser and all other Consumables,Nephrology And Urology Procedure
Haemoglobin (Hb),Laboratory Investigation
Haemorrhoidectomy,General Surgery
Hairy Cell Leukemia Mutation (BRAF V600E) Detection,Oncology Investigations
Head & Neck-contd,Cancer Surgery
Head Up Tilt Test (HUTT),Cardiology Investigation
Hearing Aid Trail,ENT Investigation
Heart Transplant Surgery,Cardiovascular And Cardiac Surgery Procedure
Heller-s Operation,Abdomen/GI Surgery Procedure
Hematolymphoid Malignancy At Diagnosis- Cancer Cytogenetics Testing,Oncology Investigations
Hematolymphoid Malignancy Follow-up- Cancer Cytogenetics Testing,Oncology Investigations
Hemiarthroplasty- Hip,Orthopaedics Procedure
Hemiarthroplasty- Shoulder,Orthopaedics Procedure
Hemicolectomy/Sigmoid Colectomy/transverse-colectomy),Cancer Surgery
Hemiglossectomy Peroral.,Cancer Surgery
Hemiglossectomy peroral neck dissection.,Cancer Surgery
Hemipelvectomy (Paediatric),Cancer Surgery
Hemipelvectomy External,Cancer Surgery
Hemipelvectomy Internal,Cancer Surgery
Hemispherotomy for Epilepsy,Neuro-Surgery Procedure
Hemithyroidectomy,ENT Procedure
Heostomy,Cancer Surgery
Heostomy Closure,Cancer Surgery
Hepatectomy Left Extended,Cancer Surgery
Hepatectomy Left Lateral,Cancer Surgery
Hepatectomy Right,Cancer Surgery
Hepatectomy Right Extended,Cancer Surgery
Hepatic Excision,Cancer Surgery
Hepatic Metastatectomy,Cancer Surgery
Hepatic Port Placement/Port Removal,Cancer Surgery
Hepatic Resections (Lobectomy /Hepatectomy),Abdomen/GI Surgery Procedure
Hepatic Wedge Excision,Cancer Surgery
Hepatico-Jejunostomy,Cancer Surgery
Hepatitis B Core Antibody (HBcAb) Level (Hepatitis B Core IgM Antibody),Laboratory Investigation
Hepatitis B Surface Antigen (HBsAg),Laboratory Investigation
Hepatitis B Virus (HBV) DNA Qualitative,Laboratory Investigation
Hepatitis B Virus (HBV) DNA Quantitative.,Laboratory Investigation
Hepatitis B surface antibody (anti HBs),Laboratory Investigation
Hepatitis C Virus (HCV),Laboratory Investigation
Hepatitis C Virus (HCV) RNA Qualitative.,Laboratory Investigation
Hepatobiliary Scintigraphy.,Gastro and Hepatobiliary/Nuclear Medicine Investigation
Hepatosplenic scintigraphy with Technetium-99m radiopharmaceuticals,Gastro and Hepatobiliary/Nuclear Medicine Investigation
Hereditary Cancer Panel,Oncology Investigations
Hiatus Hernia Repair- Abdominal (excluding cost of mesh and tacker if used),Abdomen/GI Surgery Procedure
Hiatus Hernia Repair- Transthoracic (excluding cost of mesh and tacker if used),Abdomen/GI Surgery Procedure
Hickman Cath. Removal,Cancer Surgery
Hickman Catheterisation,Cancer Surgery
High Orchiectomy,Cancer Surgery
High Orchiectomy + Serotectomy,Cancer Surgery
High Resolution computed Tomography (HRCT Chest),Radiological Investigation
High Sensitivity JAK2 Mutation Detection (V617F),Oncology Investigations
Highly Selective Vagotomy,Abdomen/GI Surgery Procedure
Hip Arthrodesis,Cancer Surgery
Hip Disarticulation,Cancer Surgery
Histone Mutation Detection Assay,Oncology Investigations
Histopathology Examination (HPE) - Frozen Section,Laboratory Investigation
Histopathology Examination (HPE) - Paraffin Section,Laboratory Investigation
Holmium YAG Core through internal Urethrotomy,Nephrology And Urology Procedure
Holmium YAG Optical Internal Urethrotomy (OIU),Nephrology And Urology Procedure
Holmium YAG Prostate Surgery,Nephrology And Urology Procedure
Holmium YAG Stone Lithotripsy,Nephrology And Urology Procedure
Holter analysis per day,Cardiology Investigation
Homocysteine,Laboratory Investigation
Hot Pack/ Cold Pack/Wax Bath/Moist Heat (per session),Physiotherapy
Hot biopsy forceps procedures,Gastroenterology / Endoscopic Procedures
Human Chorionic Gonadotropin (HCG)/ Beta HCG,Laboratory Investigation
Human Immunodeficiency Virus- HIV I and II,Laboratory Investigation
Human papillomavirus (HPV) Serology,Laboratory Investigation
Hydatid Serology,Laboratory Investigation
Hydrocele of Cord,Paediatric Surgery Procedure
Hyoid Suspension,ENT Procedure
Hypersensitive Pneumonitis Panel,Laboratory Investigation
Hysteroscopy Removal of Intra-Uterine Contraceptive Device (IUCD),Obstetrics And Gynaecology Procedure
Hysteroscopy Transcervical Resection of Endometrium (TCRE),Obstetrics And Gynaecology Procedure
ICD Placement,Cancer Surgery
"ICU/CCU/PICU/MICU/HDU (For all categories of ward entitlement, inclusive of Room Rent)",Critical Care
"IGH Characterization IGH/CCND1:t(11;14), IGH/BCL2:t(14;18),BCL6(3q27), MYC(8q24) (4markers",Oncology Investigations
IGHV Gene Mutation,Oncology Investigations
IOL exchange [excluding IOL cost] per eye,Ophthalmology Procedure
IOL explantation per eye,Ophthalmology Procedure
IOL reposition per eye,Ophthalmology Procedure
IOP measurement with Schiotz - Both Eyes,Ophthalmology Investigation
IOP measurement with applanation tonometry - Both Eyes,Ophthalmology Investigation
IRFA/DUSP22 gene rearrangement by FISH,Oncology Investigations
"IVL (Coronary Intra vascular Lithotripsy / Shock wave Lithotripsy - Including GST (Approval of Director, CGHS in consultation with Special Technical Committee (STC) is required for this procedure)",Cardiology Add on Procedure
IgG4,Laboratory Investigation
IgH/BCL2 :t(14;18),Oncology Investigations
Ileal Conduit (Bladder),Cancer Surgery
Ileosigmoidostomy and related resection,Abdomen/GI Surgery Procedure
Ileostomy,Abdomen/GI Surgery Procedure
Ileotransverse Colostomy and related resection,Abdomen/GI Surgery Procedure
Ilizarov Procedure,Cancer Surgery
Ilizarov's External Fixator,Orthopaedics Procedure
Illizarov-s / External Fixation for Trauma,Orthopaedics Procedure
Illizarov/ external fixation for limb lengthening/deformity correction,Orthopaedics Procedure
Image Guided Craniotomy,Neuro-Surgery Procedure
Immunoglobulin A(IgA),Laboratory Investigation
Immunoglobulin G (IgG),Laboratory Investigation
Immunoglobulin M(IgM),Laboratory Investigation
Impedance with stapedial reflex / Impedance Audiometry,ENT Investigation
Imperforate Anus High Anomaly - Closure of Colostomy,Paediatric Surgery Procedure
Imperforate Anus High Anomaly -Sacroabdomino Perineal Pull Through,Paediatric Surgery Procedure
Imperforate Anus Low Anomaly - Perineal Anoplasty,Paediatric Surgery Procedure
Imperforate Anus Low Anomaly -Cut Back Operation,Paediatric Surgery Procedure
Implant Reconstruction (Breast),Cancer Surgery
Implantation of Deep Brain Stimulation (DBS) -One electrode (as per guidelines mentioned in OM.No.Z15025/44/2023/DIR/CGHS/EHS Dated 09.09.2024),Neuro-Surgery Procedure
Implantation of Deep Brain Stimulation (DBS) -two electrodes (as per guidelines mentioned in OM.No.Z15025/44/2023/DIR/CGHS/EHS Dated 09.09.2024),Neuro-Surgery Procedure
Imprint Smear from Endoscopy,Laboratory Investigation
Incision & Drainage,Cancer Surgery
Incision & Drainage under local Anaesthesia (Large),General Procedure
Incision Biopsy of Growths/Ulcers,Biopsies
Incubator charges (Per day),Critical Care
Indirect (anti ds DNA Anti Smith ANCA),Laboratory Investigation
Indirect Ophthalmoscopy (Fundoscopy) - Both Eyes,Ophthalmology Investigation
Indium labelled octreotide Scan,Nuclear Medicine Investigation
Indocyanine green angiography - Both Eyes,Ophthalmology Investigation
Inferior Vena Cava (IVC) Venography and Hepatic Vein (HV Venography),Gastroenterology/Interventional Radiology Procedures
Inferior Vena Cava (IVC) filter implantation- excluding the cost of filter,Cardiovascular And Cardiac Surgery Procedure
Influenza A serology,Laboratory Investigation
Infratemporal fossa clearance.,Cancer Surgery
Inguinal Hernia - Hernioplasty excluding the cost of mesh and tacker,Abdomen/GI Surgery Procedure
Inguinal Hernia Herniorrhaphy,Abdomen/GI Surgery Procedure
Inguinal Herniotomy,Paediatric Surgery Procedure
Inguinal Node Biopsy,Cancer Surgery
Inhibin A,Laboratory Investigation
Inhibin B,Laboratory Investigation
Injection for Varicose Veins (cost of drug/sclerotherapy agent extra),General Surgery
Injection of Keloids - Ganglion,Burns And Plastic Surgery Procedure
Injection of Keloids - Haemangioma,Burns And Plastic Surgery Procedure
Inoperable Laparotomy,Cancer Surgery
Insertion of IUD/IUCD/Pessary,Obstetrics And Gynaecology Procedure
Instrumentation Revision of Shoulder/Knee Replacement,Cancer Surgery
Insulin,Laboratory Investigation
Insulin associated antibody,Laboratory Investigation
Insulin-like growth factor binding protein 3 (IGF- BP3),Laboratory Investigation
Insulin-like growth factor-1 (IGF-1),Laboratory Investigation
Interceptive Orthodontic Treatment of the Primary Dentition/Transition Dentition,Dental Procedure
Intercostal Drainage,General Procedure
Interferon Gamma Release Assay (IGRA),Laboratory Investigation
Interleukin 6 (IL 6),Laboratory Investigation
Internal Fixation of Fractures,Cancer Surgery
Internal Iliac Artery ligation,Obstetrics And Gynaecology Procedure
Internal limiting membrane (ILM) peeling (per eye),Ophthalmology Procedure
Internal urethrotomy -Core through urethroplasty,Nephrology And Urology Procedure
Internal urethrotomy -optical,Nephrology And Urology Procedure
Interphase FISH test for Chr. 1 copy number variations,Oncology Investigations
Interpolated Flap Reconstruction-Extremity.,Cancer Surgery
Interval Sterilization(minilap)-BAT / Male Sterilization(Vasectomy),Obstetrics And Gynaecology Procedure
Interventional Ultrasonography- Chorionic villus sampling (CVS),Obstetrics And Gynaecology Procedure
Interventional radiographic arterial embolization/Uterine artery embolization(UAE),Obstetrics And Gynaecology Procedure
Intra Nasal Diathermy,ENT Procedure
Intra Uterine Insemination,Obstetrics And Gynaecology Procedure
Intra vascular coiling excluding cost of the coils,Cardiology Procedure
Intra-aortic balloon pump (IABP) excluding the cost of the balloon,Cardiology Procedure
Intra-arterial thrombolysis with Tissue Plasminogen Activator (TPA) (for ischemic stroke ),Neuro-Surgery Procedure
Intra-uterine fetal blood transfusion,Obstetrics And Gynaecology Procedure
Intracytoplasmic sperm injection (ICSI),Obstetrics And Gynaecology Procedure
Intradermal (ID) Injection Keloid (Intralesional Injection) including the cost of the drug,Skin Procedure
Intralase application for keratoconus /CAIRS Corneal allogenic intrastromal ring segments per eye excluding the cost of the rings,Ophthalmology Procedure
Intraocular foreign body removal per eye,Ophthalmology Procedure
Intraoral Occlusal/Bite Wing X-Ray,Dental Investigation
Intraoral Periapical (IOPA) Radiograph X-ray/RVG(Single Film),Dental Investigation
Intravenous Pyelography (IVP),Radiological Investigation
Intravesical Instillation of BCG excluding the cost of BCG,Chemotherapy
Intravitreal Injection of drugs (Ranibizumab/ Aflibercept etc) excluding the cost of the drug per eye,Ophthalmology Procedure
"Intravitreal Insertion of Drug Implant excluding cost of the Drug Implant (Ozurdex,...etc) per eye",Ophthalmology Procedure
Intravitreal injections of antibiotics excluding the cost of the antibiotic per eye,Ophthalmology Procedure
Intussusception Operation,Paediatric Surgery Procedure
Inversion of Uterus - Abdominal Reposition,Obstetrics And Gynaecology Procedure
Inversion of Uterus - Vaginal Reposition,Obstetrics And Gynaecology Procedure
Iodine-131 Whole Body Scan,Nuclear Medicine Investigation
Iridodialysis repair or pupillary reconstruction /Cyclodialysis repair per eye,Ophthalmology Procedure
Iris cyst removal /synechiolysis/surgical iridectomy per eye,Ophthalmology Procedure
Islet cell antibody,Laboratory Investigation
Ivor Lewis,Cancer Surgery
JAK2 Exon 12 Mutation Detection,Oncology Investigations
"JAK2V617 MUTATION, WITH REFLEX TO JAK2 EX-12,CALR EX-9 MUTATION AND MPL W515, S505 MUTATION",Oncology Investigations
Jaw Tumour excision,Cancer Surgery
Jaw cyst Enucleation,Cancer Surgery
Jejunal Transposition,Cancer Surgery
Jejunostomy,Abdomen/GI Surgery Procedure
Jejunostomy/Gastrostomy,Cancer Surgery
Joints Aspiration,Orthopaedics Procedure
Jugular Catheterization for Haemodialysis,Nephrology And Urology Procedure
Junction biopsy,Gastroenterology / Endoscopic Procedures
KI67,Oncology Investigations
KIR Typing,Oncology Investigations
KMT2A Characterization for AML,Oncology Investigations
KMT2A Characterization for B-ALL,Oncology Investigations
KOH Mount,Laboratory Investigation
KRAS + NRAS + BRAF + Mutation Profile,Oncology Investigations
"Kappa Lambda Light Chains, Free, Serum/ Serum free light chains (SFLC)",Laboratory Investigation
Keratoconus correction with therapeutic contact lenses - Both Eyes,Ophthalmology Procedure
Keratoprosthesis stage I and II per eye,Ophthalmology Procedure
"Kidney Function Test (KFT)- (Sr.Creatinine,Blood Urea,BUN,Sr.Uric Acid,Sr.Sodium,Sr.Potassium,Urine R/E)",Laboratory Investigation
Kidney Transplant Graft Nephrectomy,Nephrology And Urology Procedure
Kidney Transplantation (Cadaver),Nephrology And Urology Procedure
Kidney Transplantation (Spousal/ unrelated) Including immunosuppressant therapy,Nephrology And Urology Procedure
Kidney Transplantation (related),Nephrology And Urology Procedure
Knee Arthrodesis,Cancer Surgery
Knee Arthrodesis with Turnoplasty/Allograft Spinal Decompression + Reconstruction/,Cancer Surgery
Knee Collateral Ligament Reconstruction,Orthopaedics Procedure
Knife/Punch/ Excision Biopsy of Tumaur.,Cancer Surgery
Kyphoplasty excluding the cost of implants,Neuro-Surgery Procedure
Labyrinthectomy,ENT Procedure
Lactate dehydrogenase (LDH),Laboratory Investigation
Laminectomy for intramedullary tumors,Cancer Surgery
Laparoscopic Adrenalectomy,Abdomen/GI Surgery Procedure
Laparoscopic Anterior Resection (of Intestine/Rectum),Abdomen/GI Surgery Procedure
Laparoscopic Appendectomy,Abdomen/GI Surgery Procedure
Laparoscopic Broad Ligament Hematoma Drainage with repair,Obstetrics And Gynaecology Procedure
Laparoscopic Cholecystectomy,Abdomen/GI Surgery Procedure
Laparoscopic Excenteration (Anterior),Cancer Surgery
Laparoscopic Excenteration (Posterior),Cancer Surgery
Laparoscopic Excenteration (Total),Cancer Surgery
Laparoscopic Fundoplication,Abdomen/GI Surgery Procedure
Laparoscopic GI bypass operation,Abdomen/GI Surgery Procedure
Laparoscopic Hemicolectomy,Abdomen/GI Surgery Procedure
Laparoscopic Hernia - Inguinoplasty (excluding the cost of Tacker and Mesh),Abdomen/GI Surgery Procedure
Laparoscopic Hysterectomy,Cancer Surgery
Laparoscopic Nephrectomy,Cancer Surgery
Laparoscopic Nephrectomy,Nephrology And Urology Procedure
Laparoscopic Nephroureterectomy,Nephrology And Urology Procedure
Laparoscopic Paraumbilical Hernia Repair (excluding the cost of Tacker and Mesh),Abdomen/GI Surgery Procedure
Laparoscopic Pelvic Node Dissection,Cancer Surgery
Laparoscopic Pyeloplasty,Nephrology And Urology Procedure
Laparoscopic Radical Hysterectomy,Cancer Surgery
Laparoscopic Removal of hydatid cyst,Abdomen/GI Surgery Procedure
Laparoscopic Retroperitoneal Node Dissection,Cancer Surgery
Laparoscopic Splenectomy,Abdomen/GI Surgery Procedure
Laparoscopic Total Colectomy,Abdomen/GI Surgery Procedure
Laparoscopic Treatment of Ectopic Pregnancy-Milking/Salpingotomy/Salpingectomy,Obstetrics And Gynaecology Procedure
Laparoscopic Treatment of Pseudo Pancreatic cyst,Abdomen/GI Surgery Procedure
Laparoscopic Ventral Hernia Repair (excluding the cost of Tacker and Mesh),Abdomen/GI Surgery Procedure
Laparoscopic Whipple's operation (Laparoscopic Pancreaticoduodenectomy),Abdomen/GI Surgery Procedure
Laparoscopic abdominal colpopexy/sacro-colpopexy,Obstetrics And Gynaecology Procedure
Laparoscopic pyelolithotomy,Nephrology And Urology Procedure
Laparoscopic recanalization of Fallopian tubes-(Tuboplasty),Obstetrics And Gynaecology Procedure
Laparoscopic sling operations for prolapse uterus,Obstetrics And Gynaecology Procedure
Laparoscopic surgery for Renal cyst,Nephrology And Urology Procedure
Laparoscopic treatment for stress incontinence,Obstetrics And Gynaecology Procedure
Laparoscopic ureterolithotomy,Nephrology And Urology Procedure
Laparoscopically Assisted Vaginal Hysterectomy (LAVH) with or without BSO,Obstetrics And Gynaecology Procedure
Laparoscopy,Cancer Surgery
Laparoscopy Diagnostic,Cancer Surgery
Laparoscopy Sterilization/Laproscopic tubal occlusion(LTO),Obstetrics And Gynaecology Procedure
Laparoscopy Therapeutic/ Exploratory,Cancer Surgery
Laparotomy For Staging,Cancer Surgery
Laparotomy abdominal sacro-colpopexy,Obstetrics And Gynaecology Procedure
Laparotomy for Ectopic Pregnancy,Obstetrics And Gynaecology Procedure
Laparotomy peritonitis Lavage and Drainage,Obstetrics And Gynaecology Procedure
Laparotomy recanalization of Fallopian tubes-(Tuboplasty),Obstetrics And Gynaecology Procedure
Laryngectomy,ENT Procedure
Laryngectomy Near total,Cancer Surgery
Laryngectomy-Partial,Cancer Surgery
Laryngectomy-Total.,Cancer Surgery
Laryngofissure,ENT Procedure
Laryngopharyngectomy Total with Gast.pullup.,Cancer Surgery
Laryngoscopy Direct.,Cancer Surgery
Laser Ablation of Varicose Veins,Cardiovascular And Cardiac Surgery Procedure
Laser Aretynoidectomy.,Cancer Surgery
Laser Fulguration for rccurrent lesions.,Cancer Surgery
Laser Subglottic Tracheal Stenosis,Cancer Surgery
Laser Trabeculoplasty Gonioplasty - Both Eyes,Ophthalmology Procedure
Laser exciston-Supraglottic.,Cancer Surgery
Laser fulguration Respiratory Papilloma,Cancer Surgery
Laser fulguration/Excision Trachea.,Cancer Surgery
Lateral Rhinotomy,ENT Procedure
Lateral mass C1-C2 screw fixation,Neuro-Surgery Procedure
Lees- charting or Hess- charting- Both Eyes,Ophthalmology Investigation
Left Hemicolectomy,Abdomen/GI Surgery Procedure
Leptospira Ig M,Laboratory Investigation
"Lesioning procedures for Parkinson-s disease,Dystonia etc.",Neuro-Surgery Procedure
Level 1- Brachytherapy (Eye Plaque or SIVA or CVS per insertion or application),Radiotherapy
Level 1- Radiation Therapy (1-10 fractions on Cobalt),Radiotherapy
"Level 2- Brachytherapy (Simple ICA with Xray based 2D planning, ILRT, Endobilliary BCT)",Radiotherapy
Level 2- Radiation Therapy(More than 10 fractions on Cobalt OR Upto 10 fractions on LA clinical (without CT or TPS planning) without IGRT OR Hemibody palliative RT (1-2 fractions weekly)),Radiotherapy
"Level 3- Brachytherapy(Surface Mould, Radical Interstitial BCT, Intraoperative Template or interstitial brachytherapy catheter insertion)",Radiotherapy
Level 3- Radiation Therapy (LA 3D with conventional fractionation of 2-5 Gy OR Weekly hypofractionation of >5 Gy with 3D CRT plan in 1-2 fractions. No IGRT allowed.),Radiotherapy
Level 4- Brachytherapy (ICA with CT based Planning),Radiotherapy
Level 4- Radiation therapy (LA 3D with IGRT conventional fractionation of 2- 5 Gy OR Weekly hypofractionation >5 Gy with 3D CRT plan in 1-2 fractions. with IGRT),Radiotherapy
Level 5- Brachytherapy (Complex ICA with interstitial with CT or MR based planning),Radiotherapy
Level 5- Radiation Therapy (LA IMRT/ Rapid Arc/VMAT with < 5Gy per fraction and <10 IGRT (CBCT or MVCT or EPID) OR Cobalt Radical with LA boost including electron boost OR TSET OR TBI),Radiotherapy
Level 6- Radiation Therapy (LA 4D/DE or DIBH with 3D CRT/ IMRT/ Rapid Arc/VMAT with >10 IGRT (CBCT or MVCT or EPID) OR LA IMRT/ Rapid Arc/VMAT with <5Gy per fraction and >10 IGRT (CBCT or MVCT or EPID) OR Adaptive RT OR CSI OR Multisite treatment outside one FOV or one plan OR SBRT OR SRS OR SRT (per fraction dose >5Gy)),Radiotherapy
Lid Abscess incision and Drainage per eye,Ophthalmology Procedure
Lid retraction repair per eye,Ophthalmology Procedure
Limited Orthodontic Treatment of the Primary Dentition,Dental Procedure
"Lineage specific Chimerism - B Cell, T Cell and NK Cells",Oncology Investigations
Lintas Machles Tube Tempode,Gastroenterology / Endoscopic Procedures
Lipi View Both Eyes,Ophthalmology Investigation
Lipi View One Eye,Ophthalmology Investigation
"Lipid Profile (Total cholesterol ,Triglycerides, LDL, HDL,VLDL)",Laboratory Investigation
Lipoprotein A / Lp A,Laboratory Investigation
Liquid Biopsy (Onco),Oncology Investigations
Lithium,Laboratory Investigation
Liver Biopsy,Biopsies
Liver Function Test (LFT),Laboratory Investigation
Lobectomy/Bi-lobectomy (Pulmonary),Cancer Surgery
Local Flap Reconstruction (Extremity),Cancer Surgery
Loop Colostomy Transverse Sigmoid,Abdomen/GI Surgery Procedure
Low Density Lipoprotein (LDL),Laboratory Investigation
Lower GI Endoscopy(Colonoscopy/Sigmoidoscopy) with or without Biopsy,Gastroenterology / Endoscopic Procedures
Lumbar Discectomy,Neuro-Surgery Procedure
Lumbar Pressure Monitoring,Neuro-Surgery Investigation
Lumbar Puncture,Neuro-Surgery Procedure
Lumbar Traction (per session),Physiotherapy
Lumbar disc arthroplasty,Neuro-Surgery Procedure
Lung Basic Panel By NGS,Oncology Investigations
Lung Perfusion Scan,Pulmonology Investigation
Lung Ventilation & Perfusion Scan (V/Q Scan),Pulmonology Investigation
Lung Wedge Resection,Cancer Surgery
Luteinizing hormone (LH),Laboratory Investigation
Lymph Node Biopsy Superficial,Cancer Surgery
Lymphadenectomy,Cancer Surgery
Lymphangiography,Cardiology Investigation
Lymphocoele Drainage,Cancer Surgery
Lymphoma Panel,Oncology Investigations
Lymphoplasmacytic Leukemia / Waldenstroms Macroglobulinemia Mutation (MYD88 L265P) Detection,Oncology Investigations
MDS Panel,Oncology Investigations
MECOM (EVI1) rearrangement: inv(3)(q21.3q26.2)/t(3;3),Oncology Investigations
MGMT PCR,Oncology Investigations
MLPA per gene,Oncology Investigations
MPN (Myelo Proliferative Neoplasm)PANEL,Oncology Investigations
MR Enteroclysis,Radiological Investigation
MR Temporal Bone/ Inner ear with contrast,Radiological Investigation
MR cholecysto-pancreatography (MRCP),Radiological Investigation
MR for Salivary Glands with Sialography/Maxillofacial MRI,Radiological Investigation
MRI Abdomen - With Contrast,Radiological Investigation
MRI Abdomen - Without Contrast,Radiological Investigation
MRI Angiography - with contrast,Radiological Investigation
MRI Ankle Single joint - Without contrast,Radiological Investigation
MRI Ankle both joints - With contrast,Radiological Investigation
MRI Ankle both joints - Without contrast,Radiological Investigation
MRI Ankle single joint - With contrast,Radiological Investigation
MRI Breast - With Contrast,Radiological Investigation
MRI Breast - Without Contrast,Radiological Investigation
MRI Cardiac,Radiological Investigation
MRI Cervical/ Cervico Dorsal Spine - With Contrast,Radiological Investigation
MRI Chest - With Contrast,Radiological Investigation
MRI Chest - Without Contrast,Radiological Investigation
MRI DEFECOGRAPHY,Radiological Investigation
MRI Dorsal/ Dorso Lumbar Spine - With Contrast,Radiological Investigation
MRI Dorsal/ Dorso Lumbar Spine/Cervical/ Cervico Dorsal Spine - Without Contrast,Radiological Investigation
MRI Extremities - With contrast,Radiological Investigation
MRI Extremities - Without contrast,Radiological Investigation
MRI FISTULOGRAM,Radiological Investigation
MRI Head / Brain - Without Contrast,Radiological Investigation
MRI Head / Brain- With Contrast,Radiological Investigation
MRI Hip - With contrast,Radiological Investigation
MRI Hip - without contrast,Radiological Investigation
MRI Lumbar/ Lumbo-Sacral Spine - With Contrast,Radiological Investigation
MRI Lumbar/ Lumbo-Sacral Spine - Without Contrast,Radiological Investigation
MRI Mammography,Radiological Investigation
MRI Nasopharynx and PNS - With Contrast,Radiological Investigation
MRI Nasopharynx and PNS - Without Contrast,Radiological Investigation
MRI Neck - Without Contrast,Radiological Investigation
MRI Neck- with contrast,Radiological Investigation
MRI Orbits - With Contrast,Radiological Investigation
MRI Orbits - Without Contrast,Radiological Investigation
MRI Pelvis - Without Contrast,Radiological Investigation
MRI Pelvis - with contrast,Radiological Investigation
MRI SPECTROSCOPY,Radiological Investigation
MRI Shoulder - With contrast,Radiological Investigation
MRI Shoulder - Without contrast,Radiological Investigation
MRI Shoulder both joints - With contrast,Radiological Investigation
MRI Temporal Bone/ Inner ear without contrast,Radiological Investigation
MRI Temporomandibular - B/L - With contrast / MRI TMJ (Double Joint) with contrast,Radiological Investigation
MRI Temporomandibular - B/L - Without contrast / MRI -TMJ(Double Joint) without contrast,Radiological Investigation
MRI Whole spine - Without Contrast,Radiological Investigation
MRI Wrist Both joints - With contrast,Radiological Investigation
MRI Wrist Single joint - With contrast,Radiological Investigation
MRI Wrist Single joint - Without contrast,Radiological Investigation
MRI Wrist both joints - Without contrast,Radiological Investigation
MRI knee Single joint - With contrast,Radiological Investigation
MRI knee Single joint - Without contrast,Radiological Investigation
MRI knee both joints - With contrast,Radiological Investigation
MRI knee both joints - Without contrast,Radiological Investigation
MRI shoulder both Joints - Without contrast,Radiological Investigation
MRI whole Spine Screening- Without Contrast,Radiological Investigation
MRI-Prostate (Multi-parametric) (Including CD),Radiological Investigation
MSI ( Micro Satellite Instability) and MMR (Mis Match Repair),Oncology Investigations
MYD88 L265 Mutation Detection Test,Oncology Investigations
Macular hole surgery- Vitrectomy +membrane peeling + ILM peeling+ fluid air exchange+endolaser+ gas/silicon oil tamponade per eye,Ophthalmology Procedure
Malar and/or Zygomatic arch - Closed Reduction,Dental Procedure
Malar and/or Zygomatic arch - Open Reduction,Dental Procedure
Malrotation & Volvulus of the Midgut,Paediatric Surgery Procedure
Malrotation of Intestines Operation,Paediatric Surgery Procedure
Malyugin Ring /pupil dilator/iris expander per eye,Ophthalmology Procedure
Manchester/Fothergill-s operation,Obstetrics And Gynaecology Procedure
Mandible - Closed Reduction,Dental Procedure
Mandible - Open Reduction,Dental Procedure
Mandible Curettage.,Cancer Surgery
"Mandibulectomy- Hemi.,/Marginal/Segmental including",Cancer Surgery
Mantoux Test,Laboratory Investigation
Manual Removal of Placenta,Obstetrics And Gynaecology Procedure
Mastoidectomy,ENT Procedure
Mastoidectomy plus Ossiculoplasty including TORP (Total Ossicular Replacement Prosthesis) or PORP (Partial Ossicular Replacement Prosthesis),ENT Procedure
Maxila Curettage.,Cancer Surgery
Maxilla - Closed Reduction,Dental Procedure
Maxilla - Open Reduction,Dental Procedure
Maxillectomy- partial with graft,Dental Procedure
Maxillectomy- partial without graft,Dental Procedure
Maxillectomy-Median/Partial/Total/Total with exenteration.,Cancer Surgery
Maxillectomy/Mandibulectomy- Total with graft,Dental Procedure
Maxillectomy/Mandibulectomy- Total without graft,Dental Procedure
Maxillofacial Prosthesis -Sal/auricular/orbital/Nasal/Palatal/facial lost/ Speech Aid,Dental Procedure
Meatoplasty,Cancer Surgery
Meatoplasty,Nephrology And Urology Procedure
Meatotomy,Nephrology And Urology Procedure
Mechanical lithotripsy of CBD stones by ERCP,Gastroenterology / Endoscopic Procedures
Mechanical lithotripsy of pancreatic stones,Gastroenterology / Endoscopic Procedures
Meckel's Scan,Gastro and Hepatobiliary/Nuclear Medicine Investigation
Meconium Ileus Operation,Paediatric Surgery Procedure
Median Nerve Decompression,Neuro-Surgery Procedure
Mediastinal Lymph Node Dissection,Cancer Surgery
Mediastinal Tumor Excision,Cancer Surgery
Mediastinoscopy,Cancer Surgery
Mediatsinal Neuroblastoma Excision,Cancer Surgery
Medical Termination of Pregnancy (MTP) - 2nd Trimester /Suction and Evacuation/Dilatation and Curettage/Dilatation and expulsion,Obstetrics And Gynaecology Procedure
Medical Termination of Pregnancy (MTP)- 1st Trimester with Medicine /Manual Vacuum Aspiration /Check Curettage,Obstetrics And Gynaecology Procedure
Medication -intracanal medicament (only lesion cases),Dental Procedure
Membranectomy both eyes,Ophthalmology Procedure
Membranectomy one eye,Ophthalmology Procedure
Meningoencephalocele excision and repair,Neuro-Surgery Procedure
Meningomyelocele Repair,Neuro-Surgery Procedure
Meniscectomy,Orthopaedics Procedure
Meniscus Repair,Orthopaedics Procedure
Mesenteric Cyst- Excision,Abdomen/GI Surgery Procedure
Mesentericocaval Anastomosis,Abdomen/GI Surgery Procedure
Metastatectomy (Both Lungs),Cancer Surgery
Metastatectomy (Single Lung),Cancer Surgery
Methylprednisolone Injection IV Infusion per day Excluding the cost of the drug,Ophthalmology Procedure
Micro laryngoscopy Chord stripping (Laser)/Laser,Cancer Surgery
Micro vascular Breast Reconstruction,Cancer Surgery
Micro-surgical Vasovasostomy /Vaso epididymal anastomosis .,Nephrology And Urology Procedure
Microdochectomy,Cancer Surgery
Microincisional trabeculectomy(MIT) per eye,Ophthalmology Procedure
Microlaryngeal Surgery,ENT Procedure
Microsurgical decompression for Trigeminal nerve,Neuro-Surgery Procedure
Microsurgical decompression for hemifacial spasm,Neuro-Surgery Procedure
Microvascular Reconstruction (Extremity),Cancer Surgery
Micturating Cystourethrography (MCU),Radiological Investigation
Minerva Jacket,Orthopaedics Procedure
Mini Fixator for Hand/Foot,Orthopaedics Procedure
Minor Treatment to Control Habits-Fixed Appliance Therapy,Dental Procedure
Minor Treatment to Control Habits-Removable Appliance Therapy,Dental Procedure
"Minor oral surgery, cyst, granuloma, residual infection, mucocele, epulis under LA",Dental Procedure
Miscellaneous Profile I(1 marker),Oncology Investigations
Miscellaneous profile II(2 markers),Oncology Investigations
Mitral valve (MV) Repair + Aortic valve (AV) Repair / Tricuspid Valve (TV) Repair + Pulmonary valve (PV) repair,Cardiovascular And Cardiac Surgery Procedure
Mitral valve Replacement(MVR)/ Aortic valve Replacement (AVR)/ Tricuspid Valve Replacement (TVR) / Pulmonary valve replacement (PVR),Cardiovascular And Cardiac Surgery Procedure
Monosomy 5/deletion 5q,Oncology Investigations
Monosomy 7/deletion 7q,Oncology Investigations
More than 2 Intermediate Procedures,Cancer Surgery
Mucous membrane grafting MMG one eyelid,Ophthalmology Procedure
Mucous membrane grafting MMG two eyelids,Ophthalmology Procedure
Multi Organ Excision,Cancer Surgery
Multigene NGS Germline Panel,Oncology Investigations
"Multiple Extraction and Treatment Procedures for Special Children, Patients with Systemic Diseases, Patient with Special Needs Which Requires Admission and Treatment Under GA",Dental Procedure
Multiple Myeloma (MM) Panel,Oncology Investigations
Multiple Myeloma High Risk Markers (4 Markers),Oncology Investigations
Multiple Myeloma Screening Panel,Oncology Investigations
Multiple Pinning Fracture Neck Femur,Orthopaedics Procedure
Multiple drugs Chemotherapy/Targeted therapy/Immunotherapy,Chemotherapy
Multiple hearing assessment test to Adults,ENT Investigation
Muscle Biopsy,Biopsies
Muscle Group Excision,Cancer Surgery
Muscular Stenting,Gastroenterology / Endoscopic Procedures
Mycobacterial culture and sensitivity,Laboratory Investigation
Myelin basic protein (MBP),Laboratory Investigation
Myelodysplastic Syndromes karyotyping,Oncology Investigations
Myelography,Radiological Investigation
Myocutaneous and Fasciocutaneous Flap Procedures for Limbs,Orthopaedics Procedure
Myomectomy -laparoscopic,Obstetrics And Gynaecology Procedure
Myomectomy -laparotomy,Obstetrics And Gynaecology Procedure
Myositis Profile (Up to 16 Antigens),Laboratory Investigation
Myringoplasty,ENT Procedure
Myringotomy with Grommet Insertion,ENT Procedure
N-terminal pro BNP (NT-pro BNP / Brain natriuretic peptide (BNP),Laboratory Investigation
NGS HLA Typing,Oncology Investigations
NGS Platform-extended Panel >50 gene,Oncology Investigations
NGS Platform-limited Panel(10 Genes),Oncology Investigations
NRAS (Neuroblastoma RAS ) Gene,Oncology Investigations
Nasal Packing-Posterior,ENT Procedure
Nasal Packing-anterior,ENT Procedure
Nebulization Per Session,Critical Care
Neck Biopsy-excisional.,Cancer Surgery
Neck Dissection-Bilateral.,Cancer Surgery
Neck Dissection-Functional/Modified/ supra omohyoid,Cancer Surgery
Neck Exploration.,Cancer Surgery
Neoadjuvant Chemotherapy,Chemotherapy
Neobladder,Cancer Surgery
Neonatal ICU charges (Per day) inclusive of incubator,Critical Care
Neostigmine test - Both Eyes,Ophthalmology Investigation
Nephrectomy Partial,Cancer Surgery
Nephrectomy Radical,Cancer Surgery
Nephrectomy Radical + IVC Thrombectomy,Cancer Surgery
Nephrectomy Simple -Open,Nephrology And Urology Procedure
Nephrectomy for - Hydronephrosis,Paediatric Surgery Procedure
Nephrectomy for -Pyonephrosis,Paediatric Surgery Procedure
Nephrolithotomy -Laparoscopic/endoscopic,Nephrology And Urology Procedure
Nephrolithotomy -open,Nephrology And Urology Procedure
Nephrostomy -Lap/Endoscopic,Nephrology And Urology Procedure
Nephrostomy -Open,Nephrology And Urology Procedure
Nephroureterectomy,Cancer Surgery
Nephroureterectomy open,Nephrology And Urology Procedure
Nerve Biopsy,Neuro-Surgery Biopsy
Nerve Repair with Grafting,Orthopaedics Procedure
"Nerve conduction velocity (NCV), -two or more limbs",Neurology Investigation
Neuro Rehabilitation Advanced (per session),Physiotherapy
Neurolysis/Nerve repair,Orthopaedics Procedure
Next Generation sequencing assay for Minimal residual disease(MRD) for NPM mutated AML,Oncology Investigations
Next generation RNA sequencing assay for Chimeric Trancript in Hematolymphod malignancies,Oncology Investigations
Night Guard,Dental Procedure
Node Biopsy,Cancer Surgery
Non Contact tonometry (NCT) - Both Eyes,Ophthalmology Investigation
Non Stress Test,Obstetrics Investigation
Non invasive Ventilator charges (Per day)( inclusive of associated disposables),Critical Care
Non-descent Vaginal Hysterectomy (NDVH) with or without BSO,Obstetrics And Gynaecology Procedure
Nonresectable Esophageal Ca Exploration,Cancer Surgery
"Normal Delivery of High Risk Pregnancy(Preeclampsia/Eclampsia/GDM/Cardiac/Vascular/Renal/Pulmonary/Twin Pregnancy/RA/SLE/IVF Conception/Severe Anaemia,)",Obstetrics And Gynaecology Procedure
Normal delivery with or without Episiotomy & P.repair/ forceps delivery /Vacuum delivery/assisted breech delivery including Routine New Born Care,Obstetrics And Gynaecology Procedure
OAE (Otoacoustic Emission Test),ENT Investigation
OCT (Optical Coherence Tomography) /Ocular OCT Angiography - Both Eyes,Ophthalmology Investigation
Obturator Prosthesis - Surgical/Definitive/Modification,Dental Procedure
Occlusion Analysis/Adjustment/Occlusal Equilibration,Dental Procedure
Occupational Therapy per session of at least 40 minutes,Behavioural therapy
Odontoplasty /Enameloplasty,Dental Procedure
Oesophageal Intubation (Mousseau Barbin Tube),Abdomen/GI Surgery Procedure
Oesophageal Manometry,Gastroenterology / Endoscopic Procedures
Oesophageal Stricture dilatation,Gastroenterology / Endoscopic Procedures
Oesophageal pH metry,Gastroenterology / Endoscopic Procedures
Oesophageal stenting excluding the cost of stent,Gastroenterology / Endoscopic Procedures
Oesophagoscopy with foreign body removal from Oesophagus,ENT Procedure
Of Internal Stenting,Cancer Surgery
Oligoclonal bands (OCBs),Laboratory Investigation
Omphalocele 1st Stage (Hernia Repair),Paediatric Surgery Procedure
Omphalocele 2nd Stage (Hernia Repair),Paediatric Surgery Procedure
Omphalomesenteric Cyst Excision,Paediatric Surgery Procedure
Omphalomesenteric Duct- Excision,Paediatric Surgery Procedure
One Sided (single Lumen) Femoral Catheterization for Haemodialysis,Nephrology And Urology Procedure
Open Biopsy Of Vertebra,Cancer Surgery
Open Drainage of Perinephric Abscess,Nephrology And Urology Procedure
Open Reduction & Internal Fixation (ORIF) of Fingers & Toes,Orthopaedics Procedure
Open Reduction & Internal Fixation (ORIF) of Fracture Dislocation,Orthopaedics Procedure
Open Reduction of Dislocations,Orthopaedics Procedure
Open Reduction of Fracture Neck Femur Muscle Pedicle Graft and Internal Fixations,Orthopaedics Procedure
Open Reduction of fracture of Long Bones of Upper / Lower Limb -Nailing & External Fixation,Orthopaedics Procedure
Open Reduction of fracture of Long Bones of Upper /Lower Limb -AO Procedures,Orthopaedics Procedure
Open Retropubic Prostatectomy,Nephrology And Urology Procedure
Open Suprapubic Prostatectomy,Nephrology And Urology Procedure
Operation for Bleeding Peptic Ulcer,Abdomen/GI Surgery Procedure
Operation for Cervical Rib,ENT Procedure
Operation for Gastrojejunal Ulcer,Abdomen/GI Surgery Procedure
Operation for Hydatid Cyst of Liver,Abdomen/GI Surgery Procedure
"Operation for Intestinal Obstruction including resection , anastomosis, Adhesiolysis",Abdomen/GI Surgery Procedure
"Operation for Intestinal perforation including resection, anastomosis , Adhesiolysis",Abdomen/GI Surgery Procedure
Operation for Torsion of Testis,Nephrology And Urology Procedure
Operation of Choledochal Cyst,Paediatric Surgery Procedure
Operation on Adrenal Glands - Bilateral,Abdomen/GI Surgery Procedure
Operation on Adrenal Glands - Unilateral,Abdomen/GI Surgery Procedure
Operations for Benign Tumours of Small Intestine,Abdomen/GI Surgery Procedure
Operations for Brachial Plexus & Cervical Rib,Orthopaedics Procedure
Operations for Crippled Hypospadias,Nephrology And Urology Procedure
Operations for Cyst of the Kidney -open,Nephrology And Urology Procedure
Operations for Cyst of the Kidney Lap/endoscopic,Nephrology And Urology Procedure
Operations for Epispadias -primary repair,Nephrology And Urology Procedure
Operations for Epispadias-crippled epispadias,Nephrology And Urology Procedure
Operations for Exstrophy of the Bladder- Multistage repair,Nephrology And Urology Procedure
Operations for Exstrophy of the Bladder- Single stage repair,Nephrology And Urology Procedure
Operations for Exstrophy of the Bladder- simple cystectomy with urinary diversion,Nephrology And Urology Procedure
Operations for GI Bleed,Abdomen/GI Surgery Procedure
Operations for Haemorrhage of Small Intestines,Abdomen/GI Surgery Procedure
Operations for Hydrocele - Bilateral,Nephrology And Urology Procedure
Operations for Hydrocele - Unilateral,Nephrology And Urology Procedure
Operations for Hydronephrosis -pyeloplasty Lap/endoscopic,Nephrology And Urology Procedure
Operations for Hydronephrosis -pyeloplasty open,Nephrology And Urology Procedure
Operations for Hydronephrosis Endopyelotomy antegrade,Nephrology And Urology Procedure
Operations for Hydronephrosis Endopyelotomy retrograde,Nephrology And Urology Procedure
Operations for Hydronephrosis ureterocalicostomy,Nephrology And Urology Procedure
Operations for Hydronephrosis-Ileal ureter,Nephrology And Urology Procedure
Operations for Hypospadias + Chordee Correction,Nephrology And Urology Procedure
Operations for Hypospadias - One Stage Repair,Nephrology And Urology Procedure
Operations for Hypospadias - Second Stage,Nephrology And Urology Procedure
Operations for Incontinence of Urine - Female -Open,Nephrology And Urology Procedure
Operations for Incontinence of Urine - Female-Bulking agent,Nephrology And Urology Procedure
Operations for Incontinence of Urine - Female-Sling,Nephrology And Urology Procedure
Operations for Incontinence of Urine - Male -Open,Nephrology And Urology Procedure
Operations for Incontinence of Urine - Male -Sling,Nephrology And Urology Procedure
Operations for Incontinence of Urine - Male-Bulking agent,Nephrology And Urology Procedure
Operations for Injuries of the Bladder,Nephrology And Urology Procedure
Operations for Recurrent Intestinal Obstruction (Noble Plication & Other Operations for Adhesions),Abdomen/GI Surgery Procedure
Operations for Replacement of Oesophagus by Colon / Colon-Inter position or Replacement of Oesophagus,Abdomen/GI Surgery Procedure
Operations for Sigmoid Diverticulitis,Abdomen/GI Surgery Procedure
Operations for Ureter -for Ectopia of Single Ureter,Nephrology And Urology Procedure
Operations for Ureter for -Double Ureters,Nephrology And Urology Procedure
Operations for Varicocele Bilateral --Microsurgical,Nephrology And Urology Procedure
Operations for Varicocele Palomo-s Bilateral - Laparoscopic,Nephrology And Urology Procedure
Operations for Varicocele Palomo-s Unilateral -Laparoscopic,Nephrology And Urology Procedure
Operations for Varicocele Unilateral Microsurgical,Nephrology And Urology Procedure
Operations for Vesicoureteral Reflux (VUR) -Open,Nephrology And Urology Procedure
Operations for Vesicoureteral Reflux (VUR)-Lap/Endoscopic,Nephrology And Urology Procedure
Operations for Vesicoureteral Reflux (VUR)/ Urinary incontinence with bulking agents,Nephrology And Urology Procedure
Operations for Volvulus of Large Bowel,Abdomen/GI Surgery Procedure
Operations of the Duplication of the Intestines - including Exploratory Laparotomy,Abdomen/GI Surgery Procedure
Operative Hysteroscopy,Cancer Surgery
Operculectomy- Pericoronal flap excision,Dental Procedure
Oral Cavity Fulguration (Laser),Cancer Surgery
Oral cavity excision-Large lesion Laser.,Cancer Surgery
Oral cavity excision-Smnall lesion -Laser.,Cancer Surgery
Orbital Abscess incision and Drainage per eye,Ophthalmology Procedure
Orbital Angiographical Studies - Bilateral,Ophthalmology Investigation
Orbital Exenteration (Paediatric),Cancer Surgery
Orbital decompression /with incision or excision biopsy per eye,Ophthalmology Procedure
Orbital mass biopsy.,Cancer Surgery
Orbital mass excision,Cancer Surgery
Orbitotomy per eye,Ophthalmology Procedure
Orchidectomy-Simple,Nephrology And Urology Procedure
Orchidopexy - Bilateral -Lap/Endoscopic,Nephrology And Urology Procedure
Orchidopexy - Bilateral -Open,Nephrology And Urology Procedure
Orchidopexy - Unilateral -Open,Nephrology And Urology Procedure
Orchidopexy - Unilateral- Lap/Endoscopic,Nephrology And Urology Procedure
Oroantral Fistula closure,Dental Procedure
Ortho Scanogram,Radiological Investigation
Orthoptic check-up- with synoptophore- Both Eyes,Ophthalmology Investigation
Orthoptic exercises per session,Ophthalmology Physiotherapy
Osmolality serum,Laboratory Investigation
Osmolality urine,Laboratory Investigation
Osmotic Fragility Test,Laboratory Investigation
"Osseous, Oste periosteal, or Cartilage graft of the Mandible or Maxilla - autogenous or non-autogenous bone graft",Dental Procedure
Osteoplasty - for Orthognathic deformities/ Mandibular Rami/ Body of Mandible,Dental Procedure
Otoplasty,ENT Procedure
Ovarian Cystectomy - Laparoscopic.,Obstetrics And Gynaecology Procedure
Ovarian Cystectomy - Laparotomy.,Obstetrics And Gynaecology Procedure
Ovarian Mass/Cyst Excision of,Cancer Surgery
P ANCA-IFA,Laboratory Investigation
PCR + Sanger Sequencing per Amplicon,Oncology Investigations
PCR for Herpes simplex,Laboratory Investigation
PCR for Human immunodeficiency virus (HIV),Laboratory Investigation
PCR for Tuberculosis (TB),Laboratory Investigation
"PDGFRA (4q12), PDGFRB (5q33), FGFR1 (8p11.2) rearrangement",Oncology Investigations
PDGFRA rearrangement: 4q12,Oncology Investigations
PDGFRB rearrangement: 5q33,Oncology Investigations
PDL 1,Oncology Investigations
PDL-1-28-8 (FDA Approved),Oncology Investigations
PFCL Injection Per Eye Including Cost of The Drug,Ophthalmology Procedure
PICC Line Removal,Critical Care
PICC line (peripherally inserted Central Cannulisation),Critical Care
PIK3CA GENE MUTATION,Oncology Investigations
PIK3CA Mutation Testing,Oncology Investigations
PLA2 receptor antibody quantitative,Laboratory Investigation
"PML-RARA t(15;17), variants",Oncology Investigations
PRA Screen,Oncology Investigations
PSMA PET CT Scan,Nuclear Medicine Investigation
PTH(Parathormone),Laboratory Investigation
PTK- Phototherapeutic keratectomy /PRK for keratoconus per eye,Ophthalmology Procedure
PTPRT: Deletion 20q,Oncology Investigations
Packed Cell Volume (PCV),Laboratory Investigation
Paediatric Rehabilitation (per session),Physiotherapy
Paediatric cataract surgery +parsplana capsulotomy + anterior vitrectomy excluding the cost of IOL - Both Eyes,Ophthalmology Procedure
Paediatric cataract surgery +parsplana capsulotomy + anterior vitrectomy excluding the cost of IOL - one eye,Ophthalmology Procedure
Palatopharyngoplasty,ENT Procedure
Palliative Bowel Bypass,Cancer Surgery
Pan endoscopy.,Cancer Surgery
Pancreas Triple Bypass,Cancer Surgery
Pancreas Tumor Enucleation,Cancer Surgery
Pancreatectomy Distal,Cancer Surgery
Pancreatectomy Subtotal,Cancer Surgery
Pancreatectomy Total,Cancer Surgery
Pancreatectomy Whipple's Procedure,Cancer Surgery
Pancreatic Fistula Closure,Cancer Surgery
Pancreatic Ring Operation,Paediatric Surgery Procedure
Pancreatic sphincterotomy by ERCP,Gastroenterology / Endoscopic Procedures
Pancreatic stone extraction by ERCP,Gastroenterology / Endoscopic Procedures
Pancreatic stricture dilatation by ERCP,Gastroenterology / Endoscopic Procedures
Pancreaticoduodenctomy,Cancer Surgery
Pancreaticoduodenectomy (Whipple's procedure),Abdomen/GI Surgery Procedure
Panel Reactive Antibodies (PRA) class I,Oncology Investigations
Panel Reactive Antibodies (PRA) class II,Oncology Investigations
Pap Smear,Laboratory Investigation
Paracentesis (eye) per eye,Ophthalmology Procedure
Paraneoplastic Panel,Laboratory Investigation
Paraspinal Tumor Excision,Cancer Surgery
Parathyroid Scan,Nuclear Medicine Investigation
Parathyroid excision.,Cancer Surgery
Parotidectomy - Superficial,ENT Procedure
Parotidectomy - Total,ENT Procedure
Parotidectomy with neck dissection.,Cancer Surgery
Parotidectomy-Radical/Superficial/ Total.,Cancer Surgery
"Paroxysmal Nocturnal Haemoglobinuria (PNH) Panel- CD55, CD59",Laboratory Investigation
Pars plana lensectomy with/without IOL excluding the cost of IOL per eye,Ophthalmology Procedure
Partial Amputation of Pinna,ENT Procedure
Partial Amputation of the Penis,Nephrology And Urology Procedure
Partial Cystectomy,Nephrology And Urology Procedure
Partial Nephrectomy -open,Nephrology And Urology Procedure
Partial Nephrectomy-Laparoscopic/Endoscopic,Nephrology And Urology Procedure
Partial Ostectomy / sequestrectomy for removal of non-vital bone,Dental Procedure
Partial Thyroidectomy (lobectomy),ENT Procedure
Partial/Subtotal Gastrectomy for Ulcer,Abdomen/GI Surgery Procedure
Patent Ductus Arteriosus (PDA)-Device Closure,Cardiovascular And Cardiac Surgery Procedure
Pelvi-acetabular fracture -Internal fixation,Orthopaedics Procedure
Pelvic Exenteration Total,Cancer Surgery
Pelvic Floor Repair(Rectocele +/- Cystocele +/- Enterocele),Obstetrics And Gynaecology Procedure
Pelvic Neuroblastoma Excision,Cancer Surgery
Pelvic Posterior Exenteration,Cancer Surgery
"Pelvic USG (gynae, infertility, prostate , KUB with post- void residual (PVR) etc ).",Radiological Investigation
Penetrating keratoplasty with IOL implantation per eye,Ophthalmology Procedure
Penetrating keratoplasty with glaucoma surgery per eye,Ophthalmology Procedure
Penetrating keratoplasty with vitrectomy per eye,Ophthalmology Procedure
Peneumonectomy Partial/Total,Cancer Surgery
Penile Reconstruction,Cancer Surgery
Per Day Ward charges,Ward charges
Percutaneous Drainage of Perinephric Abscess -Ultrasound guided,Nephrology And Urology Procedure
Percutaneous Nephrolithotomy (PCNL) - Bilateral,Nephrology And Urology Procedure
Percutaneous Nephrolithotomy (PCNL) - Unilateral,Nephrology And Urology Procedure
Percutaneous Transhepatic Biliary Drainage (PTBD),Gastroenterology/Interventional Radiology Procedures
Percutaneous Vertebral Biopsy,Cancer Surgery
Percutaneous transhepatic cholangiography (PTC),Interventional Radiological Procedure
Perforating injury repair (eye) per eye,Ophthalmology Procedure
Perforation of Uterus after D/E Laparotomy & Closure,Obstetrics And Gynaecology Procedure
Pericardial Tap,Cancer Surgery
Pericardiectomy,Cardiovascular And Cardiac Surgery Procedure
Pericardiectomy,Cancer Surgery
Pericardiocentesis,Cardiovascular And Cardiac Surgery Procedure
Perimetry (Visual Field Testing) -Goldman- Both Eyes,Ophthalmology Investigation
Perimetry /Humphrey Visual Field (HVF ) test- Automated- Both Eyes,Ophthalmology Investigation
Perineal Urethrostomy,Nephrology And Urology Procedure
Peripheral Angioplasty with Vascular Closure Device (VCD) excluding the cost of Stent,Cardiology Procedure
Peripheral Angioplasty without Vascular Closure Device (VCD) excluding the cost of Stent,Cardiology Procedure
Peripheral Nerve Surgery - Major,Neuro-Surgery Procedure
Peripheral Nerve Surgery Minor,Neuro-Surgery Procedure
Peripheral Smear Examination,Laboratory Investigation
Peritoneal Dialysis,Nephrology And Urology Procedure
Peritonsillar abscess Drainage under LA,ENT Procedure
Permanent pacemaker implantation (PPI)- Biventricular excluding the cost of pacemaker,Cardiology Procedure
Permanent pacemaker implantation (PPI)- Single Chamber excluding the cost of Pacemaker,Cardiology Procedure
Permanent pacemaker implantation- Dual Chamber excluding the cost of Pacemaker,Cardiology Procedure
Permcath Insertion excluding the cost of the catheter,Nephrology And Urology Procedure
Peustow's Procedure,Cancer Surgery
Peyronie-s Disease - Plaque excision with grafting,Nephrology And Urology Procedure
Ph-like ALL Panel (4 Markers),Oncology Investigations
Ph: t(9;22) karyotyping,Oncology Investigations
Phaco with foldable IOL (silicone and acrylic)/PMMA IOL / MICS surgery excluding the cost of IOL per eye,Ophthalmology Procedure
Pharyngeactomy-Partial.,Cancer Surgery
Pharyngoplasty,ENT Procedure
Phimosis Under LA,General Surgery
Phonosurgery,ENT Procedure
Phosphorus-32 therapy for metastatic bone pain palliation,Radio-Isotope Therapy
Phototherapy per session (up to 6 Hours),Critical Care
Piles banding,Gastroenterology / Endoscopic Procedures
Placement of Intracranial pressure (ICP) Monitor,Neuro-Surgery Procedure
Plaque brachytherapy-intraocular affected eye,Ophthalmology Procedure
Plaque brachytherapy-surface affected eye,Ophthalmology Procedure
Plasma Exchange/ Plasmapheresis,Nephrology And Urology Procedure
Plasma Free Normetanephrine,Laboratory Investigation
Plasma Metanephrines,Laboratory Investigation
Plasma renin activity,Laboratory Investigation
Plaster Jacket,Orthopaedics Procedure
Plaster Work,Orthopaedics Procedure
Plastic Surgery for Facial Paralysis (Support with Reanimation),Burns And Plastic Surgery Procedure
Plastic Surgery of Different Regions of the Ear -Major,Burns And Plastic Surgery Procedure
Plastic Surgery of Different Regions of the Ear -Minor,Burns And Plastic Surgery Procedure
Plastic Surgery of the Nose - Major,Burns And Plastic Surgery Procedure
Plastic Surgery of the Nose - Minor,Burns And Plastic Surgery Procedure
Plate Fixations for Fracture Neck Femur,Orthopaedics Procedure
Platelet Concentrate - Single Donor Platelet (SDP)- Apheresis per unit,Blood Component Charges
Platelet Concentrate Test,Laboratory Investigation
Platelet Concentrate- Random Donor Platelet (RDP),Blood Component Charges
Platelet Count,Laboratory Investigation
Platelet Function Tests,Laboratory Investigation
Pleoptic exercises per session,Ophthalmology Physiotherapy
Pleural Tap,Cancer Surgery
Pleurodesis Talc,Cancer Surgery
Ploidy analysis,Oncology Investigations
Pneumonectomy,Cancer Surgery
Pneupac Ventilator in Nursery (Per day),Critical Care
Polyp removal Nose (Septal polyp),ENT Procedure
Polyp removal ear,ENT Procedure
Polyp removal under GA (Larynx),ENT Procedure
Polyp removal under LA (Larynx),ENT Procedure
Polysomnography (PSG) / Level I Sleep study including Room Rent and Titration,Neurology Investigation
Popliteal Clearance of Nodes,Cancer Surgery
Portal Haemodynamic Studies,Gastroenterology/Interventional Radiology Procedures
Portocaval Anastomosis,Abdomen/GI Surgery Procedure
Post Coital Smear Examination,Laboratory Investigation
Post-Transplant Collection drainage for Lymphocele (Laparoscopic),Nephrology And Urology Procedure
Post-Transplant Collection drainage for Lymphocele (open),Nephrology And Urology Procedure
Post-Transplant Collection drainage for Lymphocele (percutaneous),Nephrology And Urology Procedure
Posterior Cruciate Ligament (PCL) Reconstruction,Orthopaedics Procedure
Posterior Urethral Valve fulguration.,Nephrology And Urology Procedure
Premaxillectomy.,Cancer Surgery
Primary Bone Grafting for Alveolar Cleft in Cleft Lip,Burns And Plastic Surgery Procedure
Probing and Syringing of lacrimal sac- in both eye,Ophthalmology Procedure
Probing and Syringing of lacrimal sac- in one eye,Ophthalmology Procedure
Procalcitonin,Laboratory Investigation
Progesterone,Laboratory Investigation
Programmable Ventriculo-Peritoneal (VP) shunt excluding the cost of the Device,Neuro-Surgery Procedure
Prolactin,Laboratory Investigation
Prolapse Rectum - Rectopexy,Abdomen/GI Surgery Procedure
Prolapse Rectum - Thiersch Wiring,Abdomen/GI Surgery Procedure
Prostate Biopsy,Cancer Surgery
Prostate Specific Antigen (PSA)- Total,Laboratory Investigation
Prostate Transurethral Resection of Ureter Resection Anastomosis,Cancer Surgery
Prostate-Specific Antigen (PSA) - Free,Laboratory Investigation
Prostatectomy Radical,Cancer Surgery
Prosthetic Surgery for urinary incontinence,Nephrology And Urology Procedure
"Protein Creatinine Ratio (PCR), Urine / Albumin Creatinine Ratio (ACR), Urine",Laboratory Investigation
Prothrombin Time (PT)/ International normalized ratio (INR),Laboratory Investigation
Proximal Femur Nail (PFN) for IT fracture (Intertrochanteric Fractures),Orthopaedics Procedure
Pterygium surgery with auto conjunctival graft per eye,Ophthalmology Procedure
Ptosis surgery with Fasanella-Servat procedure /Ptosis surgery with LPS resection one lid Ptosis surgery with Sling surgery one lid,Ophthalmology Procedure
Pull Through Abdominal Resection,Abdomen/GI Surgery Procedure
Pulmonary Artery Banding (PA Banding) Septostomy,Cardiovascular And Cardiac Surgery Procedure
Pulmonary Function Test (PFT) / (Spirometry with Diffusing Capacity of the Lungs for Carbon monoxide (DLCO),Pulmonology Investigation
Pulpectomy (Anterior Tooth),Dental Procedure
Pulpectomy (Posterior Tooth),Dental Procedure
Pulpotomy,Dental Procedure
Punch/Wedge biopsy,Biopsies
Punctal plug(Collagen/silicone) per eye,Ophthalmology Procedure
Punctal plugs for dry eyes - Both Eyes,Ophthalmology Procedure
Punctoplasty (per eye),Ophthalmology Procedure
Pure Tone Audiogram / Pure Tone Audiometry / PTA,ENT Investigation
Pyelolithotomy -Laparoscopic/endoscopic,Nephrology And Urology Procedure
Pyelolithotomy-open,Nephrology And Urology Procedure
Pyloric balloon dilatation,Gastroenterology / Endoscopic Procedures
Pyloromyotomy,Abdomen/GI Surgery Procedure
"Quadruple test (AFP,HCG,UE3,Inhibin A)",Laboratory Investigation
QuantiFERON TB Gold,Laboratory Investigation
RARA Variant - ZBTB16 / RARA : t(11;17) (1 marker),Oncology Investigations
RB TTT/ Cryotherapy affected eye,Ophthalmology Procedure
RB intravitreal/intravenous/subtenons chemotherapy affected eye excluding the cost of the chemotherapy drug,Ophthalmology Procedure
RCT Multiple root and/ canal tooth,Dental Procedure
RCT-Single Rooted tooth,Dental Procedure
RHOA Mutation Detection Assay,Oncology Investigations
RNS( Repetitive Nerve stimulation),Neurology Investigation
ROS 1,Oncology Investigations
RQ PCR based assay for MRD monitoring of Acute Leukaemia,Oncology Investigations
RQ-PCR BCR-ABL (P210),Oncology Investigations
RQ-PCR PML-RARA,Oncology Investigations
"RT-PCR Multiplex, Acute Leukaemia Panel",Oncology Investigations
"RT-PCR Multiplex, BCR-ABL (P190, P210)",Oncology Investigations
"RT-PCR Nested, IGH Chain Gene Rearrangement /TCR Gene Rearrangement",Oncology Investigations
Radical Cystectomy,Cancer Surgery
Radical Hysterectomy + Pelvic Lymphadecectomy (Wertheims),Cancer Surgery
Radical Nephrectomy (Paed.) + Bowel Excl.,Cancer Surgery
Radical Nephrectomy (Paediatric),Cancer Surgery
Radical/Simple Mastectomy,Cancer Surgery
Radio Ablation of Varicose Veins (RFA Ablation) excluding the cost of RFA Catheter,Cardiovascular And Cardiac Surgery Procedure
Radiofrequency (RF) Ablation Atrial Tachycardia/CARTO,Cardiology Procedure
Radiofrequency (RF) Ablation Conventional,Cardiology Procedure
Radiofrequency (RF) Lesion for Trigeminal Neuralgia,Neuro-Surgery Procedure
Radiofrequency (RF) lesion for facet joint pain syndrome,Neuro-Surgery Procedure
Radionuclide Cisternography for CSF leak,Nuclear Medicine Investigation
Radiosynovectomy with Yttrium,Radio-Isotope Therapy
Radius Lower End Excision,Cancer Surgery
Radius Lower End Excision + Wrist Fusion,Cancer Surgery
Ranula Excision,ENT Procedure
Rapid Test for Malaria (Card Test)/QBC Malaria Test,Laboratory Investigation
"Rare Hernias Repair (Spigelian, Obturator, Lumbar, Sciatic) - excluding the cost of mesh and tacker",Abdomen/GI Surgery Procedure
Ray Amputation,Cancer Surgery
Re-Exploration,Cancer Surgery
Re-RCT - Anterior,Dental Procedure
Re-RCT - Posterior,Dental Procedure
Re-suturing (Primary suturing) of corneal wound per eye,Ophthalmology Procedure
Reconstruct. With Interpolation. Composite Flap,Cancer Surgery
Reconstruct. With Local Skin/Mucosal Flap,Cancer Surgery
Reconstruct. With Single Flap (H & N),Cancer Surgery
Reconstruct. With Skin/Mucosal Graft,Cancer Surgery
Reconstruction With Anatomical Closure,Cancer Surgery
Reconstruction With Double Flaps (Head and Neck),Cancer Surgery
Reconstruction With Flap (Chest & Abdominal),Cancer Surgery
Reconstruction of Eyelid Defects - Major,Burns And Plastic Surgery Procedure
Reconstruction of Eyelid Defects - Minor,Burns And Plastic Surgery Procedure
Rectal Biopsy (Megacolon),Paediatric Surgery Procedure
Rectal Polyp-Excision,Abdomen/GI Surgery Procedure
Rectovaginal Fistula (RVF) Repair,Obstetrics And Gynaecology Procedure
Rectum Anterior Resection,Cancer Surgery
Rectum Local Excision,Cancer Surgery
Rectum Post Exenteration,Cancer Surgery
Reduction of Paraphimosis,Nephrology And Urology Procedure
Refraction with auto refraction - Both Eyes,Ophthalmology Investigation
Release of fibrous bands & grafting in (OSMF) treatment under GA,Dental Procedure
Removable Partial Denture - Acrylic Up to 3 teeth,Dental Procedure
Removable Partial Denture - Cast Metal (additional Per tooth),Dental Procedure
Removable Partial Denture - Cast Metal Up to 3 Teeth,Dental Procedure
Removable Partial Denture - Flexible Per Arch,Dental Procedure
Removable Partial Denture - Tooth Addition (per tooth),Dental Procedure
Removable orthodontic appliance / Post Orthodontic R O A -per arch,Dental Procedure
Removal Of Foreign Bodies -without C-ARM,General Surgery
Removal of - Lateral Exostosis/Torus Mandibularis/Torus Palatines/Surgical reduction of Osseous Tuberosity,Dental Procedure
Removal of IUD/IUCD/Pessary,Obstetrics And Gynaecology Procedure
Removal of Plates,Orthopaedics Procedure
Removal of Submandibular Salivary gland,ENT Procedure
Removal of Sutures (All),General Procedure
Removal of Wires & Screw,Orthopaedics Procedure
Removal of corneal foreign body,Ophthalmology Procedure
Removal of foreign body From Ear/otoscopy diagnostic or therapeutic,ENT Procedure
Removal of foreign body From Nose,ENT Procedure
Renal Angioplasty excluding the cost of Stent,Cardiology Procedure
Renal Cortical Scintigraphy with Technetium 99m Dimercaptosuccinic acid (DMSA)/DTPA,Nuclear Medicine Investigation
Repair of Common Bile Duct (CBD),Abdomen/GI Surgery Procedure
Repair of Parotid Duct,ENT Procedure
Repair of Ureterocele -Endoscopic incision,Nephrology And Urology Procedure
Repair of Ureterocele -Lap/Endoscopic,Nephrology And Urology Procedure
Repair of Ureterocele -Open,Nephrology And Urology Procedure
Repetitive nerve stimulation (RNS)-Decremental response (before and after neostigmine),Neurology Investigation
Repetitive nerve stimulation (RNS)-Incremental response,Neurology Investigation
Resection & Anastomosis of Small Intestine,Abdomen/GI Surgery Procedure
Resection Bladder Neck Endoscopic / Bladder neck incision / transurethral incision on prostrate,Nephrology And Urology Procedure
Resection Enucleation of thyroid Adenoma,ENT Procedure
Rest Thallium / Myocardial Perfusion Scintigraphy,Cardiology Investigation
Resuscitation/CPR/Intubation,Critical Care
Reticulocyte Count,Laboratory Investigation
Retinal detachment surgery (RDS) per eye,Ophthalmology Procedure
Retinal detachment surgery (RDS) with scleral buckling per eye,Ophthalmology Procedure
"Retinal laser procedures -green laser for PRP,retinal tears, ROP,endolaser per eye",Ophthalmology Procedure
Retinoblastoma Excision (Paediatric),Cancer Surgery
Retinoblastoma[RB] EUA both eyes,Ophthalmology Procedure
Retro Peritoneal Tumour Removal,Abdomen/GI Surgery Procedure
Retrograde Intrarenal Surgery (RIRS)/ Flexible Ureteroscopy,Nephrology And Urology Procedure
Retrograde Urethrography (RGU),Radiological Investigation
Retromastoid Craniotomy,Cancer Surgery
Retroperitoneal Lymph Node Biopsy (Exploration),Cancer Surgery
Retroperitoneal Lymph Node Diss. Nerve Sp,Cancer Surgery
Retroperitoneal Lymphadenectomy,Cancer Surgery
Retroperitoneal Sarcoma,Cancer Surgery
Retroperitoneal Sarcoma + Visceral Exc.,Cancer Surgery
Retroperitoneal Tumor + Bowel Excision,Cancer Surgery
Retroperitoneal Tumor + Ureter Excision of,Cancer Surgery
Retroperitoneal Tumor Excision,Cancer Surgery
Rh Antibody Titre,Laboratory Investigation
Rheumatoid Factor / Rh Factor Test,Laboratory Investigation
Rhinoplasty- Non-cosmetic,ENT Procedure
Rib Excision Only,Cancer Surgery
Right Hemicolectomy,Abdomen/GI Surgery Procedure
Rigid Sigmoidoscopy,Cancer Surgery
Root end resection and Retro grade filling,Dental Procedure
Rota Virus serology,Laboratory Investigation
Rotablation excluding the cost of Rotablator Burr/Advancer,Cardiology Procedure
Rotationplasty,Cancer Surgery
Rotator cuff repair / RC repair,Orthopaedics Procedure
Routine - H & E,Laboratory Investigation
Rupture Uterus Closure & Repair with Tubal Ligation,Obstetrics And Gynaecology Procedure
Ryles Tube Insertion,Critical Care
S/C Fossa Gland Dissection,Cancer Surgery
SCL 70 Antibody,Laboratory Investigation
SSA- Antibody Ro Serum Test,Laboratory Investigation
SSB- Antibody La Serum Test,Laboratory Investigation
STR Panel studies,Oncology Investigations
STS Excision (Paediatric),Cancer Surgery
Sacral Chordomas,Cancer Surgery
Sacral Tumors,Cancer Surgery
Sacral tumors excision (combined approach),Cancer Surgery
Sacro-Coccygeal Teratoma Excision,Paediatric Surgery Procedure
Samarium-153 therapy for metastatic bone pain palliation,Radio-Isotope Therapy
Scalene Node Biopsy,Biopsies
Scaling,Dental Procedure
Scalp tumor+skull bone excision.,Cancer Surgery
Scapulectomy Partial/Total,Cancer Surgery
Schirmer Test,Ophthalmology Investigation
Scintimammography.,Nuclear Medicine Investigation
Scleral Fixation Tissue glue /fibrin glue per eye,Ophthalmology Procedure
Scleral graft for scleral melting or perforation per eye,Ophthalmology Procedure
Scleral grafting or conjunctival flap for corneal perforation per eye,Ophthalmology Procedure
Sclerotherapy Injection / Banding of Haemorrhoids (cost of drug/sclerotherapy agent/band extra),General Surgery
Sclerotherapy of oesophageal varices,Gastroenterology / Endoscopic Procedures
Scoliosis Surgery/ Deformity Correction of Spine,Orthopaedics Procedure
Scrotal Exploration,Nephrology And Urology Procedure
Scrotectomy,Cancer Surgery
Scrub Typhus IgM,Laboratory Investigation
Second Look Laparoscopy,Cancer Surgery
Second Look Laparotomy,Cancer Surgery
Secondary IOL implantation- AC IOL PC IOL or scleral fixated IOL excluding the cost of IOL per eye,Ophthalmology Procedure
Secondary Surgery for Cleft Lip Deformity,Burns And Plastic Surgery Procedure
Secondary Surgery for Cleft Palate,Burns And Plastic Surgery Procedure
Secondary Suturing (Thoracic),Cancer Surgery
Secondary suture of wounds,General Surgery
Segmental / Hemi Mandibulectomy with graft,Dental Procedure
Segmental /Hemi Mandibulectomy without graft,Dental Procedure
Segmental Hepatecomy,Cancer Surgery
Segmental Resection Lower Limb + Replacemen,Cancer Surgery
Selective Vagotomy & Drainage,Abdomen/GI Surgery Procedure
Semen Analysis (Automated/Manual),Laboratory Investigation
Sengstaken Blakemore (SB) Tube Tamponade,Gastroenterology / Endoscopic Procedures
Senning/Arterial Switch Operation (ASO) with graft,Cardiovascular And Cardiac Surgery Procedure
Septal Perforation Repair,ENT Procedure
Septo-Rhinoplasty,ENT Procedure
Septoplasty,ENT Procedure
Septostomy- Blade,Cardiovascular And Cardiac Surgery Procedure
Sequestrectomy & Saucerisation,Orthopaedics Procedure
Sequestrectomy & Saucerizations -Arthrotomy,Orthopaedics Procedure
Serum AMA M2 (IFA Method),Laboratory Investigation
Serum Ammonia,Laboratory Investigation
Serum Amylase,Laboratory Investigation
Serum Bicarbonate,Laboratory Investigation
Serum Bilirubin total & direct,Laboratory Investigation
Serum Calcium - Ionic,Laboratory Investigation
Serum Calcium -Total,Laboratory Investigation
Serum Ceruloplasmin,Laboratory Investigation
Serum Cholesterol,Laboratory Investigation
Serum Chromogranin A,Laboratory Investigation
Serum Copper,Laboratory Investigation
Serum Creatinine,Laboratory Investigation
Serum Electrophoresis,Laboratory Investigation
Serum Erythropoietin,Laboratory Investigation
Serum Ferritin,Laboratory Investigation
Serum Gastrin,Laboratory Investigation
Serum Glutamic Oxaloacetic Transaminase (SGOT) /Aspartate Aminotransferase (AST),Laboratory Investigation
Serum Glutamic Pyruvic Transaminase (SGPT) / Alanine Aminotransferase (ALT),Laboratory Investigation
Serum Haptoglobin Levels,Laboratory Investigation
Serum IgE Level,Laboratory Investigation
Serum Iron,Laboratory Investigation
Serum Lactate,Laboratory Investigation
Serum Lipase,Laboratory Investigation
Serum Magnesium,Laboratory Investigation
Serum Phosphorus,Laboratory Investigation
Serum Potassium,Laboratory Investigation
Serum Protein electrophoresis with immunofixation electrophoresis (IFE),Laboratory Investigation
Serum Sodium,Laboratory Investigation
Serum Testosterone,Laboratory Investigation
Serum Uric Acid,Laboratory Investigation
Serum aldosterone,Laboratory Investigation
Serum aldosterone/renin ratio,Laboratory Investigation
Serum phenobarbitone level,Laboratory Investigation
Sex hormone binding globulin,Laboratory Investigation
Shirodkar-s sling Operation or other sling operations for prolapse uterus,Obstetrics And Gynaecology Procedure
Shirodkar/ McDonald stitch//Cervical Stitch(Cerclage),Obstetrics And Gynaecology Procedure
Shock Wave Therapy/Matrix Rhythm Therapy/Laser/PEMF -Pulse Electro Magnetic Therapy (per session),Physiotherapy
Short Increment Sensitivity Index (SISI) Tone Decay,ENT Investigation
Shoulder Disarticulation,Cancer Surgery
Shoulder spica,Orthopaedics Procedure
Shoulder/Elbow Arthrodesis,Cancer Surgery
Sialolithotomy/Sialodocotomy/ Closure of Salivary Fistula,Dental Procedure
Silicone Oil injection (per eye),Ophthalmology Procedure
Silicone oil removal per eye,Ophthalmology Procedure
Simple Closure of Perforated peptic Ulcer,Abdomen/GI Surgery Procedure
Simple Cystectomy,Nephrology And Urology Procedure
Simple limbal stem cell transplant SLET per eye,Ophthalmology Procedure
Simple/Radical/Modified radical Mastectomy.,Cancer Surgery
Single Antigen Class I,Oncology Investigations
Single Antigen Class II,Oncology Investigations
Single Hip spica,Orthopaedics Procedure
Single balloon enteroscopy,Gastroenterology / Endoscopic Procedures
Single drug Chemotherapy,Chemotherapy
Single lumen Jugular Catheterization,Nephrology And Urology Procedure
Single lumen Subclavian Catheterization,Nephrology And Urology Procedure
Sinogram,Cardiology Investigation
Skeletal Reconstruction (Extremity),Cancer Surgery
Skeletal Reconstruction (Head & Neck),Cancer Surgery
Skin Biopsy,Biopsies
Skin Flaps - Abdominal,Burns And Plastic Surgery Procedure
Skin Flaps - Advancement Flaps,Burns And Plastic Surgery Procedure
Skin Flaps - Arm Etc.,Burns And Plastic Surgery Procedure
Skin Flaps - Cross Finger,Burns And Plastic Surgery Procedure
Skin Flaps - Direct- cross Leg Flaps- Cross Arm Flap,Burns And Plastic Surgery Procedure
Skin Flaps - Rotation Flaps,Burns And Plastic Surgery Procedure
Skin Flaps - Thoracic,Burns And Plastic Surgery Procedure
Skin Prick Test for Allergy,Laboratory Investigation
Skull Base Surgery,ENT Procedure
Skull Traction Application,Neuro-Surgery Procedure
Slide / Images for Second Opinion- Cancer Cytogenetics,Oncology Investigations
Slow continuous Ultrafiltration,Nephrology And Urology Procedure
Small Bowel By-Pass (Multiple)/(Single),Cancer Surgery
Small Bowel Manometry,Gastroenterology / Endoscopic Procedures
Small Bowel Resection Anastomosis,Cancer Surgery
Small Incision Cataract Surgery (SICS) with IOL excluding the cost of IOL per eye,Ophthalmology Procedure
Small bowel enteroclysis,Radiological Investigation
Smear for Malaria/Filaria Parasite,Laboratory Investigation
Soft Tissue Operation on Joints -Large,Orthopaedics Procedure
Soft Tissue Operation on Joints -Small,Orthopaedics Procedure
Soft Tissue Operations for Congenital Talipes Equinovarus (CTEV),Orthopaedics Procedure
Soft Tissue Operations for Polio/ Cerebral Palsy,Orthopaedics Procedure
Soft Tissue Wide Excision,Cancer Surgery
Soft Tissue Wide Excision + Implant,Cancer Surgery
Soft Tissue Wide Excision + SSG,Cancer Surgery
Soft Tissue Wide Excision Reconstruction,Cancer Surgery
Somatosensory evoked potentials (SSEP),Neurology Investigation
Space Maintainers - Fixed,Dental Procedure
Spasticity Surgery,Neuro-Surgery Procedure
Special Stain,Laboratory Investigation
Special education per session of at least 40 minutes,Behavioural therapy
Speech Assessment,ENT Investigation
Speech Discrimination Score,ENT Investigation
Speech Therapy per session of at least 40 minutes,Behavioural Therapy
Spinal Bifida Surgery Major,Neuro-Surgery Procedure
Spinal Bifida Surgery Minor,Neuro-Surgery Procedure
Spinal Decompression,Cancer Surgery
Spinal Fixation Cervical/dorsolumbar/ lumbosacral,Orthopaedics Procedure
Spinal Fusion Procedure,Neuro-Surgery Procedure
Spinal Fusion Surgery Cervical/ Lumbar Spine -More than 2 Level,Orthopaedics Procedure
Spinal Injections,Orthopaedics Procedure
Spinal Osteotomy,Orthopaedics Procedure
Splenectomy,Cancer Surgery
Splenectomy - For Hypersplenism,Abdomen/GI Surgery Procedure
Splenectomy - For Trauma,Abdomen/GI Surgery Procedure
Splenorenal Anastomosis,Abdomen/GI Surgery Procedure
Splinting - Periodontally weak teeth,Dental Procedure
Split Osteotomy and Internal Fixations,Orthopaedics Procedure
Squint correction for both eyes,Ophthalmology Procedure
Squint correction for one eye,Ophthalmology Procedure
Stapedectomy,ENT Procedure
Stapler haemorrhoidectomy excluding the cost of Stapler,General Surgery
Stereotactic Radiosurgery for brain pathology (X knife / Gamma knife -Two or more sessions),Neuro-Surgery Procedure
Stereotactic Radiosurgery for brain pathology (X knife/Gamma) - ONE session,Neuro-Surgery Procedure
Stereotactic aspiration of intracerebral haematoma,Neuro-Surgery Procedure
Stereotaxic Procedures- biopsy/aspiration of cyst,Neuro-Surgery Procedure
Sterilization (minilap)-post partum/post abortion,Obstetrics And Gynaecology Procedure
Sternal puncture,General Procedure
Stool Routine and Microscopy,Laboratory Investigation
Stool for Clostridium difficile Toxin,Laboratory Investigation
Stool for Occult Blood,Laboratory Investigation
Strapping of Ankle,Orthopaedics Procedure
Strapping of Chest,Orthopaedics Procedure
Strapping of Elbow,Orthopaedics Procedure
Strapping of Finger,Orthopaedics Procedure
Strapping of Knee,Orthopaedics Procedure
Strapping of Shoulder,Orthopaedics Procedure
Strapping of Toes,Orthopaedics Procedure
Strapping of Wrist,Orthopaedics Procedure
Stress Cardiac MRI,Radiological Investigation
Stress Echo- exercise,Radiological Investigation
Stress Echo- pharmacological / D Stress Echo,Radiological Investigation
Stress Myocardial Perfusion Imaging (MPI) - pharmacological,Radiological Investigation
Stress Myocardial Perfusion Imaging (MPI)- exercise,Radiological Investigation
Stress Thallium / Myocardial Perfusion Scintigraphy,Cardiology Investigation
Styloidectomy,ENT Procedure
Sub Mandibular Duct Lithotomy,ENT Procedure
Sub-Total mandibulectomy with graft,Dental Procedure
Sub-Total mandibulectomy without graft,Dental Procedure
Subclavian Catheterization for Haemodialysis,Nephrology And Urology Procedure
Subconjunctival/sub-tenon-s injections in both eyes,Ophthalmology Procedure
Subconjunctival/sub-tenon-s injections in one eye,Ophthalmology Procedure
Subcutaneous Pedicle Flaps Delay,Burns And Plastic Surgery Procedure
Subcutaneous Pedicle Flaps Raising,Burns And Plastic Surgery Procedure
Subcutaneous Pedicle Flaps Transfer,Burns And Plastic Surgery Procedure
Subdural Tapping,Neuro-Surgery Procedure
Submandibular gland excision.,Cancer Surgery
Submucous Resection,ENT Procedure
Subtotal Thyroidectomy,ENT Procedure
Suction Evacuation Vesicular Mole,Obstetrics And Gynaecology Procedure
Suprapubic Drainage (Cystostomy/vesicostomy),Nephrology And Urology Procedure
Surface Marker Complete Panel,Oncology Investigations
Surface Marker Individual,Oncology Investigations
Surgery for Scalp Arteriovenous Malformations (AVMs),Neuro-Surgery Procedure
Surgery for Skull Fractures,Neuro-Surgery Procedure
Surgery for intracranial Arteriovenous malformations (AVM),Neuro-Surgery Procedure
Surgery for recurrent disc prolapse/epidural fibrosis,Neuro-Surgery Procedure
Surgical - Apicectomy/ Periapical surgery without bone grafting,Dental Procedure
Surgical Augmentation/Alveolectomy per Arch,Dental Procedure
Surgical management of PPH (Uterine compression stitches/stepwise devascularisation)/peripartum hysterectomy,Obstetrics And Gynaecology Procedure
Surgical posterior capsulotomy one eye,Ophthalmology Procedure
Sustained low efficiency haemodialysis /haemodialysis,Nephrology And Urology Procedure
Suturing of lid lacerations- Both Eyes,Ophthalmology Procedure
Suturing of small wounds,General Surgery
Syndactyly Repair,Burns And Plastic Surgery Procedure
Syringing (Ear),ENT Procedure
T-cell Acute Lymphoblastic Leukemia (T-ALL) Panel,Oncology Investigations
"T3, T4, TSH -Thyroid Function Test (TFT)",Laboratory Investigation
TAH (Total Abdominal Hysterectomy,Cancer Surgery
TAH + BSO + Node Sampling,Cancer Surgery
TAH + BSO + Omento + Node Dissection,Cancer Surgery
TAH + BSO + Pelvic Lymphadenectomy + Para-aortic,Cancer Surgery
TAH+ BSO + Omentectomy,Cancer Surgery
TAH+ Bil. Salpingo-Oopherectomy,Cancer Surgery
TAVI / TAVR Implant (cost of implant only),Cardiology Implant(Valve)
TCR-A rearrangement: 14q11,Oncology Investigations
TERT Promoter Mutation Assay,Oncology Investigations
TFE-3 FISH,Oncology Investigations
TORCH Test,Laboratory Investigation
TPHA,Laboratory Investigation
TPMT (Thiopurine Methyl Transferase) Genotyping,Oncology Investigations
TSH Receptor Antibody,Laboratory Investigation
TTT- Transpupillary thermal therapy per eye,Ophthalmology Procedure
Tacrolimus Level,Laboratory Investigation
Talar/Calcaneal Resection,Cancer Surgery
Tarsorrhaphy- Both Eyes,Ophthalmology Procedure
Telecanthus correction- Both Eyes,Ophthalmology Procedure
Temporal Bone Subtotal Resection,Head and Neck Surgery
Temporal bone resection.,Cancer Surgery
Temporary Pacemaker Implantation (TPI) (Temporary Cardiac Pacing) Single Chamber,Cardiology Procedure
Temporary restoration,Dental Procedure
Temporomandibular(TM) joint ankylosis- under GA/Open /Closed Reduction,Dental Procedure
Tendon Lengthening/Tendon repair,Orthopaedics Procedure
Tendon Transfer,Orthopaedics Procedure
Tendon with Transplant or Graft,Orthopaedics Procedure
Tension Band Wirings,Orthopaedics Procedure
Terminal Colostomy,Abdomen/GI Surgery Procedure
Testicular Biopsy,Cancer Surgery
Testicular Biopsy,Nephrology And Urology - Biopsy
Testicular Scan with Technetium 99m Pertechnetate,Nuclear Medicine Investigation
"Tests for Antiphospholipid Antibody IgG, IgM (for Cardiolipin and B2 Glycoprotein 1)",Laboratory Investigation
"Tests for Hypercoagulable States- Protein C, Protein S, Antithrombin",Laboratory Investigation
Tests for Lupus Anticoagulant,Laboratory Investigation
Tests for Sickling / Hb HPLC),Laboratory Investigation
Tetralogy of Fallot (TOF)/TAPVC/TCPC/REV/RSOV repair,Cardiovascular And Cardiac Surgery Procedure
Thalassemia Studies (Red Cell Indices and Hb HPLC),Laboratory Investigation
Thermal balloon ablation.,Obstetrics And Gynaecology Procedure
Thoracic & Paediatrics,Cancer Surgery
Thoracic Surgery (Comb. Of two or more),Cancer Surgery
Thoraco Abdominal Aneurysm Repair,Cardiovascular And Cardiac Surgery Procedure
Thoracoscopic Excision,Cancer Surgery
Thoracoscopic Lobectomy/ Pneumonectomy,Cancer Surgery
Thoracoscopic Pleurectomy,Cancer Surgery
Thoracoscopic Pleurodesis,Cancer Surgery
Thoracoscopy-Diagnostic,Cancer Surgery
Thoracoscopy-Therapeutic,Cancer Surgery
Thoracotomy-Inoperable,Cancer Surgery
Thorax (Trucut Biopsy),Cancer Surgery
Thorax Re-Exploration,Cancer Surgery
Three phase whole body Bone Scan,Nuclear Medicine Investigation
Thymectomy,Cancer Surgery
Thymectomy with Vascular Surgery/Lung,Cancer Surgery
Thyroglobulin antibody,Laboratory Investigation
Thyroglobulin.,Laboratory Investigation
Thyroid Scan with Technetium 99m Pertechnetate,Nuclear Medicine Investigation
Thyroid Uptake measurements with 131-Iodine.,Nuclear Medicine Investigation
Thyroid binding globulin,Laboratory Investigation
Thyroid peroxidase antibody (TPO),Laboratory Investigation
Thyroid stimulating hormone (TSH),Laboratory Investigation
Thyroid-Hemi/Subtotal/Total-thyroidectomy.,Cancer Surgery
Thyroidectomy (-Hemi/subtotal/ Total) with neck,Cancer Surgery
Thyroidectomy with Tracheal Resection,Cancer Surgery
Tikhoff Lindberg,Cancer Surgery
Tilt Training/Neuro-Rehab Basic (per session),Physiotherapy
"Tissue Conditioning, Maxillary/Mandibular",Dental Procedure
Toe Nail Removal,General Surgery
Tongue Tie excision,ENT Procedure
Tongue composite resection/Commando Tracheal resection with anastomosis.,Cancer Surgery
Tongue wide excision per oral with neck dissection.,Cancer Surgery
Tongue wide excision per oral.,Cancer Surgery
Tongue/Floor of the Mouth-Pull through necck.,Cancer Surgery
Tonsillectomy,ENT Procedure
Tonsillectomy.,Cancer Surgery
Tooth Splinting -General,Dental Procedure
Tooth Supported Overdenture Per Arch,Dental Procedure
Torsion Testis Operation,Paediatric Surgery Procedure
Total Amputation & Excision of External Auditory Meatus,ENT Procedure
Total Amputation of Pinna,ENT Procedure
Total Ankle Joint Replacement (TAR) - Unilateral,Orthopaedics Procedure
Total Colectomy,Abdomen/GI Surgery Procedure
Total Elbow Joint Replacement - Unilateral,Orthopaedics Procedure
Total Esophagectomy (Trans Thoracic),Cancer Surgery
Total Esophagectomy (Transhiatal),Cancer Surgery
Total Finger Joint Replacement,Orthopaedics Procedure
Total Hip Replacement (THR),Orthopaedics Procedure
Total Hip Replacement (THR) Revision Stage-I,Orthopaedics Procedure
Total Hip Replacement (THR) Revision Stage-II,Orthopaedics Procedure
Total Iron Binding Capacity (TIBC),Laboratory Investigation
Total Knee Joint Replacement (TKR) - Unilateral,Orthopaedics Procedure
Total Knee Replacement (TKR) Revision Stage-I,Orthopaedics Procedure
Total Knee Replacement (TKR) Revision Stage-II,Orthopaedics Procedure
Total Laparoscopic Hysterectomy with or without BSO,Obstetrics And Gynaecology Procedure
Total Leucocytic Count (TLC),Laboratory Investigation
Total Protein Albumin/Globulin Ratio (A/G Ratio),Laboratory Investigation
"Total Red Cell count with MCV,MCH,MCHC,DRW",Laboratory Investigation
Total Shoulder Joint Replacement - Unilateral,Orthopaedics Procedure
Total Thyroidectomy,ENT Procedure
Total Wrist Joint Replacement - Unilateral,Orthopaedics Procedure
Total amputation of the Penis,Nephrology And Urology Procedure
Trabeculectomy per eye,Ophthalmology Procedure
Trabeculectomy with Trabeculotomy- Both Eyes,Ophthalmology Procedure
Trabeculotomy /kahook dual blade goniotomy excluding blade cost per eye,Ophthalmology Procedure
Tracheal Resection,Cancer Surgery
Tracheal Stenosis Excision,ENT Procedure
Tracheal Stent,Cancer Surgery
Tracheal wall partial resection.,Cancer Surgery
Tracheoesophageal Fistula (Correction Surgery),Paediatric Surgery Procedure
Tracheostom-y,Cancer Surgery
Tracheostomy,ENT Procedure
Trans Oral Surgery,Neuro-Surgery Procedure
Trans Sphenoidal Surgery,Neuro-Surgery Procedure
Trans Thoracic Needle Biopsy Genitourinary/,Cancer Surgery
Trans-obturator tapes for Stress incontinence,Obstetrics And Gynaecology Procedure
Trans-sphenoidal surgery,Cancer Surgery
Transarterial Chemoembolization (TACE),Interventional Radiological Procedure
"Transcatheter Aortic Valve Implantation (TAVI) / Transcatheter Aortic Valve Replacement (TAVR) - Procedure Cost. (Approval of Director, CGHS in consultation with Special Technical Committee (STC) is required for this procedure)",Cardiology Procedure
Transcervical/Hysteroscopic Polypectomy,Obstetrics And Gynaecology Procedure
Transjugular Intrahepatic Portosystemic Shunt (TIPS),Gastroenterology/Interventional Radiology Procedures
Transrectal Ultrasound (TRUS) guided prostate biopsy,Nephrology And Urology - Biopsy
Transurethral Resection of Prostate (TURP),Nephrology And Urology Procedure
Transurethral Resection of Prostate (TURP) with Cystolithotripsy,Nephrology And Urology Procedure
Transvaginal tapes for Stress incontinence,Obstetrics And Gynaecology Procedure
Treadmill Test (TMT),Cardiology Investigation
Triglycerides,Laboratory Investigation
"Triple Marker Test (AFP,HCG,UE3)",Laboratory Investigation
Triple Phase CT abdomen,Radiological Investigation
Trisomy 12,Oncology Investigations
Trisomy 21,Oncology Investigations
"Trisomy 4, 10 & 17",Oncology Investigations
Trisomy 8,Oncology Investigations
Troponin I,Laboratory Investigation
Troponin T,Laboratory Investigation
Trucut Needle Biopsy- (excluding the cost of Needle/Biopsy Gun if used),Biopsies
Tube Plaster (or plaster cylinder),Orthopaedics Procedure
Tubular external fixator,Orthopaedics Procedure
Turbinectomy,ENT Procedure
Twist Drill Craniostomy,Neuro-Surgery Procedure
Tympanoplasty,ENT Procedure
Tympanotomy,ENT Procedure
Typhidot IgM,Laboratory Investigation
UBM- Ultrasound bio microscopy- Both Eyes,Ophthalmology Investigation
UGT1A1 Gene Analysis,Laboratory Investigation
USG Breast including relevant Lymph nodes- Bilateral/Unilateral,Radiological Investigation
USG Colour Doppler Pregnancy / Fetal Doppler/Umbilical Doppler/Uterine Vessel Doppler,Radiological Investigation
USG Guided Intervention - Specialized Procedures excluding cost of Catheter or biopsy gun,Interventional Radiological Procedure
USG Guided Intervention -Therapeutic,Interventional Radiological Procedure
USG Guided Intervention- Diagnostic,Interventional Radiological Procedure
USG Hysterosalpingography (HSG),Radiological Investigation
"USG Large Parts (Joints/Chest,...etc)",Radiological Investigation
USG Neonatal spine,Radiological Investigation
USG Obstetrics for Anomalies scan,Radiological Investigation
"USG Small parts (scrotum, thyroid, parathyroid etc)",Radiological Investigation
USG Transvaginal sonography (TVS for Follicular monitoring /aspiration) /TVS for follicular monitoring/pelvic pathology/ET measurement,Radiological Investigation
USG Whole Abdomen Including Pelvis and post Void urine,Radiological Investigation
Ulna Lower End Excision,Cancer Surgery
Ultra Sonic Therapy /Short Wave Diathermy / Microwave/ Long Wave Diathermy /Infrared/IFT) (per session),Physiotherapy
Ultrasonographic myolysis,Obstetrics And Gynaecology Procedure
"Ultrasound A- Scan/optical biometry[lenstar, IOL master] - Both Eyes",Ophthalmology Investigation
Ultrasound B- Scan - Both Eyes,Ophthalmology Investigation
Ultrasound Guided Percutaneous Nephrostomy (PCN),Nephrology And Urology Procedure
Ultrasound guided kidney Biopsy,Nephrology And Urology - Biopsy
Ultraviolet (UV) radiation for cross-linking for keratoconus /C3R/KXL - Both Eyes,Ophthalmology Procedure
Umbilical Hernia Repair - excluding the cost of mesh and tacker,Abdomen/GI Surgery Procedure
Ureter(s) Reimplantation of Ureterectomy + Bladder Cuff,Cancer Surgery
Ureteric Catheterisation/DJ Stenting,Nephrology And Urology Procedure
Ureteric Reimplant for Megaureter / Vesicoureteric reflux/ ureterocele (Laparoscopic),Nephrology And Urology Procedure
Ureteric Reimplant for Megaureter/ Vesicoureteric reflux/ureterocele (Open),Nephrology And Urology Procedure
Uretero-Colic anastomosis,Nephrology And Urology Procedure
Ureterolithotomy -open,Nephrology And Urology Procedure
Ureterolithotomy-Lap/Endoscopic,Nephrology And Urology Procedure
Ureteroscopic Resection,Cancer Surgery
Ureteroscopic Surgery,Nephrology And Urology Procedure
Ureteroscopy,Cancer Surgery
Ureterostomy - Cutaneous,Nephrology And Urology Procedure
Urethral Dilatation,Cancer Surgery
Urethral Reconstruction - substitution urethroplasty (Transpubic urethroplasty),Nephrology And Urology Procedure
Urethral Reconstruction -End to end anastomosis,Nephrology And Urology Procedure
Urethrectomy,Cancer Surgery
Urethroplasty,Cancer Surgery
Urethroplasty 1st Stage,Nephrology And Urology Procedure
Urethroscopy/ Cystopanendoscopy,Nephrology And Urology Procedure
Urethrotomy Visual Internal,Cancer Surgery
Urinary Chloride,Laboratory Investigation
Urinary Vanillylmandelic Acid (VMA),Laboratory Investigation
Urinary bladder Catheterisation,General Procedure
Urinary calcium,Laboratory Investigation
Urinary copper,Laboratory Investigation
Urinary free catecholamine,Laboratory Investigation
Urinary metanephrine/Normetanephrine,Laboratory Investigation
Urinary potassium,Laboratory Investigation
Urinary sodium,Laboratory Investigation
Urine Bile Pigment and Salt,Laboratory Investigation
Urine For Myoglobin,Laboratory Investigation
Urine Ketones,Laboratory Investigation
Urine Microalbumin,Laboratory Investigation
Urine Occult Blood,Laboratory Investigation
Urine Pregnancy Test(UPT),Laboratory Investigation
"Urine Routine- pH, Specific Gravity, Sugar, Protein and Microscopy",Laboratory Investigation
Urine Total Proteins,Laboratory Investigation
Urine Urobilinogen,Laboratory Investigation
Urodynamic Study (Cystometry),Nephrology And Urology Investigation
Uroflow Study (Uroflowmetry),Nephrology And Urology Investigation
Uvulo-palatoplasty,ENT Procedure
V Beta Repertoire Analysis by Flow Cytometry for T-Cell Clonality,Oncology Investigations
VAC Therapy/Dressing including all Consumables,Burns And Plastic Surgery Procedure
VEP- visually evoked potential - Both Eyes,Ophthalmology Investigation
Vaginal Colpopexy/colpopexy-abdominal,Obstetrics And Gynaecology Procedure
Vaginal Hysterectomy ( including of BSO) with or without repairs,Obstetrics And Gynaecology Procedure
Vaginal Reconstruction,Cancer Surgery
Vaginal Vesicovaginal Fistula (VVF) Repair,Obstetrics And Gynaecology Procedure
Vaginal/Cervical Myomectomy,Obstetrics And Gynaecology Procedure
Vaginoplasty,Obstetrics And Gynaecology Procedure
Vagotomy Pyloroplasty / Gastro Jejunostomy,Abdomen/GI Surgery Procedure
Valproic acid.,Laboratory Investigation
Vanillylmandelic Acid (VMA),Laboratory Investigation
Varicose vein Surgery-Trendelenburg Operation with Suturing or Ligation,Cardiovascular And Cardiac Surgery Procedure
Vascular Embolization,Gastroenterology/Interventional Radiology Procedures
Vascular Malformations,Neuro-Surgery Procedure
Vascular Repair,Cardiovascular And Cardiac Surgery Procedure
Veneer - Ceramic paediatric,Dental Procedure
Venereal Disease Research Laboratory Test (VDRL),Laboratory Investigation
Venesection,General Procedure
Venography,Cardiology Investigation
Venous Colour Doppler Bilateral,Radiological Investigation
Ventilator charges (Per day) inclusive of associated disposables,Critical Care
Ventral /incisional Hernia Repair - excluding the cost of mesh and tacker,Abdomen/GI Surgery Procedure
Ventricular Septal Defect (VSD) with Graft / VSD Device Closure excluding the cost of the Device,Cardiovascular And Cardiac Surgery Procedure
Ventricular Tapping,Neuro-Surgery Procedure
Ventriculoatrial /Ventriculoperitoneal Shunt,Neuro-Surgery Procedure
Vertebroplasty,Orthopaedics Procedure
Vesicovaginal Fistula (VVF) Repair (Laparoscopic),Nephrology And Urology Procedure
Vesicovaginal Fistula (VVF) Repair (Open),Nephrology And Urology Procedure
Vestibular Evoked Myogenic Potential (VEMP),ENT Investigation
Video Assisted Thoracoscopic Surgery (VATS) for Decortication of Lungs/Thymectomy/Other Major Surgeries,Cardiovascular And Cardiac Surgery Procedure
Video Bronchoscopy with BAL,Pulmonology Procedure
Video Laryngoscopy,ENT investigation
Videonystagmography(VNG),ENT Investigation
Videostroboscopy,ENT Investigation
Vidian neurectomy for vasomotor Rhinitis,ENT Procedure
Viral culture,Laboratory Investigation
Vitamin B12 Assay.,Laboratory Investigation
Vitrectomy +membrane peeling +fluid air exchange+endolaser+ gas/silicon oil tamponade per eye,Ophthalmology Procedure
Vitrectomy +phaco fragmentation/ IOL drop +/- secondary IOL per eye,Ophthalmology Procedure
Vitrectomy- pars plana including Fluid air exchange (per eye),Ophthalmology Procedure
Vitreous biopsy per eye,Ophthalmology Biopsy
Voiding-cysto-urethrogram and retrograde urethrogram (Nephrostogram),Nephrology And Urology Investigation
Vulva Hemivulvectomy,Cancer Surgery
Vulva Wide Excision,Cancer Surgery
Vulvectomy -Simple,Obstetrics And Gynaecology Procedure
Vulvectomy Radical,Cancer Surgery
Vulvectomy Total,Cancer Surgery
Warren Shunt (Distal Splenorenal Shunt),Abdomen/GI Surgery Procedure
Weil Felix Agglutination Test,Laboratory Investigation
Whole Body Bone Scan with SPECT.,Nuclear Medicine Investigation
Whole Body Scan with MIBG,Nuclear Medicine Investigation
Whole body MRI (For oncological workup),Radiological Investigation
Widal Test,Laboratory Investigation
Wide excision -Lip and Neck.,Cancer Surgery
Wide excision Lip lesion.,Cancer Surgery
Wide excision floor of the mouth/Neck,Cancer Surgery
X Ray Abdomen & Pelvis for KUB,Radiological Investigation
X Ray Abdomen AP Supine or Erect (One film),Radiological Investigation
X Ray Abdomen Lateral view (one film),Radiological Investigation
X Ray Chest Lateral (one film),Radiological Investigation
X Ray Chest PA /AP/ Oblique view (one film),Radiological Investigation
"X Ray Extremities (Hand/Leg/Feet/Finger/Toe) bones & Joints (Hip/ Knee/Ankle / shoulder/ Wrist / fingers/Toes, etc) AP & Lateral views (standing or weight bearing)(Two films)",Radiological Investigation
X Ray Mammography - Bilateral/Unilateral,Radiological Investigation
"X Ray Mastoids: Towne view, oblique views (3 films)",Radiological Investigation
X Ray Paranasal sinuses (PNS) view (1 film),Radiological Investigation
X Ray Pelvis AP (one film),Radiological Investigation
"X Ray Skull AP & Lateral (2 films)/ Extra oral radiographs - All skull views, TMJ, Lateral oblique [Dental]",Radiological Investigation
X Ray Spine AP & Lateral (2 films),Radiological Investigation
X Ray Temporomandibular (TM) Joints (one film),Radiological Investigation
X Ray orbit -Bilateral,Ophthalmology Investigation
X ray Arthrography,Radiological Investigation
XX/XY (Chimerism Studies) in Sex mismatch Bone Marrow Transplantation (BMT),Oncology Investigations
YAG Laser capsulotomy per eye,Ophthalmology Procedure
YAG Laser iridotomy / Hyaloidotomy/Laser suture lysis post trabeculectomy per eye,Ophthalmology Procedure
Young's operation for Atrophic rhinitis,ENT Procedure
dissection.,Cancer Surgery
excision Chordectomy.,Cancer Surgery
hysteroscopic resection of uterine septum,Obstetrics And Gynaecology Procedure
iStent Inject per eye including the cost of consumables and implant,Ophthalmology Procedure
middle 1/3rd,Cancer Surgery
t(1;22) and Trisomy 21 in Acute Megakaryoblastic Leukemia (AML -M7) (2 Markers),Oncology Investigations
up to 30% Burns 1st Dressing,Burns And Plastic Surgery Procedure
up to 30% Burns Subsequent Dressing,Burns And Plastic Surgery Procedure
